time_period,dteday,season,yr,mnth,weekday,workingday,weathersit,temp,atemp,hum,windspeed,cnt
1,2011-01-01,1,0,1,6,0,1,0.24,0.2879,0.81,0.0,16
1,2011-01-01,1,0,1,6,0,1,0.22,0.2727,0.8,0.0,40
1,2011-01-01,1,0,1,6,0,1,0.22,0.2727,0.8,0.0,32
1,2011-01-01,1,0,1,6,0,1,0.24,0.2879,0.75,0.0,13
1,2011-01-01,1,0,1,6,0,1,0.24,0.2879,0.75,0.0,1
1,2011-01-01,1,0,1,6,0,2,0.24,0.2576,0.75,0.0896,1
2,2011-01-01,1,0,1,6,0,1,0.22,0.2727,0.8,0.0,2
2,2011-01-01,1,0,1,6,0,1,0.2,0.2576,0.86,0.0,3
2,2011-01-01,1,0,1,6,0,1,0.24,0.2879,0.75,0.0,8
2,2011-01-01,1,0,1,6,0,1,0.32,0.3485,0.76,0.0,14
2,2011-01-01,1,0,1,6,0,1,0.38,0.3939,0.76,0.2537,36
2,2011-01-01,1,0,1,6,0,1,0.36,0.3333,0.81,0.2836,56
3,2011-01-01,1,0,1,6,0,1,0.42,0.4242,0.77,0.2836,84
3,2011-01-01,1,0,1,6,0,2,0.46,0.4545,0.72,0.2985,94
3,2011-01-01,1,0,1,6,0,2,0.46,0.4545,0.72,0.2836,106
3,2011-01-01,1,0,1,6,0,2,0.44,0.4394,0.77,0.2985,110
3,2011-01-01,1,0,1,6,0,2,0.42,0.4242,0.82,0.2985,93
3,2011-01-01,1,0,1,6,0,2,0.44,0.4394,0.82,0.2836,67
4,2011-01-01,1,0,1,6,0,3,0.42,0.4242,0.88,0.2537,35
4,2011-01-01,1,0,1,6,0,3,0.42,0.4242,0.88,0.2537,37
4,2011-01-01,1,0,1,6,0,2,0.4,0.4091,0.87,0.2537,36
4,2011-01-01,1,0,1,6,0,2,0.4,0.4091,0.87,0.194,34
4,2011-01-01,1,0,1,6,0,2,0.4,0.4091,0.94,0.2239,28
4,2011-01-01,1,0,1,6,0,2,0.46,0.4545,0.88,0.2985,39
1,2011-01-02,1,0,1,0,0,2,0.46,0.4545,0.88,0.2985,17
1,2011-01-02,1,0,1,0,0,2,0.44,0.4394,0.94,0.2537,17
1,2011-01-02,1,0,1,0,0,2,0.42,0.4242,1.0,0.2836,9
1,2011-01-02,1,0,1,0,0,2,0.46,0.4545,0.94,0.194,6
1,2011-01-02,1,0,1,0,0,2,0.46,0.4545,0.94,0.194,3
2,2011-01-02,1,0,1,0,0,3,0.42,0.4242,0.77,0.2985,2
2,2011-01-02,1,0,1,0,0,2,0.4,0.4091,0.76,0.194,1
2,2011-01-02,1,0,1,0,0,3,0.4,0.4091,0.71,0.2239,8
2,2011-01-02,1,0,1,0,0,2,0.38,0.3939,0.76,0.2239,20
2,2011-01-02,1,0,1,0,0,2,0.36,0.3485,0.81,0.2239,53
2,2011-01-02,1,0,1,0,0,2,0.36,0.3333,0.71,0.2537,70
3,2011-01-02,1,0,1,0,0,2,0.36,0.3333,0.66,0.2985,93
3,2011-01-02,1,0,1,0,0,2,0.36,0.3485,0.66,0.1343,75
3,2011-01-02,1,0,1,0,0,3,0.36,0.3485,0.76,0.194,59
3,2011-01-02,1,0,1,0,0,3,0.34,0.3333,0.81,0.1642,74
3,2011-01-02,1,0,1,0,0,3,0.34,0.3333,0.71,0.1642,76
3,2011-01-02,1,0,1,0,0,1,0.34,0.3333,0.57,0.194,65
4,2011-01-02,1,0,1,0,0,2,0.36,0.3333,0.46,0.3284,53
4,2011-01-02,1,0,1,0,0,1,0.32,0.2879,0.42,0.4478,30
4,2011-01-02,1,0,1,0,0,1,0.3,0.2727,0.39,0.3582,22
4,2011-01-02,1,0,1,0,0,1,0.26,0.2273,0.44,0.3284,31
4,2011-01-02,1,0,1,0,0,1,0.24,0.2121,0.44,0.2985,9
4,2011-01-02,1,0,1,0,0,1,0.22,0.2273,0.47,0.1642,8
1,2011-01-03,1,0,1,1,1,1,0.22,0.197,0.44,0.3582,5
1,2011-01-03,1,0,1,1,1,1,0.2,0.1667,0.44,0.4179,2
1,2011-01-03,1,0,1,1,1,1,0.16,0.1364,0.47,0.3881,1
1,2011-01-03,1,0,1,1,1,1,0.16,0.1364,0.47,0.2836,3
2,2011-01-03,1,0,1,1,1,1,0.14,0.1061,0.5,0.3881,30
2,2011-01-03,1,0,1,1,1,1,0.14,0.1364,0.5,0.194,64
2,2011-01-03,1,0,1,1,1,1,0.14,0.1212,0.5,0.2836,154
2,2011-01-03,1,0,1,1,1,1,0.16,0.1364,0.43,0.3881,88
2,2011-01-03,1,0,1,1,1,1,0.18,0.1667,0.43,0.2537,44
2,2011-01-03,1,0,1,1,1,1,0.2,0.1818,0.4,0.3284,51
3,2011-01-03,1,0,1,1,1,1,0.22,0.2121,0.35,0.2985,61
3,2011-01-03,1,0,1,1,1,1,0.24,0.2121,0.35,0.2836,61
3,2011-01-03,1,0,1,1,1,1,0.26,0.2424,0.3,0.2836,77
3,2011-01-03,1,0,1,1,1,1,0.26,0.2424,0.3,0.2537,72
3,2011-01-03,1,0,1,1,1,1,0.26,0.2424,0.3,0.2537,76
3,2011-01-03,1,0,1,1,1,1,0.24,0.2273,0.3,0.2239,157
4,2011-01-03,1,0,1,1,1,1,0.24,0.2576,0.32,0.1045,157
4,2011-01-03,1,0,1,1,1,1,0.2,0.2576,0.47,0.0,110
4,2011-01-03,1,0,1,1,1,1,0.2,0.2273,0.47,0.1045,52
4,2011-01-03,1,0,1,1,1,1,0.18,0.197,0.64,0.1343,52
4,2011-01-03,1,0,1,1,1,1,0.14,0.1515,0.69,0.1343,20
4,2011-01-03,1,0,1,1,1,1,0.18,0.2121,0.55,0.1045,12
1,2011-01-04,1,0,1,2,1,1,0.16,0.1818,0.55,0.1045,5
1,2011-01-04,1,0,1,2,1,1,0.16,0.1818,0.59,0.1045,2
1,2011-01-04,1,0,1,2,1,1,0.14,0.1515,0.63,0.1343,1
1,2011-01-04,1,0,1,2,1,1,0.14,0.1818,0.63,0.0896,2
1,2011-01-04,1,0,1,2,1,1,0.12,0.1515,0.68,0.1045,4
2,2011-01-04,1,0,1,2,1,1,0.12,0.1515,0.74,0.1045,36
2,2011-01-04,1,0,1,2,1,1,0.12,0.1515,0.74,0.1343,94
2,2011-01-04,1,0,1,2,1,1,0.14,0.1515,0.69,0.1642,179
2,2011-01-04,1,0,1,2,1,1,0.16,0.1515,0.64,0.2239,100
2,2011-01-04,1,0,1,2,1,2,0.16,0.1364,0.69,0.3284,42
2,2011-01-04,1,0,1,2,1,1,0.22,0.2121,0.51,0.2985,57
3,2011-01-04,1,0,1,2,1,1,0.22,0.2273,0.51,0.1642,78
3,2011-01-04,1,0,1,2,1,1,0.24,0.2273,0.56,0.194,97
3,2011-01-04,1,0,1,2,1,1,0.26,0.2576,0.52,0.2239,63
3,2011-01-04,1,0,1,2,1,1,0.28,0.2727,0.52,0.2537,65
3,2011-01-04,1,0,1,2,1,1,0.3,0.2879,0.49,0.2537,83
3,2011-01-04,1,0,1,2,1,1,0.28,0.2727,0.48,0.2239,212
4,2011-01-04,1,0,1,2,1,1,0.26,0.2576,0.48,0.194,182
4,2011-01-04,1,0,1,2,1,1,0.24,0.2576,0.48,0.1045,112
4,2011-01-04,1,0,1,2,1,1,0.24,0.2576,0.48,0.1045,54
4,2011-01-04,1,0,1,2,1,1,0.22,0.2727,0.64,0.0,48
4,2011-01-04,1,0,1,2,1,1,0.22,0.2576,0.64,0.0896,35
4,2011-01-04,1,0,1,2,1,1,0.2,0.2273,0.69,0.0896,11
1,2011-01-05,1,0,1,3,1,1,0.2,0.2576,0.64,0.0,6
1,2011-01-05,1,0,1,3,1,1,0.16,0.197,0.74,0.0896,6
1,2011-01-05,1,0,1,3,1,1,0.16,0.197,0.74,0.0896,2
1,2011-01-05,1,0,1,3,1,1,0.24,0.2273,0.48,0.2239,2
1,2011-01-05,1,0,1,3,1,1,0.22,0.2273,0.47,0.1642,3
2,2011-01-05,1,0,1,3,1,1,0.2,0.197,0.47,0.2239,33
2,2011-01-05,1,0,1,3,1,1,0.18,0.1818,0.43,0.194,88
2,2011-01-05,1,0,1,3,1,1,0.2,0.1818,0.4,0.2985,195
2,2011-01-05,1,0,1,3,1,1,0.22,0.197,0.37,0.3284,115
2,2011-01-05,1,0,1,3,1,1,0.22,0.197,0.37,0.3284,57
2,2011-01-05,1,0,1,3,1,1,0.26,0.2273,0.33,0.3284,46
3,2011-01-05,1,0,1,3,1,1,0.26,0.2273,0.33,0.3284,79
3,2011-01-05,1,0,1,3,1,1,0.28,0.2576,0.3,0.2985,71
3,2011-01-05,1,0,1,3,1,1,0.3,0.2879,0.28,0.194,62
3,2011-01-05,1,0,1,3,1,1,0.3,0.2879,0.28,0.194,62
3,2011-01-05,1,0,1,3,1,1,0.3,0.3182,0.28,0.0896,89
3,2011-01-05,1,0,1,3,1,1,0.24,0.2273,0.38,0.194,190
4,2011-01-05,1,0,1,3,1,1,0.24,0.2424,0.38,0.1343,169
4,2011-01-05,1,0,1,3,1,1,0.24,0.2576,0.38,0.1045,132
4,2011-01-05,1,0,1,3,1,1,0.22,0.2273,0.47,0.1642,89
4,2011-01-05,1,0,1,3,1,1,0.2,0.197,0.51,0.194,43
4,2011-01-05,1,0,1,3,1,1,0.18,0.197,0.55,0.1343,42
4,2011-01-05,1,0,1,3,1,1,0.2,0.2576,0.47,0.0,19
1,2011-01-06,1,0,1,4,1,1,0.18,0.2424,0.55,0.0,11
1,2011-01-06,1,0,1,4,1,1,0.16,0.2273,0.64,0.0,4
1,2011-01-06,1,0,1,4,1,1,0.16,0.2273,0.64,0.0,2
1,2011-01-06,1,0,1,4,1,2,0.16,0.197,0.64,0.0896,1
1,2011-01-06,1,0,1,4,1,2,0.14,0.1818,0.69,0.0896,4
2,2011-01-06,1,0,1,4,1,2,0.14,0.1667,0.63,0.1045,36
2,2011-01-06,1,0,1,4,1,2,0.16,0.2273,0.59,0.0,95
2,2011-01-06,1,0,1,4,1,1,0.16,0.2273,0.59,0.0,219
2,2011-01-06,1,0,1,4,1,2,0.18,0.2424,0.51,0.0,122
2,2011-01-06,1,0,1,4,1,1,0.2,0.2576,0.47,0.0,45
2,2011-01-06,1,0,1,4,1,1,0.22,0.2576,0.44,0.0896,59
3,2011-01-06,1,0,1,4,1,1,0.26,0.2879,0.35,0.0,84
3,2011-01-06,1,0,1,4,1,1,0.26,0.2727,0.35,0.1045,67
3,2011-01-06,1,0,1,4,1,1,0.28,0.2727,0.36,0.1642,70
3,2011-01-06,1,0,1,4,1,1,0.28,0.2727,0.36,0.0,62
3,2011-01-06,1,0,1,4,1,1,0.26,0.2576,0.38,0.1642,86
3,2011-01-06,1,0,1,4,1,1,0.22,0.2273,0.51,0.1642,172
4,2011-01-06,1,0,1,4,1,1,0.22,0.2273,0.51,0.1343,163
4,2011-01-06,1,0,1,4,1,1,0.22,0.2576,0.55,0.0896,112
4,2011-01-06,1,0,1,4,1,1,0.2,0.2121,0.51,0.1642,69
4,2011-01-06,1,0,1,4,1,2,0.22,0.2121,0.55,0.2239,48
4,2011-01-06,1,0,1,4,1,2,0.22,0.2121,0.51,0.2836,52
4,2011-01-06,1,0,1,4,1,2,0.2,0.197,0.59,0.194,23
1,2011-01-07,1,0,1,5,1,2,0.2,0.197,0.64,0.194,17
1,2011-01-07,1,0,1,5,1,2,0.2,0.197,0.69,0.2239,7
1,2011-01-07,1,0,1,5,1,2,0.2,0.197,0.69,0.2239,1
1,2011-01-07,1,0,1,5,1,2,0.2,0.2121,0.69,0.1343,1
1,2011-01-07,1,0,1,5,1,3,0.22,0.2727,0.55,0.0,5
2,2011-01-07,1,0,1,5,1,2,0.2,0.2576,0.69,0.0,34
2,2011-01-07,1,0,1,5,1,1,0.2,0.2121,0.69,0.1343,84
2,2011-01-07,1,0,1,5,1,1,0.2,0.197,0.51,0.2537,210
2,2011-01-07,1,0,1,5,1,1,0.2,0.1818,0.47,0.2985,134
2,2011-01-07,1,0,1,5,1,1,0.22,0.197,0.37,0.3284,63
2,2011-01-07,1,0,1,5,1,2,0.2,0.197,0.4,0.2239,67
3,2011-01-07,1,0,1,5,1,2,0.2,0.197,0.37,0.2537,59
3,2011-01-07,1,0,1,5,1,2,0.2,0.1818,0.37,0.2836,73
3,2011-01-07,1,0,1,5,1,2,0.2,0.197,0.4,0.2537,50
3,2011-01-07,1,0,1,5,1,2,0.2,0.2121,0.37,0.1642,72
3,2011-01-07,1,0,1,5,1,2,0.2,0.2121,0.37,0.1642,87
3,2011-01-07,1,0,1,5,1,2,0.2,0.2576,0.37,0.0,187
4,2011-01-07,1,0,1,5,1,1,0.2,0.2273,0.4,0.0896,123
4,2011-01-07,1,0,1,5,1,1,0.16,0.197,0.55,0.0896,95
4,2011-01-07,1,0,1,5,1,1,0.18,0.2121,0.47,0.1045,51
4,2011-01-07,1,0,1,5,1,1,0.18,0.197,0.47,0.1343,39
4,2011-01-07,1,0,1,5,1,2,0.18,0.197,0.43,0.1642,36
4,2011-01-07,1,0,1,5,1,2,0.18,0.197,0.51,0.1642,15
1,2011-01-08,1,0,1,6,0,2,0.18,0.197,0.51,0.1642,25
1,2011-01-08,1,0,1,6,0,2,0.18,0.2121,0.55,0.0896,16
1,2011-01-08,1,0,1,6,0,2,0.18,0.2424,0.55,0.0,16
1,2011-01-08,1,0,1,6,0,3,0.18,0.197,0.55,0.1642,7
1,2011-01-08,1,0,1,6,0,3,0.18,0.197,0.55,0.1642,1
1,2011-01-08,1,0,1,6,0,2,0.16,0.1667,0.74,0.1642,5
2,2011-01-08,1,0,1,6,0,2,0.16,0.1667,0.74,0.1642,2
2,2011-01-08,1,0,1,6,0,2,0.16,0.1818,0.74,0.1045,9
2,2011-01-08,1,0,1,6,0,3,0.16,0.1818,0.93,0.1045,15
2,2011-01-08,1,0,1,6,0,3,0.16,0.1818,0.93,0.1045,20
2,2011-01-08,1,0,1,6,0,2,0.18,0.197,0.8,0.1642,61
2,2011-01-08,1,0,1,6,0,2,0.2,0.1818,0.69,0.3881,62
3,2011-01-08,1,0,1,6,0,2,0.2,0.1818,0.59,0.3582,98
3,2011-01-08,1,0,1,6,0,1,0.2,0.1818,0.44,0.3284,102
3,2011-01-08,1,0,1,6,0,1,0.2,0.1667,0.32,0.4925,95
3,2011-01-08,1,0,1,6,0,1,0.2,0.1667,0.32,0.4478,74
3,2011-01-08,1,0,1,6,0,1,0.18,0.1364,0.29,0.4478,76
3,2011-01-08,1,0,1,6,0,1,0.16,0.1212,0.37,0.5522,69
4,2011-01-08,1,0,1,6,0,1,0.14,0.1212,0.39,0.2985,55
4,2011-01-08,1,0,1,6,0,1,0.14,0.1212,0.36,0.2537,30
4,2011-01-08,1,0,1,6,0,1,0.12,0.1212,0.36,0.2537,28
4,2011-01-08,1,0,1,6,0,1,0.12,0.1061,0.39,0.3582,37
4,2011-01-08,1,0,1,6,0,1,0.12,0.1061,0.36,0.3881,34
4,2011-01-08,1,0,1,6,0,1,0.1,0.0606,0.39,0.4478,22
1,2011-01-09,1,0,1,0,0,1,0.1,0.0758,0.42,0.3881,25
1,2011-01-09,1,0,1,0,0,1,0.1,0.0606,0.42,0.4627,12
1,2011-01-09,1,0,1,0,0,1,0.1,0.0606,0.46,0.4627,11
1,2011-01-09,1,0,1,0,0,1,0.1,0.0758,0.46,0.4179,4
1,2011-01-09,1,0,1,0,0,1,0.08,0.0909,0.53,0.194,1
1,2011-01-09,1,0,1,0,0,1,0.08,0.0909,0.53,0.194,1
2,2011-01-09,1,0,1,0,0,1,0.1,0.0909,0.49,0.2836,1
2,2011-01-09,1,0,1,0,0,1,0.08,0.0909,0.53,0.194,6
2,2011-01-09,1,0,1,0,0,1,0.1,0.0909,0.49,0.2836,10
2,2011-01-09,1,0,1,0,0,1,0.12,0.0758,0.46,0.5224,19
2,2011-01-09,1,0,1,0,0,1,0.14,0.1061,0.43,0.3881,49
2,2011-01-09,1,0,1,0,0,1,0.16,0.1212,0.4,0.5224,49
3,2011-01-09,1,0,1,0,0,1,0.18,0.1364,0.37,0.4478,83
3,2011-01-09,1,0,1,0,0,1,0.2,0.1667,0.34,0.4478,75
3,2011-01-09,1,0,1,0,0,1,0.22,0.1818,0.32,0.4627,72
3,2011-01-09,1,0,1,0,0,1,0.22,0.197,0.35,0.3582,82
3,2011-01-09,1,0,1,0,0,1,0.2,0.1667,0.34,0.4478,92
3,2011-01-09,1,0,1,0,0,1,0.18,0.1515,0.37,0.3881,62
4,2011-01-09,1,0,1,0,0,1,0.16,0.1364,0.4,0.3284,48
4,2011-01-09,1,0,1,0,0,1,0.16,0.1364,0.43,0.3284,41
4,2011-01-09,1,0,1,0,0,1,0.14,0.1212,0.46,0.2537,38
4,2011-01-09,1,0,1,0,0,1,0.14,0.1061,0.46,0.4179,20
4,2011-01-09,1,0,1,0,0,1,0.14,0.1212,0.46,0.2985,15
4,2011-01-09,1,0,1,0,0,1,0.12,0.1364,0.5,0.194,6
1,2011-01-10,1,0,1,1,1,1,0.12,0.1212,0.5,0.2836,5
1,2011-01-10,1,0,1,1,1,1,0.12,0.1212,0.5,0.2836,1
1,2011-01-10,1,0,1,1,1,1,0.12,0.1212,0.5,0.2239,3
1,2011-01-10,1,0,1,1,1,1,0.12,0.1212,0.5,0.2239,1
1,2011-01-10,1,0,1,1,1,1,0.1,0.1212,0.54,0.1343,3
1,2011-01-10,1,0,1,1,1,1,0.1,0.1061,0.54,0.2537,3
2,2011-01-10,1,0,1,1,1,1,0.12,0.1212,0.5,0.2836,31
2,2011-01-10,1,0,1,1,1,1,0.12,0.1212,0.5,0.2239,77
2,2011-01-10,1,0,1,1,1,2,0.12,0.1212,0.5,0.2836,188
2,2011-01-10,1,0,1,1,1,2,0.14,0.1212,0.5,0.2537,94
2,2011-01-10,1,0,1,1,1,2,0.14,0.1212,0.5,0.2985,31
2,2011-01-10,1,0,1,1,1,2,0.16,0.1364,0.47,0.2836,30
3,2011-01-10,1,0,1,1,1,2,0.2,0.1818,0.4,0.2836,52
3,2011-01-10,1,0,1,1,1,2,0.2,0.1818,0.4,0.2836,54
3,2011-01-10,1,0,1,1,1,2,0.2,0.197,0.4,0.2239,47
3,2011-01-10,1,0,1,1,1,2,0.2,0.197,0.4,0.2239,45
3,2011-01-10,1,0,1,1,1,1,0.2,0.2121,0.4,0.1343,74
3,2011-01-10,1,0,1,1,1,1,0.2,0.2273,0.4,0.1045,178
4,2011-01-10,1,0,1,1,1,1,0.2,0.197,0.4,0.2239,155
4,2011-01-10,1,0,1,1,1,1,0.16,0.1667,0.47,0.1642,95
4,2011-01-10,1,0,1,1,1,1,0.16,0.1667,0.5,0.1642,74
4,2011-01-10,1,0,1,1,1,1,0.14,0.1364,0.59,0.194,38
4,2011-01-10,1,0,1,1,1,1,0.14,0.1515,0.59,0.1642,24
4,2011-01-10,1,0,1,1,1,1,0.14,0.1515,0.59,0.1642,18
1,2011-01-11,1,0,1,2,1,1,0.14,0.1667,0.59,0.1045,12
1,2011-01-11,1,0,1,2,1,1,0.14,0.1515,0.59,0.1642,3
1,2011-01-11,1,0,1,2,1,2,0.16,0.1515,0.55,0.194,3
1,2011-01-11,1,0,1,2,1,2,0.16,0.1818,0.55,0.1343,6
2,2011-01-11,1,0,1,2,1,2,0.16,0.1818,0.55,0.1343,27
2,2011-01-11,1,0,1,2,1,2,0.16,0.2273,0.55,0.0,99
2,2011-01-11,1,0,1,2,1,2,0.18,0.2121,0.51,0.0896,217
2,2011-01-11,1,0,1,2,1,2,0.18,0.197,0.51,0.1642,130
2,2011-01-11,1,0,1,2,1,2,0.2,0.2121,0.51,0.1642,54
2,2011-01-11,1,0,1,2,1,2,0.2,0.2121,0.47,0.1343,35
3,2011-01-11,1,0,1,2,1,2,0.2,0.2273,0.51,0.1045,57
3,2011-01-11,1,0,1,2,1,2,0.2,0.2273,0.59,0.0896,52
3,2011-01-11,1,0,1,2,1,2,0.2,0.2273,0.59,0.0896,63
3,2011-01-11,1,0,1,2,1,2,0.16,0.197,0.8,0.0896,47
3,2011-01-11,1,0,1,2,1,2,0.16,0.1515,0.86,0.2239,76
3,2011-01-11,1,0,1,2,1,2,0.16,0.1515,0.86,0.2239,136
4,2011-01-11,1,0,1,2,1,3,0.16,0.1818,0.93,0.1045,95
4,2011-01-11,1,0,1,2,1,3,0.16,0.2273,0.93,0.0,51
4,2011-01-11,1,0,1,2,1,3,0.16,0.1515,0.93,0.194,32
4,2011-01-11,1,0,1,2,1,3,0.16,0.197,0.86,0.0896,20
4,2011-01-11,1,0,1,2,1,3,0.16,0.1818,0.93,0.1045,29
4,2011-01-11,1,0,1,2,1,3,0.16,0.197,0.93,0.0896,19
1,2011-01-12,1,0,1,3,1,2,0.16,0.197,0.86,0.0896,7
1,2011-01-12,1,0,1,3,1,2,0.16,0.1818,0.86,0.1045,6
1,2011-01-12,1,0,1,3,1,1,0.14,0.1515,0.86,0.1343,1
1,2011-01-12,1,0,1,3,1,1,0.14,0.1515,0.86,0.1642,5
2,2011-01-12,1,0,1,3,1,1,0.12,0.1515,0.93,0.1343,16
2,2011-01-12,1,0,1,3,1,1,0.14,0.1515,0.69,0.1343,54
2,2011-01-12,1,0,1,3,1,1,0.16,0.1667,0.59,0.1642,128
2,2011-01-12,1,0,1,3,1,1,0.16,0.1364,0.59,0.3284,81
2,2011-01-12,1,0,1,3,1,1,0.18,0.1818,0.55,0.2239,39
2,2011-01-12,1,0,1,3,1,1,0.2,0.1818,0.51,0.3881,35
3,2011-01-12,1,0,1,3,1,1,0.2,0.1515,0.47,0.5821,55
3,2011-01-12,1,0,1,3,1,1,0.22,0.197,0.44,0.3582,49
3,2011-01-12,1,0,1,3,1,1,0.2,0.1818,0.47,0.3284,44
3,2011-01-12,1,0,1,3,1,1,0.2,0.1667,0.47,0.4179,49
3,2011-01-12,1,0,1,3,1,1,0.22,0.197,0.44,0.3284,68
3,2011-01-12,1,0,1,3,1,1,0.2,0.1818,0.47,0.3582,139
4,2011-01-12,1,0,1,3,1,1,0.2,0.1515,0.47,0.5224,137
4,2011-01-12,1,0,1,3,1,1,0.18,0.1515,0.47,0.4179,83
4,2011-01-12,1,0,1,3,1,1,0.16,0.1364,0.5,0.3284,56
4,2011-01-12,1,0,1,3,1,1,0.16,0.1364,0.55,0.3284,57
4,2011-01-12,1,0,1,3,1,1,0.16,0.1212,0.55,0.4478,33
4,2011-01-12,1,0,1,3,1,1,0.14,0.1061,0.59,0.4179,20
1,2011-01-13,1,0,1,4,1,1,0.14,0.1212,0.59,0.2836,7
1,2011-01-13,1,0,1,4,1,1,0.14,0.1212,0.5,0.2836,2
1,2011-01-13,1,0,1,4,1,1,0.14,0.1212,0.5,0.3582,2
1,2011-01-13,1,0,1,4,1,1,0.14,0.1212,0.5,0.3284,3
1,2011-01-13,1,0,1,4,1,1,0.14,0.1212,0.5,0.2537,4
1,2011-01-13,1,0,1,4,1,1,0.14,0.1212,0.5,0.2985,3
2,2011-01-13,1,0,1,4,1,1,0.12,0.1515,0.54,0.1343,28
2,2011-01-13,1,0,1,4,1,1,0.12,0.1515,0.54,0.1343,72
2,2011-01-13,1,0,1,4,1,1,0.14,0.1364,0.5,0.194,202
2,2011-01-13,1,0,1,4,1,1,0.14,0.1212,0.5,0.3284,139
2,2011-01-13,1,0,1,4,1,2,0.16,0.1364,0.5,0.3582,38
2,2011-01-13,1,0,1,4,1,2,0.2,0.1667,0.44,0.4478,37
3,2011-01-13,1,0,1,4,1,1,0.2,0.1667,0.44,0.4179,52
3,2011-01-13,1,0,1,4,1,1,0.22,0.197,0.41,0.4478,83
3,2011-01-13,1,0,1,4,1,1,0.22,0.197,0.41,0.3881,42
3,2011-01-13,1,0,1,4,1,1,0.24,0.2121,0.38,0.2985,60
3,2011-01-13,1,0,1,4,1,1,0.24,0.2121,0.38,0.3582,78
3,2011-01-13,1,0,1,4,1,1,0.2,0.1818,0.4,0.2836,162
4,2011-01-13,1,0,1,4,1,1,0.2,0.1818,0.4,0.3284,144
4,2011-01-13,1,0,1,4,1,1,0.16,0.1515,0.47,0.2537,99
4,2011-01-13,1,0,1,4,1,1,0.16,0.1515,0.47,0.2239,64
4,2011-01-13,1,0,1,4,1,1,0.14,0.1212,0.46,0.2985,40
4,2011-01-13,1,0,1,4,1,1,0.14,0.1212,0.46,0.3284,30
4,2011-01-13,1,0,1,4,1,1,0.12,0.1364,0.5,0.194,15
1,2011-01-14,1,0,1,5,1,1,0.12,0.1364,0.5,0.194,14
1,2011-01-14,1,0,1,5,1,1,0.1,0.1212,0.54,0.1642,5
1,2011-01-14,1,0,1,5,1,1,0.1,0.1212,0.54,0.1343,1
1,2011-01-14,1,0,1,5,1,1,0.1,0.1364,0.54,0.1045,1
1,2011-01-14,1,0,1,5,1,1,0.1,0.1364,0.54,0.0896,8
2,2011-01-14,1,0,1,5,1,1,0.1,0.1818,0.54,0.0,17
2,2011-01-14,1,0,1,5,1,1,0.1,0.1212,0.74,0.1642,70
2,2011-01-14,1,0,1,5,1,1,0.12,0.1667,0.68,0.0,158
2,2011-01-14,1,0,1,5,1,1,0.14,0.1515,0.69,0.1343,117
2,2011-01-14,1,0,1,5,1,1,0.18,0.1818,0.55,0.194,44
2,2011-01-14,1,0,1,5,1,1,0.18,0.1667,0.51,0.2836,53
3,2011-01-14,1,0,1,5,1,1,0.2,0.197,0.44,0.2537,61
3,2011-01-14,1,0,1,5,1,1,0.22,0.197,0.37,0.3881,77
3,2011-01-14,1,0,1,5,1,1,0.22,0.2121,0.41,0.2836,64
3,2011-01-14,1,0,1,5,1,1,0.24,0.2424,0.38,0.1642,68
3,2011-01-14,1,0,1,5,1,1,0.22,0.2424,0.41,0.1045,90
3,2011-01-14,1,0,1,5,1,1,0.22,0.2273,0.41,0.1642,159
4,2011-01-14,1,0,1,5,1,1,0.2,0.2576,0.47,0.0,139
4,2011-01-14,1,0,1,5,1,1,0.16,0.197,0.59,0.0896,92
4,2011-01-14,1,0,1,5,1,1,0.18,0.2424,0.59,0.0,68
4,2011-01-14,1,0,1,5,1,1,0.16,0.2273,0.69,0.0,52
4,2011-01-14,1,0,1,5,1,2,0.16,0.2273,0.69,0.0,36
4,2011-01-14,1,0,1,5,1,2,0.18,0.2424,0.55,0.0,27
1,2011-01-15,1,0,1,6,0,1,0.18,0.2424,0.55,0.0,28
1,2011-01-15,1,0,1,6,0,2,0.16,0.197,0.59,0.0896,20
1,2011-01-15,1,0,1,6,0,2,0.16,0.197,0.59,0.0896,12
1,2011-01-15,1,0,1,6,0,2,0.16,0.2273,0.59,0.0,8
1,2011-01-15,1,0,1,6,0,2,0.16,0.2273,0.59,0.0,5
1,2011-01-15,1,0,1,6,0,1,0.16,0.2273,0.59,0.0,1
2,2011-01-15,1,0,1,6,0,1,0.14,0.1667,0.63,0.1045,3
2,2011-01-15,1,0,1,6,0,1,0.14,0.2121,0.63,0.0,10
2,2011-01-15,1,0,1,6,0,1,0.14,0.1515,0.63,0.1343,23
2,2011-01-15,1,0,1,6,0,1,0.16,0.1818,0.64,0.1343,33
2,2011-01-15,1,0,1,6,0,1,0.18,0.197,0.59,0.1642,59
2,2011-01-15,1,0,1,6,0,1,0.2,0.197,0.55,0.2239,72
3,2011-01-15,1,0,1,6,0,1,0.24,0.2273,0.48,0.2239,89
3,2011-01-15,1,0,1,6,0,1,0.28,0.2576,0.38,0.2985,101
3,2011-01-15,1,0,1,6,0,1,0.3,0.2879,0.39,0.2836,118
3,2011-01-15,1,0,1,6,0,2,0.32,0.3182,0.36,0.194,129
3,2011-01-15,1,0,1,6,0,2,0.34,0.3333,0.34,0.194,128
3,2011-01-15,1,0,1,6,0,2,0.32,0.303,0.36,0.2836,83
4,2011-01-15,1,0,1,6,0,2,0.3,0.2879,0.45,0.2537,84
4,2011-01-15,1,0,1,6,0,2,0.32,0.303,0.39,0.2537,74
4,2011-01-15,1,0,1,6,0,2,0.32,0.303,0.39,0.2537,41
4,2011-01-15,1,0,1,6,0,2,0.32,0.303,0.39,0.2239,57
4,2011-01-15,1,0,1,6,0,2,0.3,0.3182,0.42,0.1045,26
4,2011-01-15,1,0,1,6,0,1,0.3,0.2879,0.45,0.2836,44
1,2011-01-16,1,0,1,0,0,1,0.26,0.303,0.56,0.0,39
1,2011-01-16,1,0,1,0,0,1,0.26,0.2727,0.56,0.1343,23
1,2011-01-16,1,0,1,0,0,1,0.26,0.2879,0.56,0.0896,16
1,2011-01-16,1,0,1,0,0,1,0.22,0.2727,0.69,0.0,15
1,2011-01-16,1,0,1,0,0,1,0.26,0.2576,0.56,0.1642,1
1,2011-01-16,1,0,1,0,0,2,0.26,0.2576,0.56,0.1642,2
2,2011-01-16,1,0,1,0,0,2,0.26,0.2576,0.56,0.1642,1
2,2011-01-16,1,0,1,0,0,2,0.24,0.2121,0.56,0.2985,3
2,2011-01-16,1,0,1,0,0,1,0.22,0.2121,0.55,0.2836,18
2,2011-01-16,1,0,1,0,0,1,0.22,0.2121,0.51,0.2537,32
2,2011-01-16,1,0,1,0,0,1,0.22,0.2121,0.51,0.2836,79
2,2011-01-16,1,0,1,0,0,1,0.24,0.2273,0.44,0.2537,93
3,2011-01-16,1,0,1,0,0,1,0.24,0.2121,0.41,0.2836,104
3,2011-01-16,1,0,1,0,0,1,0.26,0.2273,0.35,0.2985,118
3,2011-01-16,1,0,1,0,0,1,0.28,0.2727,0.36,0.2537,91
3,2011-01-16,1,0,1,0,0,1,0.26,0.2424,0.38,0.2537,113
3,2011-01-16,1,0,1,0,0,1,0.24,0.2273,0.38,0.2239,99
3,2011-01-16,1,0,1,0,0,1,0.22,0.2121,0.37,0.2537,105
4,2011-01-16,1,0,1,0,0,1,0.2,0.2121,0.4,0.1642,67
4,2011-01-16,1,0,1,0,0,1,0.18,0.197,0.47,0.1343,61
4,2011-01-16,1,0,1,0,0,1,0.18,0.197,0.47,0.1642,57
4,2011-01-16,1,0,1,0,0,1,0.18,0.197,0.51,0.1642,28
4,2011-01-16,1,0,1,0,0,2,0.2,0.2121,0.49,0.1343,21
4,2011-01-16,1,0,1,0,0,2,0.2,0.2273,0.4,0.1045,18
1,2011-01-17,1,0,1,1,0,2,0.2,0.197,0.47,0.2239,17
1,2011-01-17,1,0,1,1,0,2,0.2,0.197,0.44,0.194,16
1,2011-01-17,1,0,1,1,0,2,0.18,0.1667,0.43,0.2537,8
1,2011-01-17,1,0,1,1,0,2,0.18,0.1818,0.43,0.194,2
1,2011-01-17,1,0,1,1,0,2,0.18,0.197,0.43,0.1343,3
1,2011-01-17,1,0,1,1,0,2,0.18,0.197,0.43,0.1642,1
2,2011-01-17,1,0,1,1,0,2,0.18,0.1818,0.43,0.194,5
2,2011-01-17,1,0,1,1,0,2,0.16,0.1818,0.5,0.1343,13
2,2011-01-17,1,0,1,1,0,2,0.16,0.1515,0.47,0.2239,33
2,2011-01-17,1,0,1,1,0,2,0.16,0.1515,0.47,0.2239,47
2,2011-01-17,1,0,1,1,0,2,0.16,0.1515,0.5,0.2537,57
2,2011-01-17,1,0,1,1,0,2,0.16,0.1515,0.55,0.194,64
3,2011-01-17,1,0,1,1,0,2,0.18,0.197,0.47,0.1343,80
3,2011-01-17,1,0,1,1,0,2,0.18,0.197,0.47,0.1343,93
3,2011-01-17,1,0,1,1,0,2,0.18,0.2121,0.43,0.1045,86
3,2011-01-17,1,0,1,1,0,2,0.2,0.2121,0.47,0.1642,93
3,2011-01-17,1,0,1,1,0,2,0.2,0.2121,0.47,0.1642,82
3,2011-01-17,1,0,1,1,0,1,0.2,0.197,0.51,0.194,71
4,2011-01-17,1,0,1,1,0,2,0.18,0.1667,0.55,0.2537,92
4,2011-01-17,1,0,1,1,0,3,0.18,0.1818,0.59,0.194,60
4,2011-01-17,1,0,1,1,0,3,0.16,0.1515,0.8,0.194,33
4,2011-01-17,1,0,1,1,0,3,0.16,0.1515,0.8,0.194,27
4,2011-01-17,1,0,1,1,0,3,0.14,0.1212,0.93,0.2537,13
4,2011-01-17,1,0,1,1,0,3,0.16,0.1364,0.86,0.2836,4
3,2011-01-18,1,0,1,2,1,2,0.2,0.1818,0.86,0.3284,3
3,2011-01-18,1,0,1,2,1,2,0.2,0.197,0.86,0.2239,22
3,2011-01-18,1,0,1,2,1,2,0.22,0.2273,0.8,0.1642,28
3,2011-01-18,1,0,1,2,1,2,0.22,0.2273,0.87,0.1642,35
3,2011-01-18,1,0,1,2,1,2,0.22,0.2273,0.87,0.194,61
3,2011-01-18,1,0,1,2,1,2,0.22,0.2273,0.82,0.194,125
4,2011-01-18,1,0,1,2,1,2,0.22,0.2273,0.8,0.1642,133
4,2011-01-18,1,0,1,2,1,2,0.22,0.2273,0.8,0.1343,99
4,2011-01-18,1,0,1,2,1,2,0.22,0.2727,0.87,0.0,83
4,2011-01-18,1,0,1,2,1,2,0.22,0.2424,0.93,0.1045,41
4,2011-01-18,1,0,1,2,1,2,0.22,0.2576,0.93,0.0896,33
4,2011-01-18,1,0,1,2,1,2,0.22,0.2727,0.93,0.0,20
1,2011-01-19,1,0,1,3,1,2,0.22,0.2727,0.93,0.0,3
1,2011-01-19,1,0,1,3,1,3,0.22,0.2273,0.93,0.1343,7
1,2011-01-19,1,0,1,3,1,3,0.22,0.2273,0.93,0.1343,3
1,2011-01-19,1,0,1,3,1,3,0.22,0.2273,0.93,0.1343,2
1,2011-01-19,1,0,1,3,1,2,0.22,0.2576,0.93,0.0896,7
2,2011-01-19,1,0,1,3,1,2,0.22,0.2576,0.93,0.0896,32
2,2011-01-19,1,0,1,3,1,2,0.24,0.2576,0.92,0.1045,90
2,2011-01-19,1,0,1,3,1,2,0.24,0.2576,0.93,0.1045,197
2,2011-01-19,1,0,1,3,1,2,0.24,0.2576,0.93,0.1045,109
2,2011-01-19,1,0,1,3,1,2,0.26,0.2727,0.93,0.1343,47
2,2011-01-19,1,0,1,3,1,2,0.28,0.303,0.87,0.0896,52
3,2011-01-19,1,0,1,3,1,2,0.3,0.3182,0.81,0.0896,70
3,2011-01-19,1,0,1,3,1,1,0.4,0.4091,0.62,0.2836,78
3,2011-01-19,1,0,1,3,1,1,0.4,0.4091,0.58,0.2537,75
3,2011-01-19,1,0,1,3,1,1,0.4,0.4091,0.54,0.2836,82
3,2011-01-19,1,0,1,3,1,1,0.38,0.3939,0.58,0.3881,104
3,2011-01-19,1,0,1,3,1,1,0.36,0.3333,0.57,0.3284,197
4,2011-01-19,1,0,1,3,1,1,0.34,0.3182,0.61,0.2836,161
4,2011-01-19,1,0,1,3,1,1,0.32,0.2879,0.57,0.4179,112
4,2011-01-19,1,0,1,3,1,1,0.32,0.303,0.49,0.2985,76
4,2011-01-19,1,0,1,3,1,1,0.32,0.2879,0.49,0.4179,59
4,2011-01-19,1,0,1,3,1,1,0.3,0.303,0.52,0.1642,59
4,2011-01-19,1,0,1,3,1,1,0.3,0.2727,0.52,0.4627,28
1,2011-01-20,1,0,1,4,1,1,0.26,0.2273,0.56,0.3881,13
1,2011-01-20,1,0,1,4,1,1,0.26,0.2727,0.56,0.0,5
1,2011-01-20,1,0,1,4,1,1,0.26,0.2727,0.56,0.0,2
1,2011-01-20,1,0,1,4,1,1,0.26,0.2576,0.56,0.1642,1
1,2011-01-20,1,0,1,4,1,1,0.26,0.2576,0.56,0.1642,1
1,2011-01-20,1,0,1,4,1,1,0.24,0.2273,0.6,0.2239,6
2,2011-01-20,1,0,1,4,1,1,0.22,0.2121,0.6,0.2239,35
2,2011-01-20,1,0,1,4,1,1,0.22,0.2121,0.55,0.2239,101
2,2011-01-20,1,0,1,4,1,1,0.22,0.2121,0.55,0.2836,249
2,2011-01-20,1,0,1,4,1,2,0.24,0.2273,0.52,0.2239,143
2,2011-01-20,1,0,1,4,1,1,0.26,0.2273,0.48,0.2985,57
2,2011-01-20,1,0,1,4,1,2,0.28,0.2727,0.45,0.1642,68
3,2011-01-20,1,0,1,4,1,2,0.3,0.3333,0.42,0.0,84
3,2011-01-20,1,0,1,4,1,2,0.28,0.2879,0.45,0.1045,98
3,2011-01-20,1,0,1,4,1,2,0.3,0.303,0.45,0.1343,81
3,2011-01-20,1,0,1,4,1,2,0.32,0.3182,0.45,0.194,70
3,2011-01-20,1,0,1,4,1,2,0.3,0.303,0.49,0.1343,91
3,2011-01-20,1,0,1,4,1,2,0.3,0.3182,0.49,0.1045,215
4,2011-01-20,1,0,1,4,1,2,0.26,0.2576,0.56,0.194,185
4,2011-01-20,1,0,1,4,1,1,0.26,0.2273,0.56,0.3284,152
4,2011-01-20,1,0,1,4,1,2,0.26,0.2424,0.6,0.2836,126
4,2011-01-20,1,0,1,4,1,2,0.24,0.2273,0.6,0.2537,57
4,2011-01-20,1,0,1,4,1,2,0.24,0.2121,0.65,0.2836,56
4,2011-01-20,1,0,1,4,1,2,0.24,0.2121,0.65,0.3284,31
1,2011-01-21,1,0,1,5,1,2,0.24,0.2273,0.7,0.2537,21
1,2011-01-21,1,0,1,5,1,2,0.24,0.2273,0.7,0.2537,6
1,2011-01-21,1,0,1,5,1,3,0.24,0.2424,0.75,0.1642,2
1,2011-01-21,1,0,1,5,1,3,0.22,0.2121,0.8,0.2985,1
1,2011-01-21,1,0,1,5,1,2,0.22,0.2576,0.87,0.0896,1
1,2011-01-21,1,0,1,5,1,1,0.24,0.197,0.6,0.4179,5
2,2011-01-21,1,0,1,5,1,1,0.22,0.2121,0.55,0.2537,27
2,2011-01-21,1,0,1,5,1,1,0.2,0.1818,0.51,0.2836,68
2,2011-01-21,1,0,1,5,1,1,0.2,0.1818,0.47,0.3284,217
2,2011-01-21,1,0,1,5,1,1,0.2,0.1818,0.51,0.3582,166
2,2011-01-21,1,0,1,5,1,1,0.2,0.1667,0.47,0.4627,63
2,2011-01-21,1,0,1,5,1,1,0.22,0.1818,0.41,0.4627,59
3,2011-01-21,1,0,1,5,1,1,0.22,0.1818,0.27,0.5821,78
3,2011-01-21,1,0,1,5,1,1,0.2,0.1515,0.21,0.5821,73
3,2011-01-21,1,0,1,5,1,1,0.2,0.1515,0.25,0.5224,62
3,2011-01-21,1,0,1,5,1,1,0.16,0.1212,0.26,0.4478,65
3,2011-01-21,1,0,1,5,1,1,0.16,0.1364,0.26,0.3582,97
3,2011-01-21,1,0,1,5,1,1,0.14,0.1212,0.28,0.3582,161
4,2011-01-21,1,0,1,5,1,1,0.12,0.1212,0.3,0.2537,120
4,2011-01-21,1,0,1,5,1,1,0.12,0.1061,0.3,0.3284,96
4,2011-01-21,1,0,1,5,1,1,0.1,0.0758,0.33,0.4179,53
4,2011-01-21,1,0,1,5,1,1,0.08,0.0758,0.38,0.2836,41
4,2011-01-21,1,0,1,5,1,1,0.06,0.0303,0.41,0.3881,34
4,2011-01-21,1,0,1,5,1,1,0.06,0.0455,0.38,0.3284,27
1,2011-01-22,1,0,1,6,0,1,0.04,0.0303,0.45,0.2537,13
1,2011-01-22,1,0,1,6,0,2,0.04,0.0,0.41,0.3881,12
1,2011-01-22,1,0,1,6,0,2,0.04,0.0303,0.41,0.2537,11
1,2011-01-22,1,0,1,6,0,2,0.04,0.0303,0.41,0.2836,7
1,2011-01-22,1,0,1,6,0,2,0.02,0.0152,0.48,0.2985,3
2,2011-01-22,1,0,1,6,0,2,0.02,0.0303,0.44,0.2239,2
2,2011-01-22,1,0,1,6,0,1,0.02,0.0152,0.44,0.2836,8
2,2011-01-22,1,0,1,6,0,1,0.02,0.0,0.44,0.3284,27
2,2011-01-22,1,0,1,6,0,1,0.04,0.0303,0.41,0.2537,40
2,2011-01-22,1,0,1,6,0,2,0.04,0.0606,0.41,0.1642,53
2,2011-01-22,1,0,1,6,0,2,0.06,0.0758,0.38,0.1343,63
3,2011-01-22,1,0,1,6,0,2,0.06,0.1061,0.38,0.1045,70
3,2011-01-22,1,0,1,6,0,1,0.08,0.1667,0.35,0.0,84
3,2011-01-22,1,0,1,6,0,1,0.1,0.1364,0.33,0.1045,75
3,2011-01-22,1,0,1,6,0,1,0.12,0.1515,0.28,0.0,103
3,2011-01-22,1,0,1,6,0,1,0.12,0.1364,0.28,0.194,83
3,2011-01-22,1,0,1,6,0,1,0.12,0.197,0.28,0.0,67
4,2011-01-22,1,0,1,6,0,1,0.08,0.0909,0.35,0.194,54
4,2011-01-22,1,0,1,6,0,1,0.08,0.1061,0.35,0.1343,59
4,2011-01-22,1,0,1,6,0,1,0.06,0.0758,0.45,0.1642,45
4,2011-01-22,1,0,1,6,0,1,0.06,0.1061,0.41,0.0896,39
4,2011-01-22,1,0,1,6,0,1,0.06,0.1515,0.49,0.0,30
4,2011-01-22,1,0,1,6,0,1,0.04,0.0758,0.57,0.1045,33
1,2011-01-23,1,0,1,0,0,1,0.04,0.0758,0.57,0.1045,22
1,2011-01-23,1,0,1,0,0,1,0.04,0.0758,0.57,0.1045,13
1,2011-01-23,1,0,1,0,0,1,0.02,0.0606,0.62,0.1343,18
1,2011-01-23,1,0,1,0,0,1,0.02,0.0606,0.62,0.1343,5
1,2011-01-23,1,0,1,0,0,2,0.04,0.0758,0.57,0.1045,3
2,2011-01-23,1,0,1,0,0,2,0.04,0.0758,0.57,0.1045,1
2,2011-01-23,1,0,1,0,0,1,0.08,0.1061,0.58,0.1642,2
2,2011-01-23,1,0,1,0,0,1,0.06,0.0758,0.62,0.1642,19
2,2011-01-23,1,0,1,0,0,1,0.1,0.0758,0.54,0.3582,28
2,2011-01-23,1,0,1,0,0,1,0.14,0.1061,0.46,0.3881,58
2,2011-01-23,1,0,1,0,0,1,0.14,0.1364,0.43,0.2239,99
3,2011-01-23,1,0,1,0,0,1,0.16,0.1212,0.37,0.4627,116
3,2011-01-23,1,0,1,0,0,1,0.14,0.1061,0.33,0.3881,87
3,2011-01-23,1,0,1,0,0,1,0.16,0.1364,0.28,0.3582,110
3,2011-01-23,1,0,1,0,0,1,0.16,0.1364,0.28,0.3582,77
3,2011-01-23,1,0,1,0,0,1,0.16,0.1364,0.26,0.3284,65
3,2011-01-23,1,0,1,0,0,1,0.14,0.1061,0.26,0.3881,55
4,2011-01-23,1,0,1,0,0,1,0.12,0.1212,0.3,0.2537,49
4,2011-01-23,1,0,1,0,0,1,0.12,0.1212,0.3,0.2836,50
4,2011-01-23,1,0,1,0,0,1,0.1,0.1061,0.36,0.2537,35
4,2011-01-23,1,0,1,0,0,1,0.1,0.1061,0.36,0.194,25
4,2011-01-23,1,0,1,0,0,1,0.08,0.0909,0.38,0.194,28
4,2011-01-23,1,0,1,0,0,1,0.06,0.0606,0.41,0.2239,21
1,2011-01-24,1,0,1,1,1,1,0.06,0.0606,0.41,0.194,7
1,2011-01-24,1,0,1,1,1,1,0.04,0.0455,0.45,0.194,1
1,2011-01-24,1,0,1,1,1,1,0.04,0.0303,0.45,0.2537,1
1,2011-01-24,1,0,1,1,1,1,0.02,0.0606,0.48,0.1343,1
1,2011-01-24,1,0,1,1,1,1,0.02,0.0606,0.48,0.1343,5
2,2011-01-24,1,0,1,1,1,1,0.02,0.0758,0.48,0.0896,15
2,2011-01-24,1,0,1,1,1,1,0.02,0.1212,0.48,0.0,84
2,2011-01-24,1,0,1,1,1,1,0.04,0.1364,0.49,0.0,177
2,2011-01-24,1,0,1,1,1,1,0.06,0.1515,0.41,0.0,102
2,2011-01-24,1,0,1,1,1,1,0.1,0.1364,0.42,0.0,40
2,2011-01-24,1,0,1,1,1,1,0.1,0.1212,0.46,0.1343,46
3,2011-01-24,1,0,1,1,1,2,0.12,0.1364,0.42,0.194,63
3,2011-01-24,1,0,1,1,1,2,0.14,0.1364,0.43,0.2239,60
3,2011-01-24,1,0,1,1,1,2,0.14,0.1364,0.46,0.2239,45
3,2011-01-24,1,0,1,1,1,1,0.16,0.1667,0.4,0.1642,57
3,2011-01-24,1,0,1,1,1,1,0.16,0.1515,0.47,0.2537,70
3,2011-01-24,1,0,1,1,1,1,0.14,0.1212,0.5,0.2537,184
4,2011-01-24,1,0,1,1,1,1,0.14,0.1364,0.59,0.194,153
4,2011-01-24,1,0,1,1,1,1,0.14,0.1515,0.54,0.1642,106
4,2011-01-24,1,0,1,1,1,1,0.14,0.1364,0.59,0.194,81
4,2011-01-24,1,0,1,1,1,1,0.14,0.1515,0.63,0.1642,59
4,2011-01-24,1,0,1,1,1,2,0.14,0.1364,0.63,0.2239,35
4,2011-01-24,1,0,1,1,1,2,0.16,0.1515,0.64,0.2537,24
1,2011-01-25,1,0,1,2,1,2,0.16,0.1364,0.69,0.2836,9
1,2011-01-25,1,0,1,2,1,2,0.16,0.1667,0.69,0.1642,5
1,2011-01-25,1,0,1,2,1,1,0.16,0.1515,0.69,0.2239,2
1,2011-01-25,1,0,1,2,1,1,0.14,0.1667,0.74,0.1045,1
1,2011-01-25,1,0,1,2,1,1,0.14,0.1364,0.74,0.2239,9
2,2011-01-25,1,0,1,2,1,1,0.16,0.1818,0.74,0.1045,36
2,2011-01-25,1,0,1,2,1,1,0.16,0.1515,0.74,0.2239,108
2,2011-01-25,1,0,1,2,1,2,0.16,0.1818,0.74,0.1343,238
2,2011-01-25,1,0,1,2,1,2,0.2,0.2273,0.64,0.0896,144
2,2011-01-25,1,0,1,2,1,2,0.22,0.2424,0.6,0.1045,55
2,2011-01-25,1,0,1,2,1,2,0.24,0.2424,0.6,0.1343,61
3,2011-01-25,1,0,1,2,1,2,0.26,0.2879,0.56,0.0896,106
3,2011-01-25,1,0,1,2,1,2,0.26,0.2727,0.56,0.1343,93
3,2011-01-25,1,0,1,2,1,2,0.3,0.3333,0.45,0.0,68
3,2011-01-25,1,0,1,2,1,2,0.32,0.3485,0.42,0.0,84
3,2011-01-25,1,0,1,2,1,2,0.32,0.3485,0.42,0.0,116
3,2011-01-25,1,0,1,2,1,1,0.3,0.3333,0.45,0.0,222
4,2011-01-25,1,0,1,2,1,2,0.3,0.3182,0.49,0.0896,225
4,2011-01-25,1,0,1,2,1,2,0.26,0.2576,0.65,0.1642,146
4,2011-01-25,1,0,1,2,1,1,0.24,0.2273,0.65,0.194,119
4,2011-01-25,1,0,1,2,1,1,0.24,0.2273,0.65,0.194,45
4,2011-01-25,1,0,1,2,1,1,0.22,0.2273,0.64,0.1642,53
4,2011-01-25,1,0,1,2,1,2,0.22,0.2273,0.64,0.1642,40
1,2011-01-26,1,0,1,3,1,2,0.22,0.2273,0.69,0.1343,17
1,2011-01-26,1,0,1,3,1,2,0.24,0.2424,0.65,0.1343,5
1,2011-01-26,1,0,1,3,1,3,0.22,0.2273,0.69,0.194,10
1,2011-01-26,1,0,1,3,1,3,0.2,0.1818,0.86,0.2836,1
2,2011-01-26,1,0,1,3,1,3,0.2,0.1818,0.86,0.2836,8
2,2011-01-26,1,0,1,3,1,3,0.22,0.2121,0.87,0.2985,30
2,2011-01-26,1,0,1,3,1,3,0.22,0.2121,0.87,0.2985,72
2,2011-01-26,1,0,1,3,1,3,0.22,0.2121,0.87,0.2985,58
2,2011-01-26,1,0,1,3,1,3,0.22,0.2121,0.93,0.2836,28
2,2011-01-26,1,0,1,3,1,3,0.22,0.197,0.93,0.3284,41
3,2011-01-26,1,0,1,3,1,3,0.22,0.197,0.93,0.3284,48
3,2011-01-26,1,0,1,3,1,3,0.22,0.197,0.93,0.3284,47
3,2011-01-26,1,0,1,3,1,3,0.22,0.197,0.93,0.3582,36
3,2011-01-26,1,0,1,3,1,3,0.22,0.1818,0.93,0.4627,43
3,2011-01-26,1,0,1,3,1,4,0.22,0.197,0.93,0.3284,36
3,2011-01-26,1,0,1,3,1,3,0.2,0.1818,0.93,0.3582,26
3,2011-01-27,1,0,1,4,1,1,0.22,0.2273,0.55,0.194,24
3,2011-01-27,1,0,1,4,1,1,0.22,0.2424,0.55,0.1045,84
4,2011-01-27,1,0,1,4,1,1,0.2,0.2273,0.69,0.0896,104
4,2011-01-27,1,0,1,4,1,1,0.2,0.2273,0.69,0.0896,79
4,2011-01-27,1,0,1,4,1,1,0.18,0.2121,0.74,0.0896,59
4,2011-01-27,1,0,1,4,1,1,0.18,0.2121,0.74,0.0896,38
4,2011-01-27,1,0,1,4,1,1,0.18,0.2121,0.74,0.0896,27
4,2011-01-27,1,0,1,4,1,1,0.18,0.197,0.8,0.1642,16
1,2011-01-28,1,0,1,5,1,2,0.2,0.2121,0.75,0.1343,9
1,2011-01-28,1,0,1,5,1,2,0.2,0.2121,0.75,0.1343,3
1,2011-01-28,1,0,1,5,1,2,0.2,0.2121,0.75,0.1642,2
1,2011-01-28,1,0,1,5,1,2,0.2,0.2273,0.75,0.1045,1
1,2011-01-28,1,0,1,5,1,2,0.18,0.2121,0.8,0.1045,4
2,2011-01-28,1,0,1,5,1,2,0.18,0.197,0.8,0.1343,16
2,2011-01-28,1,0,1,5,1,2,0.16,0.197,0.86,0.0896,60
2,2011-01-28,1,0,1,5,1,2,0.16,0.197,0.86,0.0896,157
2,2011-01-28,1,0,1,5,1,3,0.18,0.2121,0.86,0.0896,101
2,2011-01-28,1,0,1,5,1,3,0.18,0.2121,0.86,0.1045,49
2,2011-01-28,1,0,1,5,1,3,0.18,0.2121,0.93,0.1045,30
3,2011-01-28,1,0,1,5,1,3,0.18,0.2121,0.93,0.1045,29
3,2011-01-28,1,0,1,5,1,3,0.18,0.2121,0.93,0.1045,31
3,2011-01-28,1,0,1,5,1,3,0.22,0.2727,0.8,0.0,38
3,2011-01-28,1,0,1,5,1,2,0.2,0.2576,0.86,0.0,41
3,2011-01-28,1,0,1,5,1,1,0.22,0.2727,0.8,0.0,80
3,2011-01-28,1,0,1,5,1,1,0.24,0.2424,0.75,0.1343,149
4,2011-01-28,1,0,1,5,1,1,0.24,0.2273,0.75,0.194,109
4,2011-01-28,1,0,1,5,1,2,0.24,0.2424,0.75,0.1343,89
4,2011-01-28,1,0,1,5,1,2,0.24,0.2273,0.7,0.194,62
4,2011-01-28,1,0,1,5,1,2,0.22,0.2273,0.75,0.1343,58
4,2011-01-28,1,0,1,5,1,1,0.24,0.2121,0.65,0.3582,26
4,2011-01-28,1,0,1,5,1,1,0.24,0.2273,0.6,0.2239,23
1,2011-01-29,1,0,1,6,0,1,0.22,0.197,0.64,0.3582,28
1,2011-01-29,1,0,1,6,0,1,0.22,0.2273,0.64,0.194,20
1,2011-01-29,1,0,1,6,0,1,0.22,0.2273,0.64,0.1642,15
1,2011-01-29,1,0,1,6,0,1,0.2,0.2121,0.64,0.1343,8
1,2011-01-29,1,0,1,6,0,1,0.16,0.1818,0.69,0.1045,3
2,2011-01-29,1,0,1,6,0,1,0.16,0.1818,0.64,0.1343,2
2,2011-01-29,1,0,1,6,0,1,0.16,0.1818,0.59,0.1045,5
2,2011-01-29,1,0,1,6,0,1,0.18,0.197,0.55,0.1642,34
2,2011-01-29,1,0,1,6,0,1,0.18,0.2121,0.59,0.0896,34
2,2011-01-29,1,0,1,6,0,2,0.18,0.2121,0.64,0.1045,55
2,2011-01-29,1,0,1,6,0,2,0.18,0.197,0.64,0.1343,64
3,2011-01-29,1,0,1,6,0,2,0.2,0.197,0.59,0.194,78
3,2011-01-29,1,0,1,6,0,2,0.22,0.2273,0.55,0.1642,65
3,2011-01-29,1,0,1,6,0,2,0.22,0.2273,0.6,0.1343,99
3,2011-01-29,1,0,1,6,0,1,0.22,0.2121,0.69,0.2537,120
3,2011-01-29,1,0,1,6,0,1,0.24,0.2424,0.6,0.1642,107
3,2011-01-29,1,0,1,6,0,1,0.24,0.2879,0.6,0.0,91
4,2011-01-29,1,0,1,6,0,1,0.22,0.2273,0.69,0.1343,68
4,2011-01-29,1,0,1,6,0,2,0.22,0.2121,0.69,0.2537,58
4,2011-01-29,1,0,1,6,0,1,0.18,0.2121,0.74,0.0896,43
4,2011-01-29,1,0,1,6,0,1,0.18,0.2121,0.74,0.0896,36
4,2011-01-29,1,0,1,6,0,1,0.16,0.197,0.8,0.0896,32
4,2011-01-29,1,0,1,6,0,1,0.16,0.197,0.8,0.0896,33
1,2011-01-30,1,0,1,0,0,1,0.16,0.1818,0.8,0.1045,33
1,2011-01-30,1,0,1,0,0,1,0.14,0.2121,0.8,0.0,29
1,2011-01-30,1,0,1,0,0,1,0.16,0.2273,0.8,0.0,11
1,2011-01-30,1,0,1,0,0,1,0.14,0.2121,0.93,0.0,8
1,2011-01-30,1,0,1,0,0,1,0.14,0.2121,0.93,0.0,1
1,2011-01-30,1,0,1,0,0,1,0.14,0.2121,0.86,0.0,3
2,2011-01-30,1,0,1,0,0,1,0.14,0.2121,0.86,0.0,3
2,2011-01-30,1,0,1,0,0,2,0.14,0.2121,0.86,0.0,12
2,2011-01-30,1,0,1,0,0,2,0.16,0.2273,0.8,0.0,38
2,2011-01-30,1,0,1,0,0,2,0.18,0.2424,0.8,0.0,64
2,2011-01-30,1,0,1,0,0,1,0.22,0.2727,0.75,0.0,59
3,2011-01-30,1,0,1,0,0,1,0.3,0.3182,0.52,0.1045,97
3,2011-01-30,1,0,1,0,0,1,0.28,0.2879,0.61,0.1045,84
3,2011-01-30,1,0,1,0,0,1,0.28,0.303,0.61,0.0896,122
3,2011-01-30,1,0,1,0,0,1,0.3,0.3333,0.56,0.0,109
3,2011-01-30,1,0,1,0,0,1,0.3,0.3333,0.56,0.0,123
3,2011-01-30,1,0,1,0,0,1,0.3,0.2879,0.56,0.194,77
4,2011-01-30,1,0,1,0,0,1,0.26,0.2576,0.65,0.1642,65
4,2011-01-30,1,0,1,0,0,1,0.26,0.2576,0.65,0.194,55
4,2011-01-30,1,0,1,0,0,2,0.26,0.2727,0.65,0.1045,33
4,2011-01-30,1,0,1,0,0,2,0.24,0.2424,0.7,0.1642,28
4,2011-01-30,1,0,1,0,0,2,0.24,0.2273,0.7,0.194,21
4,2011-01-30,1,0,1,0,0,2,0.24,0.2121,0.65,0.2836,21
1,2011-01-31,1,0,1,1,1,2,0.24,0.2273,0.65,0.2239,7
1,2011-01-31,1,0,1,1,1,1,0.22,0.2121,0.64,0.2537,7
1,2011-01-31,1,0,1,1,1,1,0.22,0.2273,0.64,0.194,1
1,2011-01-31,1,0,1,1,1,1,0.22,0.2273,0.64,0.194,2
1,2011-01-31,1,0,1,1,1,1,0.2,0.197,0.59,0.2239,2
1,2011-01-31,1,0,1,1,1,1,0.18,0.1667,0.64,0.2836,8
2,2011-01-31,1,0,1,1,1,1,0.16,0.1364,0.69,0.3284,37
2,2011-01-31,1,0,1,1,1,2,0.16,0.1364,0.64,0.2836,72
2,2011-01-31,1,0,1,1,1,2,0.16,0.1364,0.59,0.2836,185
2,2011-01-31,1,0,1,1,1,2,0.16,0.1364,0.59,0.2985,112
2,2011-01-31,1,0,1,1,1,2,0.16,0.1515,0.59,0.194,69
2,2011-01-31,1,0,1,1,1,2,0.16,0.1515,0.59,0.194,48
3,2011-01-31,1,0,1,1,1,2,0.18,0.2121,0.55,0.1045,68
3,2011-01-31,1,0,1,1,1,2,0.16,0.2273,0.59,0.0,54
3,2011-01-31,1,0,1,1,1,2,0.18,0.197,0.55,0.1343,86
3,2011-01-31,1,0,1,1,1,2,0.16,0.1818,0.59,0.1343,44
3,2011-01-31,1,0,1,1,1,2,0.16,0.1818,0.56,0.194,86
3,2011-01-31,1,0,1,1,1,2,0.16,0.1515,0.59,0.194,161
4,2011-01-31,1,0,1,1,1,2,0.16,0.1515,0.55,0.2239,156
4,2011-01-31,1,0,1,1,1,1,0.3,0.3182,0.61,0.1045,111
4,2011-01-31,1,0,1,1,1,3,0.16,0.1667,0.59,0.1642,78
4,2011-01-31,1,0,1,1,1,3,0.16,0.197,0.59,0.0896,56
4,2011-01-31,1,0,1,1,1,2,0.16,0.1818,0.59,0.1045,34
4,2011-01-31,1,0,1,1,1,2,0.16,0.197,0.64,0.0896,17
1,2011-02-01,1,0,2,2,1,2,0.16,0.1818,0.64,0.1045,8
1,2011-02-01,1,0,2,2,1,2,0.16,0.1818,0.69,0.1045,3
1,2011-02-01,1,0,2,2,1,2,0.16,0.2273,0.69,0.0,2
1,2011-02-01,1,0,2,2,1,2,0.16,0.2273,0.69,0.0,2
1,2011-02-01,1,0,2,2,1,3,0.14,0.2121,0.93,0.0,3
2,2011-02-01,1,0,2,2,1,3,0.14,0.2121,0.93,0.0,22
2,2011-02-01,1,0,2,2,1,3,0.16,0.2273,0.93,0.0,52
2,2011-02-01,1,0,2,2,1,3,0.16,0.2273,0.93,0.0,135
2,2011-02-01,1,0,2,2,1,2,0.16,0.2273,0.93,0.0,116
2,2011-02-01,1,0,2,2,1,2,0.16,0.2273,0.93,0.0,47
2,2011-02-01,1,0,2,2,1,2,0.18,0.2424,0.86,0.0,51
3,2011-02-01,1,0,2,2,1,2,0.2,0.2576,0.86,0.0,55
3,2011-02-01,1,0,2,2,1,2,0.2,0.2576,0.86,0.0,52
3,2011-02-01,1,0,2,2,1,2,0.22,0.2576,0.8,0.0896,54
3,2011-02-01,1,0,2,2,1,2,0.24,0.2879,0.75,0.0,52
3,2011-02-01,1,0,2,2,1,2,0.24,0.2424,0.75,0.1343,64
3,2011-02-01,1,0,2,2,1,2,0.24,0.2879,0.75,0.0,176
4,2011-02-01,1,0,2,2,1,2,0.24,0.2576,0.81,0.1045,168
4,2011-02-01,1,0,2,2,1,2,0.24,0.2424,0.81,0.1343,108
4,2011-02-01,1,0,2,2,1,2,0.22,0.2273,0.87,0.1343,74
4,2011-02-01,1,0,2,2,1,2,0.22,0.2273,0.87,0.1343,64
4,2011-02-01,1,0,2,2,1,2,0.22,0.2576,0.87,0.0896,36
4,2011-02-01,1,0,2,2,1,3,0.2,0.197,0.93,0.194,16
1,2011-02-02,1,0,2,3,1,3,0.22,0.2424,0.93,0.1045,2
1,2011-02-02,1,0,2,3,1,3,0.22,0.2273,0.93,0.194,3
1,2011-02-02,1,0,2,3,1,3,0.22,0.2273,0.93,0.1343,4
1,2011-02-02,1,0,2,3,1,3,0.22,0.2273,0.93,0.1343,1
1,2011-02-02,1,0,2,3,1,3,0.22,0.2121,0.93,0.2836,1
1,2011-02-02,1,0,2,3,1,3,0.22,0.2424,0.93,0.1045,3
2,2011-02-02,1,0,2,3,1,3,0.22,0.2424,0.93,0.1045,18
2,2011-02-02,1,0,2,3,1,3,0.22,0.2121,0.93,0.2239,49
2,2011-02-02,1,0,2,3,1,3,0.22,0.2121,0.93,0.2239,155
2,2011-02-02,1,0,2,3,1,2,0.24,0.2576,0.93,0.0896,123
2,2011-02-02,1,0,2,3,1,2,0.22,0.2727,1.0,0.0,61
2,2011-02-02,1,0,2,3,1,2,0.24,0.2273,0.93,0.194,52
3,2011-02-02,1,0,2,3,1,2,0.24,0.2273,0.93,0.2239,64
3,2011-02-02,1,0,2,3,1,1,0.34,0.3333,0.93,0.1642,75
3,2011-02-02,1,0,2,3,1,1,0.38,0.3939,0.82,0.3881,63
3,2011-02-02,1,0,2,3,1,1,0.38,0.3939,0.76,0.3284,76
3,2011-02-02,1,0,2,3,1,1,0.36,0.3333,0.71,0.2985,103
3,2011-02-02,1,0,2,3,1,1,0.36,0.3182,0.53,0.5224,190
4,2011-02-02,1,0,2,3,1,1,0.34,0.2879,0.42,0.5522,182
4,2011-02-02,1,0,2,3,1,1,0.28,0.2424,0.45,0.4925,91
4,2011-02-02,1,0,2,3,1,1,0.24,0.197,0.48,0.5522,75
4,2011-02-02,1,0,2,3,1,1,0.22,0.197,0.47,0.3284,63
4,2011-02-02,1,0,2,3,1,1,0.22,0.2121,0.44,0.2537,40
4,2011-02-02,1,0,2,3,1,1,0.2,0.1667,0.44,0.4478,32
1,2011-02-03,1,0,2,4,1,1,0.2,0.1667,0.4,0.4478,12
1,2011-02-03,1,0,2,4,1,1,0.2,0.1515,0.44,0.5224,5
1,2011-02-03,1,0,2,4,1,1,0.18,0.1667,0.43,0.2537,2
1,2011-02-03,1,0,2,4,1,1,0.18,0.1667,0.43,0.2537,1
1,2011-02-03,1,0,2,4,1,1,0.16,0.1364,0.5,0.2985,2
2,2011-02-03,1,0,2,4,1,1,0.16,0.1364,0.43,0.3582,39
2,2011-02-03,1,0,2,4,1,1,0.14,0.1212,0.5,0.3284,87
2,2011-02-03,1,0,2,4,1,1,0.14,0.1212,0.5,0.3582,188
2,2011-02-03,1,0,2,4,1,1,0.16,0.1364,0.47,0.2985,133
2,2011-02-03,1,0,2,4,1,1,0.18,0.1515,0.43,0.3284,52
2,2011-02-03,1,0,2,4,1,1,0.18,0.1364,0.43,0.4478,64
3,2011-02-03,1,0,2,4,1,1,0.2,0.1818,0.4,0.3582,69
3,2011-02-03,1,0,2,4,1,1,0.2,0.1667,0.4,0.4179,51
3,2011-02-03,1,0,2,4,1,1,0.22,0.197,0.37,0.3881,47
3,2011-02-03,1,0,2,4,1,1,0.22,0.197,0.37,0.3284,60
3,2011-02-03,1,0,2,4,1,1,0.22,0.2121,0.37,0.2537,78
3,2011-02-03,1,0,2,4,1,1,0.2,0.197,0.4,0.194,175
4,2011-02-03,1,0,2,4,1,1,0.2,0.2121,0.4,0.1642,147
4,2011-02-03,1,0,2,4,1,1,0.2,0.2576,0.4,0.0,96
4,2011-02-03,1,0,2,4,1,1,0.2,0.2273,0.47,0.0896,109
4,2011-02-03,1,0,2,4,1,1,0.18,0.2121,0.55,0.1045,54
4,2011-02-03,1,0,2,4,1,1,0.18,0.2121,0.51,0.0896,41
4,2011-02-03,1,0,2,4,1,1,0.2,0.2273,0.47,0.1045,38
1,2011-02-04,1,0,2,5,1,2,0.2,0.2576,0.44,0.0,13
1,2011-02-04,1,0,2,5,1,2,0.16,0.2273,0.59,0.0,7
1,2011-02-04,1,0,2,5,1,2,0.14,0.1667,0.63,0.1045,1
1,2011-02-04,1,0,2,5,1,2,0.14,0.1667,0.63,0.1045,1
1,2011-02-04,1,0,2,5,1,2,0.14,0.1515,0.63,0.1343,7
2,2011-02-04,1,0,2,5,1,2,0.16,0.2273,0.55,0.0,28
2,2011-02-04,1,0,2,5,1,1,0.14,0.2121,0.59,0.0,87
2,2011-02-04,1,0,2,5,1,1,0.14,0.1515,0.74,0.1343,220
2,2011-02-04,1,0,2,5,1,2,0.16,0.1818,0.8,0.1343,127
2,2011-02-04,1,0,2,5,1,2,0.2,0.2121,0.51,0.1343,51
2,2011-02-04,1,0,2,5,1,1,0.22,0.2273,0.51,0.1642,64
3,2011-02-04,1,0,2,5,1,2,0.24,0.2424,0.48,0.1642,86
3,2011-02-04,1,0,2,5,1,2,0.26,0.2576,0.5,0.2239,82
3,2011-02-04,1,0,2,5,1,2,0.28,0.2727,0.45,0.1642,91
3,2011-02-04,1,0,2,5,1,2,0.28,0.2727,0.48,0.2537,90
3,2011-02-04,1,0,2,5,1,2,0.3,0.2879,0.42,0.2239,99
3,2011-02-04,1,0,2,5,1,2,0.26,0.2727,0.56,0.1343,205
4,2011-02-04,1,0,2,5,1,2,0.24,0.2576,0.6,0.1045,155
4,2011-02-04,1,0,2,5,1,2,0.24,0.2424,0.65,0.1343,103
4,2011-02-04,1,0,2,5,1,2,0.24,0.2424,0.65,0.1642,71
4,2011-02-04,1,0,2,5,1,2,0.24,0.2424,0.7,0.1642,43
4,2011-02-04,1,0,2,5,1,2,0.24,0.2424,0.65,0.1642,46
4,2011-02-04,1,0,2,5,1,2,0.24,0.2424,0.7,0.1343,31
1,2011-02-05,1,0,2,6,0,2,0.24,0.2424,0.7,0.1642,39
1,2011-02-05,1,0,2,6,0,2,0.24,0.2424,0.65,0.1642,18
1,2011-02-05,1,0,2,6,0,2,0.24,0.2424,0.75,0.1642,17
1,2011-02-05,1,0,2,6,0,2,0.24,0.2424,0.75,0.1642,11
1,2011-02-05,1,0,2,6,0,3,0.22,0.2273,0.93,0.1343,8
1,2011-02-05,1,0,2,6,0,3,0.2,0.2273,1.0,0.0896,9
2,2011-02-05,1,0,2,6,0,3,0.2,0.2576,1.0,0.0,4
2,2011-02-05,1,0,2,6,0,3,0.22,0.2576,0.93,0.0896,4
2,2011-02-05,1,0,2,6,0,3,0.2,0.2273,1.0,0.0896,10
2,2011-02-05,1,0,2,6,0,3,0.2,0.2273,1.0,0.0896,20
2,2011-02-05,1,0,2,6,0,3,0.2,0.2121,1.0,0.1343,34
2,2011-02-05,1,0,2,6,0,3,0.22,0.2273,1.0,0.1343,47
3,2011-02-05,1,0,2,6,0,3,0.22,0.2273,1.0,0.1642,52
3,2011-02-05,1,0,2,6,0,3,0.22,0.2273,1.0,0.1642,72
3,2011-02-05,1,0,2,6,0,3,0.22,0.2727,1.0,0.0,55
3,2011-02-05,1,0,2,6,0,3,0.22,0.2727,1.0,0.0,60
3,2011-02-05,1,0,2,6,0,3,0.22,0.2273,1.0,0.1343,71
3,2011-02-05,1,0,2,6,0,2,0.24,0.2121,1.0,0.2836,78
4,2011-02-05,1,0,2,6,0,2,0.28,0.2424,0.93,0.4478,83
4,2011-02-05,1,0,2,6,0,2,0.28,0.2424,0.93,0.4478,84
4,2011-02-05,1,0,2,6,0,1,0.3,0.2879,0.87,0.2537,69
4,2011-02-05,1,0,2,6,0,1,0.26,0.2576,1.0,0.194,56
4,2011-02-05,1,0,2,6,0,1,0.26,0.2727,0.93,0.1343,45
4,2011-02-05,1,0,2,6,0,1,0.26,0.2576,0.93,0.2239,59
1,2011-02-06,1,0,2,0,0,1,0.26,0.2576,0.7,0.194,39
1,2011-02-06,1,0,2,0,0,1,0.26,0.2273,0.65,0.4179,44
1,2011-02-06,1,0,2,0,0,1,0.26,0.2273,0.6,0.3284,20
1,2011-02-06,1,0,2,0,0,1,0.26,0.2879,0.6,0.0896,13
1,2011-02-06,1,0,2,0,0,1,0.26,0.2273,0.6,0.3582,2
1,2011-02-06,1,0,2,0,0,1,0.26,0.2576,0.6,0.2239,1
2,2011-02-06,1,0,2,0,0,1,0.26,0.2576,0.6,0.2239,1
2,2011-02-06,1,0,2,0,0,1,0.24,0.2424,0.65,0.1642,8
2,2011-02-06,1,0,2,0,0,1,0.24,0.2576,0.65,0.1045,23
2,2011-02-06,1,0,2,0,0,1,0.28,0.2879,0.56,0.1045,45
2,2011-02-06,1,0,2,0,0,1,0.3,0.2879,0.52,0.2537,89
2,2011-02-06,1,0,2,0,0,1,0.32,0.303,0.49,0.2537,117
3,2011-02-06,1,0,2,0,0,1,0.34,0.3333,0.46,0.0,174
3,2011-02-06,1,0,2,0,0,1,0.34,0.3636,0.46,0.0,182
3,2011-02-06,1,0,2,0,0,1,0.34,0.3485,0.46,0.0896,161
3,2011-02-06,1,0,2,0,0,1,0.34,0.3485,0.46,0.0896,182
3,2011-02-06,1,0,2,0,0,1,0.34,0.3485,0.49,0.1045,157
3,2011-02-06,1,0,2,0,0,1,0.34,0.3636,0.46,0.0,121
4,2011-02-06,1,0,2,0,0,1,0.3,0.303,0.56,0.1642,78
4,2011-02-06,1,0,2,0,0,1,0.28,0.2879,0.61,0.1343,21
4,2011-02-06,1,0,2,0,0,1,0.28,0.2879,0.61,0.1045,26
4,2011-02-06,1,0,2,0,0,1,0.26,0.303,0.6,0.0,27
4,2011-02-06,1,0,2,0,0,1,0.26,0.303,0.6,0.0,62
4,2011-02-06,1,0,2,0,0,1,0.24,0.2879,0.65,0.0,30
1,2011-02-07,1,0,2,1,1,1,0.24,0.2879,0.65,0.0,15
1,2011-02-07,1,0,2,1,1,1,0.22,0.2727,0.75,0.0,5
1,2011-02-07,1,0,2,1,1,1,0.2,0.2576,0.8,0.0,3
1,2011-02-07,1,0,2,1,1,1,0.2,0.2576,0.86,0.0,1
1,2011-02-07,1,0,2,1,1,1,0.2,0.2576,0.86,0.0,2
1,2011-02-07,1,0,2,1,1,1,0.2,0.2576,0.86,0.0,10
2,2011-02-07,1,0,2,1,1,1,0.18,0.2424,0.93,0.0,30
2,2011-02-07,1,0,2,1,1,1,0.18,0.2424,0.86,0.0,95
2,2011-02-07,1,0,2,1,1,2,0.16,0.2273,1.0,0.0,230
2,2011-02-07,1,0,2,1,1,1,0.22,0.2727,0.8,0.0,118
2,2011-02-07,1,0,2,1,1,1,0.24,0.2576,0.75,0.1045,55
2,2011-02-07,1,0,2,1,1,1,0.3,0.3182,0.65,0.0896,47
3,2011-02-07,1,0,2,1,1,2,0.32,0.3485,0.62,0.0,66
3,2011-02-07,1,0,2,1,1,2,0.36,0.3636,0.57,0.0896,64
3,2011-02-07,1,0,2,1,1,2,0.36,0.3636,0.57,0.0896,60
3,2011-02-07,1,0,2,1,1,2,0.38,0.3939,0.54,0.0896,50
3,2011-02-07,1,0,2,1,1,2,0.36,0.3485,0.57,0.1343,114
3,2011-02-07,1,0,2,1,1,2,0.32,0.3182,0.7,0.1642,216
4,2011-02-07,1,0,2,1,1,2,0.34,0.3333,0.66,0.1343,175
4,2011-02-07,1,0,2,1,1,2,0.32,0.3485,0.7,0.0,128
4,2011-02-07,1,0,2,1,1,2,0.32,0.3333,0.7,0.1045,88
4,2011-02-07,1,0,2,1,1,1,0.32,0.3485,0.7,0.0,78
4,2011-02-07,1,0,2,1,1,1,0.28,0.303,0.81,0.0896,37
4,2011-02-07,1,0,2,1,1,2,0.3,0.3333,0.81,0.0,25
1,2011-02-08,1,0,2,2,1,2,0.28,0.3182,0.87,0.0,10
1,2011-02-08,1,0,2,2,1,2,0.28,0.3182,0.87,0.0,4
1,2011-02-08,1,0,2,2,1,2,0.26,0.2727,0.93,0.1045,2
1,2011-02-08,1,0,2,2,1,3,0.28,0.2727,0.93,0.1642,1
1,2011-02-08,1,0,2,2,1,1,0.26,0.2576,0.93,0.1642,3
1,2011-02-08,1,0,2,2,1,1,0.26,0.2273,0.81,0.3284,2
2,2011-02-08,1,0,2,2,1,1,0.26,0.2273,0.7,0.3284,39
2,2011-02-08,1,0,2,2,1,1,0.24,0.197,0.65,0.4179,100
2,2011-02-08,1,0,2,2,1,1,0.24,0.197,0.56,0.4925,243
2,2011-02-08,1,0,2,2,1,1,0.24,0.197,0.52,0.4925,135
2,2011-02-08,1,0,2,2,1,1,0.22,0.1818,0.47,0.5522,48
2,2011-02-08,1,0,2,2,1,1,0.22,0.1818,0.47,0.4627,50
3,2011-02-08,1,0,2,2,1,1,0.24,0.197,0.38,0.4925,65
3,2011-02-08,1,0,2,2,1,2,0.24,0.197,0.32,0.4478,50
3,2011-02-08,1,0,2,2,1,1,0.22,0.197,0.37,0.4179,64
3,2011-02-08,1,0,2,2,1,1,0.22,0.197,0.35,0.3881,51
3,2011-02-08,1,0,2,2,1,1,0.22,0.1818,0.35,0.5224,83
3,2011-02-08,1,0,2,2,1,1,0.22,0.1818,0.32,0.5821,176
4,2011-02-08,1,0,2,2,1,1,0.2,0.1818,0.32,0.3881,152
4,2011-02-08,1,0,2,2,1,1,0.16,0.1212,0.4,0.4627,101
4,2011-02-08,1,0,2,2,1,1,0.16,0.1364,0.4,0.3284,56
4,2011-02-08,1,0,2,2,1,1,0.14,0.1061,0.33,0.4627,54
4,2011-02-08,1,0,2,2,1,1,0.12,0.1061,0.33,0.3582,29
4,2011-02-08,1,0,2,2,1,1,0.12,0.1061,0.33,0.3284,12
1,2011-02-09,1,0,2,3,1,1,0.1,0.0758,0.36,0.3582,17
1,2011-02-09,1,0,2,3,1,1,0.1,0.1061,0.36,0.2239,7
1,2011-02-09,1,0,2,3,1,1,0.08,0.0758,0.38,0.2836,3
1,2011-02-09,1,0,2,3,1,1,0.06,0.0758,0.45,0.1343,2
1,2011-02-09,1,0,2,3,1,1,0.06,0.1061,0.45,0.1045,7
2,2011-02-09,1,0,2,3,1,1,0.06,0.1515,0.45,0.0,43
2,2011-02-09,1,0,2,3,1,1,0.06,0.1061,0.49,0.1045,99
2,2011-02-09,1,0,2,3,1,1,0.1,0.1364,0.42,0.0,199
2,2011-02-09,1,0,2,3,1,1,0.12,0.1364,0.39,0.1642,123
2,2011-02-09,1,0,2,3,1,1,0.14,0.1818,0.36,0.0,59
2,2011-02-09,1,0,2,3,1,2,0.14,0.1515,0.43,0.1642,41
3,2011-02-09,1,0,2,3,1,2,0.18,0.1818,0.4,0.2239,61
3,2011-02-09,1,0,2,3,1,1,0.18,0.1667,0.4,0.2537,69
3,2011-02-09,1,0,2,3,1,1,0.2,0.1818,0.34,0.2985,58
3,2011-02-09,1,0,2,3,1,2,0.2,0.1818,0.34,0.2836,64
3,2011-02-09,1,0,2,3,1,2,0.2,0.197,0.37,0.2537,79
3,2011-02-09,1,0,2,3,1,2,0.2,0.197,0.34,0.2537,166
4,2011-02-09,1,0,2,3,1,2,0.18,0.1667,0.47,0.2985,170
4,2011-02-09,1,0,2,3,1,3,0.14,0.1212,0.86,0.2537,88
4,2011-02-09,1,0,2,3,1,3,0.14,0.1515,0.86,0.1642,84
4,2011-02-09,1,0,2,3,1,2,0.14,0.1515,0.86,0.1642,83
4,2011-02-09,1,0,2,3,1,3,0.16,0.1667,0.8,0.1642,46
4,2011-02-09,1,0,2,3,1,3,0.16,0.1515,0.8,0.194,37
1,2011-02-10,1,0,2,4,1,3,0.14,0.1364,0.86,0.194,16
1,2011-02-10,1,0,2,4,1,3,0.14,0.1515,0.8,0.1343,7
1,2011-02-10,1,0,2,4,1,3,0.14,0.1515,0.8,0.1343,3
1,2011-02-10,1,0,2,4,1,2,0.14,0.1364,0.59,0.2239,1
1,2011-02-10,1,0,2,4,1,2,0.12,0.1212,0.5,0.2239,6
2,2011-02-10,1,0,2,4,1,2,0.12,0.1212,0.54,0.2836,26
2,2011-02-10,1,0,2,4,1,1,0.1,0.0758,0.5,0.4179,99
2,2011-02-10,1,0,2,4,1,1,0.1,0.0758,0.49,0.3284,178
2,2011-02-10,1,0,2,4,1,1,0.12,0.1061,0.42,0.3582,122
2,2011-02-10,1,0,2,4,1,1,0.12,0.1061,0.42,0.2985,35
2,2011-02-10,1,0,2,4,1,1,0.14,0.1212,0.39,0.3582,45
3,2011-02-10,1,0,2,4,1,1,0.16,0.1364,0.34,0.3881,69
3,2011-02-10,1,0,2,4,1,1,0.18,0.1667,0.29,0.2985,62
3,2011-02-10,1,0,2,4,1,1,0.2,0.1818,0.27,0.2836,48
3,2011-02-10,1,0,2,4,1,1,0.2,0.197,0.25,0.2537,50
3,2011-02-10,1,0,2,4,1,1,0.2,0.1818,0.27,0.2985,80
3,2011-02-10,1,0,2,4,1,1,0.18,0.1818,0.26,0.194,165
4,2011-02-10,1,0,2,4,1,1,0.16,0.1818,0.28,0.1343,160
4,2011-02-10,1,0,2,4,1,1,0.14,0.1667,0.28,0.1045,112
4,2011-02-10,1,0,2,4,1,1,0.14,0.1818,0.31,0.0896,97
4,2011-02-10,1,0,2,4,1,1,0.14,0.2121,0.39,0.0,72
4,2011-02-10,1,0,2,4,1,1,0.12,0.197,0.39,0.0,51
4,2011-02-10,1,0,2,4,1,1,0.12,0.1515,0.42,0.1045,34
1,2011-02-11,1,0,2,5,1,1,0.1,0.1364,0.49,0.1045,14
1,2011-02-11,1,0,2,5,1,1,0.1,0.1364,0.54,0.0896,7
1,2011-02-11,1,0,2,5,1,1,0.1,0.1364,0.54,0.0896,3
1,2011-02-11,1,0,2,5,1,1,0.08,0.1212,0.63,0.0896,4
2,2011-02-11,1,0,2,5,1,1,0.1,0.1818,0.68,0.0,24
2,2011-02-11,1,0,2,5,1,1,0.08,0.1667,0.73,0.0,74
2,2011-02-11,1,0,2,5,1,1,0.1,0.1212,0.74,0.1642,216
2,2011-02-11,1,0,2,5,1,1,0.12,0.1212,0.74,0.2239,140
2,2011-02-11,1,0,2,5,1,1,0.14,0.1364,0.69,0.194,44
2,2011-02-11,1,0,2,5,1,1,0.22,0.2273,0.47,0.1343,64
3,2011-02-11,1,0,2,5,1,1,0.22,0.2273,0.47,0.1343,71
3,2011-02-11,1,0,2,5,1,1,0.24,0.2273,0.35,0.194,110
3,2011-02-11,1,0,2,5,1,1,0.3,0.2879,0.26,0.2537,84
3,2011-02-11,1,0,2,5,1,1,0.32,0.3182,0.21,0.1642,74
3,2011-02-11,1,0,2,5,1,1,0.3,0.2879,0.28,0.194,125
3,2011-02-11,1,0,2,5,1,1,0.3,0.3333,0.24,0.0,211
4,2011-02-11,1,0,2,5,1,1,0.28,0.3182,0.28,0.0,174
4,2011-02-11,1,0,2,5,1,1,0.26,0.303,0.33,0.0,101
4,2011-02-11,1,0,2,5,1,1,0.22,0.2273,0.55,0.1343,63
4,2011-02-11,1,0,2,5,1,1,0.2,0.2121,0.59,0.1343,47
4,2011-02-11,1,0,2,5,1,1,0.2,0.2273,0.64,0.0896,43
4,2011-02-11,1,0,2,5,1,1,0.18,0.2424,0.69,0.0,53
1,2011-02-12,1,0,2,6,0,1,0.16,0.197,0.69,0.0896,30
1,2011-02-12,1,0,2,6,0,1,0.14,0.2121,0.86,0.0,24
1,2011-02-12,1,0,2,6,0,1,0.14,0.2121,0.8,0.0,15
1,2011-02-12,1,0,2,6,0,1,0.12,0.197,0.8,0.0,10
1,2011-02-12,1,0,2,6,0,1,0.12,0.1667,0.74,0.0896,4
1,2011-02-12,1,0,2,6,0,1,0.12,0.1667,0.74,0.0896,1
2,2011-02-12,1,0,2,6,0,1,0.12,0.1364,0.93,0.194,2
2,2011-02-12,1,0,2,6,0,1,0.12,0.1515,0.8,0.1045,11
2,2011-02-12,1,0,2,6,0,1,0.14,0.1515,0.86,0.1343,30
2,2011-02-12,1,0,2,6,0,1,0.16,0.1818,0.64,0.1343,43
2,2011-02-12,1,0,2,6,0,1,0.22,0.2121,0.41,0.2537,84
2,2011-02-12,1,0,2,6,0,1,0.3,0.2727,0.28,0.3284,114
3,2011-02-12,1,0,2,6,0,1,0.3,0.2727,0.39,0.4627,120
3,2011-02-12,1,0,2,6,0,1,0.3,0.2727,0.39,0.4179,135
3,2011-02-12,1,0,2,6,0,1,0.34,0.3182,0.31,0.2836,120
3,2011-02-12,1,0,2,6,0,1,0.34,0.303,0.29,0.4179,174
3,2011-02-12,1,0,2,6,0,1,0.34,0.303,0.29,0.4179,145
3,2011-02-12,1,0,2,6,0,1,0.32,0.2879,0.31,0.5224,137
4,2011-02-12,1,0,2,6,0,1,0.28,0.2576,0.38,0.3284,64
4,2011-02-12,1,0,2,6,0,1,0.28,0.2727,0.38,0.1642,41
4,2011-02-12,1,0,2,6,0,1,0.26,0.2576,0.41,0.2239,40
4,2011-02-12,1,0,2,6,0,1,0.26,0.303,0.41,0.0,51
4,2011-02-12,1,0,2,6,0,1,0.24,0.2576,0.44,0.0896,45
4,2011-02-12,1,0,2,6,0,1,0.22,0.2273,0.51,0.1343,32
1,2011-02-13,1,0,2,0,0,1,0.2,0.2273,0.64,0.1045,39
1,2011-02-13,1,0,2,0,0,1,0.2,0.2273,0.59,0.0896,24
1,2011-02-13,1,0,2,0,0,2,0.2,0.2273,0.75,0.0896,20
1,2011-02-13,1,0,2,0,0,2,0.2,0.2273,0.69,0.1045,12
1,2011-02-13,1,0,2,0,0,2,0.2,0.2121,0.69,0.1642,2
2,2011-02-13,1,0,2,0,0,2,0.2,0.2121,0.69,0.1343,5
2,2011-02-13,1,0,2,0,0,2,0.22,0.2727,0.55,0.0,3
2,2011-02-13,1,0,2,0,0,2,0.22,0.2273,0.64,0.194,12
2,2011-02-13,1,0,2,0,0,2,0.24,0.2273,0.6,0.2239,47
2,2011-02-13,1,0,2,0,0,1,0.3,0.2727,0.45,0.3284,105
2,2011-02-13,1,0,2,0,0,1,0.32,0.2879,0.39,0.4478,112
3,2011-02-13,1,0,2,0,0,1,0.36,0.3182,0.32,0.4627,152
3,2011-02-13,1,0,2,0,0,1,0.38,0.3939,0.29,0.3582,154
3,2011-02-13,1,0,2,0,0,2,0.4,0.4091,0.3,0.4179,161
3,2011-02-13,1,0,2,0,0,2,0.4,0.4091,0.3,0.2985,162
3,2011-02-13,1,0,2,0,0,2,0.42,0.4242,0.28,0.3284,134
3,2011-02-13,1,0,2,0,0,1,0.42,0.4242,0.28,0.3284,125
4,2011-02-13,1,0,2,0,0,1,0.4,0.4091,0.32,0.2985,95
4,2011-02-13,1,0,2,0,0,1,0.4,0.4091,0.35,0.2836,61
4,2011-02-13,1,0,2,0,0,1,0.4,0.4091,0.35,0.3284,47
4,2011-02-13,1,0,2,0,0,1,0.4,0.4091,0.35,0.3582,51
4,2011-02-13,1,0,2,0,0,1,0.4,0.4091,0.35,0.2985,36
4,2011-02-13,1,0,2,0,0,1,0.4,0.4091,0.35,0.3582,30
1,2011-02-14,1,0,2,1,1,1,0.38,0.3939,0.37,0.3582,11
1,2011-02-14,1,0,2,1,1,1,0.38,0.3939,0.37,0.3582,7
1,2011-02-14,1,0,2,1,1,1,0.36,0.3333,0.4,0.2985,2
1,2011-02-14,1,0,2,1,1,1,0.34,0.3182,0.46,0.2239,2
1,2011-02-14,1,0,2,1,1,1,0.32,0.303,0.53,0.2836,2
1,2011-02-14,1,0,2,1,1,1,0.32,0.303,0.53,0.2836,3
2,2011-02-14,1,0,2,1,1,1,0.34,0.303,0.46,0.2985,26
2,2011-02-14,1,0,2,1,1,1,0.34,0.303,0.46,0.2985,98
2,2011-02-14,1,0,2,1,1,1,0.38,0.3939,0.4,0.4627,256
2,2011-02-14,1,0,2,1,1,1,0.4,0.4091,0.37,0.3881,130
2,2011-02-14,1,0,2,1,1,1,0.44,0.4394,0.33,0.2239,55
2,2011-02-14,1,0,2,1,1,1,0.52,0.5,0.23,0.2537,53
3,2011-02-14,1,0,2,1,1,1,0.56,0.5303,0.22,0.4478,126
3,2011-02-14,1,0,2,1,1,1,0.58,0.5455,0.19,0.3881,120
3,2011-02-14,1,0,2,1,1,1,0.6,0.5909,0.15,0.4925,90
3,2011-02-14,1,0,2,1,1,1,0.56,0.5303,0.21,0.6567,90
3,2011-02-14,1,0,2,1,1,1,0.52,0.5,0.27,0.4627,118
3,2011-02-14,1,0,2,1,1,1,0.46,0.4545,0.33,0.6119,243
4,2011-02-14,1,0,2,1,1,1,0.4,0.4091,0.4,0.6119,205
4,2011-02-14,1,0,2,1,1,1,0.38,0.3939,0.43,0.4925,98
4,2011-02-14,1,0,2,1,1,1,0.36,0.3182,0.46,0.4627,70
4,2011-02-14,1,0,2,1,1,1,0.36,0.3182,0.5,0.5224,43
4,2011-02-14,1,0,2,1,1,1,0.34,0.2879,0.46,0.6567,45
4,2011-02-14,1,0,2,1,1,1,0.32,0.2879,0.49,0.4925,20
1,2011-02-15,1,0,2,2,1,1,0.3,0.2727,0.49,0.4179,19
1,2011-02-15,1,0,2,2,1,1,0.3,0.2424,0.42,0.7761,5
1,2011-02-15,1,0,2,2,1,1,0.28,0.2273,0.41,0.6866,3
1,2011-02-15,1,0,2,2,1,1,0.22,0.1818,0.37,0.5224,1
1,2011-02-15,1,0,2,2,1,1,0.22,0.1818,0.32,0.4627,4
2,2011-02-15,1,0,2,2,1,1,0.2,0.1818,0.32,0.3284,30
2,2011-02-15,1,0,2,2,1,1,0.2,0.1818,0.32,0.3582,105
2,2011-02-15,1,0,2,2,1,1,0.2,0.1818,0.32,0.3582,223
2,2011-02-15,1,0,2,2,1,1,0.22,0.197,0.29,0.4478,110
2,2011-02-15,1,0,2,2,1,1,0.24,0.2121,0.27,0.2836,52
2,2011-02-15,1,0,2,2,1,1,0.26,0.2424,0.25,0.2537,57
3,2011-02-15,1,0,2,2,1,1,0.28,0.2727,0.24,0.2537,71
3,2011-02-15,1,0,2,2,1,1,0.32,0.303,0.21,0.2239,82
3,2011-02-15,1,0,2,2,1,1,0.34,0.3182,0.19,0.2239,79
3,2011-02-15,1,0,2,2,1,1,0.34,0.3333,0.19,0.1642,85
3,2011-02-15,1,0,2,2,1,1,0.34,0.3182,0.19,0.2537,98
3,2011-02-15,1,0,2,2,1,1,0.32,0.303,0.22,0.2239,206
4,2011-02-15,1,0,2,2,1,1,0.3,0.303,0.22,0.1343,212
4,2011-02-15,1,0,2,2,1,1,0.28,0.2879,0.26,0.1343,145
4,2011-02-15,1,0,2,2,1,1,0.26,0.2727,0.33,0.1045,101
4,2011-02-15,1,0,2,2,1,1,0.24,0.2879,0.52,0.0,66
4,2011-02-15,1,0,2,2,1,1,0.24,0.2879,0.44,0.0,41
4,2011-02-15,1,0,2,2,1,2,0.22,0.2576,0.44,0.0896,20
1,2011-02-16,1,0,2,3,1,1,0.22,0.2576,0.41,0.0896,15
1,2011-02-16,1,0,2,3,1,1,0.2,0.2273,0.44,0.0896,9
1,2011-02-16,1,0,2,3,1,2,0.2,0.197,0.47,0.194,1
1,2011-02-16,1,0,2,3,1,1,0.2,0.197,0.51,0.194,1
1,2011-02-16,1,0,2,3,1,1,0.2,0.197,0.47,0.194,5
2,2011-02-16,1,0,2,3,1,1,0.2,0.197,0.55,0.2239,33
2,2011-02-16,1,0,2,3,1,2,0.2,0.197,0.55,0.2239,108
2,2011-02-16,1,0,2,3,1,2,0.22,0.2273,0.55,0.1642,230
2,2011-02-16,1,0,2,3,1,1,0.24,0.2121,0.52,0.2836,124
2,2011-02-16,1,0,2,3,1,1,0.26,0.2273,0.41,0.3881,69
2,2011-02-16,1,0,2,3,1,1,0.34,0.303,0.34,0.2985,66
3,2011-02-16,1,0,2,3,1,1,0.38,0.3939,0.32,0.3284,86
3,2011-02-16,1,0,2,3,1,1,0.42,0.4242,0.3,0.3582,93
3,2011-02-16,1,0,2,3,1,1,0.46,0.4545,0.28,0.4179,82
3,2011-02-16,1,0,2,3,1,1,0.46,0.4545,0.28,0.4179,117
3,2011-02-16,1,0,2,3,1,1,0.46,0.4545,0.31,0.3881,122
3,2011-02-16,1,0,2,3,1,1,0.46,0.4545,0.28,0.2836,255
4,2011-02-16,1,0,2,3,1,1,0.4,0.4091,0.4,0.2239,222
4,2011-02-16,1,0,2,3,1,1,0.34,0.3182,0.53,0.2239,161
4,2011-02-16,1,0,2,3,1,1,0.38,0.3939,0.43,0.194,118
4,2011-02-16,1,0,2,3,1,1,0.36,0.3485,0.46,0.194,92
4,2011-02-16,1,0,2,3,1,1,0.34,0.3333,0.53,0.194,73
4,2011-02-16,1,0,2,3,1,1,0.38,0.3939,0.4,0.2239,33
1,2011-02-17,1,0,2,4,1,1,0.34,0.3333,0.53,0.194,17
1,2011-02-17,1,0,2,4,1,1,0.34,0.3182,0.53,0.2239,6
1,2011-02-17,1,0,2,4,1,2,0.34,0.3182,0.53,0.2239,6
1,2011-02-17,1,0,2,4,1,1,0.34,0.3333,0.53,0.194,4
1,2011-02-17,1,0,2,4,1,1,0.32,0.3182,0.57,0.194,4
1,2011-02-17,1,0,2,4,1,1,0.32,0.3333,0.66,0.0896,12
2,2011-02-17,1,0,2,4,1,1,0.3,0.303,0.7,0.1343,47
2,2011-02-17,1,0,2,4,1,1,0.32,0.3333,0.57,0.1045,126
2,2011-02-17,1,0,2,4,1,1,0.32,0.3333,0.57,0.0896,285
2,2011-02-17,1,0,2,4,1,1,0.36,0.3485,0.57,0.194,179
2,2011-02-17,1,0,2,4,1,1,0.38,0.3939,0.54,0.194,88
2,2011-02-17,1,0,2,4,1,2,0.44,0.4394,0.44,0.2537,90
3,2011-02-17,1,0,2,4,1,1,0.48,0.4697,0.41,0.2239,101
3,2011-02-17,1,0,2,4,1,1,0.54,0.5152,0.34,0.2239,123
3,2011-02-17,1,0,2,4,1,1,0.6,0.6212,0.31,0.2239,81
3,2011-02-17,1,0,2,4,1,1,0.6,0.6061,0.28,0.2537,106
3,2011-02-17,1,0,2,4,1,2,0.56,0.5303,0.35,0.2985,146
3,2011-02-17,1,0,2,4,1,2,0.58,0.5455,0.32,0.2985,274
4,2011-02-17,1,0,2,4,1,2,0.54,0.5152,0.42,0.2836,222
4,2011-02-17,1,0,2,4,1,1,0.48,0.4697,0.55,0.3284,175
4,2011-02-17,1,0,2,4,1,1,0.48,0.4697,0.59,0.3284,139
4,2011-02-17,1,0,2,4,1,1,0.52,0.5,0.55,0.3881,124
4,2011-02-17,1,0,2,4,1,1,0.5,0.4848,0.59,0.2836,76
4,2011-02-17,1,0,2,4,1,1,0.46,0.4545,0.67,0.2985,44
1,2011-02-18,1,0,2,5,1,1,0.44,0.4394,0.72,0.2836,32
1,2011-02-18,1,0,2,5,1,1,0.44,0.4394,0.72,0.2239,8
1,2011-02-18,1,0,2,5,1,1,0.44,0.4394,0.72,0.2836,7
1,2011-02-18,1,0,2,5,1,1,0.46,0.4545,0.67,0.2537,8
1,2011-02-18,1,0,2,5,1,1,0.46,0.4545,0.67,0.2537,1
1,2011-02-18,1,0,2,5,1,2,0.46,0.4545,0.67,0.1045,7
2,2011-02-18,1,0,2,5,1,2,0.44,0.4394,0.72,0.1642,50
2,2011-02-18,1,0,2,5,1,2,0.42,0.4242,0.77,0.2239,116
2,2011-02-18,1,0,2,5,1,2,0.42,0.4242,0.77,0.194,272
2,2011-02-18,1,0,2,5,1,2,0.42,0.4242,0.77,0.194,169
2,2011-02-18,1,0,2,5,1,2,0.44,0.4394,0.72,0.2239,95
2,2011-02-18,1,0,2,5,1,1,0.44,0.4394,0.72,0.1642,113
3,2011-02-18,1,0,2,5,1,1,0.5,0.4848,0.59,0.194,185
3,2011-02-18,1,0,2,5,1,1,0.6,0.6212,0.43,0.194,176
3,2011-02-18,1,0,2,5,1,1,0.66,0.6212,0.36,0.2985,191
3,2011-02-18,1,0,2,5,1,1,0.66,0.6212,0.36,0.3284,172
3,2011-02-18,1,0,2,5,1,1,0.66,0.6212,0.36,0.2836,232
3,2011-02-18,1,0,2,5,1,1,0.66,0.6212,0.34,0.3582,327
4,2011-02-18,1,0,2,5,1,1,0.64,0.6212,0.33,0.3284,224
4,2011-02-18,1,0,2,5,1,1,0.62,0.6212,0.29,0.5821,162
4,2011-02-18,1,0,2,5,1,1,0.6,0.6212,0.31,0.194,124
4,2011-02-18,1,0,2,5,1,1,0.58,0.5455,0.21,0.4925,72
4,2011-02-18,1,0,2,5,1,1,0.54,0.5152,0.1,0.2537,107
4,2011-02-18,1,0,2,5,1,1,0.52,0.5,0.08,0.2836,77
1,2011-02-19,1,0,2,6,0,1,0.48,0.4697,0.12,0.4925,29
1,2011-02-19,1,0,2,6,0,1,0.46,0.4545,0.14,0.4179,31
1,2011-02-19,1,0,2,6,0,1,0.44,0.4394,0.13,0.3881,17
1,2011-02-19,1,0,2,6,0,1,0.42,0.4242,0.14,0.2985,7
1,2011-02-19,1,0,2,6,0,1,0.4,0.4091,0.15,0.3284,3
1,2011-02-19,1,0,2,6,0,1,0.4,0.4091,0.15,0.3284,3
2,2011-02-19,1,0,2,6,0,1,0.4,0.4091,0.17,0.4179,6
2,2011-02-19,1,0,2,6,0,1,0.38,0.3939,0.17,0.5224,22
2,2011-02-19,1,0,2,6,0,1,0.38,0.3939,0.17,0.5821,45
2,2011-02-19,1,0,2,6,0,1,0.4,0.4091,0.16,0.6567,55
2,2011-02-19,1,0,2,6,0,1,0.42,0.4242,0.16,0.5821,106
2,2011-02-19,1,0,2,6,0,1,0.44,0.4394,0.16,0.5821,123
3,2011-02-19,1,0,2,6,0,1,0.44,0.4394,0.18,0.4925,119
3,2011-02-19,1,0,2,6,0,1,0.44,0.4394,0.16,0.6119,155
3,2011-02-19,1,0,2,6,0,1,0.46,0.4545,0.15,0.6567,196
3,2011-02-19,1,0,2,6,0,1,0.44,0.4394,0.16,0.7463,171
3,2011-02-19,1,0,2,6,0,1,0.44,0.4394,0.16,0.6418,120
3,2011-02-19,1,0,2,6,0,1,0.42,0.4242,0.19,0.6119,127
4,2011-02-19,1,0,2,6,0,1,0.36,0.3182,0.25,0.4478,88
4,2011-02-19,1,0,2,6,0,1,0.34,0.303,0.29,0.3582,59
4,2011-02-19,1,0,2,6,0,1,0.32,0.2879,0.28,0.5224,47
4,2011-02-19,1,0,2,6,0,1,0.32,0.2727,0.26,0.5522,33
4,2011-02-19,1,0,2,6,0,1,0.3,0.2576,0.28,0.4925,44
4,2011-02-19,1,0,2,6,0,1,0.28,0.2424,0.33,0.4478,29
1,2011-02-20,1,0,2,0,0,1,0.26,0.2121,0.35,0.4478,17
1,2011-02-20,1,0,2,0,0,1,0.24,0.197,0.41,0.4627,16
1,2011-02-20,1,0,2,0,0,1,0.24,0.197,0.41,0.5522,17
1,2011-02-20,1,0,2,0,0,1,0.22,0.1818,0.44,0.5522,18
1,2011-02-20,1,0,2,0,0,1,0.22,0.1818,0.44,0.5522,1
2,2011-02-20,1,0,2,0,0,1,0.2,0.1818,0.47,0.2985,2
2,2011-02-20,1,0,2,0,0,1,0.18,0.1667,0.51,0.2537,2
2,2011-02-20,1,0,2,0,0,1,0.2,0.2273,0.51,0.1045,24
2,2011-02-20,1,0,2,0,0,1,0.22,0.2121,0.47,0.2836,55
2,2011-02-20,1,0,2,0,0,2,0.26,0.2576,0.41,0.194,104
2,2011-02-20,1,0,2,0,0,2,0.3,0.303,0.33,0.1642,161
3,2011-02-20,1,0,2,0,0,1,0.3,0.3182,0.33,0.1045,182
3,2011-02-20,1,0,2,0,0,1,0.34,0.3333,0.29,0.0,198
3,2011-02-20,1,0,2,0,0,1,0.36,0.3485,0.27,0.1642,212
3,2011-02-20,1,0,2,0,0,1,0.36,0.3636,0.27,0.0896,168
3,2011-02-20,1,0,2,0,0,1,0.36,0.3636,0.29,0.0896,147
3,2011-02-20,1,0,2,0,0,1,0.34,0.3485,0.33,0.1642,146
4,2011-02-20,1,0,2,0,0,2,0.34,0.3333,0.36,0.1343,101
4,2011-02-20,1,0,2,0,0,2,0.34,0.3333,0.36,0.1343,42
4,2011-02-20,1,0,2,0,0,2,0.34,0.3636,0.42,0.0,42
4,2011-02-20,1,0,2,0,0,2,0.32,0.3485,0.53,0.0,56
4,2011-02-20,1,0,2,0,0,2,0.32,0.303,0.57,0.2239,47
4,2011-02-20,1,0,2,0,0,2,0.3,0.303,0.61,0.1642,54
1,2011-02-21,1,0,2,1,0,2,0.34,0.303,0.42,0.3284,37
1,2011-02-21,1,0,2,1,0,2,0.34,0.303,0.42,0.3284,13
1,2011-02-21,1,0,2,1,0,2,0.34,0.303,0.42,0.3284,4
1,2011-02-21,1,0,2,1,0,2,0.34,0.303,0.42,0.2985,5
1,2011-02-21,1,0,2,1,0,1,0.32,0.3182,0.45,0.1642,1
1,2011-02-21,1,0,2,1,0,2,0.34,0.3636,0.36,0.0,3
2,2011-02-21,1,0,2,1,0,2,0.42,0.4242,0.26,0.2985,8
2,2011-02-21,1,0,2,1,0,2,0.42,0.4242,0.26,0.2836,19
2,2011-02-21,1,0,2,1,0,2,0.32,0.303,0.57,0.2985,63
2,2011-02-21,1,0,2,1,0,2,0.32,0.303,0.57,0.2836,57
2,2011-02-21,1,0,2,1,0,2,0.32,0.303,0.57,0.2537,81
2,2011-02-21,1,0,2,1,0,2,0.32,0.3333,0.57,0.1045,90
3,2011-02-21,1,0,2,1,0,2,0.32,0.3182,0.66,0.194,93
3,2011-02-21,1,0,2,1,0,3,0.3,0.2727,0.81,0.3284,103
3,2011-02-21,1,0,2,1,0,2,0.32,0.303,0.76,0.2537,116
3,2011-02-21,1,0,2,1,0,2,0.3,0.2727,0.7,0.4478,87
3,2011-02-21,1,0,2,1,0,3,0.28,0.2424,0.75,0.4179,56
3,2011-02-21,1,0,2,1,0,2,0.28,0.2576,0.75,0.3881,80
4,2011-02-21,1,0,2,1,0,2,0.24,0.2121,0.87,0.3582,66
4,2011-02-21,1,0,2,1,0,2,0.24,0.2121,0.87,0.3582,49
4,2011-02-21,1,0,2,1,0,3,0.24,0.2121,0.81,0.3881,29
4,2011-02-21,1,0,2,1,0,3,0.22,0.197,0.75,0.4478,34
4,2011-02-21,1,0,2,1,0,3,0.2,0.1667,0.75,0.4179,11
4,2011-02-21,1,0,2,1,0,3,0.2,0.1667,0.75,0.4179,2
2,2011-02-22,1,0,2,2,1,2,0.12,0.1212,0.8,0.2836,7
2,2011-02-22,1,0,2,2,1,2,0.12,0.1212,0.8,0.2836,40
2,2011-02-22,1,0,2,2,1,2,0.12,0.1212,0.8,0.2537,114
2,2011-02-22,1,0,2,2,1,2,0.14,0.1212,0.74,0.2537,106
2,2011-02-22,1,0,2,2,1,1,0.16,0.1818,0.69,0.0,44
2,2011-02-22,1,0,2,2,1,1,0.16,0.2273,0.64,0.0,50
3,2011-02-22,1,0,2,2,1,1,0.2,0.2273,0.59,0.1045,55
3,2011-02-22,1,0,2,2,1,1,0.22,0.2273,0.55,0.1642,55
3,2011-02-22,1,0,2,2,1,1,0.22,0.2273,0.55,0.194,58
3,2011-02-22,1,0,2,2,1,1,0.24,0.2273,0.48,0.194,69
3,2011-02-22,1,0,2,2,1,1,0.22,0.2273,0.51,0.1642,86
3,2011-02-22,1,0,2,2,1,1,0.22,0.2121,0.51,0.2239,196
4,2011-02-22,1,0,2,2,1,1,0.22,0.2273,0.47,0.1343,167
4,2011-02-22,1,0,2,2,1,1,0.2,0.1818,0.47,0.2836,118
4,2011-02-22,1,0,2,2,1,1,0.2,0.197,0.47,0.2239,105
4,2011-02-22,1,0,2,2,1,1,0.2,0.197,0.47,0.2537,82
4,2011-02-22,1,0,2,2,1,1,0.16,0.1515,0.43,0.2537,77
4,2011-02-22,1,0,2,2,1,1,0.16,0.1515,0.43,0.2537,21
1,2011-02-23,1,0,2,3,1,1,0.14,0.1364,0.5,0.194,6
1,2011-02-23,1,0,2,3,1,1,0.14,0.1515,0.46,0.1642,4
1,2011-02-23,1,0,2,3,1,1,0.12,0.1515,0.5,0.1343,1
1,2011-02-23,1,0,2,3,1,1,0.12,0.1364,0.5,0.1642,2
1,2011-02-23,1,0,2,3,1,1,0.12,0.1515,0.5,0.1045,8
2,2011-02-23,1,0,2,3,1,1,0.12,0.1515,0.5,0.1045,36
2,2011-02-23,1,0,2,3,1,1,0.12,0.1515,0.54,0.1343,96
2,2011-02-23,1,0,2,3,1,1,0.14,0.1515,0.54,0.1642,235
2,2011-02-23,1,0,2,3,1,1,0.18,0.2121,0.51,0.0896,139
2,2011-02-23,1,0,2,3,1,1,0.2,0.2576,0.4,0.0,51
2,2011-02-23,1,0,2,3,1,1,0.24,0.2576,0.41,0.1045,69
3,2011-02-23,1,0,2,3,1,1,0.26,0.2879,0.35,0.0896,67
3,2011-02-23,1,0,2,3,1,1,0.3,0.3182,0.28,0.0896,87
3,2011-02-23,1,0,2,3,1,1,0.32,0.3333,0.29,0.1045,78
3,2011-02-23,1,0,2,3,1,1,0.34,0.3485,0.25,0.0896,72
3,2011-02-23,1,0,2,3,1,1,0.34,0.3636,0.25,0.0,94
3,2011-02-23,1,0,2,3,1,1,0.34,0.3485,0.25,0.0896,222
4,2011-02-23,1,0,2,3,1,1,0.32,0.3333,0.26,0.0896,209
4,2011-02-23,1,0,2,3,1,1,0.3,0.3333,0.33,0.0,141
4,2011-02-23,1,0,2,3,1,1,0.24,0.2424,0.6,0.1642,109
4,2011-02-23,1,0,2,3,1,1,0.24,0.2879,0.48,0.0,91
4,2011-02-23,1,0,2,3,1,1,0.24,0.2879,0.48,0.0,61
4,2011-02-23,1,0,2,3,1,1,0.22,0.2576,0.55,0.0896,39
1,2011-02-24,1,0,2,4,1,1,0.22,0.2576,0.55,0.0896,11
1,2011-02-24,1,0,2,4,1,1,0.22,0.2576,0.6,0.0896,7
1,2011-02-24,1,0,2,4,1,1,0.2,0.2273,0.64,0.0896,4
1,2011-02-24,1,0,2,4,1,1,0.2,0.2121,0.64,0.1343,2
1,2011-02-24,1,0,2,4,1,1,0.2,0.2121,0.69,0.1343,4
2,2011-02-24,1,0,2,4,1,1,0.2,0.197,0.69,0.194,58
2,2011-02-24,1,0,2,4,1,1,0.2,0.197,0.72,0.194,104
2,2011-02-24,1,0,2,4,1,1,0.24,0.2273,0.7,0.2239,252
2,2011-02-24,1,0,2,4,1,2,0.24,0.2121,0.75,0.2985,137
2,2011-02-24,1,0,2,4,1,2,0.26,0.2424,0.7,0.2836,57
2,2011-02-24,1,0,2,4,1,2,0.32,0.2879,0.57,0.3881,79
3,2011-02-24,1,0,2,4,1,2,0.36,0.3333,0.53,0.3582,95
3,2011-02-24,1,0,2,4,1,2,0.38,0.3939,0.54,0.2985,88
3,2011-02-24,1,0,2,4,1,2,0.4,0.4091,0.5,0.2985,69
3,2011-02-24,1,0,2,4,1,3,0.4,0.4091,0.54,0.3881,63
3,2011-02-24,1,0,2,4,1,3,0.38,0.3939,0.62,0.2836,71
3,2011-02-24,1,0,2,4,1,3,0.36,0.3485,0.66,0.194,177
4,2011-02-24,1,0,2,4,1,2,0.34,0.303,0.87,0.3284,137
4,2011-02-24,1,0,2,4,1,3,0.34,0.303,0.93,0.2985,115
4,2011-02-24,1,0,2,4,1,2,0.34,0.303,0.93,0.3582,89
4,2011-02-24,1,0,2,4,1,2,0.34,0.303,0.87,0.3284,83
4,2011-02-24,1,0,2,4,1,3,0.34,0.3182,0.87,0.2836,55
4,2011-02-24,1,0,2,4,1,2,0.32,0.303,0.93,0.2239,50
1,2011-02-25,1,0,2,5,1,3,0.32,0.3485,0.93,0.0,9
1,2011-02-25,1,0,2,5,1,2,0.32,0.3485,1.0,0.0,10
1,2011-02-25,1,0,2,5,1,2,0.32,0.3485,1.0,0.0,3
1,2011-02-25,1,0,2,5,1,2,0.32,0.3333,0.93,0.1045,2
1,2011-02-25,1,0,2,5,1,2,0.32,0.3333,0.93,0.1045,6
2,2011-02-25,1,0,2,5,1,3,0.34,0.3485,0.93,0.0896,11
2,2011-02-25,1,0,2,5,1,3,0.34,0.3333,1.0,0.1343,35
2,2011-02-25,1,0,2,5,1,3,0.36,0.3485,0.93,0.1343,73
2,2011-02-25,1,0,2,5,1,3,0.34,0.303,0.93,0.3582,114
2,2011-02-25,1,0,2,5,1,3,0.42,0.4242,0.94,0.3284,49
2,2011-02-25,1,0,2,5,1,1,0.52,0.5,0.77,0.4478,59
3,2011-02-25,1,0,2,5,1,3,0.54,0.5152,0.6,0.4627,115
3,2011-02-25,1,0,2,5,1,3,0.54,0.5152,0.6,0.4627,83
3,2011-02-25,1,0,2,5,1,3,0.56,0.5303,0.56,0.6119,85
3,2011-02-25,1,0,2,5,1,1,0.46,0.4545,0.41,0.806,55
3,2011-02-25,1,0,2,5,1,1,0.32,0.2879,0.49,0.4627,102
3,2011-02-25,1,0,2,5,1,1,0.32,0.2727,0.49,0.7463,189
4,2011-02-25,1,0,2,5,1,1,0.32,0.2879,0.49,0.4925,157
4,2011-02-25,1,0,2,5,1,1,0.3,0.2727,0.52,0.4478,90
4,2011-02-25,1,0,2,5,1,1,0.3,0.2576,0.49,0.6119,62
4,2011-02-25,1,0,2,5,1,1,0.28,0.2576,0.48,0.3881,63
4,2011-02-25,1,0,2,5,1,1,0.26,0.2121,0.48,0.4478,50
4,2011-02-25,1,0,2,5,1,1,0.26,0.2273,0.48,0.3284,39
1,2011-02-26,1,0,2,6,0,1,0.24,0.2273,0.52,0.194,28
1,2011-02-26,1,0,2,6,0,1,0.24,0.2121,0.52,0.2985,27
1,2011-02-26,1,0,2,6,0,1,0.22,0.197,0.6,0.3582,12
1,2011-02-26,1,0,2,6,0,1,0.22,0.2273,0.55,0.1343,8
1,2011-02-26,1,0,2,6,0,2,0.22,0.2576,0.6,0.0896,2
1,2011-02-26,1,0,2,6,0,2,0.22,0.2424,0.64,0.1045,10
2,2011-02-26,1,0,2,6,0,1,0.22,0.2727,0.6,0.0,7
2,2011-02-26,1,0,2,6,0,1,0.22,0.2576,0.6,0.0896,22
2,2011-02-26,1,0,2,6,0,2,0.24,0.2879,0.6,0.0,57
2,2011-02-26,1,0,2,6,0,2,0.26,0.2576,0.56,0.1642,74
2,2011-02-26,1,0,2,6,0,2,0.3,0.303,0.49,0.1343,85
2,2011-02-26,1,0,2,6,0,1,0.3,0.3333,0.45,0.0,126
3,2011-02-26,1,0,2,6,0,2,0.32,0.3182,0.45,0.1642,160
3,2011-02-26,1,0,2,6,0,2,0.34,0.3182,0.42,0.2537,174
3,2011-02-26,1,0,2,6,0,2,0.34,0.303,0.36,0.3284,211
3,2011-02-26,1,0,2,6,0,2,0.36,0.3333,0.4,0.2836,165
3,2011-02-26,1,0,2,6,0,1,0.36,0.3333,0.46,0.2836,171
3,2011-02-26,1,0,2,6,0,1,0.36,0.3485,0.43,0.2239,183
4,2011-02-26,1,0,2,6,0,1,0.34,0.3333,0.46,0.194,137
4,2011-02-26,1,0,2,6,0,1,0.32,0.303,0.49,0.2537,94
4,2011-02-26,1,0,2,6,0,1,0.3,0.303,0.56,0.1642,68
4,2011-02-26,1,0,2,6,0,1,0.28,0.2727,0.65,0.2537,68
4,2011-02-26,1,0,2,6,0,1,0.28,0.2727,0.75,0.2239,46
4,2011-02-26,1,0,2,6,0,1,0.28,0.2576,0.75,0.2836,34
1,2011-02-27,1,0,2,0,0,1,0.26,0.2424,0.87,0.2836,34
1,2011-02-27,1,0,2,0,0,1,0.26,0.2576,0.87,0.194,37
1,2011-02-27,1,0,2,0,0,1,0.26,0.2727,0.87,0.1343,22
1,2011-02-27,1,0,2,0,0,1,0.26,0.2879,0.87,0.0896,11
1,2011-02-27,1,0,2,0,0,1,0.24,0.2424,0.87,0.1343,2
2,2011-02-27,1,0,2,0,0,1,0.24,0.2879,0.87,0.0,3
2,2011-02-27,1,0,2,0,0,1,0.24,0.2424,0.87,0.1343,14
2,2011-02-27,1,0,2,0,0,1,0.26,0.303,0.87,0.0,35
2,2011-02-27,1,0,2,0,0,1,0.28,0.303,0.87,0.0896,59
2,2011-02-27,1,0,2,0,0,1,0.3,0.303,0.81,0.1642,103
2,2011-02-27,1,0,2,0,0,1,0.36,0.3485,0.62,0.1343,125
3,2011-02-27,1,0,2,0,0,1,0.4,0.4091,0.54,0.0896,193
3,2011-02-27,1,0,2,0,0,1,0.42,0.4242,0.47,0.0,259
3,2011-02-27,1,0,2,0,0,1,0.44,0.4394,0.47,0.0896,282
3,2011-02-27,1,0,2,0,0,1,0.46,0.4545,0.44,0.1343,261
3,2011-02-27,1,0,2,0,0,1,0.48,0.4697,0.44,0.1642,268
3,2011-02-27,1,0,2,0,0,1,0.42,0.4242,0.54,0.194,187
4,2011-02-27,1,0,2,0,0,1,0.4,0.4091,0.54,0.194,127
4,2011-02-27,1,0,2,0,0,1,0.4,0.4091,0.54,0.1343,102
4,2011-02-27,1,0,2,0,0,1,0.4,0.4091,0.54,0.0896,81
4,2011-02-27,1,0,2,0,0,1,0.38,0.3939,0.62,0.1642,69
4,2011-02-27,1,0,2,0,0,2,0.38,0.3939,0.62,0.1045,69
4,2011-02-27,1,0,2,0,0,2,0.36,0.3485,0.62,0.1642,59
1,2011-02-28,1,0,2,1,1,2,0.36,0.3636,0.66,0.1045,30
1,2011-02-28,1,0,2,1,1,3,0.34,0.303,0.87,0.3582,8
1,2011-02-28,1,0,2,1,1,3,0.32,0.3182,0.93,0.1642,1
1,2011-02-28,1,0,2,1,1,2,0.34,0.3636,0.93,0.0,5
2,2011-02-28,1,0,2,1,1,2,0.34,0.3485,0.96,0.1045,28
2,2011-02-28,1,0,2,1,1,2,0.36,0.3636,0.93,0.1045,92
2,2011-02-28,1,0,2,1,1,2,0.34,0.303,0.93,0.2985,255
2,2011-02-28,1,0,2,1,1,1,0.42,0.4242,0.82,0.2836,142
2,2011-02-28,1,0,2,1,1,2,0.52,0.5,0.72,0.4925,92
2,2011-02-28,1,0,2,1,1,2,0.56,0.5303,0.64,0.2985,87
3,2011-02-28,1,0,2,1,1,2,0.56,0.5303,0.64,0.2985,36
3,2011-02-28,1,0,2,1,1,3,0.46,0.4545,0.94,0.2239,32
3,2011-02-28,1,0,2,1,1,3,0.42,0.4242,1.0,0.2985,25
3,2011-02-28,1,0,2,1,1,3,0.42,0.4242,1.0,0.2985,35
3,2011-02-28,1,0,2,1,1,3,0.42,0.4242,1.0,0.1343,42
3,2011-02-28,1,0,2,1,1,3,0.4,0.4091,1.0,0.2985,79
4,2011-02-28,1,0,2,1,1,3,0.46,0.4545,0.94,0.194,131
4,2011-02-28,1,0,2,1,1,3,0.44,0.4394,0.88,0.6119,80
4,2011-02-28,1,0,2,1,1,3,0.44,0.4394,0.88,0.6119,45
4,2011-02-28,1,0,2,1,1,2,0.38,0.3939,0.87,0.3881,80
4,2011-02-28,1,0,2,1,1,3,0.34,0.303,0.93,0.4179,76
4,2011-02-28,1,0,2,1,1,2,0.32,0.2879,0.81,0.3881,45
1,2011-03-01,1,0,3,2,1,1,0.3,0.2727,0.7,0.4627,7
1,2011-03-01,1,0,3,2,1,1,0.26,0.2273,0.7,0.3582,3
1,2011-03-01,1,0,3,2,1,1,0.24,0.2121,0.65,0.3881,4
1,2011-03-01,1,0,3,2,1,1,0.22,0.2121,0.69,0.2836,2
1,2011-03-01,1,0,3,2,1,1,0.22,0.2121,0.69,0.2537,1
1,2011-03-01,1,0,3,2,1,1,0.2,0.1818,0.64,0.2836,2
2,2011-03-01,1,0,3,2,1,1,0.2,0.1818,0.59,0.2985,46
2,2011-03-01,1,0,3,2,1,1,0.2,0.1818,0.59,0.3284,107
2,2011-03-01,1,0,3,2,1,1,0.2,0.1818,0.59,0.3881,214
2,2011-03-01,1,0,3,2,1,1,0.22,0.197,0.55,0.4179,124
2,2011-03-01,1,0,3,2,1,1,0.24,0.2121,0.52,0.2836,68
2,2011-03-01,1,0,3,2,1,1,0.28,0.2727,0.45,0.2537,56
3,2011-03-01,1,0,3,2,1,1,0.3,0.303,0.39,0.1343,86
3,2011-03-01,1,0,3,2,1,1,0.32,0.3485,0.39,0.0,78
3,2011-03-01,1,0,3,2,1,1,0.32,0.3333,0.36,0.1343,79
3,2011-03-01,1,0,3,2,1,1,0.34,0.3636,0.34,0.0,64
3,2011-03-01,1,0,3,2,1,1,0.34,0.3485,0.34,0.0896,102
3,2011-03-01,1,0,3,2,1,1,0.34,0.3485,0.34,0.0896,242
4,2011-03-01,1,0,3,2,1,1,0.32,0.3182,0.39,0.194,224
4,2011-03-01,1,0,3,2,1,1,0.3,0.303,0.49,0.1343,119
4,2011-03-01,1,0,3,2,1,1,0.3,0.3182,0.61,0.0896,88
4,2011-03-01,1,0,3,2,1,1,0.26,0.303,0.56,0.0,63
4,2011-03-01,1,0,3,2,1,1,0.24,0.2727,0.62,0.1045,47
4,2011-03-01,1,0,3,2,1,1,0.24,0.2273,0.65,0.2239,25
1,2011-03-02,1,0,3,3,1,1,0.22,0.2273,0.69,0.1642,8
1,2011-03-02,1,0,3,3,1,1,0.22,0.2273,0.69,0.194,4
1,2011-03-02,1,0,3,3,1,1,0.22,0.2273,0.69,0.194,2
1,2011-03-02,1,0,3,3,1,1,0.22,0.2121,0.69,0.2836,4
1,2011-03-02,1,0,3,3,1,1,0.2,0.2121,0.75,0.1343,1
1,2011-03-02,1,0,3,3,1,1,0.22,0.2121,0.69,0.2239,5
2,2011-03-02,1,0,3,3,1,1,0.22,0.2121,0.55,0.2537,40
2,2011-03-02,1,0,3,3,1,1,0.22,0.2121,0.64,0.2537,110
2,2011-03-02,1,0,3,3,1,1,0.24,0.2121,0.65,0.2836,256
2,2011-03-02,1,0,3,3,1,1,0.28,0.2576,0.56,0.2985,148
2,2011-03-02,1,0,3,3,1,1,0.32,0.303,0.49,0.2836,76
2,2011-03-02,1,0,3,3,1,1,0.34,0.303,0.53,0.3284,73
3,2011-03-02,1,0,3,3,1,1,0.4,0.4091,0.43,0.194,82
3,2011-03-02,1,0,3,3,1,1,0.5,0.4848,0.25,0.0,125
3,2011-03-02,1,0,3,3,1,1,0.52,0.5,0.23,0.2985,96
3,2011-03-02,1,0,3,3,1,1,0.54,0.5152,0.19,0.4179,110
3,2011-03-02,1,0,3,3,1,1,0.54,0.5152,0.19,0.3284,139
3,2011-03-02,1,0,3,3,1,1,0.5,0.4848,0.23,0.2836,268
4,2011-03-02,1,0,3,3,1,1,0.46,0.4545,0.23,0.4925,201
4,2011-03-02,1,0,3,3,1,1,0.4,0.4091,0.28,0.5224,150
4,2011-03-02,1,0,3,3,1,1,0.36,0.3333,0.29,0.4179,95
4,2011-03-02,1,0,3,3,1,1,0.34,0.2879,0.29,0.4627,71
4,2011-03-02,1,0,3,3,1,1,0.3,0.2576,0.26,0.5522,48
4,2011-03-02,1,0,3,3,1,1,0.26,0.2121,0.3,0.5224,22
1,2011-03-03,1,0,3,4,1,1,0.24,0.197,0.3,0.4627,13
1,2011-03-03,1,0,3,4,1,1,0.24,0.197,0.3,0.4627,1
1,2011-03-03,1,0,3,4,1,1,0.2,0.1667,0.27,0.4627,3
1,2011-03-03,1,0,3,4,1,1,0.2,0.1667,0.27,0.4627,1
1,2011-03-03,1,0,3,4,1,1,0.16,0.1212,0.31,0.4925,1
1,2011-03-03,1,0,3,4,1,1,0.14,0.1212,0.33,0.2985,8
2,2011-03-03,1,0,3,4,1,1,0.14,0.1212,0.33,0.2985,35
2,2011-03-03,1,0,3,4,1,1,0.12,0.0909,0.42,0.4179,111
2,2011-03-03,1,0,3,4,1,1,0.14,0.1212,0.39,0.2985,220
2,2011-03-03,1,0,3,4,1,1,0.16,0.1364,0.37,0.2836,145
2,2011-03-03,1,0,3,4,1,1,0.18,0.1818,0.29,0.194,56
2,2011-03-03,1,0,3,4,1,1,0.2,0.2273,0.29,0.0896,50
3,2011-03-03,1,0,3,4,1,1,0.22,0.2273,0.25,0.1343,72
3,2011-03-03,1,0,3,4,1,1,0.22,0.2576,0.25,0.0896,80
3,2011-03-03,1,0,3,4,1,1,0.24,0.2576,0.21,0.1045,78
3,2011-03-03,1,0,3,4,1,1,0.24,0.2879,0.23,0.0,68
3,2011-03-03,1,0,3,4,1,1,0.26,0.303,0.23,0.0,71
3,2011-03-03,1,0,3,4,1,1,0.26,0.303,0.22,0.0,202
4,2011-03-03,1,0,3,4,1,1,0.24,0.2121,0.35,0.3284,167
4,2011-03-03,1,0,3,4,1,1,0.2,0.197,0.4,0.2537,106
4,2011-03-03,1,0,3,4,1,1,0.2,0.2273,0.4,0.0896,70
4,2011-03-03,1,0,3,4,1,1,0.18,0.2121,0.4,0.1045,51
4,2011-03-03,1,0,3,4,1,1,0.2,0.2576,0.4,0.0,53
4,2011-03-03,1,0,3,4,1,2,0.18,0.2121,0.43,0.0896,23
1,2011-03-04,1,0,3,5,1,2,0.2,0.197,0.55,0.194,12
1,2011-03-04,1,0,3,5,1,2,0.18,0.1818,0.64,0.194,4
1,2011-03-04,1,0,3,5,1,2,0.18,0.1818,0.64,0.194,2
1,2011-03-04,1,0,3,5,1,2,0.18,0.1667,0.74,0.2537,1
1,2011-03-04,1,0,3,5,1,2,0.18,0.1818,0.74,0.194,1
1,2011-03-04,1,0,3,5,1,2,0.16,0.1818,0.74,0.1343,7
2,2011-03-04,1,0,3,5,1,2,0.16,0.197,0.74,0.0896,29
2,2011-03-04,1,0,3,5,1,1,0.16,0.1818,0.8,0.1343,83
2,2011-03-04,1,0,3,5,1,1,0.18,0.197,0.74,0.1343,228
2,2011-03-04,1,0,3,5,1,1,0.22,0.2273,0.6,0.1343,150
2,2011-03-04,1,0,3,5,1,1,0.24,0.2273,0.6,0.2537,66
2,2011-03-04,1,0,3,5,1,1,0.28,0.2727,0.52,0.2239,89
3,2011-03-04,1,0,3,5,1,1,0.32,0.303,0.43,0.1642,97
3,2011-03-04,1,0,3,5,1,1,0.34,0.3182,0.42,0.2239,87
3,2011-03-04,1,0,3,5,1,1,0.36,0.3333,0.4,0.2836,95
3,2011-03-04,1,0,3,5,1,1,0.36,0.3333,0.4,0.2985,106
3,2011-03-04,1,0,3,5,1,1,0.36,0.3485,0.46,0.194,118
3,2011-03-04,1,0,3,5,1,2,0.36,0.3333,0.5,0.2537,228
4,2011-03-04,1,0,3,5,1,2,0.34,0.303,0.53,0.2985,187
4,2011-03-04,1,0,3,5,1,1,0.32,0.303,0.61,0.2537,107
4,2011-03-04,1,0,3,5,1,2,0.3,0.2879,0.7,0.194,87
4,2011-03-04,1,0,3,5,1,2,0.3,0.2879,0.7,0.2239,70
4,2011-03-04,1,0,3,5,1,1,0.3,0.2879,0.7,0.194,44
4,2011-03-04,1,0,3,5,1,2,0.3,0.303,0.75,0.1642,46
1,2011-03-05,1,0,3,6,0,2,0.28,0.2879,0.81,0.1045,19
1,2011-03-05,1,0,3,6,0,2,0.3,0.3182,0.81,0.1045,25
1,2011-03-05,1,0,3,6,0,2,0.3,0.2879,0.87,0.194,20
1,2011-03-05,1,0,3,6,0,2,0.3,0.2879,0.87,0.194,2
1,2011-03-05,1,0,3,6,0,2,0.3,0.303,0.93,0.1642,1
1,2011-03-05,1,0,3,6,0,2,0.3,0.303,1.0,0.1343,3
2,2011-03-05,1,0,3,6,0,2,0.3,0.2879,1.0,0.2239,4
2,2011-03-05,1,0,3,6,0,2,0.3,0.2727,1.0,0.2985,15
2,2011-03-05,1,0,3,6,0,2,0.3,0.2727,1.0,0.2985,45
2,2011-03-05,1,0,3,6,0,2,0.32,0.303,0.93,0.2239,63
2,2011-03-05,1,0,3,6,0,2,0.34,0.3333,0.93,0.194,103
2,2011-03-05,1,0,3,6,0,2,0.4,0.4091,0.76,0.2239,159
3,2011-03-05,1,0,3,6,0,2,0.44,0.4394,0.67,0.2537,167
3,2011-03-05,1,0,3,6,0,2,0.46,0.4545,0.67,0.2836,190
3,2011-03-05,1,0,3,6,0,2,0.48,0.4697,0.59,0.2836,198
3,2011-03-05,1,0,3,6,0,2,0.46,0.4545,0.63,0.2985,205
3,2011-03-05,1,0,3,6,0,2,0.48,0.4697,0.59,0.2985,204
3,2011-03-05,1,0,3,6,0,2,0.48,0.4697,0.59,0.3582,164
4,2011-03-05,1,0,3,6,0,2,0.48,0.4697,0.59,0.3284,152
4,2011-03-05,1,0,3,6,0,2,0.46,0.4545,0.67,0.3284,89
4,2011-03-05,1,0,3,6,0,2,0.44,0.4394,0.77,0.3284,70
4,2011-03-05,1,0,3,6,0,2,0.44,0.4394,0.72,0.3284,72
4,2011-03-05,1,0,3,6,0,2,0.42,0.4242,0.77,0.2985,63
4,2011-03-05,1,0,3,6,0,2,0.44,0.4394,0.77,0.2985,44
1,2011-03-06,1,0,3,0,0,2,0.42,0.4242,0.77,0.3582,52
1,2011-03-06,1,0,3,0,0,2,0.42,0.4242,0.77,0.2836,39
1,2011-03-06,1,0,3,0,0,2,0.4,0.4091,0.82,0.2836,32
1,2011-03-06,1,0,3,0,0,2,0.42,0.4242,0.82,0.2985,11
1,2011-03-06,1,0,3,0,0,2,0.42,0.4242,0.88,0.3582,3
2,2011-03-06,1,0,3,0,0,2,0.42,0.4242,0.94,0.3582,2
2,2011-03-06,1,0,3,0,0,3,0.42,0.4242,1.0,0.4478,5
2,2011-03-06,1,0,3,0,0,2,0.4,0.4091,1.0,0.2985,9
2,2011-03-06,1,0,3,0,0,2,0.42,0.4242,1.0,0.2836,22
2,2011-03-06,1,0,3,0,0,2,0.42,0.4242,1.0,0.2985,31
2,2011-03-06,1,0,3,0,0,2,0.42,0.4242,1.0,0.2239,62
3,2011-03-06,1,0,3,0,0,2,0.46,0.4545,0.94,0.3284,79
3,2011-03-06,1,0,3,0,0,2,0.46,0.4545,0.94,0.3582,105
3,2011-03-06,1,0,3,0,0,3,0.44,0.4394,1.0,0.2239,39
3,2011-03-06,1,0,3,0,0,3,0.44,0.4394,1.0,0.2239,7
3,2011-03-06,1,0,3,0,0,3,0.36,0.3333,1.0,0.2836,11
3,2011-03-06,1,0,3,0,0,3,0.34,0.303,1.0,0.2985,25
4,2011-03-06,1,0,3,0,0,3,0.32,0.2879,1.0,0.3582,23
4,2011-03-06,1,0,3,0,0,3,0.3,0.2576,1.0,0.4925,11
4,2011-03-06,1,0,3,0,0,3,0.28,0.2424,1.0,0.4179,11
4,2011-03-06,1,0,3,0,0,3,0.24,0.1818,0.93,0.6119,7
4,2011-03-06,1,0,3,0,0,2,0.22,0.197,1.0,0.3881,10
4,2011-03-06,1,0,3,0,0,2,0.22,0.197,1.0,0.4179,9
1,2011-03-07,1,0,3,1,1,3,0.2,0.1818,1.0,0.3284,4
1,2011-03-07,1,0,3,1,1,3,0.2,0.1818,1.0,0.3284,2
1,2011-03-07,1,0,3,1,1,1,0.2,0.1515,0.8,0.5821,1
1,2011-03-07,1,0,3,1,1,1,0.2,0.1515,0.8,0.5224,1
1,2011-03-07,1,0,3,1,1,1,0.2,0.1818,0.75,0.3582,1
2,2011-03-07,1,0,3,1,1,1,0.2,0.1818,0.75,0.3881,34
2,2011-03-07,1,0,3,1,1,1,0.2,0.1667,0.75,0.4179,91
2,2011-03-07,1,0,3,1,1,1,0.2,0.1818,0.75,0.3881,211
2,2011-03-07,1,0,3,1,1,1,0.22,0.1818,0.64,0.4627,134
2,2011-03-07,1,0,3,1,1,1,0.24,0.2121,0.6,0.2985,58
2,2011-03-07,1,0,3,1,1,1,0.26,0.2121,0.48,0.4478,60
3,2011-03-07,1,0,3,1,1,1,0.3,0.2727,0.42,0.4179,96
3,2011-03-07,1,0,3,1,1,1,0.32,0.2879,0.36,0.3881,70
3,2011-03-07,1,0,3,1,1,1,0.32,0.2879,0.36,0.4179,77
3,2011-03-07,1,0,3,1,1,1,0.34,0.303,0.31,0.3881,96
3,2011-03-07,1,0,3,1,1,1,0.34,0.303,0.31,0.3582,122
3,2011-03-07,1,0,3,1,1,1,0.34,0.303,0.29,0.3582,233
4,2011-03-07,1,0,3,1,1,1,0.32,0.303,0.31,0.2239,233
4,2011-03-07,1,0,3,1,1,1,0.3,0.2879,0.33,0.2239,145
4,2011-03-07,1,0,3,1,1,1,0.3,0.303,0.33,0.1642,92
4,2011-03-07,1,0,3,1,1,1,0.28,0.2727,0.38,0.2239,54
4,2011-03-07,1,0,3,1,1,1,0.26,0.2576,0.48,0.1642,35
4,2011-03-07,1,0,3,1,1,1,0.28,0.3182,0.48,0.0,22
1,2011-03-08,1,0,3,2,1,1,0.26,0.2879,0.48,0.0896,10
1,2011-03-08,1,0,3,2,1,1,0.24,0.2424,0.52,0.1343,4
1,2011-03-08,1,0,3,2,1,1,0.24,0.2424,0.52,0.1343,1
1,2011-03-08,1,0,3,2,1,1,0.24,0.2576,0.52,0.0896,7
1,2011-03-08,1,0,3,2,1,1,0.22,0.2727,0.64,0.0,2
1,2011-03-08,1,0,3,2,1,1,0.2,0.2273,0.69,0.1045,10
2,2011-03-08,1,0,3,2,1,1,0.2,0.2576,0.59,0.0,45
2,2011-03-08,1,0,3,2,1,1,0.18,0.197,0.64,0.1343,128
2,2011-03-08,1,0,3,2,1,1,0.22,0.2273,0.55,0.194,257
2,2011-03-08,1,0,3,2,1,1,0.26,0.2576,0.41,0.1642,151
2,2011-03-08,1,0,3,2,1,2,0.3,0.2879,0.33,0.194,71
2,2011-03-08,1,0,3,2,1,2,0.36,0.3485,0.25,0.1642,78
3,2011-03-08,1,0,3,2,1,2,0.36,0.3788,0.23,0.0,99
3,2011-03-08,1,0,3,2,1,2,0.38,0.3939,0.25,0.1045,98
3,2011-03-08,1,0,3,2,1,2,0.38,0.3939,0.2,0.0,72
3,2011-03-08,1,0,3,2,1,2,0.36,0.3788,0.18,0.0,112
3,2011-03-08,1,0,3,2,1,1,0.38,0.3939,0.27,0.1642,108
3,2011-03-08,1,0,3,2,1,1,0.36,0.3485,0.27,0.2239,248
4,2011-03-08,1,0,3,2,1,1,0.34,0.3333,0.27,0.194,235
4,2011-03-08,1,0,3,2,1,1,0.34,0.3485,0.31,0.1045,150
4,2011-03-08,1,0,3,2,1,1,0.32,0.3333,0.39,0.0896,76
4,2011-03-08,1,0,3,2,1,1,0.3,0.2879,0.49,0.194,75
4,2011-03-08,1,0,3,2,1,1,0.3,0.2879,0.49,0.2239,55
4,2011-03-08,1,0,3,2,1,1,0.28,0.2727,0.61,0.194,41
1,2011-03-09,1,0,3,3,1,1,0.26,0.2879,0.65,0.0896,9
1,2011-03-09,1,0,3,3,1,1,0.26,0.2727,0.52,0.1343,4
1,2011-03-09,1,0,3,3,1,1,0.26,0.2727,0.52,0.1343,2
1,2011-03-09,1,0,3,3,1,1,0.24,0.2576,0.7,0.0896,3
1,2011-03-09,1,0,3,3,1,1,0.24,0.2576,0.75,0.1045,2
1,2011-03-09,1,0,3,3,1,2,0.24,0.2424,0.81,0.1343,8
2,2011-03-09,1,0,3,3,1,2,0.24,0.2576,0.85,0.1045,49
2,2011-03-09,1,0,3,3,1,2,0.24,0.2424,0.87,0.1642,141
2,2011-03-09,1,0,3,3,1,2,0.24,0.2424,0.87,0.1343,249
2,2011-03-09,1,0,3,3,1,2,0.26,0.2424,0.87,0.2537,141
2,2011-03-09,1,0,3,3,1,2,0.3,0.2879,0.75,0.2537,57
2,2011-03-09,1,0,3,3,1,2,0.32,0.2879,0.76,0.3881,59
3,2011-03-09,1,0,3,3,1,2,0.32,0.303,0.76,0.2537,98
3,2011-03-09,1,0,3,3,1,2,0.32,0.2879,0.76,0.3582,99
3,2011-03-09,1,0,3,3,1,2,0.34,0.303,0.76,0.2985,71
3,2011-03-09,1,0,3,3,1,2,0.36,0.3333,0.71,0.2985,79
3,2011-03-09,1,0,3,3,1,2,0.34,0.303,0.76,0.3284,112
3,2011-03-09,1,0,3,3,1,2,0.34,0.303,0.76,0.2985,194
4,2011-03-09,1,0,3,3,1,2,0.34,0.3182,0.76,0.2537,188
4,2011-03-09,1,0,3,3,1,2,0.34,0.303,0.76,0.3284,134
4,2011-03-09,1,0,3,3,1,2,0.32,0.3182,0.87,0.194,91
4,2011-03-09,1,0,3,3,1,2,0.32,0.303,0.93,0.3284,62
4,2011-03-09,1,0,3,3,1,3,0.32,0.3182,0.93,0.1642,21
4,2011-03-09,1,0,3,3,1,3,0.34,0.3333,0.93,0.194,18
1,2011-03-10,1,0,3,4,1,3,0.34,0.3182,0.0,0.2537,3
1,2011-03-10,1,0,3,4,1,3,0.34,0.3182,0.0,0.2537,2
1,2011-03-10,1,0,3,4,1,3,0.34,0.3182,0.0,0.2537,1
1,2011-03-10,1,0,3,4,1,3,0.36,0.3485,0.0,0.194,3
2,2011-03-10,1,0,3,4,1,3,0.36,0.3333,0.0,0.3284,12
2,2011-03-10,1,0,3,4,1,3,0.38,0.3939,0.0,0.2239,37
2,2011-03-10,1,0,3,4,1,3,0.38,0.3939,0.0,0.2836,44
2,2011-03-10,1,0,3,4,1,3,0.4,0.4091,0.0,0.2239,24
2,2011-03-10,1,0,3,4,1,3,0.4,0.4091,0.0,0.1642,17
2,2011-03-10,1,0,3,4,1,3,0.4,0.4091,0.0,0.2537,11
3,2011-03-10,1,0,3,4,1,3,0.42,0.4242,0.0,0.2239,34
3,2011-03-10,1,0,3,4,1,3,0.42,0.4242,0.0,0.2239,12
3,2011-03-10,1,0,3,4,1,3,0.44,0.4394,0.0,0.2985,12
3,2011-03-10,1,0,3,4,1,3,0.44,0.4394,0.0,0.2239,14
3,2011-03-10,1,0,3,4,1,3,0.42,0.4242,0.0,0.2537,21
3,2011-03-10,1,0,3,4,1,2,0.44,0.4394,0.0,0.3881,111
4,2011-03-10,1,0,3,4,1,3,0.44,0.4394,0.0,0.3582,82
4,2011-03-10,1,0,3,4,1,3,0.44,0.4394,0.0,0.5821,56
4,2011-03-10,1,0,3,4,1,3,0.36,0.3333,0.0,0.3284,38
4,2011-03-10,1,0,3,4,1,3,0.36,0.3485,0.0,0.2239,28
4,2011-03-10,1,0,3,4,1,2,0.34,0.3333,0.0,0.1343,34
4,2011-03-10,1,0,3,4,1,3,0.34,0.3485,0.0,0.0896,27
1,2011-03-11,1,0,3,5,1,2,0.34,0.3485,1.0,0.0896,6
1,2011-03-11,1,0,3,5,1,3,0.34,0.3485,1.0,0.1045,8
1,2011-03-11,1,0,3,5,1,3,0.34,0.3485,1.0,0.1045,5
1,2011-03-11,1,0,3,5,1,2,0.32,0.3333,0.93,0.0896,2
1,2011-03-11,1,0,3,5,1,1,0.3,0.2879,0.81,0.2239,7
2,2011-03-11,1,0,3,5,1,1,0.26,0.2424,0.81,0.2836,32
2,2011-03-11,1,0,3,5,1,1,0.26,0.2576,0.7,0.194,114
2,2011-03-11,1,0,3,5,1,1,0.28,0.2727,0.7,0.2537,259
2,2011-03-11,1,0,3,5,1,2,0.3,0.2879,0.61,0.2836,156
2,2011-03-11,1,0,3,5,1,2,0.32,0.303,0.57,0.2985,78
2,2011-03-11,1,0,3,5,1,2,0.32,0.303,0.57,0.2985,81
3,2011-03-11,1,0,3,5,1,2,0.34,0.3182,0.53,0.2537,111
3,2011-03-11,1,0,3,5,1,1,0.36,0.3333,0.53,0.2537,107
3,2011-03-11,1,0,3,5,1,2,0.36,0.3333,0.5,0.3582,89
3,2011-03-11,1,0,3,5,1,2,0.34,0.3182,0.53,0.2537,85
3,2011-03-11,1,0,3,5,1,2,0.34,0.303,0.49,0.2985,113
3,2011-03-11,1,0,3,5,1,1,0.34,0.3182,0.49,0.2239,223
4,2011-03-11,1,0,3,5,1,1,0.32,0.303,0.49,0.3284,153
4,2011-03-11,1,0,3,5,1,1,0.3,0.2727,0.56,0.3284,118
4,2011-03-11,1,0,3,5,1,1,0.3,0.303,0.56,0.1642,76
4,2011-03-11,1,0,3,5,1,2,0.3,0.2879,0.52,0.2537,53
4,2011-03-11,1,0,3,5,1,1,0.3,0.303,0.52,0.1642,64
4,2011-03-11,1,0,3,5,1,1,0.3,0.2879,0.52,0.2537,37
1,2011-03-12,1,0,3,6,0,1,0.26,0.2727,0.6,0.1343,34
1,2011-03-12,1,0,3,6,0,1,0.24,0.2273,0.65,0.194,18
1,2011-03-12,1,0,3,6,0,1,0.24,0.2273,0.65,0.194,14
1,2011-03-12,1,0,3,6,0,1,0.24,0.2273,0.65,0.2537,7
1,2011-03-12,1,0,3,6,0,1,0.24,0.2273,0.65,0.2537,1
1,2011-03-12,1,0,3,6,0,1,0.22,0.2273,0.69,0.194,2
2,2011-03-12,1,0,3,6,0,1,0.22,0.2121,0.75,0.2537,4
2,2011-03-12,1,0,3,6,0,1,0.24,0.2273,0.7,0.194,23
2,2011-03-12,1,0,3,6,0,1,0.26,0.2576,0.65,0.1642,53
2,2011-03-12,1,0,3,6,0,1,0.28,0.2879,0.65,0.1045,101
2,2011-03-12,1,0,3,6,0,1,0.32,0.303,0.66,0.2239,99
2,2011-03-12,1,0,3,6,0,1,0.34,0.303,0.49,0.3284,119
3,2011-03-12,1,0,3,6,0,1,0.34,0.3182,0.53,0.2836,158
3,2011-03-12,1,0,3,6,0,1,0.36,0.3333,0.51,0.3582,157
3,2011-03-12,1,0,3,6,0,1,0.4,0.4091,0.5,0.4478,166
3,2011-03-12,1,0,3,6,0,1,0.42,0.4242,0.44,0.4925,182
3,2011-03-12,1,0,3,6,0,1,0.46,0.4545,0.41,0.4478,244
3,2011-03-12,1,0,3,6,0,1,0.46,0.4545,0.44,0.3284,213
4,2011-03-12,1,0,3,6,0,1,0.42,0.4242,0.54,0.1642,145
4,2011-03-12,1,0,3,6,0,1,0.42,0.4242,0.54,0.0896,112
4,2011-03-12,1,0,3,6,0,1,0.4,0.4091,0.58,0.1045,86
4,2011-03-12,1,0,3,6,0,1,0.38,0.3939,0.62,0.0,82
4,2011-03-12,1,0,3,6,0,1,0.36,0.3788,0.71,0.0,63
4,2011-03-12,1,0,3,6,0,1,0.38,0.3939,0.66,0.0896,49
1,2011-03-13,1,0,3,0,0,1,0.38,0.3939,0.62,0.1045,38
1,2011-03-13,1,0,3,0,0,1,0.36,0.3485,0.66,0.1343,33
1,2011-03-13,1,0,3,0,0,1,0.34,0.3333,0.76,0.1343,23
1,2011-03-13,1,0,3,0,0,1,0.34,0.3333,0.66,0.1642,13
1,2011-03-13,1,0,3,0,0,1,0.36,0.3485,0.62,0.1343,3
2,2011-03-13,1,0,3,0,0,1,0.34,0.3636,0.66,0.0,2
2,2011-03-13,1,0,3,0,0,1,0.36,0.3485,0.62,0.194,10
2,2011-03-13,1,0,3,0,0,1,0.4,0.4091,0.5,0.2985,34
2,2011-03-13,1,0,3,0,0,1,0.4,0.4091,0.5,0.4179,44
2,2011-03-13,1,0,3,0,0,1,0.42,0.4242,0.47,0.2537,122
2,2011-03-13,1,0,3,0,0,1,0.44,0.4394,0.41,0.4179,181
3,2011-03-13,1,0,3,0,0,1,0.46,0.4545,0.38,0.3881,194
3,2011-03-13,1,0,3,0,0,1,0.46,0.4545,0.38,0.3881,221
3,2011-03-13,1,0,3,0,0,1,0.46,0.4545,0.41,0.2985,250
3,2011-03-13,1,0,3,0,0,1,0.48,0.4697,0.39,0.3284,304
3,2011-03-13,1,0,3,0,0,1,0.46,0.4545,0.41,0.3881,256
3,2011-03-13,1,0,3,0,0,1,0.44,0.4394,0.41,0.3582,241
4,2011-03-13,1,0,3,0,0,1,0.4,0.4091,0.43,0.3582,147
4,2011-03-13,1,0,3,0,0,1,0.36,0.3333,0.5,0.3582,101
4,2011-03-13,1,0,3,0,0,1,0.32,0.303,0.57,0.2985,77
4,2011-03-13,1,0,3,0,0,1,0.3,0.2879,0.56,0.2537,58
4,2011-03-13,1,0,3,0,0,1,0.3,0.2727,0.56,0.3284,37
4,2011-03-13,1,0,3,0,0,1,0.26,0.2576,0.65,0.2239,28
1,2011-03-14,1,0,3,1,1,1,0.26,0.2727,0.65,0.1045,11
1,2011-03-14,1,0,3,1,1,1,0.26,0.2879,0.65,0.0896,1
1,2011-03-14,1,0,3,1,1,1,0.26,0.2879,0.65,0.0896,1
1,2011-03-14,1,0,3,1,1,1,0.26,0.2727,0.65,0.1343,3
1,2011-03-14,1,0,3,1,1,1,0.24,0.2424,0.7,0.1343,8
2,2011-03-14,1,0,3,1,1,1,0.26,0.2727,0.65,0.1343,28
2,2011-03-14,1,0,3,1,1,2,0.28,0.3182,0.61,0.0,88
2,2011-03-14,1,0,3,1,1,2,0.3,0.303,0.56,0.1343,241
2,2011-03-14,1,0,3,1,1,1,0.32,0.303,0.53,0.3284,140
2,2011-03-14,1,0,3,1,1,1,0.34,0.3182,0.42,0.2537,84
2,2011-03-14,1,0,3,1,1,1,0.36,0.3333,0.4,0.2537,71
3,2011-03-14,1,0,3,1,1,1,0.38,0.3939,0.37,0.0,94
3,2011-03-14,1,0,3,1,1,1,0.38,0.3939,0.36,0.3284,75
3,2011-03-14,1,0,3,1,1,2,0.38,0.3939,0.34,0.0,79
3,2011-03-14,1,0,3,1,1,1,0.38,0.3939,0.37,0.1642,101
3,2011-03-14,1,0,3,1,1,1,0.4,0.4091,0.35,0.1045,107
3,2011-03-14,1,0,3,1,1,1,0.38,0.3939,0.4,0.194,271
4,2011-03-14,1,0,3,1,1,1,0.36,0.3636,0.4,0.1045,235
4,2011-03-14,1,0,3,1,1,1,0.36,0.3485,0.43,0.1343,150
4,2011-03-14,1,0,3,1,1,1,0.34,0.3182,0.46,0.2239,129
4,2011-03-14,1,0,3,1,1,1,0.34,0.3333,0.46,0.1343,63
4,2011-03-14,1,0,3,1,1,1,0.32,0.3333,0.49,0.1045,47
4,2011-03-14,1,0,3,1,1,1,0.32,0.3485,0.53,0.0,19
1,2011-03-15,1,0,3,2,1,1,0.32,0.3485,0.53,0.0,14
1,2011-03-15,1,0,3,2,1,1,0.3,0.303,0.62,0.0896,10
1,2011-03-15,1,0,3,2,1,1,0.3,0.303,0.62,0.0896,3
1,2011-03-15,1,0,3,2,1,1,0.24,0.2576,0.75,0.0896,2
1,2011-03-15,1,0,3,2,1,1,0.24,0.2273,0.75,0.194,11
2,2011-03-15,1,0,3,2,1,1,0.22,0.2273,0.8,0.194,35
2,2011-03-15,1,0,3,2,1,1,0.24,0.2424,0.75,0.1642,119
2,2011-03-15,1,0,3,2,1,1,0.26,0.2879,0.7,0.0896,282
2,2011-03-15,1,0,3,2,1,2,0.3,0.3333,0.7,0.0,157
2,2011-03-15,1,0,3,2,1,2,0.32,0.3182,0.66,0.194,78
2,2011-03-15,1,0,3,2,1,2,0.34,0.3182,0.57,0.2239,78
3,2011-03-15,1,0,3,2,1,2,0.36,0.3485,0.5,0.2239,102
3,2011-03-15,1,0,3,2,1,2,0.36,0.3333,0.57,0.2836,97
3,2011-03-15,1,0,3,2,1,2,0.38,0.3939,0.46,0.2985,88
3,2011-03-15,1,0,3,2,1,2,0.38,0.3939,0.43,0.2836,90
3,2011-03-15,1,0,3,2,1,2,0.38,0.3939,0.46,0.3284,114
3,2011-03-15,1,0,3,2,1,2,0.36,0.3485,0.62,0.194,217
4,2011-03-15,1,0,3,2,1,2,0.36,0.3333,0.62,0.2985,225
4,2011-03-15,1,0,3,2,1,2,0.34,0.3182,0.71,0.2836,152
4,2011-03-15,1,0,3,2,1,2,0.34,0.3182,0.71,0.2836,88
4,2011-03-15,1,0,3,2,1,3,0.32,0.3333,0.81,0.1045,55
4,2011-03-15,1,0,3,2,1,2,0.32,0.3182,0.87,0.1642,21
4,2011-03-15,1,0,3,2,1,2,0.32,0.3182,0.87,0.1642,18
1,2011-03-16,1,0,3,3,1,3,0.3,0.2879,0.93,0.2537,8
1,2011-03-16,1,0,3,3,1,3,0.3,0.2727,1.0,0.2985,3
1,2011-03-16,1,0,3,3,1,2,0.28,0.2727,1.0,0.2239,3
1,2011-03-16,1,0,3,3,1,2,0.3,0.303,0.93,0.1642,1
1,2011-03-16,1,0,3,3,1,2,0.3,0.3182,0.93,0.1045,3
2,2011-03-16,1,0,3,3,1,2,0.3,0.3182,0.93,0.1045,31
2,2011-03-16,1,0,3,3,1,2,0.3,0.2879,0.93,0.194,111
2,2011-03-16,1,0,3,3,1,2,0.32,0.3182,0.93,0.0,253
2,2011-03-16,1,0,3,3,1,2,0.32,0.3333,0.93,0.1343,154
2,2011-03-16,1,0,3,3,1,2,0.36,0.3485,0.81,0.1642,68
2,2011-03-16,1,0,3,3,1,2,0.36,0.3485,0.81,0.1343,75
3,2011-03-16,1,0,3,3,1,2,0.4,0.4091,0.71,0.1045,88
3,2011-03-16,1,0,3,3,1,2,0.4,0.4091,0.76,0.1343,99
3,2011-03-16,1,0,3,3,1,2,0.4,0.4091,0.76,0.2239,100
3,2011-03-16,1,0,3,3,1,2,0.4,0.4091,0.76,0.2537,101
3,2011-03-16,1,0,3,3,1,2,0.4,0.4091,0.76,0.1642,151
3,2011-03-16,1,0,3,3,1,2,0.44,0.4394,0.54,0.2985,253
4,2011-03-16,1,0,3,3,1,2,0.44,0.4394,0.54,0.2239,237
4,2011-03-16,1,0,3,3,1,2,0.44,0.4394,0.51,0.3284,168
4,2011-03-16,1,0,3,3,1,2,0.42,0.4242,0.54,0.2985,121
4,2011-03-16,1,0,3,3,1,2,0.42,0.4242,0.58,0.2836,78
4,2011-03-16,1,0,3,3,1,2,0.4,0.4091,0.62,0.3881,59
4,2011-03-16,1,0,3,3,1,1,0.4,0.4091,0.65,0.194,27
1,2011-03-17,1,0,3,4,1,1,0.38,0.3939,0.66,0.2537,23
1,2011-03-17,1,0,3,4,1,1,0.36,0.3485,0.71,0.2239,12
1,2011-03-17,1,0,3,4,1,1,0.34,0.303,0.71,0.2985,8
1,2011-03-17,1,0,3,4,1,1,0.34,0.3333,0.66,0.1642,2
1,2011-03-17,1,0,3,4,1,1,0.34,0.3333,0.71,0.194,3
1,2011-03-17,1,0,3,4,1,1,0.32,0.3333,0.76,0.1045,13
2,2011-03-17,1,0,3,4,1,1,0.32,0.3182,0.76,0.194,51
2,2011-03-17,1,0,3,4,1,1,0.32,0.3333,0.76,0.1343,140
2,2011-03-17,1,0,3,4,1,1,0.36,0.3485,0.66,0.1343,299
2,2011-03-17,1,0,3,4,1,1,0.4,0.4091,0.62,0.2537,185
2,2011-03-17,1,0,3,4,1,1,0.44,0.4394,0.54,0.3284,78
2,2011-03-17,1,0,3,4,1,1,0.44,0.4394,0.54,0.2836,86
3,2011-03-17,1,0,3,4,1,1,0.5,0.4848,0.45,0.2239,105
3,2011-03-17,1,0,3,4,1,2,0.52,0.5,0.42,0.0896,111
3,2011-03-17,1,0,3,4,1,1,0.5,0.4848,0.45,0.1045,119
3,2011-03-17,1,0,3,4,1,1,0.52,0.5,0.42,0.2537,125
3,2011-03-17,1,0,3,4,1,1,0.5,0.4848,0.48,0.2836,142
3,2011-03-17,1,0,3,4,1,1,0.5,0.4848,0.42,0.194,313
4,2011-03-17,1,0,3,4,1,2,0.46,0.4545,0.59,0.1642,310
4,2011-03-17,1,0,3,4,1,1,0.44,0.4394,0.58,0.194,207
4,2011-03-17,1,0,3,4,1,1,0.42,0.4242,0.67,0.2239,137
4,2011-03-17,1,0,3,4,1,1,0.42,0.4242,0.62,0.2239,138
4,2011-03-17,1,0,3,4,1,1,0.4,0.4091,0.66,0.2239,87
4,2011-03-17,1,0,3,4,1,1,0.42,0.4242,0.62,0.2836,50
1,2011-03-18,1,0,3,5,1,1,0.42,0.4242,0.58,0.2836,29
1,2011-03-18,1,0,3,5,1,1,0.4,0.4091,0.62,0.2537,16
1,2011-03-18,1,0,3,5,1,1,0.4,0.4091,0.62,0.194,14
1,2011-03-18,1,0,3,5,1,1,0.36,0.3485,0.71,0.194,5
1,2011-03-18,1,0,3,5,1,1,0.38,0.3939,0.66,0.1642,10
2,2011-03-18,1,0,3,5,1,1,0.4,0.4091,0.66,0.194,36
2,2011-03-18,1,0,3,5,1,1,0.4,0.4091,0.66,0.194,123
2,2011-03-18,1,0,3,5,1,1,0.42,0.4242,0.67,0.2537,280
2,2011-03-18,1,0,3,5,1,1,0.46,0.4545,0.63,0.2239,210
2,2011-03-18,1,0,3,5,1,1,0.52,0.5,0.53,0.2836,117
2,2011-03-18,1,0,3,5,1,1,0.54,0.5152,0.52,0.2836,159
3,2011-03-18,1,0,3,5,1,2,0.56,0.5303,0.49,0.3582,195
3,2011-03-18,1,0,3,5,1,1,0.64,0.6212,0.41,0.2836,175
3,2011-03-18,1,0,3,5,1,1,0.66,0.6212,0.39,0.2537,174
3,2011-03-18,1,0,3,5,1,2,0.68,0.6364,0.39,0.3582,173
3,2011-03-18,1,0,3,5,1,1,0.68,0.6364,0.39,0.2836,204
3,2011-03-18,1,0,3,5,1,1,0.7,0.6364,0.37,0.3284,332
4,2011-03-18,1,0,3,5,1,1,0.68,0.6364,0.39,0.1642,331
4,2011-03-18,1,0,3,5,1,1,0.66,0.6212,0.44,0.1343,190
4,2011-03-18,1,0,3,5,1,1,0.62,0.6212,0.46,0.1343,149
4,2011-03-18,1,0,3,5,1,1,0.62,0.6212,0.46,0.1045,113
4,2011-03-18,1,0,3,5,1,1,0.62,0.6212,0.5,0.1642,118
4,2011-03-18,1,0,3,5,1,2,0.6,0.6212,0.53,0.2239,86
1,2011-03-19,1,0,3,6,0,2,0.6,0.6212,0.53,0.2537,76
1,2011-03-19,1,0,3,6,0,2,0.58,0.5455,0.46,0.3582,51
1,2011-03-19,1,0,3,6,0,2,0.56,0.5303,0.43,0.2239,25
1,2011-03-19,1,0,3,6,0,2,0.54,0.5152,0.39,0.3284,8
1,2011-03-19,1,0,3,6,0,1,0.52,0.5,0.34,0.4179,3
1,2011-03-19,1,0,3,6,0,1,0.52,0.5,0.34,0.4179,2
2,2011-03-19,1,0,3,6,0,1,0.44,0.4394,0.44,0.4179,10
2,2011-03-19,1,0,3,6,0,1,0.4,0.4091,0.5,0.3284,13
2,2011-03-19,1,0,3,6,0,1,0.42,0.4242,0.47,0.4925,48
2,2011-03-19,1,0,3,6,0,1,0.42,0.4242,0.44,0.4627,76
2,2011-03-19,1,0,3,6,0,1,0.44,0.4394,0.38,0.4179,140
2,2011-03-19,1,0,3,6,0,1,0.46,0.4545,0.36,0.4478,196
3,2011-03-19,1,0,3,6,0,1,0.46,0.4545,0.33,0.4179,267
3,2011-03-19,1,0,3,6,0,1,0.5,0.4848,0.34,0.4627,301
3,2011-03-19,1,0,3,6,0,1,0.5,0.4848,0.31,0.4925,312
3,2011-03-19,1,0,3,6,0,1,0.5,0.4848,0.29,0.4179,313
3,2011-03-19,1,0,3,6,0,1,0.5,0.4848,0.31,0.3881,304
3,2011-03-19,1,0,3,6,0,1,0.48,0.4697,0.31,0.3284,278
4,2011-03-19,1,0,3,6,0,1,0.46,0.4545,0.31,0.3284,217
4,2011-03-19,1,0,3,6,0,1,0.44,0.4394,0.33,0.2836,154
4,2011-03-19,1,0,3,6,0,1,0.42,0.4242,0.35,0.2239,108
4,2011-03-19,1,0,3,6,0,1,0.4,0.4091,0.37,0.2985,93
4,2011-03-19,1,0,3,6,0,1,0.4,0.4091,0.37,0.3284,72
4,2011-03-19,1,0,3,6,0,1,0.38,0.3939,0.4,0.2985,50
1,2011-03-20,1,0,3,0,0,1,0.34,0.303,0.49,0.4179,40
1,2011-03-20,1,0,3,0,0,1,0.32,0.2879,0.53,0.3582,24
1,2011-03-20,1,0,3,0,0,1,0.3,0.2879,0.52,0.2836,30
1,2011-03-20,1,0,3,0,0,1,0.28,0.2727,0.56,0.2537,12
1,2011-03-20,1,0,3,0,0,1,0.26,0.2576,0.56,0.2239,3
1,2011-03-20,1,0,3,0,0,1,0.26,0.2576,0.6,0.194,9
2,2011-03-20,1,0,3,0,0,1,0.26,0.2576,0.6,0.2239,4
2,2011-03-20,1,0,3,0,0,1,0.24,0.2273,0.6,0.2239,14
2,2011-03-20,1,0,3,0,0,1,0.28,0.2727,0.56,0.1642,37
2,2011-03-20,1,0,3,0,0,1,0.3,0.303,0.52,0.1343,78
2,2011-03-20,1,0,3,0,0,2,0.32,0.3485,0.45,0.0,136
2,2011-03-20,1,0,3,0,0,1,0.34,0.3485,0.39,0.1045,203
3,2011-03-20,1,0,3,0,0,1,0.36,0.3636,0.4,0.1045,228
3,2011-03-20,1,0,3,0,0,1,0.38,0.3939,0.34,0.0,203
3,2011-03-20,1,0,3,0,0,1,0.4,0.4091,0.3,0.0,279
3,2011-03-20,1,0,3,0,0,1,0.4,0.4091,0.32,0.0896,308
3,2011-03-20,1,0,3,0,0,1,0.42,0.4242,0.32,0.0,224
3,2011-03-20,1,0,3,0,0,1,0.4,0.4091,0.35,0.2836,226
4,2011-03-20,1,0,3,0,0,1,0.38,0.3939,0.4,0.3582,156
4,2011-03-20,1,0,3,0,0,1,0.36,0.3333,0.43,0.2836,79
4,2011-03-20,1,0,3,0,0,1,0.36,0.3333,0.46,0.2836,67
4,2011-03-20,1,0,3,0,0,2,0.34,0.3182,0.53,0.2836,49
4,2011-03-20,1,0,3,0,0,2,0.34,0.303,0.53,0.3284,38
4,2011-03-20,1,0,3,0,0,3,0.34,0.303,0.61,0.3881,24
1,2011-03-21,2,0,3,1,1,3,0.34,0.303,0.66,0.3881,13
1,2011-03-21,2,0,3,1,1,2,0.34,0.303,0.71,0.3881,7
1,2011-03-21,2,0,3,1,1,2,0.34,0.303,0.71,0.3284,6
1,2011-03-21,2,0,3,1,1,2,0.34,0.303,0.71,0.3284,1
1,2011-03-21,2,0,3,1,1,1,0.32,0.303,0.81,0.2985,2
2,2011-03-21,2,0,3,1,1,3,0.32,0.303,0.76,0.2537,32
2,2011-03-21,2,0,3,1,1,3,0.3,0.2727,0.87,0.4179,18
2,2011-03-21,2,0,3,1,1,2,0.3,0.2727,0.87,0.4179,98
2,2011-03-21,2,0,3,1,1,2,0.34,0.303,0.81,0.3284,127
2,2011-03-21,2,0,3,1,1,2,0.38,0.3939,0.76,0.3881,62
2,2011-03-21,2,0,3,1,1,2,0.42,0.4242,0.71,0.2985,79
3,2011-03-21,2,0,3,1,1,2,0.44,0.4394,0.77,0.2537,81
3,2011-03-21,2,0,3,1,1,2,0.5,0.4848,0.63,0.2239,112
3,2011-03-21,2,0,3,1,1,2,0.54,0.5152,0.64,0.2239,101
3,2011-03-21,2,0,3,1,1,2,0.56,0.5303,0.6,0.2239,107
3,2011-03-21,2,0,3,1,1,2,0.54,0.5152,0.64,0.2836,141
3,2011-03-21,2,0,3,1,1,2,0.54,0.5152,0.64,0.2537,272
4,2011-03-21,2,0,3,1,1,2,0.52,0.5,0.72,0.2239,276
4,2011-03-21,2,0,3,1,1,1,0.58,0.5455,0.6,0.4179,221
4,2011-03-21,2,0,3,1,1,1,0.56,0.5303,0.64,0.194,122
4,2011-03-21,2,0,3,1,1,1,0.46,0.4545,0.94,0.194,91
4,2011-03-21,2,0,3,1,1,1,0.46,0.4545,0.88,0.2239,78
4,2011-03-21,2,0,3,1,1,1,0.46,0.4545,0.88,0.0896,30
1,2011-03-22,2,0,3,2,1,1,0.46,0.4545,0.88,0.194,11
1,2011-03-22,2,0,3,2,1,1,0.42,0.4242,1.0,0.1343,19
1,2011-03-22,2,0,3,2,1,1,0.44,0.4394,0.94,0.0896,1
1,2011-03-22,2,0,3,2,1,1,0.44,0.4394,0.82,0.2239,5
1,2011-03-22,2,0,3,2,1,2,0.42,0.4242,0.82,0.1642,1
1,2011-03-22,2,0,3,2,1,2,0.4,0.4091,0.87,0.1343,12
2,2011-03-22,2,0,3,2,1,1,0.4,0.4091,0.87,0.2537,60
2,2011-03-22,2,0,3,2,1,2,0.4,0.4091,0.76,0.1045,136
2,2011-03-22,2,0,3,2,1,2,0.4,0.4091,0.58,0.2985,336
2,2011-03-22,2,0,3,2,1,2,0.4,0.4091,0.58,0.4627,178
2,2011-03-22,2,0,3,2,1,2,0.44,0.4394,0.54,0.2985,124
2,2011-03-22,2,0,3,2,1,1,0.44,0.4394,0.51,0.3284,86
3,2011-03-22,2,0,3,2,1,1,0.46,0.4545,0.47,0.2537,121
3,2011-03-22,2,0,3,2,1,1,0.5,0.4848,0.45,0.2239,106
3,2011-03-22,2,0,3,2,1,1,0.5,0.4848,0.42,0.3284,101
3,2011-03-22,2,0,3,2,1,1,0.5,0.4848,0.42,0.2239,134
3,2011-03-22,2,0,3,2,1,1,0.5,0.4848,0.42,0.1045,165
3,2011-03-22,2,0,3,2,1,1,0.5,0.4848,0.42,0.1045,307
4,2011-03-22,2,0,3,2,1,1,0.48,0.4697,0.44,0.0896,312
4,2011-03-22,2,0,3,2,1,2,0.44,0.4394,0.54,0.2537,164
4,2011-03-22,2,0,3,2,1,2,0.44,0.4394,0.54,0.3582,135
4,2011-03-22,2,0,3,2,1,2,0.42,0.4242,0.54,0.2836,87
4,2011-03-22,2,0,3,2,1,2,0.4,0.4091,0.58,0.2537,70
4,2011-03-22,2,0,3,2,1,2,0.4,0.4091,0.58,0.2537,32
1,2011-03-23,2,0,3,3,1,3,0.36,0.3485,0.71,0.2239,11
1,2011-03-23,2,0,3,3,1,3,0.34,0.3182,0.76,0.2239,7
1,2011-03-23,2,0,3,3,1,3,0.34,0.3182,0.76,0.2239,2
1,2011-03-23,2,0,3,3,1,2,0.34,0.3182,0.76,0.2537,3
1,2011-03-23,2,0,3,3,1,3,0.32,0.3182,0.87,0.194,10
2,2011-03-23,2,0,3,3,1,2,0.34,0.3182,0.87,0.2537,44
2,2011-03-23,2,0,3,3,1,2,0.32,0.303,0.93,0.2239,118
2,2011-03-23,2,0,3,3,1,2,0.32,0.3182,0.87,0.194,261
2,2011-03-23,2,0,3,3,1,2,0.32,0.303,0.81,0.2537,182
2,2011-03-23,2,0,3,3,1,2,0.34,0.3182,0.81,0.2836,75
2,2011-03-23,2,0,3,3,1,2,0.34,0.3333,0.87,0.194,71
3,2011-03-23,2,0,3,3,1,2,0.34,0.3182,0.87,0.2239,87
3,2011-03-23,2,0,3,3,1,3,0.34,0.3333,0.87,0.1343,108
3,2011-03-23,2,0,3,3,1,2,0.36,0.3636,0.87,0.1045,84
3,2011-03-23,2,0,3,3,1,2,0.38,0.3939,0.82,0.2239,85
3,2011-03-23,2,0,3,3,1,2,0.4,0.4091,0.76,0.2239,136
3,2011-03-23,2,0,3,3,1,2,0.4,0.4091,0.76,0.2239,273
4,2011-03-23,2,0,3,3,1,3,0.38,0.3939,0.82,0.2537,238
4,2011-03-23,2,0,3,3,1,3,0.38,0.3939,0.82,0.2537,159
4,2011-03-23,2,0,3,3,1,3,0.36,0.303,0.87,0.6418,75
4,2011-03-23,2,0,3,3,1,3,0.32,0.2879,1.0,0.4179,22
4,2011-03-23,2,0,3,3,1,2,0.32,0.3182,0.93,0.1642,44
4,2011-03-23,2,0,3,3,1,3,0.32,0.3333,0.9,0.0,26
1,2011-03-24,2,0,3,4,1,2,0.32,0.303,0.93,0.2239,11
1,2011-03-24,2,0,3,4,1,2,0.3,0.2879,1.0,0.2239,3
1,2011-03-24,2,0,3,4,1,2,0.3,0.2879,1.0,0.2537,6
1,2011-03-24,2,0,3,4,1,2,0.28,0.2727,1.0,0.194,1
1,2011-03-24,2,0,3,4,1,2,0.28,0.2727,1.0,0.194,1
1,2011-03-24,2,0,3,4,1,2,0.28,0.2727,0.93,0.2239,9
2,2011-03-24,2,0,3,4,1,2,0.28,0.2727,0.93,0.2239,41
2,2011-03-24,2,0,3,4,1,3,0.26,0.2576,1.0,0.2239,108
2,2011-03-24,2,0,3,4,1,3,0.26,0.2273,1.0,0.2985,124
2,2011-03-24,2,0,3,4,1,2,0.26,0.2576,0.93,0.2239,97
2,2011-03-24,2,0,3,4,1,2,0.26,0.2273,0.93,0.3284,65
2,2011-03-24,2,0,3,4,1,2,0.3,0.2727,0.81,0.2985,71
3,2011-03-24,2,0,3,4,1,2,0.3,0.2727,0.7,0.3284,94
3,2011-03-24,2,0,3,4,1,2,0.32,0.303,0.7,0.2239,101
3,2011-03-24,2,0,3,4,1,2,0.3,0.303,0.7,0.1343,83
3,2011-03-24,2,0,3,4,1,2,0.3,0.2879,0.7,0.2537,90
3,2011-03-24,2,0,3,4,1,2,0.3,0.2879,0.65,0.2239,84
3,2011-03-24,2,0,3,4,1,2,0.3,0.2879,0.7,0.2239,233
4,2011-03-24,2,0,3,4,1,2,0.3,0.2727,0.61,0.2985,214
4,2011-03-24,2,0,3,4,1,1,0.3,0.2727,0.56,0.3881,138
4,2011-03-24,2,0,3,4,1,1,0.28,0.2576,0.61,0.2836,118
4,2011-03-24,2,0,3,4,1,1,0.26,0.2576,0.65,0.2239,78
4,2011-03-24,2,0,3,4,1,1,0.26,0.2576,0.65,0.1642,62
4,2011-03-24,2,0,3,4,1,1,0.24,0.2273,0.65,0.194,33
1,2011-03-25,2,0,3,5,1,1,0.24,0.2273,0.6,0.194,18
1,2011-03-25,2,0,3,5,1,1,0.2,0.2121,0.69,0.1642,5
1,2011-03-25,2,0,3,5,1,1,0.2,0.197,0.69,0.2239,5
1,2011-03-25,2,0,3,5,1,1,0.2,0.2273,0.69,0.1045,2
1,2011-03-25,2,0,3,5,1,1,0.18,0.2121,0.74,0.1045,5
1,2011-03-25,2,0,3,5,1,1,0.18,0.197,0.74,0.1642,9
2,2011-03-25,2,0,3,5,1,1,0.18,0.1818,0.74,0.2239,32
2,2011-03-25,2,0,3,5,1,1,0.2,0.1818,0.59,0.3582,104
2,2011-03-25,2,0,3,5,1,1,0.22,0.2121,0.51,0.2836,237
2,2011-03-25,2,0,3,5,1,1,0.24,0.2121,0.48,0.2985,166
2,2011-03-25,2,0,3,5,1,1,0.26,0.2576,0.48,0.0,68
2,2011-03-25,2,0,3,5,1,1,0.3,0.2879,0.45,0.2836,75
3,2011-03-25,2,0,3,5,1,1,0.32,0.303,0.42,0.2537,145
3,2011-03-25,2,0,3,5,1,1,0.32,0.3182,0.39,0.194,138
3,2011-03-25,2,0,3,5,1,1,0.36,0.3333,0.32,0.3284,133
3,2011-03-25,2,0,3,5,1,2,0.34,0.3182,0.36,0.2537,122
3,2011-03-25,2,0,3,5,1,2,0.34,0.303,0.34,0.2985,150
3,2011-03-25,2,0,3,5,1,2,0.32,0.2879,0.36,0.3582,225
4,2011-03-25,2,0,3,5,1,1,0.3,0.2879,0.39,0.2537,198
4,2011-03-25,2,0,3,5,1,2,0.3,0.2879,0.36,0.2836,135
4,2011-03-25,2,0,3,5,1,2,0.3,0.303,0.39,0.1343,81
4,2011-03-25,2,0,3,5,1,2,0.3,0.303,0.39,0.1642,75
4,2011-03-25,2,0,3,5,1,2,0.28,0.2576,0.38,0.3284,43
4,2011-03-25,2,0,3,5,1,2,0.26,0.2424,0.38,0.2836,39
1,2011-03-26,2,0,3,6,0,2,0.26,0.2424,0.38,0.2836,28
1,2011-03-26,2,0,3,6,0,1,0.26,0.2273,0.38,0.2985,27
1,2011-03-26,2,0,3,6,0,1,0.22,0.2121,0.44,0.2239,25
1,2011-03-26,2,0,3,6,0,1,0.2,0.197,0.47,0.194,9
1,2011-03-26,2,0,3,6,0,1,0.22,0.2121,0.44,0.2239,6
1,2011-03-26,2,0,3,6,0,1,0.2,0.197,0.51,0.194,8
2,2011-03-26,2,0,3,6,0,1,0.18,0.1818,0.55,0.194,10
2,2011-03-26,2,0,3,6,0,1,0.2,0.197,0.51,0.194,41
2,2011-03-26,2,0,3,6,0,1,0.22,0.2273,0.44,0.1343,66
2,2011-03-26,2,0,3,6,0,1,0.24,0.2424,0.41,0.1343,100
2,2011-03-26,2,0,3,6,0,1,0.26,0.2576,0.41,0.1642,125
2,2011-03-26,2,0,3,6,0,1,0.28,0.2727,0.38,0.1642,168
3,2011-03-26,2,0,3,6,0,1,0.3,0.2879,0.36,0.194,227
3,2011-03-26,2,0,3,6,0,1,0.32,0.303,0.33,0.2239,239
3,2011-03-26,2,0,3,6,0,1,0.34,0.3182,0.29,0.2239,216
3,2011-03-26,2,0,3,6,0,1,0.34,0.3333,0.29,0.194,219
3,2011-03-26,2,0,3,6,0,1,0.34,0.3333,0.23,0.194,248
3,2011-03-26,2,0,3,6,0,1,0.32,0.303,0.24,0.2239,203
4,2011-03-26,2,0,3,6,0,2,0.32,0.3182,0.21,0.1642,153
4,2011-03-26,2,0,3,6,0,2,0.28,0.2727,0.45,0.2537,138
4,2011-03-26,2,0,3,6,0,2,0.28,0.2727,0.45,0.2537,85
4,2011-03-26,2,0,3,6,0,2,0.26,0.2576,0.44,0.194,51
4,2011-03-26,2,0,3,6,0,2,0.28,0.2727,0.41,0.2239,63
4,2011-03-26,2,0,3,6,0,2,0.26,0.2424,0.44,0.2836,41
1,2011-03-27,2,0,3,0,0,2,0.26,0.2576,0.41,0.1642,31
1,2011-03-27,2,0,3,0,0,2,0.24,0.2273,0.52,0.194,20
1,2011-03-27,2,0,3,0,0,3,0.22,0.2273,0.55,0.194,21
1,2011-03-27,2,0,3,0,0,3,0.2,0.197,0.69,0.2239,14
1,2011-03-27,2,0,3,0,0,3,0.18,0.197,0.74,0.1642,6
2,2011-03-27,2,0,3,0,0,3,0.16,0.1818,0.86,0.1343,2
2,2011-03-27,2,0,3,0,0,3,0.16,0.1667,0.86,0.1642,7
2,2011-03-27,2,0,3,0,0,1,0.2,0.197,0.69,0.2239,14
2,2011-03-27,2,0,3,0,0,1,0.22,0.2273,0.55,0.1343,54
2,2011-03-27,2,0,3,0,0,2,0.22,0.2121,0.55,0.2239,86
2,2011-03-27,2,0,3,0,0,2,0.24,0.2424,0.48,0.1642,108
3,2011-03-27,2,0,3,0,0,2,0.26,0.2576,0.44,0.2239,163
3,2011-03-27,2,0,3,0,0,1,0.3,0.2879,0.39,0.2239,147
3,2011-03-27,2,0,3,0,0,1,0.32,0.3182,0.36,0.1642,164
3,2011-03-27,2,0,3,0,0,1,0.32,0.303,0.36,0.2836,172
3,2011-03-27,2,0,3,0,0,1,0.34,0.3333,0.34,0.0,143
3,2011-03-27,2,0,3,0,0,1,0.32,0.303,0.31,0.2537,159
4,2011-03-27,2,0,3,0,0,1,0.3,0.2879,0.33,0.194,137
4,2011-03-27,2,0,3,0,0,1,0.3,0.2879,0.31,0.2239,103
4,2011-03-27,2,0,3,0,0,1,0.28,0.2727,0.36,0.1642,57
4,2011-03-27,2,0,3,0,0,1,0.26,0.2576,0.41,0.1642,36
4,2011-03-27,2,0,3,0,0,1,0.26,0.2576,0.41,0.1642,30
4,2011-03-27,2,0,3,0,0,1,0.26,0.2576,0.44,0.194,19
1,2011-03-28,2,0,3,1,1,1,0.22,0.2273,0.55,0.194,12
1,2011-03-28,2,0,3,1,1,1,0.22,0.2273,0.44,0.194,6
1,2011-03-28,2,0,3,1,1,1,0.22,0.2273,0.44,0.1642,5
1,2011-03-28,2,0,3,1,1,1,0.22,0.2273,0.44,0.1642,2
1,2011-03-28,2,0,3,1,1,1,0.18,0.1818,0.43,0.194,8
2,2011-03-28,2,0,3,1,1,1,0.18,0.1667,0.34,0.2836,40
2,2011-03-28,2,0,3,1,1,1,0.2,0.1818,0.32,0.3284,110
2,2011-03-28,2,0,3,1,1,1,0.2,0.197,0.34,0.2239,254
2,2011-03-28,2,0,3,1,1,2,0.22,0.2121,0.32,0.2239,121
2,2011-03-28,2,0,3,1,1,1,0.24,0.2273,0.3,0.194,69
2,2011-03-28,2,0,3,1,1,2,0.26,0.2424,0.3,0.2836,57
3,2011-03-28,2,0,3,1,1,2,0.26,0.2727,0.25,0.0,79
3,2011-03-28,2,0,3,1,1,2,0.3,0.2879,0.24,0.2239,83
3,2011-03-28,2,0,3,1,1,1,0.32,0.303,0.22,0.2239,80
3,2011-03-28,2,0,3,1,1,1,0.32,0.303,0.24,0.2836,72
3,2011-03-28,2,0,3,1,1,1,0.34,0.3182,0.23,0.2239,132
3,2011-03-28,2,0,3,1,1,1,0.34,0.303,0.23,0.2985,252
4,2011-03-28,2,0,3,1,1,1,0.32,0.303,0.21,0.2836,241
4,2011-03-28,2,0,3,1,1,1,0.3,0.303,0.22,0.1343,173
4,2011-03-28,2,0,3,1,1,1,0.32,0.3333,0.22,0.1045,112
4,2011-03-28,2,0,3,1,1,1,0.32,0.3333,0.21,0.1343,61
4,2011-03-28,2,0,3,1,1,1,0.3,0.2879,0.22,0.2239,40
4,2011-03-28,2,0,3,1,1,1,0.28,0.2576,0.24,0.2985,19
1,2011-03-29,2,0,3,2,1,1,0.26,0.2273,0.28,0.3284,16
1,2011-03-29,2,0,3,2,1,1,0.24,0.2121,0.32,0.2985,4
1,2011-03-29,2,0,3,2,1,1,0.24,0.2121,0.32,0.2985,3
1,2011-03-29,2,0,3,2,1,1,0.24,0.2121,0.32,0.2985,3
1,2011-03-29,2,0,3,2,1,1,0.2,0.2121,0.44,0.1642,2
1,2011-03-29,2,0,3,2,1,1,0.22,0.2121,0.37,0.2537,8
2,2011-03-29,2,0,3,2,1,1,0.22,0.2121,0.41,0.2985,50
2,2011-03-29,2,0,3,2,1,1,0.22,0.197,0.41,0.3582,133
2,2011-03-29,2,0,3,2,1,1,0.24,0.2121,0.35,0.3582,287
2,2011-03-29,2,0,3,2,1,1,0.28,0.2576,0.28,0.3881,172
2,2011-03-29,2,0,3,2,1,1,0.3,0.2727,0.24,0.2985,59
2,2011-03-29,2,0,3,2,1,2,0.34,0.303,0.25,0.3881,81
3,2011-03-29,2,0,3,2,1,1,0.34,0.3333,0.25,0.1642,106
3,2011-03-29,2,0,3,2,1,1,0.34,0.303,0.25,0.2985,104
3,2011-03-29,2,0,3,2,1,1,0.36,0.3333,0.25,0.2537,86
3,2011-03-29,2,0,3,2,1,1,0.38,0.3939,0.25,0.2239,87
3,2011-03-29,2,0,3,2,1,1,0.38,0.3939,0.22,0.1642,136
3,2011-03-29,2,0,3,2,1,1,0.4,0.4091,0.2,0.1343,299
4,2011-03-29,2,0,3,2,1,1,0.36,0.3636,0.21,0.0896,294
4,2011-03-29,2,0,3,2,1,1,0.34,0.3333,0.23,0.194,190
4,2011-03-29,2,0,3,2,1,1,0.36,0.3636,0.21,0.0896,132
4,2011-03-29,2,0,3,2,1,1,0.34,0.3636,0.42,0.0,83
4,2011-03-29,2,0,3,2,1,1,0.34,0.3636,0.49,0.0,55
4,2011-03-29,2,0,3,2,1,2,0.32,0.3333,0.57,0.1045,35
1,2011-03-30,2,0,3,3,1,2,0.32,0.3485,0.57,0.0,11
1,2011-03-30,2,0,3,3,1,1,0.32,0.3485,0.39,0.0,10
1,2011-03-30,2,0,3,3,1,2,0.32,0.3485,0.57,0.0,4
1,2011-03-30,2,0,3,3,1,2,0.32,0.3485,0.49,0.0,4
1,2011-03-30,2,0,3,3,1,2,0.32,0.3485,0.57,0.0,1
1,2011-03-30,2,0,3,3,1,2,0.3,0.2879,0.56,0.194,7
2,2011-03-30,2,0,3,3,1,2,0.3,0.303,0.49,0.1343,48
2,2011-03-30,2,0,3,3,1,2,0.32,0.3333,0.45,0.1045,136
2,2011-03-30,2,0,3,3,1,2,0.32,0.3182,0.49,0.1642,263
2,2011-03-30,2,0,3,3,1,2,0.32,0.303,0.45,0.2239,154
2,2011-03-30,2,0,3,3,1,2,0.34,0.3182,0.46,0.2239,64
2,2011-03-30,2,0,3,3,1,2,0.34,0.3182,0.46,0.2537,90
3,2011-03-30,2,0,3,3,1,2,0.34,0.3333,0.46,0.1642,80
3,2011-03-30,2,0,3,3,1,2,0.36,0.3485,0.46,0.2239,98
3,2011-03-30,2,0,3,3,1,2,0.36,0.3333,0.46,0.2985,80
3,2011-03-30,2,0,3,3,1,3,0.28,0.2576,0.81,0.2985,70
3,2011-03-30,2,0,3,3,1,3,0.28,0.2727,0.87,0.2537,36
3,2011-03-30,2,0,3,3,1,3,0.26,0.2727,0.93,0.1045,116
4,2011-03-30,2,0,3,3,1,2,0.26,0.2576,0.93,0.2239,85
4,2011-03-30,2,0,3,3,1,2,0.26,0.2576,0.93,0.2239,72
4,2011-03-30,2,0,3,3,1,3,0.24,0.2121,0.93,0.2985,44
4,2011-03-30,2,0,3,3,1,2,0.24,0.2273,0.93,0.2537,27
4,2011-03-30,2,0,3,3,1,3,0.24,0.2273,0.93,0.2239,24
4,2011-03-30,2,0,3,3,1,3,0.24,0.2121,0.93,0.2836,12
1,2011-03-31,2,0,3,4,1,3,0.24,0.2273,0.93,0.2239,3
1,2011-03-31,2,0,3,4,1,3,0.24,0.2273,0.93,0.194,5
1,2011-03-31,2,0,3,4,1,3,0.24,0.2273,0.93,0.194,5
1,2011-03-31,2,0,3,4,1,3,0.24,0.2273,0.93,0.2239,1
1,2011-03-31,2,0,3,4,1,3,0.24,0.2273,0.93,0.2537,2
1,2011-03-31,2,0,3,4,1,3,0.24,0.2273,0.93,0.2239,8
2,2011-03-31,2,0,3,4,1,3,0.24,0.2121,0.93,0.2985,36
2,2011-03-31,2,0,3,4,1,3,0.24,0.2273,0.93,0.2537,92
2,2011-03-31,2,0,3,4,1,2,0.24,0.2273,1.0,0.2537,192
2,2011-03-31,2,0,3,4,1,3,0.26,0.2424,0.93,0.2537,132
2,2011-03-31,2,0,3,4,1,3,0.26,0.2424,0.93,0.2537,69
2,2011-03-31,2,0,3,4,1,3,0.28,0.2727,0.93,0.194,58
3,2011-03-31,2,0,3,4,1,3,0.28,0.2727,0.93,0.194,90
3,2011-03-31,2,0,3,4,1,3,0.3,0.303,0.87,0.1343,68
3,2011-03-31,2,0,3,4,1,3,0.3,0.303,0.87,0.1343,76
3,2011-03-31,2,0,3,4,1,3,0.3,0.2727,0.87,0.2985,65
3,2011-03-31,2,0,3,4,1,2,0.3,0.2879,0.87,0.2537,85
3,2011-03-31,2,0,3,4,1,2,0.3,0.2879,0.87,0.2537,168
4,2011-03-31,2,0,3,4,1,2,0.3,0.303,0.87,0.1343,177
4,2011-03-31,2,0,3,4,1,2,0.3,0.303,0.87,0.1343,130
4,2011-03-31,2,0,3,4,1,3,0.28,0.2576,0.93,0.2836,85
4,2011-03-31,2,0,3,4,1,2,0.28,0.2727,0.93,0.1642,60
4,2011-03-31,2,0,3,4,1,3,0.28,0.2727,0.93,0.2537,51
4,2011-03-31,2,0,3,4,1,3,0.26,0.2576,1.0,0.1642,27
1,2011-04-01,2,0,4,5,1,3,0.26,0.2576,1.0,0.1642,6
1,2011-04-01,2,0,4,5,1,3,0.26,0.2576,1.0,0.1642,4
1,2011-04-01,2,0,4,5,1,3,0.26,0.2576,0.93,0.194,7
1,2011-04-01,2,0,4,5,1,2,0.24,0.2273,0.93,0.2537,4
1,2011-04-01,2,0,4,5,1,2,0.24,0.2273,0.93,0.2537,3
1,2011-04-01,2,0,4,5,1,3,0.24,0.2273,0.93,0.2239,12
2,2011-04-01,2,0,4,5,1,3,0.24,0.2273,0.93,0.2239,28
2,2011-04-01,2,0,4,5,1,3,0.24,0.2424,0.93,0.0,95
2,2011-04-01,2,0,4,5,1,2,0.26,0.2424,0.87,0.2537,206
2,2011-04-01,2,0,4,5,1,1,0.32,0.2879,0.7,0.3582,173
2,2011-04-01,2,0,4,5,1,1,0.32,0.303,0.66,0.2836,75
2,2011-04-01,2,0,4,5,1,1,0.32,0.2879,0.61,0.3582,89
3,2011-04-01,2,0,4,5,1,1,0.34,0.303,0.53,0.3582,95
3,2011-04-01,2,0,4,5,1,1,0.36,0.3333,0.5,0.3582,110
3,2011-04-01,2,0,4,5,1,2,0.36,0.3333,0.46,0.3582,87
3,2011-04-01,2,0,4,5,1,1,0.34,0.303,0.46,0.4179,111
3,2011-04-01,2,0,4,5,1,1,0.34,0.303,0.46,0.4179,167
3,2011-04-01,2,0,4,5,1,1,0.34,0.303,0.46,0.3284,281
4,2011-04-01,2,0,4,5,1,1,0.34,0.303,0.46,0.3284,241
4,2011-04-01,2,0,4,5,1,1,0.34,0.303,0.49,0.3284,136
4,2011-04-01,2,0,4,5,1,1,0.32,0.3182,0.53,0.194,77
4,2011-04-01,2,0,4,5,1,1,0.32,0.3333,0.53,0.1343,93
4,2011-04-01,2,0,4,5,1,1,0.3,0.303,0.56,0.1642,74
4,2011-04-01,2,0,4,5,1,1,0.3,0.3182,0.61,0.0896,53
1,2011-04-02,2,0,4,6,0,2,0.3,0.3333,0.61,0.0,32
1,2011-04-02,2,0,4,6,0,1,0.26,0.2727,0.65,0.1343,32
1,2011-04-02,2,0,4,6,0,1,0.24,0.2424,0.75,0.1343,21
1,2011-04-02,2,0,4,6,0,1,0.24,0.2424,0.7,0.1642,9
1,2011-04-02,2,0,4,6,0,1,0.24,0.2424,0.7,0.1642,5
1,2011-04-02,2,0,4,6,0,2,0.24,0.2424,0.75,0.1642,5
2,2011-04-02,2,0,4,6,0,1,0.26,0.2727,0.7,0.1045,12
2,2011-04-02,2,0,4,6,0,2,0.26,0.2727,0.7,0.1045,18
2,2011-04-02,2,0,4,6,0,1,0.3,0.3182,0.7,0.1045,55
2,2011-04-02,2,0,4,6,0,2,0.34,0.3485,0.66,0.1045,87
2,2011-04-02,2,0,4,6,0,2,0.36,0.3485,0.57,0.1642,154
2,2011-04-02,2,0,4,6,0,2,0.4,0.4091,0.47,0.1642,198
3,2011-04-02,2,0,4,6,0,3,0.32,0.3333,0.81,0.1343,184
3,2011-04-02,2,0,4,6,0,1,0.34,0.3333,0.81,0.1343,137
3,2011-04-02,2,0,4,6,0,3,0.32,0.303,0.76,0.3284,190
3,2011-04-02,2,0,4,6,0,3,0.34,0.303,0.76,0.3881,136
3,2011-04-02,2,0,4,6,0,1,0.38,0.3939,0.62,0.3284,196
3,2011-04-02,2,0,4,6,0,1,0.38,0.3939,0.54,0.3582,184
4,2011-04-02,2,0,4,6,0,1,0.38,0.3939,0.54,0.194,179
4,2011-04-02,2,0,4,6,0,1,0.36,0.3333,0.53,0.3582,148
4,2011-04-02,2,0,4,6,0,1,0.34,0.3182,0.53,0.2836,85
4,2011-04-02,2,0,4,6,0,1,0.32,0.303,0.61,0.2537,77
4,2011-04-02,2,0,4,6,0,1,0.32,0.303,0.61,0.2985,55
4,2011-04-02,2,0,4,6,0,1,0.32,0.3182,0.61,0.1642,53
1,2011-04-03,2,0,4,0,0,1,0.3,0.2879,0.65,0.194,39
1,2011-04-03,2,0,4,0,0,1,0.3,0.3182,0.61,0.1045,34
1,2011-04-03,2,0,4,0,0,1,0.26,0.2727,0.7,0.1343,24
1,2011-04-03,2,0,4,0,0,1,0.3,0.3333,0.61,0.0,11
1,2011-04-03,2,0,4,0,0,1,0.28,0.303,0.7,0.0896,3
1,2011-04-03,2,0,4,0,0,1,0.28,0.2727,0.65,0.2239,5
2,2011-04-03,2,0,4,0,0,1,0.28,0.2727,0.65,0.194,33
2,2011-04-03,2,0,4,0,0,1,0.32,0.303,0.57,0.2239,33
2,2011-04-03,2,0,4,0,0,1,0.34,0.3333,0.57,0.1642,62
2,2011-04-03,2,0,4,0,0,1,0.36,0.3182,0.5,0.4925,142
2,2011-04-03,2,0,4,0,0,1,0.4,0.4091,0.43,0.4179,215
2,2011-04-03,2,0,4,0,0,1,0.42,0.4242,0.41,0.2537,243
3,2011-04-03,2,0,4,0,0,1,0.44,0.4394,0.38,0.2836,313
3,2011-04-03,2,0,4,0,0,1,0.44,0.4394,0.33,0.2985,367
3,2011-04-03,2,0,4,0,0,1,0.46,0.4545,0.31,0.1343,349
3,2011-04-03,2,0,4,0,0,2,0.46,0.4545,0.33,0.0,292
3,2011-04-03,2,0,4,0,0,2,0.46,0.4545,0.31,0.194,303
3,2011-04-03,2,0,4,0,0,2,0.46,0.4545,0.28,0.1343,274
4,2011-04-03,2,0,4,0,0,2,0.46,0.4545,0.31,0.0,172
4,2011-04-03,2,0,4,0,0,2,0.42,0.4242,0.44,0.194,144
4,2011-04-03,2,0,4,0,0,3,0.42,0.4242,0.41,0.2239,79
4,2011-04-03,2,0,4,0,0,2,0.42,0.4242,0.44,0.2239,45
4,2011-04-03,2,0,4,0,0,1,0.4,0.4091,0.43,0.1045,36
4,2011-04-03,2,0,4,0,0,1,0.4,0.4091,0.5,0.0896,31
1,2011-04-04,2,0,4,1,1,1,0.4,0.4091,0.5,0.2239,6
1,2011-04-04,2,0,4,1,1,1,0.4,0.4091,0.56,0.3582,11
1,2011-04-04,2,0,4,1,1,1,0.38,0.3939,0.66,0.2537,2
1,2011-04-04,2,0,4,1,1,1,0.38,0.3939,0.66,0.2836,1
1,2011-04-04,2,0,4,1,1,1,0.38,0.3939,0.71,0.2985,2
1,2011-04-04,2,0,4,1,1,1,0.4,0.4091,0.62,0.2537,7
2,2011-04-04,2,0,4,1,1,1,0.42,0.4242,0.58,0.2836,46
2,2011-04-04,2,0,4,1,1,2,0.44,0.4394,0.54,0.2537,157
2,2011-04-04,2,0,4,1,1,2,0.46,0.4545,0.55,0.2985,339
2,2011-04-04,2,0,4,1,1,2,0.5,0.4848,0.51,0.3881,158
2,2011-04-04,2,0,4,1,1,2,0.54,0.5152,0.45,0.3582,90
2,2011-04-04,2,0,4,1,1,1,0.6,0.6212,0.4,0.3881,124
3,2011-04-04,2,0,4,1,1,1,0.64,0.6212,0.36,0.4627,157
3,2011-04-04,2,0,4,1,1,1,0.68,0.6364,0.34,0.3284,139
3,2011-04-04,2,0,4,1,1,2,0.74,0.6515,0.27,0.4925,123
3,2011-04-04,2,0,4,1,1,1,0.76,0.6667,0.23,0.5522,143
3,2011-04-04,2,0,4,1,1,1,0.76,0.6515,0.22,0.5224,189
3,2011-04-04,2,0,4,1,1,1,0.74,0.6515,0.23,0.6119,366
4,2011-04-04,2,0,4,1,1,2,0.72,0.6364,0.23,0.4925,386
4,2011-04-04,2,0,4,1,1,1,0.7,0.6364,0.24,0.4627,278
4,2011-04-04,2,0,4,1,1,2,0.7,0.6364,0.24,0.5522,173
4,2011-04-04,2,0,4,1,1,2,0.7,0.6364,0.3,0.4478,95
4,2011-04-04,2,0,4,1,1,2,0.68,0.6364,0.36,0.4627,75
4,2011-04-04,2,0,4,1,1,2,0.64,0.6212,0.47,0.2239,48
1,2011-04-05,2,0,4,2,1,1,0.62,0.6212,0.5,0.1045,22
1,2011-04-05,2,0,4,2,1,3,0.62,0.6212,0.57,0.4179,15
1,2011-04-05,2,0,4,2,1,2,0.54,0.5152,0.73,0.3284,5
1,2011-04-05,2,0,4,2,1,2,0.54,0.5152,0.73,0.3284,4
1,2011-04-05,2,0,4,2,1,3,0.5,0.4848,0.88,0.4925,2
1,2011-04-05,2,0,4,2,1,3,0.46,0.4545,0.94,0.2985,5
2,2011-04-05,2,0,4,2,1,2,0.48,0.4697,0.88,0.3284,38
2,2011-04-05,2,0,4,2,1,2,0.48,0.4697,0.88,0.3284,134
2,2011-04-05,2,0,4,2,1,3,0.38,0.3939,0.87,0.5821,157
2,2011-04-05,2,0,4,2,1,3,0.36,0.3182,0.87,0.4925,46
2,2011-04-05,2,0,4,2,1,3,0.34,0.303,0.81,0.3881,28
2,2011-04-05,2,0,4,2,1,3,0.32,0.2879,0.81,0.4478,19
3,2011-04-05,2,0,4,2,1,2,0.34,0.303,0.71,0.3881,38
3,2011-04-05,2,0,4,2,1,2,0.36,0.3333,0.63,0.4179,56
3,2011-04-05,2,0,4,2,1,2,0.36,0.3182,0.57,0.4925,76
3,2011-04-05,2,0,4,2,1,1,0.4,0.4091,0.46,0.4627,68
3,2011-04-05,2,0,4,2,1,1,0.38,0.3939,0.46,0.4179,130
3,2011-04-05,2,0,4,2,1,1,0.42,0.4242,0.38,0.4179,273
4,2011-04-05,2,0,4,2,1,1,0.38,0.3939,0.4,0.4925,267
4,2011-04-05,2,0,4,2,1,1,0.36,0.3333,0.43,0.2985,160
4,2011-04-05,2,0,4,2,1,1,0.34,0.3182,0.46,0.2836,91
4,2011-04-05,2,0,4,2,1,1,0.34,0.2879,0.46,0.5224,89
4,2011-04-05,2,0,4,2,1,1,0.32,0.303,0.49,0.2985,46
4,2011-04-05,2,0,4,2,1,1,0.3,0.2879,0.49,0.2836,26
1,2011-04-06,2,0,4,3,1,1,0.3,0.3182,0.49,0.1045,15
1,2011-04-06,2,0,4,3,1,1,0.26,0.2727,0.6,0.1343,2
1,2011-04-06,2,0,4,3,1,1,0.24,0.2424,0.7,0.1343,5
1,2011-04-06,2,0,4,3,1,1,0.26,0.2727,0.6,0.1343,4
1,2011-04-06,2,0,4,3,1,1,0.24,0.2424,0.65,0.1343,1
1,2011-04-06,2,0,4,3,1,1,0.24,0.2576,0.7,0.1045,13
2,2011-04-06,2,0,4,3,1,1,0.24,0.2576,0.7,0.1045,56
2,2011-04-06,2,0,4,3,1,1,0.26,0.2727,0.65,0.1045,133
2,2011-04-06,2,0,4,3,1,1,0.32,0.303,0.61,0.2239,325
2,2011-04-06,2,0,4,3,1,1,0.36,0.3333,0.46,0.2537,165
2,2011-04-06,2,0,4,3,1,1,0.4,0.4091,0.37,0.3881,69
2,2011-04-06,2,0,4,3,1,1,0.42,0.4242,0.38,0.3881,93
3,2011-04-06,2,0,4,3,1,1,0.44,0.4394,0.41,0.2537,134
3,2011-04-06,2,0,4,3,1,1,0.46,0.4545,0.38,0.4925,112
3,2011-04-06,2,0,4,3,1,1,0.5,0.4848,0.34,0.4179,115
3,2011-04-06,2,0,4,3,1,1,0.52,0.5,0.32,0.3284,117
3,2011-04-06,2,0,4,3,1,1,0.54,0.5152,0.28,0.4179,169
3,2011-04-06,2,0,4,3,1,1,0.52,0.5,0.32,0.4478,356
4,2011-04-06,2,0,4,3,1,1,0.52,0.5,0.29,0.3582,325
4,2011-04-06,2,0,4,3,1,1,0.5,0.4848,0.31,0.2985,232
4,2011-04-06,2,0,4,3,1,1,0.46,0.4545,0.51,0.2239,141
4,2011-04-06,2,0,4,3,1,1,0.46,0.4545,0.41,0.2836,102
4,2011-04-06,2,0,4,3,1,1,0.46,0.4545,0.41,0.2836,84
4,2011-04-06,2,0,4,3,1,1,0.46,0.4545,0.41,0.2985,40
1,2011-04-07,2,0,4,4,1,1,0.46,0.4545,0.41,0.2836,20
1,2011-04-07,2,0,4,4,1,1,0.42,0.4242,0.47,0.1343,13
1,2011-04-07,2,0,4,4,1,1,0.42,0.4242,0.54,0.0,7
1,2011-04-07,2,0,4,4,1,1,0.36,0.3485,0.66,0.194,3
1,2011-04-07,2,0,4,4,1,1,0.34,0.3333,0.76,0.194,1
1,2011-04-07,2,0,4,4,1,1,0.34,0.3182,0.76,0.2239,6
2,2011-04-07,2,0,4,4,1,1,0.32,0.303,0.81,0.2537,64
2,2011-04-07,2,0,4,4,1,2,0.34,0.3333,0.76,0.1642,160
2,2011-04-07,2,0,4,4,1,1,0.36,0.3485,0.76,0.194,314
2,2011-04-07,2,0,4,4,1,2,0.4,0.4091,0.66,0.1343,170
2,2011-04-07,2,0,4,4,1,2,0.42,0.4242,0.67,0.1045,95
2,2011-04-07,2,0,4,4,1,2,0.46,0.4545,0.55,0.0,122
3,2011-04-07,2,0,4,4,1,2,0.46,0.4545,0.55,0.0,153
3,2011-04-07,2,0,4,4,1,2,0.52,0.5,0.48,0.0896,135
3,2011-04-07,2,0,4,4,1,1,0.56,0.5303,0.43,0.0896,157
3,2011-04-07,2,0,4,4,1,1,0.6,0.6212,0.38,0.1045,160
3,2011-04-07,2,0,4,4,1,1,0.6,0.6212,0.35,0.0,213
3,2011-04-07,2,0,4,4,1,1,0.52,0.5,0.52,0.2836,343
4,2011-04-07,2,0,4,4,1,1,0.48,0.4697,0.55,0.2537,333
4,2011-04-07,2,0,4,4,1,1,0.46,0.4545,0.59,0.2985,226
4,2011-04-07,2,0,4,4,1,1,0.44,0.4394,0.62,0.1642,203
4,2011-04-07,2,0,4,4,1,2,0.44,0.4394,0.67,0.2836,108
4,2011-04-07,2,0,4,4,1,2,0.4,0.4091,0.76,0.194,81
4,2011-04-07,2,0,4,4,1,1,0.38,0.3939,0.76,0.2537,54
1,2011-04-08,2,0,4,5,1,2,0.36,0.3485,0.76,0.2239,25
1,2011-04-08,2,0,4,5,1,2,0.34,0.3333,0.76,0.1343,9
1,2011-04-08,2,0,4,5,1,3,0.34,0.3333,0.76,0.1642,13
1,2011-04-08,2,0,4,5,1,3,0.34,0.3333,0.76,0.1642,1
1,2011-04-08,2,0,4,5,1,2,0.34,0.3333,0.86,0.1343,1
1,2011-04-08,2,0,4,5,1,2,0.32,0.3182,0.87,0.194,9
2,2011-04-08,2,0,4,5,1,2,0.34,0.3636,0.87,0.0,35
2,2011-04-08,2,0,4,5,1,3,0.34,0.3333,0.87,0.1642,113
2,2011-04-08,2,0,4,5,1,3,0.34,0.3333,0.87,0.1642,221
2,2011-04-08,2,0,4,5,1,2,0.36,0.3485,0.76,0.194,185
2,2011-04-08,2,0,4,5,1,2,0.36,0.3333,0.71,0.2836,73
2,2011-04-08,2,0,4,5,1,2,0.4,0.4091,0.62,0.3881,98
3,2011-04-08,2,0,4,5,1,3,0.38,0.3939,0.66,0.2239,80
3,2011-04-08,2,0,4,5,1,3,0.36,0.3333,0.76,0.2836,42
3,2011-04-08,2,0,4,5,1,3,0.34,0.3182,0.87,0.2239,15
3,2011-04-08,2,0,4,5,1,3,0.34,0.3182,0.87,0.2239,25
3,2011-04-08,2,0,4,5,1,2,0.32,0.303,0.93,0.2537,60
3,2011-04-08,2,0,4,5,1,3,0.32,0.303,0.93,0.2537,148
4,2011-04-08,2,0,4,5,1,3,0.32,0.303,0.93,0.2537,62
4,2011-04-08,2,0,4,5,1,3,0.3,0.2727,0.93,0.4179,53
4,2011-04-08,2,0,4,5,1,2,0.3,0.2727,0.93,0.3284,63
4,2011-04-08,2,0,4,5,1,2,0.3,0.2879,0.93,0.2537,54
4,2011-04-08,2,0,4,5,1,2,0.3,0.2727,0.93,0.2985,51
4,2011-04-08,2,0,4,5,1,2,0.3,0.2879,0.93,0.2239,35
1,2011-04-09,2,0,4,6,0,2,0.3,0.2879,0.87,0.2239,31
1,2011-04-09,2,0,4,6,0,2,0.3,0.303,0.87,0.1343,20
1,2011-04-09,2,0,4,6,0,2,0.32,0.303,0.87,0.2239,17
1,2011-04-09,2,0,4,6,0,3,0.3,0.2879,1.0,0.2537,14
1,2011-04-09,2,0,4,6,0,3,0.3,0.2727,1.0,0.2537,3
1,2011-04-09,2,0,4,6,0,2,0.3,0.2879,0.93,0.2239,5
2,2011-04-09,2,0,4,6,0,2,0.3,0.2879,0.93,0.194,13
2,2011-04-09,2,0,4,6,0,2,0.3,0.303,0.93,0.1642,21
2,2011-04-09,2,0,4,6,0,2,0.32,0.303,0.93,0.1642,54
2,2011-04-09,2,0,4,6,0,2,0.34,0.3485,0.87,0.1045,98
2,2011-04-09,2,0,4,6,0,2,0.34,0.3333,0.87,0.1343,133
2,2011-04-09,2,0,4,6,0,2,0.36,0.3636,0.81,0.0,142
3,2011-04-09,2,0,4,6,0,2,0.36,0.3485,0.81,0.1343,202
3,2011-04-09,2,0,4,6,0,2,0.36,0.3788,0.81,0.0,222
3,2011-04-09,2,0,4,6,0,2,0.36,0.3485,0.81,0.1343,212
3,2011-04-09,2,0,4,6,0,2,0.36,0.3788,0.87,0.0,201
3,2011-04-09,2,0,4,6,0,2,0.38,0.3939,0.82,0.0,191
3,2011-04-09,2,0,4,6,0,2,0.38,0.3939,0.82,0.0896,257
4,2011-04-09,2,0,4,6,0,2,0.38,0.3939,0.82,0.1045,177
4,2011-04-09,2,0,4,6,0,2,0.38,0.3939,0.82,0.1343,130
4,2011-04-09,2,0,4,6,0,2,0.38,0.3939,0.87,0.1642,93
4,2011-04-09,2,0,4,6,0,2,0.36,0.3485,0.93,0.1343,75
4,2011-04-09,2,0,4,6,0,2,0.36,0.3485,0.93,0.1343,87
4,2011-04-09,2,0,4,6,0,2,0.38,0.3939,0.87,0.0896,57
1,2011-04-10,2,0,4,0,0,2,0.38,0.3939,0.87,0.0896,53
1,2011-04-10,2,0,4,0,0,2,0.38,0.3939,0.87,0.1343,37
1,2011-04-10,2,0,4,0,0,2,0.38,0.3939,0.87,0.0896,36
1,2011-04-10,2,0,4,0,0,2,0.38,0.3939,0.87,0.1343,16
1,2011-04-10,2,0,4,0,0,2,0.36,0.3636,0.93,0.1045,5
1,2011-04-10,2,0,4,0,0,2,0.36,0.3636,0.93,0.0896,4
2,2011-04-10,2,0,4,0,0,2,0.36,0.3636,0.93,0.0896,4
2,2011-04-10,2,0,4,0,0,2,0.36,0.3636,1.0,0.0896,10
2,2011-04-10,2,0,4,0,0,2,0.38,0.3939,0.94,0.0896,55
2,2011-04-10,2,0,4,0,0,2,0.38,0.3939,0.94,0.1343,81
2,2011-04-10,2,0,4,0,0,2,0.4,0.4091,0.87,0.0,150
2,2011-04-10,2,0,4,0,0,2,0.4,0.4091,0.87,0.1343,202
3,2011-04-10,2,0,4,0,0,2,0.42,0.4242,0.88,0.1343,230
3,2011-04-10,2,0,4,0,0,1,0.46,0.4545,0.82,0.1045,263
3,2011-04-10,2,0,4,0,0,1,0.5,0.4848,0.72,0.194,281
3,2011-04-10,2,0,4,0,0,1,0.5,0.4848,0.77,0.2239,297
3,2011-04-10,2,0,4,0,0,2,0.52,0.5,0.72,0.1642,288
3,2011-04-10,2,0,4,0,0,2,0.52,0.5,0.72,0.194,236
4,2011-04-10,2,0,4,0,0,1,0.5,0.4848,0.77,0.194,240
4,2011-04-10,2,0,4,0,0,1,0.5,0.4848,0.77,0.194,131
4,2011-04-10,2,0,4,0,0,1,0.46,0.4545,0.82,0.1343,92
4,2011-04-10,2,0,4,0,0,1,0.44,0.4394,0.88,0.194,95
4,2011-04-10,2,0,4,0,0,1,0.44,0.4394,0.94,0.2537,57
4,2011-04-10,2,0,4,0,0,1,0.46,0.4545,0.88,0.3582,32
1,2011-04-11,2,0,4,1,1,1,0.48,0.4697,0.88,0.3284,23
1,2011-04-11,2,0,4,1,1,1,0.46,0.4545,0.94,0.2836,4
1,2011-04-11,2,0,4,1,1,1,0.46,0.4545,0.94,0.2836,9
1,2011-04-11,2,0,4,1,1,1,0.46,0.4545,0.94,0.194,1
1,2011-04-11,2,0,4,1,1,1,0.46,0.4545,0.94,0.194,13
2,2011-04-11,2,0,4,1,1,2,0.46,0.4545,1.0,0.2239,61
2,2011-04-11,2,0,4,1,1,2,0.5,0.4848,0.88,0.2239,176
2,2011-04-11,2,0,4,1,1,2,0.52,0.5,0.88,0.2836,314
2,2011-04-11,2,0,4,1,1,2,0.56,0.5303,0.83,0.2836,165
2,2011-04-11,2,0,4,1,1,2,0.56,0.5303,0.83,0.2985,96
2,2011-04-11,2,0,4,1,1,2,0.6,0.5909,0.73,0.2985,104
3,2011-04-11,2,0,4,1,1,2,0.6,0.5909,0.73,0.3284,134
3,2011-04-11,2,0,4,1,1,2,0.64,0.6061,0.69,0.4179,139
3,2011-04-11,2,0,4,1,1,2,0.72,0.6667,0.54,0.3582,145
3,2011-04-11,2,0,4,1,1,1,0.74,0.6667,0.48,0.5224,141
3,2011-04-11,2,0,4,1,1,1,0.74,0.6667,0.48,0.5224,235
3,2011-04-11,2,0,4,1,1,1,0.74,0.6667,0.48,0.5224,452
4,2011-04-11,2,0,4,1,1,1,0.72,0.6667,0.51,0.3881,383
4,2011-04-11,2,0,4,1,1,1,0.72,0.6667,0.51,0.4478,284
4,2011-04-11,2,0,4,1,1,1,0.68,0.6364,0.57,0.5224,166
4,2011-04-11,2,0,4,1,1,1,0.66,0.6212,0.61,0.2537,158
4,2011-04-11,2,0,4,1,1,2,0.64,0.6212,0.5,0.2836,91
4,2011-04-11,2,0,4,1,1,3,0.58,0.5455,0.6,0.0,54
1,2011-04-12,2,0,4,2,1,2,0.62,0.6212,0.5,0.1045,24
1,2011-04-12,2,0,4,2,1,2,0.62,0.6212,0.5,0.0896,13
1,2011-04-12,2,0,4,2,1,2,0.6,0.6212,0.53,0.1343,14
1,2011-04-12,2,0,4,2,1,2,0.58,0.5455,0.56,0.1343,1
1,2011-04-12,2,0,4,2,1,2,0.56,0.5303,0.64,0.1343,6
1,2011-04-12,2,0,4,2,1,2,0.54,0.5152,0.68,0.1343,16
2,2011-04-12,2,0,4,2,1,2,0.54,0.5152,0.68,0.2836,58
2,2011-04-12,2,0,4,2,1,2,0.54,0.5152,0.68,0.2239,189
2,2011-04-12,2,0,4,2,1,3,0.48,0.4697,0.88,0.3881,226
2,2011-04-12,2,0,4,2,1,3,0.46,0.4545,0.94,0.4925,54
2,2011-04-12,2,0,4,2,1,3,0.5,0.4848,0.82,0.4179,40
2,2011-04-12,2,0,4,2,1,1,0.52,0.5,0.77,0.3582,49
3,2011-04-12,2,0,4,2,1,2,0.56,0.5303,0.64,0.4627,92
3,2011-04-12,2,0,4,2,1,3,0.54,0.5152,0.68,0.2836,106
3,2011-04-12,2,0,4,2,1,2,0.5,0.4848,0.82,0.2836,44
3,2011-04-12,2,0,4,2,1,2,0.48,0.4697,0.77,0.5224,78
3,2011-04-12,2,0,4,2,1,2,0.48,0.4697,0.77,0.3881,99
3,2011-04-12,2,0,4,2,1,3,0.44,0.4394,0.77,0.2239,291
4,2011-04-12,2,0,4,2,1,3,0.44,0.4394,0.77,0.2239,224
4,2011-04-12,2,0,4,2,1,2,0.42,0.4242,0.82,0.2836,130
4,2011-04-12,2,0,4,2,1,2,0.42,0.4242,0.82,0.2836,103
4,2011-04-12,2,0,4,2,1,2,0.42,0.4242,0.82,0.194,84
4,2011-04-12,2,0,4,2,1,2,0.4,0.4091,0.94,0.2985,54
4,2011-04-12,2,0,4,2,1,2,0.4,0.4091,0.94,0.2537,39
1,2011-04-13,2,0,4,3,1,2,0.4,0.4091,1.0,0.2985,15
1,2011-04-13,2,0,4,3,1,2,0.4,0.4091,1.0,0.2985,1
1,2011-04-13,2,0,4,3,1,3,0.4,0.4091,1.0,0.2985,2
1,2011-04-13,2,0,4,3,1,3,0.4,0.4091,0.94,0.3284,2
1,2011-04-13,2,0,4,3,1,3,0.4,0.4091,0.94,0.3284,3
1,2011-04-13,2,0,4,3,1,3,0.38,0.3939,0.94,0.2537,5
2,2011-04-13,2,0,4,3,1,3,0.38,0.3939,0.94,0.2239,34
2,2011-04-13,2,0,4,3,1,3,0.36,0.3485,1.0,0.2239,70
2,2011-04-13,2,0,4,3,1,3,0.38,0.3939,0.94,0.194,164
2,2011-04-13,2,0,4,3,1,2,0.38,0.3939,0.94,0.2239,65
2,2011-04-13,2,0,4,3,1,2,0.4,0.4091,0.87,0.194,46
2,2011-04-13,2,0,4,3,1,2,0.42,0.4242,0.82,0.194,61
3,2011-04-13,2,0,4,3,1,3,0.42,0.4242,0.82,0.2537,95
3,2011-04-13,2,0,4,3,1,2,0.44,0.4394,0.77,0.194,61
3,2011-04-13,2,0,4,3,1,2,0.42,0.4242,0.77,0.2537,106
3,2011-04-13,2,0,4,3,1,2,0.44,0.4394,0.72,0.2836,81
3,2011-04-13,2,0,4,3,1,1,0.46,0.4545,0.67,0.2836,142
3,2011-04-13,2,0,4,3,1,1,0.46,0.4545,0.67,0.2985,309
4,2011-04-13,2,0,4,3,1,1,0.44,0.4394,0.62,0.3881,321
4,2011-04-13,2,0,4,3,1,1,0.44,0.4394,0.62,0.2537,175
4,2011-04-13,2,0,4,3,1,1,0.44,0.4394,0.62,0.2537,126
4,2011-04-13,2,0,4,3,1,1,0.42,0.4242,0.67,0.1642,117
4,2011-04-13,2,0,4,3,1,1,0.42,0.4242,0.67,0.194,99
4,2011-04-13,2,0,4,3,1,1,0.4,0.4091,0.71,0.1343,62
1,2011-04-14,2,0,4,4,1,1,0.38,0.3939,0.76,0.1343,21
1,2011-04-14,2,0,4,4,1,1,0.38,0.3939,0.76,0.2239,10
1,2011-04-14,2,0,4,4,1,1,0.36,0.3485,0.76,0.1343,3
1,2011-04-14,2,0,4,4,1,1,0.34,0.3333,0.81,0.1343,2
1,2011-04-14,2,0,4,4,1,1,0.34,0.3636,0.76,0.0,9
1,2011-04-14,2,0,4,4,1,1,0.34,0.3485,0.76,0.0896,14
2,2011-04-14,2,0,4,4,1,1,0.34,0.3485,0.76,0.1045,70
2,2011-04-14,2,0,4,4,1,1,0.38,0.3939,0.66,0.0,193
2,2011-04-14,2,0,4,4,1,1,0.42,0.4242,0.58,0.1642,337
2,2011-04-14,2,0,4,4,1,1,0.46,0.4545,0.51,0.1343,170
2,2011-04-14,2,0,4,4,1,1,0.5,0.4848,0.51,0.194,89
2,2011-04-14,2,0,4,4,1,1,0.52,0.5,0.45,0.1642,115
3,2011-04-14,2,0,4,4,1,1,0.54,0.5152,0.42,0.1343,145
3,2011-04-14,2,0,4,4,1,1,0.56,0.5303,0.37,0.2239,159
3,2011-04-14,2,0,4,4,1,1,0.56,0.5303,0.35,0.0896,137
3,2011-04-14,2,0,4,4,1,1,0.6,0.6212,0.31,0.0896,142
3,2011-04-14,2,0,4,4,1,1,0.6,0.6061,0.26,0.1045,202
3,2011-04-14,2,0,4,4,1,1,0.6,0.6061,0.28,0.0,388
4,2011-04-14,2,0,4,4,1,1,0.56,0.5303,0.3,0.0,337
4,2011-04-14,2,0,4,4,1,1,0.54,0.5152,0.32,0.0,259
4,2011-04-14,2,0,4,4,1,1,0.5,0.4848,0.51,0.194,169
4,2011-04-14,2,0,4,4,1,1,0.46,0.4545,0.63,0.1343,145
4,2011-04-14,2,0,4,4,1,1,0.48,0.4697,0.55,0.1045,104
4,2011-04-14,2,0,4,4,1,1,0.46,0.4545,0.59,0.1045,47
1,2011-04-15,2,0,4,5,0,1,0.44,0.4394,0.67,0.0,27
1,2011-04-15,2,0,4,5,0,1,0.44,0.4394,0.62,0.0,15
1,2011-04-15,2,0,4,5,0,1,0.4,0.4091,0.76,0.0,18
1,2011-04-15,2,0,4,5,0,1,0.4,0.4091,0.76,0.0,3
1,2011-04-15,2,0,4,5,0,1,0.38,0.3939,0.82,0.0896,3
1,2011-04-15,2,0,4,5,0,1,0.36,0.3636,0.81,0.1045,13
2,2011-04-15,2,0,4,5,0,1,0.36,0.3636,0.81,0.0896,47
2,2011-04-15,2,0,4,5,0,1,0.4,0.4091,0.71,0.1642,149
2,2011-04-15,2,0,4,5,0,1,0.44,0.4394,0.62,0.2985,300
2,2011-04-15,2,0,4,5,0,1,0.5,0.4848,0.55,0.194,178
2,2011-04-15,2,0,4,5,0,1,0.5,0.4848,0.55,0.194,122
2,2011-04-15,2,0,4,5,0,1,0.52,0.5,0.55,0.194,136
3,2011-04-15,2,0,4,5,0,1,0.52,0.5,0.55,0.2836,200
3,2011-04-15,2,0,4,5,0,1,0.54,0.5152,0.52,0.2537,180
3,2011-04-15,2,0,4,5,0,1,0.54,0.5152,0.52,0.2537,163
3,2011-04-15,2,0,4,5,0,1,0.54,0.5152,0.52,0.4478,162
3,2011-04-15,2,0,4,5,0,1,0.52,0.5,0.55,0.4925,243
3,2011-04-15,2,0,4,5,0,2,0.5,0.4848,0.63,0.3881,331
4,2011-04-15,2,0,4,5,0,2,0.46,0.4545,0.67,0.3881,263
4,2011-04-15,2,0,4,5,0,1,0.42,0.4242,0.77,0.3881,209
4,2011-04-15,2,0,4,5,0,2,0.4,0.4091,0.76,0.3284,118
4,2011-04-15,2,0,4,5,0,2,0.4,0.4091,0.76,0.2985,102
4,2011-04-15,2,0,4,5,0,2,0.38,0.3939,0.82,0.3881,80
4,2011-04-15,2,0,4,5,0,2,0.36,0.3485,0.81,0.194,64
1,2011-04-16,2,0,4,6,0,2,0.36,0.3485,0.81,0.2239,43
1,2011-04-16,2,0,4,6,0,2,0.36,0.3333,0.87,0.2836,33
1,2011-04-16,2,0,4,6,0,2,0.36,0.3485,0.87,0.1343,24
1,2011-04-16,2,0,4,6,0,2,0.36,0.3485,0.87,0.1642,14
1,2011-04-16,2,0,4,6,0,2,0.36,0.3485,0.87,0.2239,5
1,2011-04-16,2,0,4,6,0,2,0.38,0.3939,0.87,0.2836,4
2,2011-04-16,2,0,4,6,0,3,0.4,0.4091,0.82,0.3284,10
2,2011-04-16,2,0,4,6,0,2,0.4,0.4091,0.82,0.4179,21
2,2011-04-16,2,0,4,6,0,3,0.4,0.4091,0.87,0.3582,45
2,2011-04-16,2,0,4,6,0,3,0.4,0.4091,1.0,0.2985,29
2,2011-04-16,2,0,4,6,0,3,0.42,0.4242,0.94,0.3881,22
2,2011-04-16,2,0,4,6,0,3,0.42,0.4242,0.94,0.4478,31
3,2011-04-16,2,0,4,6,0,2,0.46,0.4545,0.88,0.5821,32
3,2011-04-16,2,0,4,6,0,3,0.46,0.4545,0.94,0.5224,58
3,2011-04-16,2,0,4,6,0,3,0.52,0.5,0.83,0.5821,63
3,2011-04-16,2,0,4,6,0,3,0.52,0.5,0.83,0.5821,78
3,2011-04-16,2,0,4,6,0,3,0.5,0.4848,0.88,0.4627,33
3,2011-04-16,2,0,4,6,0,3,0.5,0.4848,0.88,0.5821,15
4,2011-04-16,2,0,4,6,0,2,0.5,0.4848,0.94,0.3881,38
4,2011-04-16,2,0,4,6,0,2,0.52,0.5,0.94,0.4179,71
4,2011-04-16,2,0,4,6,0,3,0.44,0.4394,0.94,0.2239,53
4,2011-04-16,2,0,4,6,0,2,0.44,0.4394,0.94,0.0,14
4,2011-04-16,2,0,4,6,0,3,0.42,0.4242,1.0,0.0,24
4,2011-04-16,2,0,4,6,0,2,0.44,0.4394,0.77,0.2836,35
1,2011-04-17,2,0,4,0,0,2,0.44,0.4394,0.77,0.2836,33
1,2011-04-17,2,0,4,0,0,1,0.42,0.4242,0.67,0.2239,31
1,2011-04-17,2,0,4,0,0,1,0.4,0.4091,0.62,0.194,29
1,2011-04-17,2,0,4,0,0,1,0.4,0.4091,0.66,0.1343,25
1,2011-04-17,2,0,4,0,0,1,0.36,0.3636,0.76,0.1045,7
1,2011-04-17,2,0,4,0,0,1,0.36,0.3485,0.71,0.1642,3
2,2011-04-17,2,0,4,0,0,1,0.36,0.3182,0.66,0.4478,8
2,2011-04-17,2,0,4,0,0,1,0.36,0.3333,0.5,0.3582,16
2,2011-04-17,2,0,4,0,0,1,0.38,0.3939,0.46,0.3881,43
2,2011-04-17,2,0,4,0,0,1,0.4,0.4091,0.43,0.2836,102
2,2011-04-17,2,0,4,0,0,1,0.42,0.4242,0.44,0.4478,211
2,2011-04-17,2,0,4,0,0,1,0.46,0.4545,0.41,0.4179,304
3,2011-04-17,2,0,4,0,0,1,0.46,0.4545,0.38,0.3881,354
3,2011-04-17,2,0,4,0,0,1,0.5,0.4848,0.34,0.3881,343
3,2011-04-17,2,0,4,0,0,1,0.52,0.5,0.34,0.3881,361
3,2011-04-17,2,0,4,0,0,1,0.54,0.5152,0.32,0.5224,388
3,2011-04-17,2,0,4,0,0,1,0.54,0.5152,0.3,0.3582,343
3,2011-04-17,2,0,4,0,0,1,0.56,0.5303,0.3,0.4478,306
4,2011-04-17,2,0,4,0,0,1,0.56,0.5303,0.3,0.3881,277
4,2011-04-17,2,0,4,0,0,1,0.56,0.5303,0.3,0.2985,210
4,2011-04-17,2,0,4,0,0,1,0.52,0.5,0.36,0.194,141
4,2011-04-17,2,0,4,0,0,1,0.5,0.4848,0.42,0.194,83
4,2011-04-17,2,0,4,0,0,1,0.5,0.4848,0.39,0.1045,70
4,2011-04-17,2,0,4,0,0,1,0.44,0.4394,0.67,0.1642,56
1,2011-04-18,2,0,4,1,1,1,0.46,0.4545,0.47,0.0896,39
1,2011-04-18,2,0,4,1,1,1,0.46,0.4545,0.47,0.1343,19
1,2011-04-18,2,0,4,1,1,1,0.42,0.4242,0.67,0.1045,16
1,2011-04-18,2,0,4,1,1,1,0.42,0.4242,0.62,0.1045,7
1,2011-04-18,2,0,4,1,1,1,0.4,0.4091,0.87,0.1642,6
1,2011-04-18,2,0,4,1,1,1,0.4,0.4091,0.76,0.0896,16
2,2011-04-18,2,0,4,1,1,1,0.4,0.4091,0.82,0.0,54
2,2011-04-18,2,0,4,1,1,1,0.46,0.4545,0.63,0.0,168
2,2011-04-18,2,0,4,1,1,1,0.46,0.4545,0.63,0.0,297
2,2011-04-18,2,0,4,1,1,2,0.5,0.4848,0.55,0.1045,169
2,2011-04-18,2,0,4,1,1,2,0.52,0.5,0.55,0.1045,109
2,2011-04-18,2,0,4,1,1,2,0.54,0.5152,0.52,0.0896,123
3,2011-04-18,2,0,4,1,1,2,0.56,0.5303,0.49,0.0896,184
3,2011-04-18,2,0,4,1,1,2,0.56,0.5303,0.49,0.1642,169
3,2011-04-18,2,0,4,1,1,2,0.58,0.5455,0.49,0.194,144
3,2011-04-18,2,0,4,1,1,2,0.6,0.6212,0.43,0.194,176
3,2011-04-18,2,0,4,1,1,1,0.6,0.6212,0.46,0.2836,205
3,2011-04-18,2,0,4,1,1,1,0.58,0.5455,0.49,0.2836,428
4,2011-04-18,2,0,4,1,1,1,0.64,0.6212,0.31,0.3582,362
4,2011-04-18,2,0,4,1,1,1,0.56,0.5303,0.46,0.2537,286
4,2011-04-18,2,0,4,1,1,1,0.6,0.6212,0.33,0.2985,165
4,2011-04-18,2,0,4,1,1,1,0.56,0.5303,0.37,0.2836,151
4,2011-04-18,2,0,4,1,1,1,0.52,0.5,0.55,0.2836,90
4,2011-04-18,2,0,4,1,1,1,0.5,0.4848,0.59,0.2537,46
1,2011-04-19,2,0,4,2,1,1,0.5,0.4848,0.55,0.2239,25
1,2011-04-19,2,0,4,2,1,1,0.46,0.4545,0.63,0.2239,7
1,2011-04-19,2,0,4,2,1,1,0.46,0.4545,0.67,0.2836,13
1,2011-04-19,2,0,4,2,1,1,0.48,0.4697,0.63,0.2239,3
1,2011-04-19,2,0,4,2,1,1,0.46,0.4545,0.67,0.0896,5
1,2011-04-19,2,0,4,2,1,2,0.46,0.4545,0.72,0.194,18
2,2011-04-19,2,0,4,2,1,2,0.48,0.4697,0.67,0.0,65
2,2011-04-19,2,0,4,2,1,2,0.52,0.5,0.55,0.0,188
2,2011-04-19,2,0,4,2,1,2,0.5,0.4848,0.68,0.1343,351
2,2011-04-19,2,0,4,2,1,3,0.52,0.5,0.63,0.0896,162
2,2011-04-19,2,0,4,2,1,2,0.5,0.4848,0.72,0.2239,75
2,2011-04-19,2,0,4,2,1,2,0.54,0.5152,0.68,0.1642,72
3,2011-04-19,2,0,4,2,1,2,0.54,0.5152,0.64,0.0896,103
3,2011-04-19,2,0,4,2,1,2,0.54,0.5152,0.68,0.2239,129
3,2011-04-19,2,0,4,2,1,2,0.54,0.5152,0.64,0.194,107
3,2011-04-19,2,0,4,2,1,2,0.54,0.5152,0.65,0.1642,127
3,2011-04-19,2,0,4,2,1,1,0.56,0.5303,0.52,0.2985,192
3,2011-04-19,2,0,4,2,1,1,0.56,0.5303,0.6,0.1045,411
4,2011-04-19,2,0,4,2,1,2,0.54,0.5152,0.64,0.1343,421
4,2011-04-19,2,0,4,2,1,2,0.5,0.4848,0.72,0.194,276
4,2011-04-19,2,0,4,2,1,2,0.5,0.4848,0.72,0.2239,168
4,2011-04-19,2,0,4,2,1,2,0.5,0.4848,0.72,0.1343,122
4,2011-04-19,2,0,4,2,1,1,0.48,0.4697,0.77,0.0896,112
4,2011-04-19,2,0,4,2,1,1,0.46,0.4545,0.88,0.0896,52
1,2011-04-20,2,0,4,3,1,1,0.44,0.4394,0.88,0.1343,33
1,2011-04-20,2,0,4,3,1,1,0.42,0.4242,0.94,0.1642,7
1,2011-04-20,2,0,4,3,1,1,0.42,0.4242,0.94,0.1642,2
1,2011-04-20,2,0,4,3,1,1,0.42,0.4242,0.94,0.0,2
1,2011-04-20,2,0,4,3,1,1,0.4,0.4091,1.0,0.1045,9
1,2011-04-20,2,0,4,3,1,1,0.4,0.4091,0.94,0.194,15
2,2011-04-20,2,0,4,3,1,1,0.42,0.4242,0.94,0.1642,64
2,2011-04-20,2,0,4,3,1,1,0.44,0.4394,0.94,0.0,237
2,2011-04-20,2,0,4,3,1,1,0.62,0.6061,0.69,0.4627,396
2,2011-04-20,2,0,4,3,1,1,0.66,0.6212,0.61,0.2836,197
2,2011-04-20,2,0,4,3,1,1,0.62,0.6061,0.69,0.0896,131
2,2011-04-20,2,0,4,3,1,1,0.62,0.6061,0.69,0.0896,118
3,2011-04-20,2,0,4,3,1,1,0.7,0.6515,0.48,0.3881,145
3,2011-04-20,2,0,4,3,1,1,0.7,0.6515,0.48,0.3881,177
3,2011-04-20,2,0,4,3,1,1,0.74,0.6515,0.4,0.4627,148
3,2011-04-20,2,0,4,3,1,2,0.76,0.6667,0.35,0.3582,145
3,2011-04-20,2,0,4,3,1,2,0.76,0.6667,0.35,0.3582,255
3,2011-04-20,2,0,4,3,1,2,0.74,0.6515,0.37,0.4179,432
4,2011-04-20,2,0,4,3,1,1,0.74,0.6515,0.3,0.3582,441
4,2011-04-20,2,0,4,3,1,1,0.7,0.6364,0.32,0.2537,383
4,2011-04-20,2,0,4,3,1,1,0.68,0.6212,0.32,0.1045,225
4,2011-04-20,2,0,4,3,1,1,0.66,0.6212,0.36,0.2836,172
4,2011-04-20,2,0,4,3,1,1,0.62,0.6212,0.41,0.2537,117
4,2011-04-20,2,0,4,3,1,1,0.6,0.6212,0.4,0.3284,93
1,2011-04-21,2,0,4,4,1,1,0.56,0.5303,0.43,0.3582,44
1,2011-04-21,2,0,4,4,1,1,0.52,0.5,0.45,0.2239,26
1,2011-04-21,2,0,4,4,1,1,0.5,0.4848,0.42,0.3881,13
1,2011-04-21,2,0,4,4,1,2,0.46,0.4545,0.51,0.4627,7
1,2011-04-21,2,0,4,4,1,2,0.44,0.4394,0.54,0.4478,6
1,2011-04-21,2,0,4,4,1,2,0.42,0.4242,0.54,0.5522,14
2,2011-04-21,2,0,4,4,1,2,0.4,0.4091,0.58,0.5821,75
2,2011-04-21,2,0,4,4,1,2,0.42,0.4242,0.47,0.4627,198
2,2011-04-21,2,0,4,4,1,2,0.4,0.4091,0.5,0.4925,365
2,2011-04-21,2,0,4,4,1,2,0.42,0.4242,0.47,0.2836,196
2,2011-04-21,2,0,4,4,1,1,0.42,0.4242,0.44,0.3582,98
2,2011-04-21,2,0,4,4,1,1,0.44,0.4394,0.41,0.2836,133
3,2011-04-21,2,0,4,4,1,1,0.46,0.4545,0.38,0.1642,199
3,2011-04-21,2,0,4,4,1,1,0.48,0.4697,0.33,0.3284,177
3,2011-04-21,2,0,4,4,1,1,0.5,0.4848,0.34,0.3881,228
3,2011-04-21,2,0,4,4,1,1,0.52,0.5,0.29,0.4179,235
3,2011-04-21,2,0,4,4,1,1,0.52,0.5,0.27,0.3582,294
3,2011-04-21,2,0,4,4,1,1,0.5,0.4848,0.29,0.1642,481
4,2011-04-21,2,0,4,4,1,1,0.5,0.4848,0.25,0.2836,452
4,2011-04-21,2,0,4,4,1,1,0.46,0.4545,0.28,0.2836,324
4,2011-04-21,2,0,4,4,1,1,0.44,0.4394,0.3,0.1343,204
4,2011-04-21,2,0,4,4,1,1,0.42,0.4242,0.47,0.194,184
4,2011-04-21,2,0,4,4,1,1,0.42,0.4242,0.38,0.0896,137
4,2011-04-21,2,0,4,4,1,1,0.4,0.4091,0.43,0.1045,99
1,2011-04-22,2,0,4,5,1,1,0.36,0.3485,0.62,0.194,33
1,2011-04-22,2,0,4,5,1,1,0.36,0.3333,0.53,0.2537,24
1,2011-04-22,2,0,4,5,1,1,0.36,0.3333,0.53,0.2985,9
1,2011-04-22,2,0,4,5,1,1,0.36,0.3333,0.53,0.2985,2
1,2011-04-22,2,0,4,5,1,1,0.34,0.3182,0.53,0.2836,3
1,2011-04-22,2,0,4,5,1,1,0.34,0.3182,0.53,0.2239,16
2,2011-04-22,2,0,4,5,1,1,0.34,0.3182,0.53,0.2836,49
2,2011-04-22,2,0,4,5,1,2,0.34,0.3182,0.53,0.2836,180
2,2011-04-22,2,0,4,5,1,2,0.34,0.3182,0.53,0.2537,346
2,2011-04-22,2,0,4,5,1,3,0.34,0.303,0.61,0.2985,195
2,2011-04-22,2,0,4,5,1,2,0.36,0.3485,0.62,0.194,136
2,2011-04-22,2,0,4,5,1,3,0.34,0.3333,0.66,0.194,106
3,2011-04-22,2,0,4,5,1,3,0.34,0.3333,0.76,0.1343,80
3,2011-04-22,2,0,4,5,1,3,0.34,0.3333,0.87,0.194,40
3,2011-04-22,2,0,4,5,1,3,0.34,0.3182,0.87,0.2537,36
3,2011-04-22,2,0,4,5,1,3,0.34,0.3333,0.87,0.194,75
3,2011-04-22,2,0,4,5,1,3,0.34,0.3333,0.87,0.1343,62
3,2011-04-22,2,0,4,5,1,3,0.32,0.303,0.93,0.2239,69
4,2011-04-22,2,0,4,5,1,3,0.32,0.303,0.93,0.2239,51
4,2011-04-22,2,0,4,5,1,3,0.32,0.303,0.93,0.2239,55
4,2011-04-22,2,0,4,5,1,3,0.32,0.303,0.87,0.2239,47
4,2011-04-22,2,0,4,5,1,3,0.3,0.303,0.93,0.1642,28
4,2011-04-22,2,0,4,5,1,3,0.3,0.303,1.0,0.1343,24
4,2011-04-22,2,0,4,5,1,3,0.32,0.3333,0.93,0.1045,17
1,2011-04-23,2,0,4,6,0,2,0.32,0.3182,1.0,0.194,18
1,2011-04-23,2,0,4,6,0,2,0.32,0.3182,1.0,0.194,16
1,2011-04-23,2,0,4,6,0,3,0.32,0.3333,1.0,0.1343,17
1,2011-04-23,2,0,4,6,0,3,0.32,0.3333,1.0,0.0896,4
1,2011-04-23,2,0,4,6,0,3,0.34,0.3636,1.0,0.0,5
1,2011-04-23,2,0,4,6,0,3,0.34,0.3636,1.0,0.0,7
2,2011-04-23,2,0,4,6,0,2,0.34,0.3333,1.0,0.1642,11
2,2011-04-23,2,0,4,6,0,3,0.34,0.3333,1.0,0.1642,19
2,2011-04-23,2,0,4,6,0,2,0.36,0.3333,1.0,0.2537,47
2,2011-04-23,2,0,4,6,0,2,0.38,0.3939,0.94,0.2985,68
2,2011-04-23,2,0,4,6,0,2,0.42,0.4242,0.88,0.2239,129
2,2011-04-23,2,0,4,6,0,2,0.46,0.4545,0.88,0.2239,232
3,2011-04-23,2,0,4,6,0,1,0.52,0.5,0.83,0.4179,291
3,2011-04-23,2,0,4,6,0,1,0.52,0.5,0.83,0.3881,312
3,2011-04-23,2,0,4,6,0,1,0.58,0.5455,0.78,0.3582,391
3,2011-04-23,2,0,4,6,0,1,0.6,0.5909,0.73,0.3881,397
3,2011-04-23,2,0,4,6,0,1,0.6,0.5909,0.73,0.2836,426
3,2011-04-23,2,0,4,6,0,1,0.6,0.5909,0.73,0.3284,383
4,2011-04-23,2,0,4,6,0,1,0.58,0.5455,0.78,0.194,376
4,2011-04-23,2,0,4,6,0,1,0.56,0.5303,0.83,0.2836,283
4,2011-04-23,2,0,4,6,0,2,0.54,0.5152,0.88,0.2537,183
4,2011-04-23,2,0,4,6,0,2,0.56,0.5303,0.83,0.2836,135
4,2011-04-23,2,0,4,6,0,2,0.58,0.5455,0.78,0.2537,169
4,2011-04-23,2,0,4,6,0,2,0.54,0.5152,0.88,0.1642,117
1,2011-04-24,2,0,4,0,0,1,0.52,0.5,0.83,0.2239,96
1,2011-04-24,2,0,4,0,0,1,0.5,0.4848,0.88,0.194,54
1,2011-04-24,2,0,4,0,0,1,0.5,0.4848,0.88,0.194,72
1,2011-04-24,2,0,4,0,0,1,0.5,0.4848,0.94,0.0896,24
1,2011-04-24,2,0,4,0,0,1,0.5,0.4848,0.94,0.0896,5
1,2011-04-24,2,0,4,0,0,1,0.5,0.4848,0.94,0.0896,12
2,2011-04-24,2,0,4,0,0,2,0.5,0.4848,1.0,0.0,13
2,2011-04-24,2,0,4,0,0,2,0.5,0.4848,1.0,0.0,27
2,2011-04-24,2,0,4,0,0,1,0.52,0.5,0.94,0.2239,80
2,2011-04-24,2,0,4,0,0,1,0.56,0.5303,0.88,0.2537,177
2,2011-04-24,2,0,4,0,0,1,0.6,0.5758,0.78,0.1642,289
2,2011-04-24,2,0,4,0,0,1,0.66,0.6212,0.65,0.1343,317
3,2011-04-24,2,0,4,0,0,1,0.68,0.6364,0.65,0.2537,388
3,2011-04-24,2,0,4,0,0,1,0.7,0.6515,0.58,0.2836,441
3,2011-04-24,2,0,4,0,0,1,0.7,0.6515,0.54,0.3284,420
3,2011-04-24,2,0,4,0,0,1,0.66,0.6212,0.61,0.2537,369
3,2011-04-24,2,0,4,0,0,1,0.74,0.6667,0.48,0.3881,359
3,2011-04-24,2,0,4,0,0,1,0.66,0.6212,0.65,0.2985,331
4,2011-04-24,2,0,4,0,0,1,0.64,0.6061,0.69,0.1642,270
4,2011-04-24,2,0,4,0,0,3,0.6,0.5606,0.83,0.2836,194
4,2011-04-24,2,0,4,0,0,3,0.6,0.5606,0.83,0.2836,105
4,2011-04-24,2,0,4,0,0,3,0.54,0.5152,0.94,0.1642,61
4,2011-04-24,2,0,4,0,0,3,0.54,0.5152,1.0,0.1642,45
4,2011-04-24,2,0,4,0,0,3,0.54,0.5152,1.0,0.0896,42
1,2011-04-25,2,0,4,1,1,3,0.52,0.5,1.0,0.0,12
1,2011-04-25,2,0,4,1,1,1,0.54,0.5152,1.0,0.0896,10
1,2011-04-25,2,0,4,1,1,1,0.54,0.5152,1.0,0.0896,10
1,2011-04-25,2,0,4,1,1,2,0.5,0.4848,1.0,0.1045,10
1,2011-04-25,2,0,4,1,1,2,0.52,0.5,1.0,0.0,5
1,2011-04-25,2,0,4,1,1,2,0.46,0.4545,1.0,0.0,17
2,2011-04-25,2,0,4,1,1,2,0.5,0.4848,1.0,0.0,66
2,2011-04-25,2,0,4,1,1,2,0.52,0.5,1.0,0.0896,196
2,2011-04-25,2,0,4,1,1,1,0.56,0.5303,0.88,0.1045,353
2,2011-04-25,2,0,4,1,1,1,0.6,0.5606,0.83,0.1343,174
2,2011-04-25,2,0,4,1,1,1,0.64,0.6061,0.73,0.2239,125
2,2011-04-25,2,0,4,1,1,1,0.64,0.6061,0.73,0.2239,147
3,2011-04-25,2,0,4,1,1,1,0.66,0.6212,0.74,0.2537,188
3,2011-04-25,2,0,4,1,1,1,0.7,0.6515,0.65,0.2239,203
3,2011-04-25,2,0,4,1,1,1,0.72,0.6667,0.54,0.2239,146
3,2011-04-25,2,0,4,1,1,1,0.74,0.6667,0.51,0.2239,175
3,2011-04-25,2,0,4,1,1,1,0.7,0.6515,0.54,0.3582,239
3,2011-04-25,2,0,4,1,1,1,0.7,0.6515,0.54,0.2985,521
4,2011-04-25,2,0,4,1,1,1,0.68,0.6364,0.57,0.3582,499
4,2011-04-25,2,0,4,1,1,1,0.66,0.6212,0.57,0.3284,382
4,2011-04-25,2,0,4,1,1,1,0.66,0.6212,0.61,0.2836,237
4,2011-04-25,2,0,4,1,1,1,0.62,0.6061,0.69,0.2537,190
4,2011-04-25,2,0,4,1,1,1,0.6,0.5909,0.73,0.2985,106
4,2011-04-25,2,0,4,1,1,1,0.58,0.5455,0.78,0.2836,62
1,2011-04-26,2,0,4,2,1,1,0.62,0.6061,0.69,0.2836,27
1,2011-04-26,2,0,4,2,1,1,0.62,0.5909,0.73,0.2836,21
1,2011-04-26,2,0,4,2,1,1,0.56,0.5303,0.83,0.3284,26
1,2011-04-26,2,0,4,2,1,1,0.54,0.5152,0.88,0.2836,21
1,2011-04-26,2,0,4,2,1,1,0.56,0.5303,0.83,0.2537,6
1,2011-04-26,2,0,4,2,1,1,0.54,0.5152,0.88,0.2537,16
2,2011-04-26,2,0,4,2,1,1,0.56,0.5303,0.88,0.2239,80
2,2011-04-26,2,0,4,2,1,1,0.58,0.5455,0.83,0.2985,270
2,2011-04-26,2,0,4,2,1,1,0.58,0.5455,0.83,0.2985,449
2,2011-04-26,2,0,4,2,1,1,0.64,0.6061,0.73,0.3582,199
2,2011-04-26,2,0,4,2,1,1,0.66,0.6212,0.69,0.3582,120
2,2011-04-26,2,0,4,2,1,1,0.68,0.6364,0.65,0.3881,172
3,2011-04-26,2,0,4,2,1,1,0.7,0.6515,0.61,0.4179,186
3,2011-04-26,2,0,4,2,1,1,0.74,0.6667,0.51,0.4478,176
3,2011-04-26,2,0,4,2,1,1,0.72,0.6667,0.58,0.3284,155
3,2011-04-26,2,0,4,2,1,1,0.7,0.6515,0.61,0.3582,153
3,2011-04-26,2,0,4,2,1,1,0.7,0.6515,0.58,0.3881,291
3,2011-04-26,2,0,4,2,1,1,0.68,0.6364,0.61,0.3582,521
4,2011-04-26,2,0,4,2,1,1,0.68,0.6364,0.65,0.4478,528
4,2011-04-26,2,0,4,2,1,1,0.64,0.6061,0.73,0.4179,328
4,2011-04-26,2,0,4,2,1,1,0.64,0.6061,0.73,0.3582,234
4,2011-04-26,2,0,4,2,1,1,0.62,0.5909,0.78,0.2836,195
4,2011-04-26,2,0,4,2,1,2,0.6,0.5606,0.83,0.194,148
4,2011-04-26,2,0,4,2,1,2,0.6,0.5606,0.83,0.2239,78
1,2011-04-27,2,0,4,3,1,1,0.6,0.5606,0.83,0.2239,27
1,2011-04-27,2,0,4,3,1,1,0.6,0.5606,0.83,0.2537,17
1,2011-04-27,2,0,4,3,1,1,0.58,0.5455,0.88,0.2537,5
1,2011-04-27,2,0,4,3,1,2,0.58,0.5455,0.88,0.2836,7
1,2011-04-27,2,0,4,3,1,1,0.56,0.5303,0.94,0.2239,6
1,2011-04-27,2,0,4,3,1,2,0.56,0.5303,0.94,0.2537,17
2,2011-04-27,2,0,4,3,1,1,0.56,0.5303,0.94,0.2537,84
2,2011-04-27,2,0,4,3,1,2,0.58,0.5455,0.88,0.2836,246
2,2011-04-27,2,0,4,3,1,2,0.58,0.5455,0.88,0.3284,444
2,2011-04-27,2,0,4,3,1,2,0.6,0.5455,0.88,0.4179,181
2,2011-04-27,2,0,4,3,1,2,0.62,0.5758,0.83,0.2836,92
2,2011-04-27,2,0,4,3,1,2,0.64,0.5909,0.78,0.2836,156
3,2011-04-27,2,0,4,3,1,1,0.66,0.6061,0.78,0.3284,173
3,2011-04-27,2,0,4,3,1,1,0.64,0.5909,0.78,0.2985,150
3,2011-04-27,2,0,4,3,1,1,0.68,0.6364,0.74,0.2836,148
3,2011-04-27,2,0,4,3,1,1,0.7,0.6515,0.65,0.4925,138
3,2011-04-27,2,0,4,3,1,1,0.7,0.6515,0.7,0.3881,218
3,2011-04-27,2,0,4,3,1,3,0.66,0.6061,0.83,0.3881,521
4,2011-04-27,2,0,4,3,1,3,0.66,0.6061,0.83,0.3881,412
4,2011-04-27,2,0,4,3,1,1,0.62,0.5909,0.78,0.2836,260
4,2011-04-27,2,0,4,3,1,1,0.64,0.5758,0.83,0.3284,218
4,2011-04-27,2,0,4,3,1,1,0.62,0.5606,0.88,0.2836,145
4,2011-04-27,2,0,4,3,1,2,0.62,0.5606,0.88,0.3284,129
4,2011-04-27,2,0,4,3,1,2,0.62,0.5606,0.88,0.3582,78
1,2011-04-28,2,0,4,4,1,1,0.64,0.5909,0.78,0.3582,54
1,2011-04-28,2,0,4,4,1,2,0.62,0.5758,0.83,0.3881,20
1,2011-04-28,2,0,4,4,1,2,0.62,0.5758,0.83,0.4478,21
1,2011-04-28,2,0,4,4,1,2,0.64,0.5909,0.78,0.3881,3
1,2011-04-28,2,0,4,4,1,2,0.62,0.5758,0.83,0.4179,9
1,2011-04-28,2,0,4,4,1,2,0.62,0.5758,0.83,0.3881,13
2,2011-04-28,2,0,4,4,1,2,0.64,0.5909,0.78,0.4627,86
2,2011-04-28,2,0,4,4,1,2,0.64,0.5909,0.78,0.4478,215
2,2011-04-28,2,0,4,4,1,2,0.66,0.6061,0.78,0.4478,398
2,2011-04-28,2,0,4,4,1,3,0.62,0.5606,0.88,0.3284,183
2,2011-04-28,2,0,4,4,1,2,0.62,0.5606,0.88,0.2836,54
2,2011-04-28,2,0,4,4,1,2,0.62,0.5758,0.83,0.2836,84
3,2011-04-28,2,0,4,4,1,2,0.62,0.5909,0.78,0.2537,107
3,2011-04-28,2,0,4,4,1,2,0.62,0.5758,0.83,0.2985,121
3,2011-04-28,2,0,4,4,1,1,0.62,0.5758,0.83,0.2985,142
3,2011-04-28,2,0,4,4,1,1,0.66,0.6212,0.69,0.3284,163
3,2011-04-28,2,0,4,4,1,1,0.62,0.5909,0.78,0.2537,270
3,2011-04-28,2,0,4,4,1,1,0.64,0.6212,0.47,0.3582,455
4,2011-04-28,2,0,4,4,1,1,0.64,0.6212,0.47,0.3582,530
4,2011-04-28,2,0,4,4,1,1,0.62,0.6212,0.43,0.2985,404
4,2011-04-28,2,0,4,4,1,1,0.58,0.5455,0.43,0.2239,269
4,2011-04-28,2,0,4,4,1,1,0.56,0.5303,0.46,0.1343,194
4,2011-04-28,2,0,4,4,1,1,0.54,0.5152,0.45,0.1642,153
4,2011-04-28,2,0,4,4,1,1,0.54,0.5152,0.39,0.0896,110
1,2011-04-29,2,0,4,5,1,1,0.52,0.5,0.39,0.2836,48
1,2011-04-29,2,0,4,5,1,1,0.5,0.4848,0.45,0.0896,31
1,2011-04-29,2,0,4,5,1,1,0.46,0.4545,0.63,0.1045,10
1,2011-04-29,2,0,4,5,1,1,0.46,0.4545,0.59,0.0896,5
1,2011-04-29,2,0,4,5,1,1,0.46,0.4545,0.51,0.1343,6
1,2011-04-29,2,0,4,5,1,1,0.46,0.4545,0.47,0.1343,25
2,2011-04-29,2,0,4,5,1,1,0.5,0.4848,0.45,0.2836,71
2,2011-04-29,2,0,4,5,1,1,0.52,0.5,0.42,0.194,240
2,2011-04-29,2,0,4,5,1,1,0.54,0.5152,0.39,0.2985,421
2,2011-04-29,2,0,4,5,1,1,0.54,0.5152,0.39,0.3284,230
2,2011-04-29,2,0,4,5,1,1,0.56,0.5303,0.4,0.2836,156
2,2011-04-29,2,0,4,5,1,1,0.6,0.6212,0.38,0.2239,157
3,2011-04-29,2,0,4,5,1,1,0.56,0.5303,0.37,0.2836,223
3,2011-04-29,2,0,4,5,1,1,0.56,0.5303,0.37,0.2985,308
3,2011-04-29,2,0,4,5,1,1,0.6,0.6212,0.35,0.3284,248
3,2011-04-29,2,0,4,5,1,2,0.56,0.5303,0.4,0.2985,252
3,2011-04-29,2,0,4,5,1,2,0.54,0.5152,0.42,0.3582,299
3,2011-04-29,2,0,4,5,1,2,0.52,0.5,0.45,0.3881,508
4,2011-04-29,2,0,4,5,1,1,0.52,0.5,0.48,0.3582,439
4,2011-04-29,2,0,4,5,1,1,0.46,0.4545,0.55,0.3284,270
4,2011-04-29,2,0,4,5,1,1,0.48,0.4697,0.48,0.2239,194
4,2011-04-29,2,0,4,5,1,1,0.46,0.4545,0.51,0.194,195
4,2011-04-29,2,0,4,5,1,1,0.42,0.4242,0.58,0.1642,146
4,2011-04-29,2,0,4,5,1,2,0.44,0.4394,0.54,0.0896,113
1,2011-04-30,2,0,4,6,0,2,0.44,0.4394,0.54,0.2537,106
1,2011-04-30,2,0,4,6,0,2,0.44,0.4394,0.54,0.1642,74
1,2011-04-30,2,0,4,6,0,2,0.44,0.4394,0.54,0.2239,65
1,2011-04-30,2,0,4,6,0,2,0.42,0.4242,0.54,0.194,17
1,2011-04-30,2,0,4,6,0,2,0.42,0.4242,0.54,0.2239,7
1,2011-04-30,2,0,4,6,0,1,0.42,0.4242,0.54,0.3881,7
2,2011-04-30,2,0,4,6,0,1,0.4,0.4091,0.58,0.2836,21
2,2011-04-30,2,0,4,6,0,1,0.4,0.4091,0.54,0.3881,48
2,2011-04-30,2,0,4,6,0,1,0.4,0.4091,0.54,0.2985,91
2,2011-04-30,2,0,4,6,0,1,0.44,0.4394,0.51,0.3582,156
2,2011-04-30,2,0,4,6,0,1,0.48,0.4697,0.44,0.3881,279
2,2011-04-30,2,0,4,6,0,1,0.5,0.4848,0.42,0.3582,321
3,2011-04-30,2,0,4,6,0,1,0.52,0.5,0.42,0.3881,416
3,2011-04-30,2,0,4,6,0,1,0.54,0.5152,0.39,0.2985,455
3,2011-04-30,2,0,4,6,0,1,0.54,0.5152,0.39,0.2239,452
3,2011-04-30,2,0,4,6,0,1,0.56,0.5303,0.37,0.1343,499
3,2011-04-30,2,0,4,6,0,1,0.58,0.5455,0.37,0.194,464
3,2011-04-30,2,0,4,6,0,1,0.56,0.5303,0.43,0.1343,407
4,2011-04-30,2,0,4,6,0,1,0.54,0.5152,0.43,0.1343,371
4,2011-04-30,2,0,4,6,0,1,0.54,0.5152,0.43,0.1343,387
4,2011-04-30,2,0,4,6,0,1,0.44,0.4394,0.62,0.1343,224
4,2011-04-30,2,0,4,6,0,1,0.44,0.4394,0.62,0.1343,177
4,2011-04-30,2,0,4,6,0,1,0.44,0.4394,0.67,0.1045,143
4,2011-04-30,2,0,4,6,0,1,0.44,0.4394,0.67,0.1045,125
1,2011-05-01,2,0,5,0,0,1,0.42,0.4242,0.67,0.0896,96
1,2011-05-01,2,0,5,0,0,1,0.42,0.4242,0.69,0.1045,59
1,2011-05-01,2,0,5,0,0,1,0.42,0.4242,0.77,0.1045,50
1,2011-05-01,2,0,5,0,0,1,0.4,0.4091,0.82,0.1045,23
1,2011-05-01,2,0,5,0,0,1,0.4,0.4091,0.76,0.1045,17
1,2011-05-01,2,0,5,0,0,1,0.4,0.4091,0.82,0.0896,10
2,2011-05-01,2,0,5,0,0,2,0.4,0.4091,0.82,0.0896,13
2,2011-05-01,2,0,5,0,0,2,0.42,0.4242,0.77,0.0896,33
2,2011-05-01,2,0,5,0,0,2,0.44,0.4394,0.77,0.1343,59
2,2011-05-01,2,0,5,0,0,2,0.46,0.4545,0.72,0.1343,141
2,2011-05-01,2,0,5,0,0,2,0.48,0.4697,0.63,0.194,264
2,2011-05-01,2,0,5,0,0,1,0.46,0.4545,0.82,0.1045,250
3,2011-05-01,2,0,5,0,0,2,0.48,0.4697,0.77,0.1045,281
3,2011-05-01,2,0,5,0,0,2,0.5,0.4848,0.63,0.1642,332
3,2011-05-01,2,0,5,0,0,2,0.5,0.4848,0.68,0.1045,238
3,2011-05-01,2,0,5,0,0,2,0.5,0.4848,0.72,0.0,266
3,2011-05-01,2,0,5,0,0,2,0.5,0.4848,0.72,0.194,214
3,2011-05-01,2,0,5,0,0,2,0.48,0.4697,0.82,0.2537,196
4,2011-05-01,2,0,5,0,0,2,0.46,0.4545,0.82,0.0896,159
4,2011-05-01,2,0,5,0,0,2,0.46,0.4545,0.84,0.1045,178
4,2011-05-01,2,0,5,0,0,2,0.46,0.4545,0.82,0.0,121
4,2011-05-01,2,0,5,0,0,2,0.46,0.4545,0.82,0.0,105
4,2011-05-01,2,0,5,0,0,2,0.46,0.4545,0.82,0.0,100
4,2011-05-01,2,0,5,0,0,1,0.46,0.4545,0.77,0.194,146
1,2011-05-02,2,0,5,1,1,1,0.46,0.4545,0.72,0.1343,177
1,2011-05-02,2,0,5,1,1,1,0.46,0.4545,0.72,0.1343,114
1,2011-05-02,2,0,5,1,1,2,0.44,0.4394,0.77,0.2239,35
1,2011-05-02,2,0,5,1,1,1,0.44,0.4394,0.77,0.1343,16
1,2011-05-02,2,0,5,1,1,1,0.44,0.4394,0.77,0.1642,17
1,2011-05-02,2,0,5,1,1,2,0.44,0.4394,0.77,0.1343,20
2,2011-05-02,2,0,5,1,1,1,0.44,0.4394,0.88,0.1045,62
2,2011-05-02,2,0,5,1,1,2,0.46,0.4545,0.82,0.3284,209
2,2011-05-02,2,0,5,1,1,2,0.48,0.4697,0.77,0.2239,371
2,2011-05-02,2,0,5,1,1,2,0.5,0.4848,0.77,0.2836,172
2,2011-05-02,2,0,5,1,1,2,0.54,0.5152,0.77,0.2239,108
2,2011-05-02,2,0,5,1,1,1,0.58,0.5455,0.73,0.2985,130
3,2011-05-02,2,0,5,1,1,1,0.62,0.6061,0.69,0.2239,187
3,2011-05-02,2,0,5,1,1,2,0.62,0.6061,0.69,0.194,170
3,2011-05-02,2,0,5,1,1,1,0.64,0.6061,0.69,0.2239,181
3,2011-05-02,2,0,5,1,1,1,0.66,0.6212,0.61,0.194,155
3,2011-05-02,2,0,5,1,1,1,0.66,0.6212,0.61,0.2239,269
3,2011-05-02,2,0,5,1,1,1,0.66,0.6212,0.65,0.194,537
4,2011-05-02,2,0,5,1,1,2,0.64,0.6061,0.65,0.194,518
4,2011-05-02,2,0,5,1,1,2,0.62,0.6061,0.69,0.1343,314
4,2011-05-02,2,0,5,1,1,2,0.62,0.6061,0.69,0.1343,218
4,2011-05-02,2,0,5,1,1,2,0.6,0.5909,0.73,0.1045,232
4,2011-05-02,2,0,5,1,1,2,0.6,0.5909,0.73,0.0,125
4,2011-05-02,2,0,5,1,1,2,0.56,0.5303,0.83,0.194,64
1,2011-05-03,2,0,5,2,1,2,0.56,0.5303,0.83,0.2239,16
1,2011-05-03,2,0,5,2,1,2,0.56,0.5303,0.78,0.2537,14
1,2011-05-03,2,0,5,2,1,2,0.56,0.5303,0.78,0.2537,5
1,2011-05-03,2,0,5,2,1,1,0.54,0.5152,0.83,0.2836,2
1,2011-05-03,2,0,5,2,1,1,0.52,0.5,0.88,0.2239,4
1,2011-05-03,2,0,5,2,1,1,0.52,0.5,0.88,0.1343,14
2,2011-05-03,2,0,5,2,1,2,0.52,0.5,0.94,0.1642,109
2,2011-05-03,2,0,5,2,1,2,0.54,0.5152,0.88,0.2239,265
2,2011-05-03,2,0,5,2,1,2,0.56,0.5303,0.83,0.2836,459
2,2011-05-03,2,0,5,2,1,2,0.6,0.5758,0.78,0.3582,186
2,2011-05-03,2,0,5,2,1,2,0.64,0.6061,0.69,0.3582,127
2,2011-05-03,2,0,5,2,1,2,0.66,0.6212,0.65,0.3284,140
3,2011-05-03,2,0,5,2,1,2,0.68,0.6364,0.61,0.4925,217
3,2011-05-03,2,0,5,2,1,2,0.7,0.6515,0.58,0.6119,194
3,2011-05-03,2,0,5,2,1,2,0.7,0.6515,0.58,0.5224,158
3,2011-05-03,2,0,5,2,1,2,0.7,0.6515,0.58,0.4478,154
3,2011-05-03,2,0,5,2,1,1,0.72,0.6667,0.54,0.4627,271
3,2011-05-03,2,0,5,2,1,1,0.7,0.6515,0.54,0.4627,517
4,2011-05-03,2,0,5,2,1,1,0.7,0.6515,0.48,0.4179,544
4,2011-05-03,2,0,5,2,1,1,0.68,0.6364,0.57,0.3582,365
4,2011-05-03,2,0,5,2,1,1,0.66,0.6212,0.61,0.194,290
4,2011-05-03,2,0,5,2,1,2,0.64,0.6212,0.61,0.4478,225
4,2011-05-03,2,0,5,2,1,2,0.58,0.5455,0.6,0.3881,113
4,2011-05-03,2,0,5,2,1,2,0.56,0.5303,0.68,0.3284,62
1,2011-05-04,2,0,5,3,1,3,0.52,0.5,0.77,0.1642,27
1,2011-05-04,2,0,5,3,1,3,0.5,0.4848,0.82,0.2836,7
1,2011-05-04,2,0,5,3,1,3,0.5,0.4848,0.82,0.2836,4
1,2011-05-04,2,0,5,3,1,3,0.42,0.4242,0.88,0.5224,1
1,2011-05-04,2,0,5,3,1,3,0.38,0.3939,0.94,0.3284,3
1,2011-05-04,2,0,5,3,1,3,0.36,0.3333,0.87,0.3284,9
2,2011-05-04,2,0,5,3,1,3,0.34,0.303,0.93,0.3881,21
2,2011-05-04,2,0,5,3,1,3,0.34,0.303,0.93,0.3582,52
2,2011-05-04,2,0,5,3,1,3,0.34,0.303,0.93,0.3881,79
2,2011-05-04,2,0,5,3,1,3,0.34,0.303,0.93,0.3582,40
2,2011-05-04,2,0,5,3,1,2,0.34,0.3182,0.93,0.2836,31
2,2011-05-04,2,0,5,3,1,1,0.4,0.4091,0.82,0.3284,72
3,2011-05-04,2,0,5,3,1,2,0.44,0.4394,0.62,0.3582,124
3,2011-05-04,2,0,5,3,1,2,0.46,0.4545,0.59,0.4478,143
3,2011-05-04,2,0,5,3,1,1,0.5,0.4848,0.51,0.3881,107
3,2011-05-04,2,0,5,3,1,1,0.48,0.4697,0.51,0.4179,129
3,2011-05-04,2,0,5,3,1,1,0.5,0.4848,0.45,0.4627,195
3,2011-05-04,2,0,5,3,1,1,0.4,0.4091,0.71,0.2537,410
4,2011-05-04,2,0,5,3,1,1,0.42,0.4242,0.67,0.2537,396
4,2011-05-04,2,0,5,3,1,1,0.42,0.4242,0.58,0.3582,296
4,2011-05-04,2,0,5,3,1,1,0.4,0.4091,0.62,0.3284,191
4,2011-05-04,2,0,5,3,1,1,0.4,0.4091,0.62,0.1642,150
4,2011-05-04,2,0,5,3,1,1,0.38,0.3939,0.62,0.2239,89
4,2011-05-04,2,0,5,3,1,1,0.36,0.3485,0.62,0.2239,57
1,2011-05-05,2,0,5,4,1,1,0.36,0.3485,0.66,0.194,27
1,2011-05-05,2,0,5,4,1,1,0.34,0.3333,0.71,0.194,10
1,2011-05-05,2,0,5,4,1,1,0.34,0.3182,0.66,0.2239,5
1,2011-05-05,2,0,5,4,1,1,0.34,0.3182,0.66,0.2537,4
1,2011-05-05,2,0,5,4,1,1,0.34,0.3182,0.66,0.2537,7
1,2011-05-05,2,0,5,4,1,1,0.34,0.3182,0.66,0.2537,30
2,2011-05-05,2,0,5,4,1,1,0.34,0.3182,0.66,0.2537,89
2,2011-05-05,2,0,5,4,1,1,0.38,0.3939,0.58,0.2537,271
2,2011-05-05,2,0,5,4,1,1,0.42,0.4242,0.5,0.2537,440
2,2011-05-05,2,0,5,4,1,1,0.46,0.4545,0.44,0.2836,184
2,2011-05-05,2,0,5,4,1,1,0.5,0.4848,0.39,0.2836,128
2,2011-05-05,2,0,5,4,1,1,0.52,0.5,0.36,0.4478,148
3,2011-05-05,2,0,5,4,1,1,0.52,0.5,0.34,0.3582,196
3,2011-05-05,2,0,5,4,1,1,0.54,0.5152,0.3,0.5821,192
3,2011-05-05,2,0,5,4,1,1,0.54,0.5152,0.28,0.4478,154
3,2011-05-05,2,0,5,4,1,1,0.56,0.5303,0.26,0.4925,147
3,2011-05-05,2,0,5,4,1,1,0.58,0.5455,0.24,0.4179,269
3,2011-05-05,2,0,5,4,1,1,0.56,0.5303,0.26,0.3881,533
4,2011-05-05,2,0,5,4,1,1,0.56,0.5303,0.26,0.2836,520
4,2011-05-05,2,0,5,4,1,1,0.54,0.5152,0.28,0.2239,361
4,2011-05-05,2,0,5,4,1,1,0.5,0.4848,0.34,0.1642,258
4,2011-05-05,2,0,5,4,1,1,0.5,0.4848,0.36,0.194,180
4,2011-05-05,2,0,5,4,1,1,0.48,0.4697,0.39,0.194,165
4,2011-05-05,2,0,5,4,1,1,0.46,0.4545,0.41,0.194,115
1,2011-05-06,2,0,5,5,1,1,0.44,0.4394,0.44,0.1642,56
1,2011-05-06,2,0,5,5,1,1,0.4,0.4091,0.62,0.1642,32
1,2011-05-06,2,0,5,5,1,1,0.38,0.3939,0.62,0.1045,16
1,2011-05-06,2,0,5,5,1,1,0.36,0.3636,0.71,0.1045,9
1,2011-05-06,2,0,5,5,1,1,0.36,0.3636,0.71,0.1045,1
1,2011-05-06,2,0,5,5,1,1,0.34,0.3485,0.81,0.1045,16
2,2011-05-06,2,0,5,5,1,1,0.36,0.3636,0.81,0.0896,82
2,2011-05-06,2,0,5,5,1,1,0.4,0.4091,0.82,0.0,222
2,2011-05-06,2,0,5,5,1,1,0.42,0.4242,0.77,0.2537,450
2,2011-05-06,2,0,5,5,1,1,0.46,0.4545,0.67,0.2836,188
2,2011-05-06,2,0,5,5,1,2,0.54,0.5152,0.49,0.3284,127
2,2011-05-06,2,0,5,5,1,2,0.54,0.5152,0.49,0.3284,165
3,2011-05-06,2,0,5,5,1,1,0.56,0.5303,0.49,0.3582,246
3,2011-05-06,2,0,5,5,1,1,0.58,0.5455,0.4,0.3284,253
3,2011-05-06,2,0,5,5,1,1,0.6,0.6212,0.4,0.4478,213
3,2011-05-06,2,0,5,5,1,1,0.6,0.6212,0.38,0.3881,260
3,2011-05-06,2,0,5,5,1,1,0.6,0.6212,0.4,0.2537,344
3,2011-05-06,2,0,5,5,1,1,0.58,0.5455,0.4,0.3582,553
4,2011-05-06,2,0,5,5,1,3,0.54,0.5152,0.52,0.3582,470
4,2011-05-06,2,0,5,5,1,3,0.54,0.5152,0.52,0.3582,292
4,2011-05-06,2,0,5,5,1,1,0.52,0.5,0.48,0.1045,190
4,2011-05-06,2,0,5,5,1,1,0.48,0.4697,0.67,0.1343,152
4,2011-05-06,2,0,5,5,1,1,0.46,0.4545,0.72,0.2239,151
4,2011-05-06,2,0,5,5,1,1,0.44,0.4394,0.82,0.1343,120
1,2011-05-07,2,0,5,6,0,1,0.42,0.4242,0.82,0.1343,86
1,2011-05-07,2,0,5,6,0,1,0.42,0.4242,0.82,0.1045,58
1,2011-05-07,2,0,5,6,0,1,0.42,0.4242,0.82,0.0896,52
1,2011-05-07,2,0,5,6,0,1,0.42,0.4242,0.77,0.0896,18
1,2011-05-07,2,0,5,6,0,1,0.4,0.4091,0.82,0.1045,5
1,2011-05-07,2,0,5,6,0,1,0.46,0.4545,0.59,0.1343,7
2,2011-05-07,2,0,5,6,0,1,0.42,0.4242,0.77,0.0896,13
2,2011-05-07,2,0,5,6,0,1,0.48,0.4697,0.59,0.0,40
2,2011-05-07,2,0,5,6,0,1,0.52,0.5,0.52,0.194,115
2,2011-05-07,2,0,5,6,0,1,0.54,0.5152,0.49,0.2836,218
2,2011-05-07,2,0,5,6,0,1,0.56,0.5303,0.49,0.2985,298
2,2011-05-07,2,0,5,6,0,1,0.56,0.5303,0.43,0.0,347
3,2011-05-07,2,0,5,6,0,1,0.6,0.6212,0.4,0.194,373
3,2011-05-07,2,0,5,6,0,1,0.6,0.6212,0.35,0.2836,436
3,2011-05-07,2,0,5,6,0,3,0.6,0.6212,0.35,0.1642,378
3,2011-05-07,2,0,5,6,0,1,0.6,0.6212,0.38,0.2537,378
3,2011-05-07,2,0,5,6,0,1,0.6,0.6212,0.38,0.194,342
3,2011-05-07,2,0,5,6,0,1,0.58,0.5455,0.4,0.2239,354
4,2011-05-07,2,0,5,6,0,1,0.58,0.5455,0.37,0.1642,289
4,2011-05-07,2,0,5,6,0,1,0.56,0.5303,0.43,0.194,267
4,2011-05-07,2,0,5,6,0,1,0.56,0.5303,0.43,0.1343,219
4,2011-05-07,2,0,5,6,0,1,0.54,0.5152,0.49,0.2239,182
4,2011-05-07,2,0,5,6,0,1,0.54,0.5152,0.49,0.194,120
4,2011-05-07,2,0,5,6,0,1,0.5,0.4848,0.59,0.1045,119
1,2011-05-08,2,0,5,0,0,2,0.5,0.4848,0.59,0.1045,100
1,2011-05-08,2,0,5,0,0,2,0.52,0.5,0.55,0.0,64
1,2011-05-08,2,0,5,0,0,1,0.48,0.4697,0.63,0.0,59
1,2011-05-08,2,0,5,0,0,1,0.46,0.4545,0.72,0.0896,31
1,2011-05-08,2,0,5,0,0,1,0.42,0.4242,0.82,0.0,10
1,2011-05-08,2,0,5,0,0,2,0.44,0.4394,0.77,0.0,5
2,2011-05-08,2,0,5,0,0,2,0.44,0.4394,0.82,0.0,6
2,2011-05-08,2,0,5,0,0,2,0.46,0.4545,0.82,0.0,23
2,2011-05-08,2,0,5,0,0,1,0.52,0.5,0.63,0.1343,86
2,2011-05-08,2,0,5,0,0,1,0.56,0.5303,0.52,0.2239,160
2,2011-05-08,2,0,5,0,0,1,0.58,0.5455,0.49,0.1343,244
2,2011-05-08,2,0,5,0,0,1,0.58,0.5455,0.49,0.0896,340
3,2011-05-08,2,0,5,0,0,1,0.6,0.6212,0.46,0.0896,382
3,2011-05-08,2,0,5,0,0,1,0.6,0.6212,0.49,0.1343,390
3,2011-05-08,2,0,5,0,0,1,0.6,0.6212,0.49,0.0,366
3,2011-05-08,2,0,5,0,0,1,0.6,0.6212,0.49,0.0,358
3,2011-05-08,2,0,5,0,0,1,0.6,0.6212,0.46,0.1045,385
3,2011-05-08,2,0,5,0,0,3,0.58,0.5455,0.49,0.2836,351
4,2011-05-08,2,0,5,0,0,1,0.58,0.5455,0.49,0.0,268
4,2011-05-08,2,0,5,0,0,1,0.56,0.5303,0.64,0.0,239
4,2011-05-08,2,0,5,0,0,1,0.52,0.5,0.77,0.1343,174
4,2011-05-08,2,0,5,0,0,1,0.52,0.5,0.77,0.0896,127
4,2011-05-08,2,0,5,0,0,1,0.5,0.4848,0.88,0.0896,115
4,2011-05-08,2,0,5,0,0,1,0.46,0.4545,0.88,0.0896,50
1,2011-05-09,2,0,5,1,1,1,0.46,0.4545,0.82,0.0896,53
1,2011-05-09,2,0,5,1,1,1,0.44,0.4394,0.88,0.0,33
1,2011-05-09,2,0,5,1,1,1,0.44,0.4394,0.94,0.0,8
1,2011-05-09,2,0,5,1,1,1,0.46,0.4545,0.82,0.0896,7
1,2011-05-09,2,0,5,1,1,1,0.42,0.4242,0.82,0.1642,4
1,2011-05-09,2,0,5,1,1,1,0.42,0.4242,0.77,0.1642,23
2,2011-05-09,2,0,5,1,1,1,0.44,0.4394,0.72,0.2537,89
2,2011-05-09,2,0,5,1,1,1,0.48,0.4697,0.63,0.2537,237
2,2011-05-09,2,0,5,1,1,1,0.52,0.5,0.55,0.2239,374
2,2011-05-09,2,0,5,1,1,1,0.54,0.5152,0.56,0.1642,178
2,2011-05-09,2,0,5,1,1,1,0.56,0.5303,0.52,0.194,119
2,2011-05-09,2,0,5,1,1,1,0.6,0.6212,0.46,0.2239,125
3,2011-05-09,2,0,5,1,1,1,0.6,0.6212,0.43,0.194,195
3,2011-05-09,2,0,5,1,1,1,0.62,0.6212,0.38,0.2836,174
3,2011-05-09,2,0,5,1,1,1,0.62,0.6212,0.41,0.2239,162
3,2011-05-09,2,0,5,1,1,1,0.62,0.6212,0.41,0.2239,199
3,2011-05-09,2,0,5,1,1,1,0.64,0.6212,0.38,0.2239,304
3,2011-05-09,2,0,5,1,1,1,0.62,0.6212,0.38,0.2537,598
4,2011-05-09,2,0,5,1,1,1,0.62,0.6212,0.38,0.2985,524
4,2011-05-09,2,0,5,1,1,1,0.58,0.5455,0.43,0.194,384
4,2011-05-09,2,0,5,1,1,1,0.54,0.5152,0.49,0.194,239
4,2011-05-09,2,0,5,1,1,1,0.52,0.5,0.59,0.1343,156
4,2011-05-09,2,0,5,1,1,1,0.52,0.5,0.68,0.0896,116
4,2011-05-09,2,0,5,1,1,1,0.5,0.4848,0.68,0.0896,61
1,2011-05-10,2,0,5,2,1,1,0.48,0.4697,0.63,0.0,18
1,2011-05-10,2,0,5,2,1,1,0.46,0.4545,0.59,0.0896,15
1,2011-05-10,2,0,5,2,1,1,0.44,0.4394,0.58,0.1343,5
1,2011-05-10,2,0,5,2,1,1,0.44,0.4394,0.54,0.194,4
1,2011-05-10,2,0,5,2,1,1,0.42,0.4242,0.62,0.2537,2
1,2011-05-10,2,0,5,2,1,1,0.4,0.4091,0.66,0.2239,29
2,2011-05-10,2,0,5,2,1,1,0.42,0.4242,0.67,0.1343,112
2,2011-05-10,2,0,5,2,1,2,0.44,0.4394,0.62,0.1343,314
2,2011-05-10,2,0,5,2,1,2,0.5,0.4848,0.51,0.1045,425
2,2011-05-10,2,0,5,2,1,2,0.52,0.5,0.48,0.1045,205
2,2011-05-10,2,0,5,2,1,2,0.56,0.5303,0.37,0.0896,127
2,2011-05-10,2,0,5,2,1,2,0.56,0.5303,0.43,0.1343,125
3,2011-05-10,2,0,5,2,1,2,0.6,0.6212,0.38,0.0,217
3,2011-05-10,2,0,5,2,1,2,0.62,0.6212,0.38,0.2537,202
3,2011-05-10,2,0,5,2,1,2,0.62,0.6212,0.33,0.0,176
3,2011-05-10,2,0,5,2,1,2,0.64,0.6212,0.33,0.0896,180
3,2011-05-10,2,0,5,2,1,1,0.66,0.6212,0.31,0.1045,327
3,2011-05-10,2,0,5,2,1,1,0.64,0.6212,0.33,0.0,611
4,2011-05-10,2,0,5,2,1,1,0.64,0.6212,0.29,0.1343,550
4,2011-05-10,2,0,5,2,1,1,0.6,0.6212,0.43,0.2239,434
4,2011-05-10,2,0,5,2,1,1,0.54,0.5152,0.6,0.1343,291
4,2011-05-10,2,0,5,2,1,1,0.54,0.5152,0.52,0.0,203
4,2011-05-10,2,0,5,2,1,1,0.52,0.5,0.55,0.1045,150
4,2011-05-10,2,0,5,2,1,2,0.52,0.5,0.59,0.1343,81
1,2011-05-11,2,0,5,3,1,2,0.52,0.5,0.55,0.1343,38
1,2011-05-11,2,0,5,3,1,2,0.5,0.4848,0.59,0.1045,20
1,2011-05-11,2,0,5,3,1,1,0.52,0.5,0.59,0.0,10
1,2011-05-11,2,0,5,3,1,1,0.5,0.4848,0.63,0.2239,3
1,2011-05-11,2,0,5,3,1,2,0.48,0.4697,0.88,0.1343,2
1,2011-05-11,2,0,5,3,1,1,0.46,0.4545,0.88,0.1343,20
2,2011-05-11,2,0,5,3,1,1,0.46,0.4545,0.82,0.1343,99
2,2011-05-11,2,0,5,3,1,1,0.48,0.4697,0.72,0.194,318
2,2011-05-11,2,0,5,3,1,1,0.48,0.4697,0.77,0.2537,442
2,2011-05-11,2,0,5,3,1,1,0.52,0.5,0.72,0.1343,203
2,2011-05-11,2,0,5,3,1,1,0.54,0.5152,0.68,0.0896,154
2,2011-05-11,2,0,5,3,1,1,0.56,0.5303,0.64,0.0896,141
3,2011-05-11,2,0,5,3,1,1,0.6,0.6212,0.56,0.0,226
3,2011-05-11,2,0,5,3,1,1,0.62,0.6212,0.5,0.0,193
3,2011-05-11,2,0,5,3,1,1,0.62,0.6212,0.53,0.0896,177
3,2011-05-11,2,0,5,3,1,1,0.64,0.6212,0.41,0.0,179
3,2011-05-11,2,0,5,3,1,1,0.66,0.6212,0.39,0.0,289
3,2011-05-11,2,0,5,3,1,1,0.64,0.6212,0.47,0.1045,259
4,2011-05-11,2,0,5,3,1,1,0.62,0.6212,0.5,0.2985,274
4,2011-05-11,2,0,5,3,1,1,0.56,0.5303,0.52,0.1343,401
4,2011-05-11,2,0,5,3,1,1,0.54,0.5152,0.64,0.1343,273
4,2011-05-11,2,0,5,3,1,1,0.54,0.5152,0.6,0.0,234
4,2011-05-11,2,0,5,3,1,1,0.5,0.4848,0.72,0.2537,146
4,2011-05-11,2,0,5,3,1,1,0.46,0.4545,0.88,0.2537,81
1,2011-05-12,2,0,5,4,1,2,0.46,0.4545,0.88,0.2239,44
1,2011-05-12,2,0,5,4,1,1,0.46,0.4545,0.88,0.2239,17
1,2011-05-12,2,0,5,4,1,1,0.44,0.4394,0.94,0.194,15
1,2011-05-12,2,0,5,4,1,1,0.44,0.4394,0.88,0.1343,5
1,2011-05-12,2,0,5,4,1,1,0.42,0.4242,0.94,0.0,6
1,2011-05-12,2,0,5,4,1,1,0.42,0.4242,0.94,0.1343,29
2,2011-05-12,2,0,5,4,1,1,0.44,0.4394,0.88,0.0,112
2,2011-05-12,2,0,5,4,1,1,0.46,0.4545,0.88,0.1343,297
2,2011-05-12,2,0,5,4,1,1,0.48,0.4697,0.82,0.194,421
2,2011-05-12,2,0,5,4,1,2,0.5,0.4848,0.77,0.2836,212
2,2011-05-12,2,0,5,4,1,2,0.54,0.5152,0.68,0.2239,147
2,2011-05-12,2,0,5,4,1,1,0.58,0.5455,0.6,0.2239,179
3,2011-05-12,2,0,5,4,1,1,0.58,0.5455,0.6,0.2239,207
3,2011-05-12,2,0,5,4,1,2,0.62,0.6212,0.57,0.2985,218
3,2011-05-12,2,0,5,4,1,2,0.62,0.6061,0.61,0.2239,191
3,2011-05-12,2,0,5,4,1,2,0.64,0.6212,0.53,0.2537,217
3,2011-05-12,2,0,5,4,1,2,0.64,0.6212,0.57,0.2537,288
3,2011-05-12,2,0,5,4,1,2,0.64,0.6212,0.57,0.194,594
4,2011-05-12,2,0,5,4,1,1,0.62,0.6061,0.69,0.2239,527
4,2011-05-12,2,0,5,4,1,2,0.6,0.6061,0.64,0.194,364
4,2011-05-12,2,0,5,4,1,1,0.6,0.6061,0.64,0.194,276
4,2011-05-12,2,0,5,4,1,1,0.56,0.5303,0.83,0.1343,223
4,2011-05-12,2,0,5,4,1,1,0.54,0.5152,0.83,0.194,172
4,2011-05-12,2,0,5,4,1,2,0.54,0.5152,0.77,0.194,103
1,2011-05-13,2,0,5,5,1,2,0.52,0.5,0.83,0.1642,52
1,2011-05-13,2,0,5,5,1,1,0.52,0.5,0.83,0.1642,20
1,2011-05-13,2,0,5,5,1,2,0.5,0.4848,0.88,0.1343,11
1,2011-05-13,2,0,5,5,1,2,0.5,0.4848,0.88,0.1343,4
1,2011-05-13,2,0,5,5,1,3,0.5,0.4848,0.88,0.1642,5
1,2011-05-13,2,0,5,5,1,2,0.5,0.4848,0.88,0.194,25
2,2011-05-13,2,0,5,5,1,3,0.5,0.4848,0.88,0.1343,82
2,2011-05-13,2,0,5,5,1,3,0.5,0.4848,0.88,0.1642,157
2,2011-05-13,2,0,5,5,1,2,0.5,0.4848,0.88,0.194,387
2,2011-05-13,2,0,5,5,1,2,0.5,0.4848,0.88,0.194,233
2,2011-05-13,2,0,5,5,1,2,0.52,0.5,0.83,0.1343,130
2,2011-05-13,2,0,5,5,1,2,0.52,0.5,0.83,0.1642,146
3,2011-05-13,2,0,5,5,1,2,0.52,0.5,0.88,0.194,223
3,2011-05-13,2,0,5,5,1,2,0.52,0.5,0.88,0.3881,226
3,2011-05-13,2,0,5,5,1,2,0.52,0.5,0.87,0.2836,190
3,2011-05-13,2,0,5,5,1,2,0.52,0.5,0.88,0.1642,198
3,2011-05-13,2,0,5,5,1,2,0.52,0.5,0.88,0.1343,300
3,2011-05-13,2,0,5,5,1,3,0.52,0.5,0.88,0.1642,491
4,2011-05-13,2,0,5,5,1,3,0.52,0.5,0.88,0.1642,398
4,2011-05-13,2,0,5,5,1,2,0.52,0.5,0.83,0.194,270
4,2011-05-13,2,0,5,5,1,2,0.52,0.5,0.83,0.1343,152
4,2011-05-13,2,0,5,5,1,2,0.52,0.5,0.84,0.1642,154
4,2011-05-13,2,0,5,5,1,2,0.52,0.5,0.83,0.2239,132
4,2011-05-13,2,0,5,5,1,3,0.5,0.4848,0.88,0.1642,119
1,2011-05-14,2,0,5,6,0,2,0.5,0.4848,0.88,0.1343,102
1,2011-05-14,2,0,5,6,0,2,0.5,0.4848,0.88,0.1343,82
1,2011-05-14,2,0,5,6,0,2,0.5,0.4848,0.88,0.1343,52
1,2011-05-14,2,0,5,6,0,2,0.5,0.4848,0.88,0.1343,35
1,2011-05-14,2,0,5,6,0,2,0.5,0.4848,0.82,0.1642,5
1,2011-05-14,2,0,5,6,0,2,0.5,0.4848,0.82,0.1045,14
2,2011-05-14,2,0,5,6,0,2,0.5,0.4848,0.88,0.1045,11
2,2011-05-14,2,0,5,6,0,3,0.48,0.4697,1.0,0.0,32
2,2011-05-14,2,0,5,6,0,3,0.5,0.4848,0.94,0.0,88
2,2011-05-14,2,0,5,6,0,2,0.52,0.5,0.94,0.0896,100
2,2011-05-14,2,0,5,6,0,2,0.52,0.5,0.94,0.1642,167
2,2011-05-14,2,0,5,6,0,2,0.52,0.5,0.94,0.1343,279
3,2011-05-14,2,0,5,6,0,3,0.52,0.5,1.0,0.0896,279
3,2011-05-14,2,0,5,6,0,3,0.52,0.5,1.0,0.0896,248
3,2011-05-14,2,0,5,6,0,2,0.54,0.5152,0.94,0.1343,216
3,2011-05-14,2,0,5,6,0,2,0.54,0.5152,0.94,0.1642,294
3,2011-05-14,2,0,5,6,0,2,0.54,0.5152,0.94,0.194,295
3,2011-05-14,2,0,5,6,0,2,0.56,0.5303,0.88,0.194,272
4,2011-05-14,2,0,5,6,0,2,0.56,0.5303,0.88,0.2239,304
4,2011-05-14,2,0,5,6,0,3,0.54,0.5152,0.94,0.1343,248
4,2011-05-14,2,0,5,6,0,3,0.54,0.5152,0.94,0.1343,157
4,2011-05-14,2,0,5,6,0,3,0.54,0.5152,0.94,0.2239,59
4,2011-05-14,2,0,5,6,0,3,0.54,0.5152,0.94,0.1642,26
4,2011-05-14,2,0,5,6,0,3,0.52,0.5,1.0,0.194,44
1,2011-05-15,2,0,5,0,0,2,0.52,0.5,1.0,0.0,39
1,2011-05-15,2,0,5,0,0,2,0.52,0.5,1.0,0.1045,47
1,2011-05-15,2,0,5,0,0,2,0.52,0.5,1.0,0.1343,50
1,2011-05-15,2,0,5,0,0,2,0.52,0.5,1.0,0.0,32
1,2011-05-15,2,0,5,0,0,2,0.52,0.5,1.0,0.0,13
1,2011-05-15,2,0,5,0,0,3,0.52,0.5,1.0,0.1045,14
2,2011-05-15,2,0,5,0,0,2,0.52,0.5,1.0,0.1343,17
2,2011-05-15,2,0,5,0,0,2,0.52,0.5,1.0,0.1343,42
2,2011-05-15,2,0,5,0,0,2,0.54,0.5152,0.94,0.1343,70
2,2011-05-15,2,0,5,0,0,1,0.58,0.5455,0.83,0.2537,134
2,2011-05-15,2,0,5,0,0,1,0.58,0.5455,0.83,0.2239,226
2,2011-05-15,2,0,5,0,0,1,0.6,0.5758,0.78,0.2239,322
3,2011-05-15,2,0,5,0,0,1,0.62,0.5909,0.73,0.2985,367
3,2011-05-15,2,0,5,0,0,1,0.62,0.5909,0.73,0.2836,456
3,2011-05-15,2,0,5,0,0,1,0.64,0.6061,0.73,0.194,437
3,2011-05-15,2,0,5,0,0,1,0.66,0.6212,0.69,0.2537,459
3,2011-05-15,2,0,5,0,0,1,0.64,0.6061,0.69,0.2537,440
3,2011-05-15,2,0,5,0,0,3,0.56,0.5303,0.78,0.3582,392
4,2011-05-15,2,0,5,0,0,1,0.56,0.5303,0.78,0.2537,237
4,2011-05-15,2,0,5,0,0,1,0.56,0.5303,0.83,0.1045,231
4,2011-05-15,2,0,5,0,0,1,0.54,0.5152,0.88,0.0,191
4,2011-05-15,2,0,5,0,0,1,0.54,0.5152,0.88,0.0,151
4,2011-05-15,2,0,5,0,0,1,0.56,0.5303,0.83,0.0,117
4,2011-05-15,2,0,5,0,0,1,0.54,0.5152,0.88,0.2239,69
1,2011-05-16,2,0,5,1,1,1,0.52,0.5,0.94,0.1045,38
1,2011-05-16,2,0,5,1,1,1,0.52,0.5,0.94,0.1343,14
1,2011-05-16,2,0,5,1,1,1,0.5,0.4848,1.0,0.0896,13
1,2011-05-16,2,0,5,1,1,1,0.5,0.4848,0.94,0.1642,4
1,2011-05-16,2,0,5,1,1,1,0.5,0.4848,1.0,0.1343,6
1,2011-05-16,2,0,5,1,1,1,0.5,0.4848,0.93,0.194,21
2,2011-05-16,2,0,5,1,1,1,0.52,0.5,0.88,0.1642,104
2,2011-05-16,2,0,5,1,1,1,0.52,0.5,0.83,0.2836,272
2,2011-05-16,2,0,5,1,1,1,0.56,0.5303,0.73,0.2985,394
2,2011-05-16,2,0,5,1,1,1,0.6,0.5909,0.69,0.194,194
2,2011-05-16,2,0,5,1,1,1,0.62,0.6061,0.65,0.0896,112
2,2011-05-16,2,0,5,1,1,1,0.64,0.6212,0.57,0.0,185
3,2011-05-16,2,0,5,1,1,1,0.66,0.6212,0.54,0.0896,209
3,2011-05-16,2,0,5,1,1,1,0.68,0.6364,0.51,0.0,214
3,2011-05-16,2,0,5,1,1,1,0.68,0.6364,0.51,0.0,193
3,2011-05-16,2,0,5,1,1,1,0.72,0.6667,0.51,0.0,165
3,2011-05-16,2,0,5,1,1,3,0.6,0.5758,0.78,0.2537,226
3,2011-05-16,2,0,5,1,1,1,0.58,0.5455,0.88,0.2239,274
4,2011-05-16,2,0,5,1,1,3,0.58,0.5455,0.83,0.194,453
4,2011-05-16,2,0,5,1,1,1,0.58,0.5455,0.83,0.2537,308
4,2011-05-16,2,0,5,1,1,1,0.58,0.5455,0.83,0.0,198
4,2011-05-16,2,0,5,1,1,1,0.58,0.5455,0.83,0.0,177
4,2011-05-16,2,0,5,1,1,1,0.56,0.5303,0.88,0.0896,127
4,2011-05-16,2,0,5,1,1,1,0.56,0.5303,0.88,0.0896,57
1,2011-05-17,2,0,5,2,1,2,0.56,0.5303,0.88,0.0,31
1,2011-05-17,2,0,5,2,1,3,0.56,0.5303,0.88,0.0,13
1,2011-05-17,2,0,5,2,1,3,0.56,0.5303,0.88,0.0,8
1,2011-05-17,2,0,5,2,1,3,0.54,0.5152,0.94,0.2537,4
1,2011-05-17,2,0,5,2,1,3,0.54,0.5152,0.94,0.2537,4
1,2011-05-17,2,0,5,2,1,3,0.52,0.5,0.94,0.2537,22
2,2011-05-17,2,0,5,2,1,3,0.52,0.5,0.94,0.2537,49
2,2011-05-17,2,0,5,2,1,2,0.52,0.5,0.94,0.2537,151
2,2011-05-17,2,0,5,2,1,2,0.52,0.5,0.94,0.2985,347
2,2011-05-17,2,0,5,2,1,2,0.54,0.5152,0.88,0.2537,207
2,2011-05-17,2,0,5,2,1,3,0.54,0.5152,0.88,0.2537,104
2,2011-05-17,2,0,5,2,1,2,0.56,0.5303,0.83,0.4179,130
3,2011-05-17,2,0,5,2,1,3,0.56,0.5303,0.83,0.4179,153
3,2011-05-17,2,0,5,2,1,2,0.56,0.5303,0.88,0.3284,172
3,2011-05-17,2,0,5,2,1,1,0.62,0.5909,0.73,0.4627,184
3,2011-05-17,2,0,5,2,1,1,0.62,0.6061,0.69,0.4478,210
3,2011-05-17,2,0,5,2,1,1,0.62,0.6061,0.61,0.3284,290
3,2011-05-17,2,0,5,2,1,1,0.62,0.6061,0.65,0.4179,604
4,2011-05-17,2,0,5,2,1,1,0.6,0.5909,0.69,0.2985,480
4,2011-05-17,2,0,5,2,1,1,0.6,0.5909,0.69,0.2537,349
4,2011-05-17,2,0,5,2,1,1,0.58,0.5455,0.83,0.4179,283
4,2011-05-17,2,0,5,2,1,1,0.54,0.5152,0.88,0.2537,174
4,2011-05-17,2,0,5,2,1,2,0.54,0.5152,0.88,0.2836,98
4,2011-05-17,2,0,5,2,1,2,0.54,0.5152,0.88,0.2537,56
1,2011-05-18,2,0,5,3,1,2,0.54,0.5152,0.88,0.2239,23
1,2011-05-18,2,0,5,3,1,2,0.54,0.5152,0.88,0.2537,12
1,2011-05-18,2,0,5,3,1,3,0.52,0.5,0.94,0.2239,6
1,2011-05-18,2,0,5,3,1,3,0.52,0.5,0.94,0.2985,9
1,2011-05-18,2,0,5,3,1,3,0.52,0.5,0.94,0.2985,3
1,2011-05-18,2,0,5,3,1,1,0.52,0.5,1.0,0.2239,9
2,2011-05-18,2,0,5,3,1,1,0.52,0.5,1.0,0.1343,101
2,2011-05-18,2,0,5,3,1,1,0.54,0.5152,0.88,0.194,274
2,2011-05-18,2,0,5,3,1,1,0.56,0.5303,0.88,0.2836,453
2,2011-05-18,2,0,5,3,1,3,0.56,0.5303,0.83,0.2537,202
2,2011-05-18,2,0,5,3,1,3,0.54,0.5152,0.88,0.2836,106
2,2011-05-18,2,0,5,3,1,2,0.54,0.5152,0.94,0.0896,23
3,2011-05-18,2,0,5,3,1,1,0.56,0.5303,0.94,0.2985,54
3,2011-05-18,2,0,5,3,1,2,0.56,0.5303,0.83,0.3284,122
3,2011-05-18,2,0,5,3,1,2,0.58,0.5455,0.78,0.2836,138
3,2011-05-18,2,0,5,3,1,1,0.6,0.5758,0.78,0.2537,167
3,2011-05-18,2,0,5,3,1,1,0.6,0.5909,0.73,0.194,294
3,2011-05-18,2,0,5,3,1,1,0.6,0.5909,0.69,0.1343,565
4,2011-05-18,2,0,5,3,1,1,0.6,0.5909,0.73,0.2239,489
4,2011-05-18,2,0,5,3,1,3,0.56,0.5303,0.88,0.1343,331
4,2011-05-18,2,0,5,3,1,3,0.56,0.5303,0.88,0.1343,213
4,2011-05-18,2,0,5,3,1,1,0.52,0.5,0.88,0.0,85
4,2011-05-18,2,0,5,3,1,1,0.52,0.5,0.83,0.0,117
4,2011-05-18,2,0,5,3,1,1,0.52,0.5,0.94,0.0896,59
1,2011-05-19,2,0,5,4,1,1,0.52,0.5,0.94,0.1045,29
1,2011-05-19,2,0,5,4,1,1,0.5,0.4848,0.94,0.0,6
1,2011-05-19,2,0,5,4,1,1,0.5,0.4848,0.94,0.0,15
1,2011-05-19,2,0,5,4,1,1,0.48,0.4697,1.0,0.0,4
1,2011-05-19,2,0,5,4,1,1,0.48,0.4697,0.94,0.0,5
1,2011-05-19,2,0,5,4,1,1,0.48,0.4697,0.94,0.0,26
2,2011-05-19,2,0,5,4,1,2,0.5,0.4848,0.94,0.0,103
2,2011-05-19,2,0,5,4,1,2,0.5,0.4848,1.0,0.0,257
2,2011-05-19,2,0,5,4,1,2,0.52,0.5,0.88,0.0,487
2,2011-05-19,2,0,5,4,1,2,0.54,0.5152,0.88,0.0896,216
2,2011-05-19,2,0,5,4,1,2,0.54,0.5152,0.83,0.0,130
2,2011-05-19,2,0,5,4,1,3,0.54,0.5152,0.88,0.1642,164
3,2011-05-19,2,0,5,4,1,2,0.58,0.5455,0.78,0.1045,168
3,2011-05-19,2,0,5,4,1,3,0.58,0.5455,0.64,0.2537,183
3,2011-05-19,2,0,5,4,1,3,0.54,0.5152,0.73,0.194,180
3,2011-05-19,2,0,5,4,1,1,0.56,0.5303,0.78,0.1642,188
3,2011-05-19,2,0,5,4,1,1,0.58,0.5455,0.64,0.194,302
3,2011-05-19,2,0,5,4,1,1,0.56,0.5303,0.78,0.1642,547
4,2011-05-19,2,0,5,4,1,1,0.6,0.6212,0.55,0.1642,513
4,2011-05-19,2,0,5,4,1,1,0.58,0.5455,0.6,0.1343,410
4,2011-05-19,2,0,5,4,1,1,0.54,0.5152,0.77,0.2836,282
4,2011-05-19,2,0,5,4,1,1,0.54,0.5152,0.77,0.2836,209
4,2011-05-19,2,0,5,4,1,3,0.5,0.4848,0.82,0.2985,79
4,2011-05-19,2,0,5,4,1,1,0.48,0.4697,0.94,0.0,72
1,2011-05-20,2,0,5,5,1,1,0.46,0.4545,0.94,0.0896,48
1,2011-05-20,2,0,5,5,1,1,0.46,0.4545,1.0,0.0,25
1,2011-05-20,2,0,5,5,1,1,0.44,0.4394,1.0,0.0896,8
1,2011-05-20,2,0,5,5,1,1,0.44,0.4394,1.0,0.0,5
1,2011-05-20,2,0,5,5,1,1,0.44,0.4394,0.94,0.0896,5
1,2011-05-20,2,0,5,5,1,1,0.44,0.4394,0.94,0.1045,28
2,2011-05-20,2,0,5,5,1,1,0.46,0.4545,0.88,0.1045,117
2,2011-05-20,2,0,5,5,1,1,0.5,0.4848,0.77,0.1642,319
2,2011-05-20,2,0,5,5,1,1,0.54,0.5152,0.68,0.0,517
2,2011-05-20,2,0,5,5,1,1,0.54,0.5152,0.68,0.2239,234
2,2011-05-20,2,0,5,5,1,1,0.56,0.5303,0.64,0.194,148
2,2011-05-20,2,0,5,5,1,2,0.58,0.5455,0.6,0.194,196
3,2011-05-20,2,0,5,5,1,2,0.6,0.6212,0.56,0.2537,255
3,2011-05-20,2,0,5,5,1,3,0.6,0.6212,0.56,0.2836,232
3,2011-05-20,2,0,5,5,1,1,0.62,0.6212,0.53,0.2239,197
3,2011-05-20,2,0,5,5,1,2,0.6,0.6212,0.56,0.194,242
3,2011-05-20,2,0,5,5,1,2,0.6,0.6212,0.53,0.1642,330
3,2011-05-20,2,0,5,5,1,1,0.62,0.6212,0.53,0.0,554
4,2011-05-20,2,0,5,5,1,1,0.6,0.6212,0.56,0.1642,473
4,2011-05-20,2,0,5,5,1,1,0.58,0.5455,0.64,0.0896,302
4,2011-05-20,2,0,5,5,1,1,0.58,0.5455,0.64,0.1045,220
4,2011-05-20,2,0,5,5,1,1,0.56,0.5303,0.64,0.1045,195
4,2011-05-20,2,0,5,5,1,1,0.54,0.5152,0.73,0.0,152
4,2011-05-20,2,0,5,5,1,1,0.52,0.5,0.72,0.1642,115
1,2011-05-21,2,0,5,6,0,1,0.52,0.5,0.77,0.1045,98
1,2011-05-21,2,0,5,6,0,1,0.52,0.5,0.72,0.0,72
1,2011-05-21,2,0,5,6,0,1,0.52,0.5,0.72,0.1045,40
1,2011-05-21,2,0,5,6,0,1,0.48,0.4697,0.82,0.1045,19
1,2011-05-21,2,0,5,6,0,1,0.46,0.4545,0.88,0.1343,7
1,2011-05-21,2,0,5,6,0,1,0.46,0.4545,0.88,0.1045,5
2,2011-05-21,2,0,5,6,0,1,0.5,0.4848,0.82,0.1343,28
2,2011-05-21,2,0,5,6,0,1,0.54,0.5152,0.73,0.1343,43
2,2011-05-21,2,0,5,6,0,1,0.56,0.5303,0.68,0.2836,126
2,2011-05-21,2,0,5,6,0,1,0.6,0.6061,0.64,0.2239,225
2,2011-05-21,2,0,5,6,0,1,0.62,0.6061,0.61,0.1045,323
2,2011-05-21,2,0,5,6,0,1,0.64,0.6212,0.53,0.1343,418
3,2011-05-21,2,0,5,6,0,1,0.66,0.6212,0.5,0.0,493
3,2011-05-21,2,0,5,6,0,1,0.7,0.6364,0.45,0.0,462
3,2011-05-21,2,0,5,6,0,1,0.72,0.6515,0.42,0.0,456
3,2011-05-21,2,0,5,6,0,1,0.72,0.6515,0.45,0.2537,506
3,2011-05-21,2,0,5,6,0,2,0.72,0.6515,0.39,0.2537,471
3,2011-05-21,2,0,5,6,0,2,0.72,0.6515,0.42,0.1642,444
4,2011-05-21,2,0,5,6,0,2,0.7,0.6364,0.45,0.1642,444
4,2011-05-21,2,0,5,6,0,1,0.68,0.6364,0.47,0.1642,301
4,2011-05-21,2,0,5,6,0,1,0.62,0.6061,0.61,0.0,248
4,2011-05-21,2,0,5,6,0,1,0.62,0.6061,0.61,0.1045,227
4,2011-05-21,2,0,5,6,0,1,0.6,0.5909,0.69,0.1343,204
4,2011-05-21,2,0,5,6,0,1,0.58,0.5455,0.78,0.0896,145
1,2011-05-22,2,0,5,0,0,1,0.54,0.5152,0.88,0.1642,131
1,2011-05-22,2,0,5,0,0,1,0.52,0.5,0.94,0.1343,98
1,2011-05-22,2,0,5,0,0,1,0.52,0.5,0.94,0.1045,68
1,2011-05-22,2,0,5,0,0,1,0.5,0.4848,1.0,0.1045,33
1,2011-05-22,2,0,5,0,0,1,0.5,0.4848,1.0,0.0,12
1,2011-05-22,2,0,5,0,0,1,0.5,0.4848,1.0,0.1045,6
2,2011-05-22,2,0,5,0,0,1,0.52,0.5,0.94,0.1045,18
2,2011-05-22,2,0,5,0,0,1,0.54,0.5152,0.88,0.1045,40
2,2011-05-22,2,0,5,0,0,1,0.6,0.5909,0.73,0.0896,94
2,2011-05-22,2,0,5,0,0,1,0.62,0.6061,0.69,0.1045,189
2,2011-05-22,2,0,5,0,0,1,0.64,0.6061,0.65,0.1343,305
2,2011-05-22,2,0,5,0,0,1,0.7,0.6515,0.54,0.194,373
3,2011-05-22,2,0,5,0,0,2,0.72,0.6667,0.51,0.194,401
3,2011-05-22,2,0,5,0,0,2,0.66,0.6212,0.54,0.2239,455
3,2011-05-22,2,0,5,0,0,3,0.62,0.6061,0.69,0.194,316
3,2011-05-22,2,0,5,0,0,2,0.66,0.6212,0.61,0.1642,331
3,2011-05-22,2,0,5,0,0,1,0.68,0.6364,0.61,0.1343,273
3,2011-05-22,2,0,5,0,0,1,0.7,0.6515,0.58,0.2537,306
4,2011-05-22,2,0,5,0,0,1,0.66,0.6212,0.61,0.2239,358
4,2011-05-22,2,0,5,0,0,1,0.66,0.6212,0.61,0.194,300
4,2011-05-22,2,0,5,0,0,1,0.64,0.6061,0.65,0.1642,231
4,2011-05-22,2,0,5,0,0,1,0.62,0.5909,0.73,0.194,136
4,2011-05-22,2,0,5,0,0,1,0.6,0.5606,0.83,0.1343,121
4,2011-05-22,2,0,5,0,0,2,0.58,0.5455,0.83,0.1343,65
1,2011-05-23,2,0,5,1,1,2,0.56,0.5303,0.88,0.1343,41
1,2011-05-23,2,0,5,1,1,1,0.56,0.5303,0.88,0.1045,9
1,2011-05-23,2,0,5,1,1,3,0.56,0.5303,0.88,0.1642,5
1,2011-05-23,2,0,5,1,1,3,0.54,0.5152,0.94,0.1642,4
1,2011-05-23,2,0,5,1,1,2,0.54,0.5152,0.94,0.0,4
1,2011-05-23,2,0,5,1,1,2,0.54,0.5152,0.94,0.0,11
2,2011-05-23,2,0,5,1,1,2,0.54,0.5152,1.0,0.0,96
2,2011-05-23,2,0,5,1,1,2,0.56,0.5303,0.94,0.1045,236
2,2011-05-23,2,0,5,1,1,1,0.6,0.5455,0.88,0.194,409
2,2011-05-23,2,0,5,1,1,1,0.6,0.5455,0.88,0.2239,167
2,2011-05-23,2,0,5,1,1,1,0.66,0.6212,0.74,0.2985,121
2,2011-05-23,2,0,5,1,1,1,0.68,0.6364,0.69,0.3881,180
3,2011-05-23,2,0,5,1,1,1,0.68,0.6364,0.69,0.3881,204
3,2011-05-23,2,0,5,1,1,2,0.74,0.6818,0.58,0.4179,204
3,2011-05-23,2,0,5,1,1,2,0.72,0.6818,0.62,0.5224,187
3,2011-05-23,2,0,5,1,1,2,0.72,0.6818,0.62,0.4478,176
3,2011-05-23,2,0,5,1,1,2,0.72,0.6818,0.62,0.2985,279
3,2011-05-23,2,0,5,1,1,3,0.72,0.6818,0.7,0.3881,429
4,2011-05-23,2,0,5,1,1,1,0.7,0.6667,0.74,0.2836,453
4,2011-05-23,2,0,5,1,1,1,0.7,0.6667,0.74,0.2239,358
4,2011-05-23,2,0,5,1,1,1,0.64,0.5758,0.83,0.2239,310
4,2011-05-23,2,0,5,1,1,1,0.64,0.5758,0.89,0.2239,188
4,2011-05-23,2,0,5,1,1,1,0.62,0.5455,0.94,0.2239,131
4,2011-05-23,2,0,5,1,1,2,0.62,0.5606,0.88,0.194,72
1,2011-05-24,2,0,5,2,1,2,0.6,0.5152,0.94,0.194,35
1,2011-05-24,2,0,5,2,1,2,0.6,0.5152,0.94,0.1642,15
1,2011-05-24,2,0,5,2,1,2,0.6,0.5152,0.94,0.194,10
1,2011-05-24,2,0,5,2,1,2,0.58,0.5455,0.94,0.1045,2
1,2011-05-24,2,0,5,2,1,1,0.6,0.5455,0.88,0.1045,4
1,2011-05-24,2,0,5,2,1,2,0.58,0.5455,0.94,0.2537,24
2,2011-05-24,2,0,5,2,1,2,0.58,0.5455,0.94,0.194,112
2,2011-05-24,2,0,5,2,1,3,0.64,0.5909,0.78,0.194,314
2,2011-05-24,2,0,5,2,1,3,0.62,0.5758,0.83,0.2239,434
2,2011-05-24,2,0,5,2,1,2,0.64,0.6061,0.73,0.194,138
2,2011-05-24,2,0,5,2,1,1,0.7,0.6515,0.61,0.3284,108
2,2011-05-24,2,0,5,2,1,1,0.74,0.6667,0.51,0.2239,175
3,2011-05-24,2,0,5,2,1,1,0.76,0.6818,0.45,0.3881,170
3,2011-05-24,2,0,5,2,1,1,0.78,0.697,0.46,0.2537,190
3,2011-05-24,2,0,5,2,1,1,0.78,0.697,0.46,0.2836,153
3,2011-05-24,2,0,5,2,1,3,0.74,0.6818,0.55,0.4179,188
3,2011-05-24,2,0,5,2,1,1,0.66,0.6212,0.69,0.194,277
3,2011-05-24,2,0,5,2,1,1,0.7,0.6515,0.61,0.1045,548
4,2011-05-24,2,0,5,2,1,1,0.7,0.6515,0.7,0.194,564
4,2011-05-24,2,0,5,2,1,1,0.66,0.6212,0.74,0.194,355
4,2011-05-24,2,0,5,2,1,1,0.66,0.6212,0.74,0.0896,280
4,2011-05-24,2,0,5,2,1,1,0.64,0.5909,0.78,0.0896,189
4,2011-05-24,2,0,5,2,1,3,0.62,0.5606,0.88,0.2239,141
4,2011-05-24,2,0,5,2,1,3,0.66,0.6212,0.74,0.1642,66
1,2011-05-25,2,0,5,3,1,3,0.6,0.5606,0.83,0.2239,35
1,2011-05-25,2,0,5,3,1,3,0.58,0.5455,0.83,0.194,8
1,2011-05-25,2,0,5,3,1,2,0.56,0.5303,0.94,0.0,8
1,2011-05-25,2,0,5,3,1,1,0.54,0.5152,1.0,0.1343,9
1,2011-05-25,2,0,5,3,1,1,0.54,0.5152,1.0,0.1045,3
1,2011-05-25,2,0,5,3,1,1,0.56,0.5303,0.88,0.0896,25
2,2011-05-25,2,0,5,3,1,1,0.56,0.5303,0.94,0.0896,117
2,2011-05-25,2,0,5,3,1,1,0.62,0.5909,0.73,0.1343,313
2,2011-05-25,2,0,5,3,1,1,0.64,0.6061,0.69,0.2239,531
2,2011-05-25,2,0,5,3,1,1,0.68,0.6364,0.65,0.0896,234
2,2011-05-25,2,0,5,3,1,1,0.7,0.6515,0.61,0.0896,135
2,2011-05-25,2,0,5,3,1,1,0.74,0.6667,0.51,0.0896,140
3,2011-05-25,2,0,5,3,1,1,0.74,0.6818,0.55,0.1343,210
3,2011-05-25,2,0,5,3,1,1,0.74,0.6818,0.55,0.1343,202
3,2011-05-25,2,0,5,3,1,1,0.74,0.6818,0.55,0.1642,168
3,2011-05-25,2,0,5,3,1,1,0.76,0.697,0.52,0.2537,182
3,2011-05-25,2,0,5,3,1,1,0.74,0.6667,0.51,0.2836,299
3,2011-05-25,2,0,5,3,1,1,0.74,0.6667,0.51,0.2239,601
4,2011-05-25,2,0,5,3,1,1,0.72,0.6667,0.58,0.2239,517
4,2011-05-25,2,0,5,3,1,1,0.7,0.6515,0.61,0.1343,405
4,2011-05-25,2,0,5,3,1,1,0.7,0.6515,0.61,0.1642,340
4,2011-05-25,2,0,5,3,1,1,0.66,0.6212,0.69,0.1343,236
4,2011-05-25,2,0,5,3,1,1,0.66,0.6212,0.69,0.2537,174
4,2011-05-25,2,0,5,3,1,1,0.64,0.6061,0.73,0.1343,86
1,2011-05-26,2,0,5,4,1,1,0.64,0.6061,0.73,0.1343,45
1,2011-05-26,2,0,5,4,1,1,0.64,0.6061,0.73,0.1343,16
1,2011-05-26,2,0,5,4,1,1,0.62,0.5758,0.83,0.1045,14
1,2011-05-26,2,0,5,4,1,1,0.6,0.5455,0.88,0.0896,4
1,2011-05-26,2,0,5,4,1,1,0.6,0.5455,0.88,0.0,2
1,2011-05-26,2,0,5,4,1,2,0.6,0.5455,0.88,0.0896,27
2,2011-05-26,2,0,5,4,1,2,0.6,0.5,1.0,0.0896,98
2,2011-05-26,2,0,5,4,1,2,0.62,0.5455,0.94,0.2537,286
2,2011-05-26,2,0,5,4,1,2,0.66,0.6061,0.83,0.1642,489
2,2011-05-26,2,0,5,4,1,1,0.72,0.6818,0.7,0.1642,216
2,2011-05-26,2,0,5,4,1,1,0.7,0.6667,0.74,0.2836,143
2,2011-05-26,2,0,5,4,1,1,0.74,0.697,0.66,0.2239,160
3,2011-05-26,2,0,5,4,1,1,0.78,0.7424,0.59,0.3284,194
3,2011-05-26,2,0,5,4,1,1,0.82,0.7727,0.52,0.2836,197
3,2011-05-26,2,0,5,4,1,1,0.82,0.7727,0.52,0.2836,189
3,2011-05-26,2,0,5,4,1,2,0.82,0.7576,0.46,0.2836,141
3,2011-05-26,2,0,5,4,1,2,0.8,0.7424,0.49,0.3582,291
3,2011-05-26,2,0,5,4,1,1,0.8,0.7273,0.46,0.2836,494
4,2011-05-26,2,0,5,4,1,1,0.8,0.7273,0.46,0.3284,478
4,2011-05-26,2,0,5,4,1,1,0.78,0.697,0.46,0.3284,378
4,2011-05-26,2,0,5,4,1,1,0.72,0.6667,0.58,0.1642,322
4,2011-05-26,2,0,5,4,1,1,0.72,0.6818,0.62,0.0896,223
4,2011-05-26,2,0,5,4,1,1,0.7,0.6515,0.65,0.1343,180
4,2011-05-26,2,0,5,4,1,1,0.7,0.6515,0.65,0.194,90
1,2011-05-27,2,0,5,5,1,1,0.68,0.6364,0.69,0.2537,69
1,2011-05-27,2,0,5,5,1,1,0.7,0.6515,0.58,0.2985,50
1,2011-05-27,2,0,5,5,1,1,0.68,0.6364,0.61,0.2239,18
1,2011-05-27,2,0,5,5,1,1,0.66,0.6212,0.65,0.0896,12
1,2011-05-27,2,0,5,5,1,1,0.64,0.6061,0.69,0.1343,7
1,2011-05-27,2,0,5,5,1,1,0.64,0.6061,0.65,0.2836,31
2,2011-05-27,2,0,5,5,1,1,0.64,0.6061,0.69,0.0896,81
2,2011-05-27,2,0,5,5,1,1,0.64,0.6061,0.73,0.1642,249
2,2011-05-27,2,0,5,5,1,1,0.66,0.6212,0.74,0.2836,418
2,2011-05-27,2,0,5,5,1,1,0.7,0.6515,0.65,0.2836,227
2,2011-05-27,2,0,5,5,1,1,0.72,0.6667,0.54,0.3881,153
2,2011-05-27,2,0,5,5,1,2,0.74,0.6818,0.55,0.3284,166
3,2011-05-27,2,0,5,5,1,2,0.76,0.697,0.55,0.2985,243
3,2011-05-27,2,0,5,5,1,1,0.74,0.6818,0.58,0.194,209
3,2011-05-27,2,0,5,5,1,1,0.76,0.697,0.55,0.2537,239
3,2011-05-27,2,0,5,5,1,1,0.78,0.7121,0.49,0.2836,356
3,2011-05-27,2,0,5,5,1,2,0.76,0.697,0.55,0.3881,419
3,2011-05-27,2,0,5,5,1,1,0.74,0.6818,0.58,0.3881,491
4,2011-05-27,2,0,5,5,1,2,0.72,0.6818,0.62,0.2985,399
4,2011-05-27,2,0,5,5,1,3,0.6,0.5758,0.78,0.2537,279
4,2011-05-27,2,0,5,5,1,2,0.62,0.5909,0.73,0.2239,144
4,2011-05-27,2,0,5,5,1,1,0.6,0.5606,0.83,0.1045,151
4,2011-05-27,2,0,5,5,1,1,0.6,0.5758,0.78,0.1343,141
4,2011-05-27,2,0,5,5,1,1,0.58,0.5455,0.88,0.1343,127
1,2011-05-28,2,0,5,6,0,1,0.58,0.5455,0.88,0.1343,94
1,2011-05-28,2,0,5,6,0,1,0.58,0.5455,0.88,0.194,55
1,2011-05-28,2,0,5,6,0,1,0.56,0.5303,0.94,0.194,48
1,2011-05-28,2,0,5,6,0,1,0.56,0.5303,0.88,0.2239,15
1,2011-05-28,2,0,5,6,0,1,0.56,0.5303,0.88,0.2537,4
1,2011-05-28,2,0,5,6,0,1,0.56,0.5303,0.88,0.2239,7
2,2011-05-28,2,0,5,6,0,1,0.58,0.5455,0.83,0.2537,19
2,2011-05-28,2,0,5,6,0,1,0.6,0.5606,0.83,0.2537,50
2,2011-05-28,2,0,5,6,0,1,0.62,0.5909,0.78,0.194,102
2,2011-05-28,2,0,5,6,0,1,0.64,0.6061,0.73,0.2537,177
2,2011-05-28,2,0,5,6,0,1,0.7,0.6515,0.65,0.2239,276
2,2011-05-28,2,0,5,6,0,1,0.7,0.6515,0.65,0.2239,349
3,2011-05-28,2,0,5,6,0,1,0.72,0.6667,0.58,0.2537,358
3,2011-05-28,2,0,5,6,0,1,0.72,0.6818,0.62,0.2239,385
3,2011-05-28,2,0,5,6,0,1,0.74,0.6818,0.58,0.2239,382
3,2011-05-28,2,0,5,6,0,1,0.74,0.6818,0.55,0.2239,374
3,2011-05-28,2,0,5,6,0,1,0.76,0.697,0.55,0.2836,402
3,2011-05-28,2,0,5,6,0,1,0.74,0.6818,0.55,0.2985,341
4,2011-05-28,2,0,5,6,0,1,0.72,0.6818,0.62,0.2537,385
4,2011-05-28,2,0,5,6,0,1,0.7,0.6515,0.65,0.194,252
4,2011-05-28,2,0,5,6,0,1,0.7,0.6515,0.65,0.2239,196
4,2011-05-28,2,0,5,6,0,1,0.66,0.6212,0.74,0.2985,201
4,2011-05-28,2,0,5,6,0,1,0.66,0.6061,0.78,0.2239,161
4,2011-05-28,2,0,5,6,0,1,0.64,0.5758,0.83,0.194,125
1,2011-05-29,2,0,5,0,0,1,0.64,0.5758,0.83,0.2239,83
1,2011-05-29,2,0,5,0,0,1,0.62,0.5606,0.88,0.1642,66
1,2011-05-29,2,0,5,0,0,1,0.62,0.5606,0.88,0.1045,61
1,2011-05-29,2,0,5,0,0,1,0.62,0.5606,0.88,0.1045,26
1,2011-05-29,2,0,5,0,0,1,0.6,0.5455,0.88,0.0896,23
1,2011-05-29,2,0,5,0,0,1,0.6,0.5152,0.94,0.1642,6
2,2011-05-29,2,0,5,0,0,2,0.62,0.5606,0.88,0.194,15
2,2011-05-29,2,0,5,0,0,2,0.62,0.5606,0.88,0.2537,30
2,2011-05-29,2,0,5,0,0,2,0.62,0.5606,0.88,0.2239,96
2,2011-05-29,2,0,5,0,0,2,0.62,0.5455,0.94,0.2537,152
2,2011-05-29,2,0,5,0,0,2,0.66,0.6061,0.83,0.2239,251
2,2011-05-29,2,0,5,0,0,2,0.66,0.6061,0.83,0.2836,319
3,2011-05-29,2,0,5,0,0,2,0.7,0.6667,0.74,0.2239,402
3,2011-05-29,2,0,5,0,0,1,0.72,0.6818,0.7,0.2836,418
3,2011-05-29,2,0,5,0,0,1,0.74,0.697,0.7,0.2836,351
3,2011-05-29,2,0,5,0,0,1,0.74,0.697,0.7,0.2985,376
3,2011-05-29,2,0,5,0,0,1,0.74,0.697,0.7,0.2836,361
3,2011-05-29,2,0,5,0,0,1,0.74,0.697,0.7,0.2836,383
4,2011-05-29,2,0,5,0,0,1,0.72,0.697,0.74,0.2836,328
4,2011-05-29,2,0,5,0,0,1,0.72,0.697,0.74,0.2537,287
4,2011-05-29,2,0,5,0,0,1,0.7,0.6667,0.79,0.194,219
4,2011-05-29,2,0,5,0,0,1,0.68,0.6364,0.83,0.1642,229
4,2011-05-29,2,0,5,0,0,1,0.66,0.5909,0.89,0.1343,171
4,2011-05-29,2,0,5,0,0,1,0.66,0.5909,0.89,0.1642,135
1,2011-05-30,2,0,5,1,0,1,0.64,0.5606,0.94,0.194,103
1,2011-05-30,2,0,5,1,0,1,0.64,0.5606,0.94,0.1343,79
1,2011-05-30,2,0,5,1,0,1,0.64,0.5606,0.94,0.194,45
1,2011-05-30,2,0,5,1,0,1,0.64,0.5606,0.94,0.194,18
1,2011-05-30,2,0,5,1,0,1,0.62,0.5455,0.94,0.1642,6
1,2011-05-30,2,0,5,1,0,2,0.62,0.5455,0.94,0.1045,7
2,2011-05-30,2,0,5,1,0,2,0.64,0.5606,0.94,0.0896,16
2,2011-05-30,2,0,5,1,0,2,0.64,0.5606,0.94,0.0,31
2,2011-05-30,2,0,5,1,0,2,0.66,0.5909,0.89,0.1045,94
2,2011-05-30,2,0,5,1,0,1,0.72,0.697,0.74,0.0896,128
2,2011-05-30,2,0,5,1,0,1,0.8,0.7576,0.55,0.2537,269
2,2011-05-30,2,0,5,1,0,1,0.82,0.7727,0.52,0.0,321
3,2011-05-30,2,0,5,1,0,1,0.86,0.803,0.47,0.1045,366
3,2011-05-30,2,0,5,1,0,1,0.86,0.7879,0.44,0.0896,350
3,2011-05-30,2,0,5,1,0,1,0.88,0.803,0.39,0.0,327
3,2011-05-30,2,0,5,1,0,1,0.88,0.803,0.39,0.2537,311
3,2011-05-30,2,0,5,1,0,1,0.88,0.7879,0.37,0.2836,309
3,2011-05-30,2,0,5,1,0,1,0.86,0.7879,0.41,0.2239,304
4,2011-05-30,2,0,5,1,0,1,0.86,0.7879,0.41,0.1642,249
4,2011-05-30,2,0,5,1,0,2,0.52,0.5,0.48,0.1045,225
4,2011-05-30,2,0,5,1,0,1,0.76,0.7121,0.58,0.0,237
4,2011-05-30,2,0,5,1,0,1,0.74,0.697,0.7,0.1343,149
4,2011-05-30,2,0,5,1,0,1,0.72,0.697,0.74,0.1642,106
4,2011-05-30,2,0,5,1,0,1,0.7,0.6667,0.84,0.1045,48
1,2011-05-31,2,0,5,2,1,1,0.7,0.6667,0.79,0.0896,29
1,2011-05-31,2,0,5,2,1,1,0.68,0.6364,0.89,0.0896,17
1,2011-05-31,2,0,5,2,1,2,0.66,0.5909,0.94,0.1343,12
1,2011-05-31,2,0,5,2,1,2,0.64,0.5606,0.94,0.0,4
1,2011-05-31,2,0,5,2,1,1,0.66,0.6061,0.83,0.0896,3
1,2011-05-31,2,0,5,2,1,1,0.66,0.6061,0.83,0.0896,26
2,2011-05-31,2,0,5,2,1,1,0.68,0.6364,0.79,0.0896,109
2,2011-05-31,2,0,5,2,1,1,0.74,0.697,0.66,0.1045,235
2,2011-05-31,2,0,5,2,1,1,0.78,0.7424,0.59,0.1343,406
2,2011-05-31,2,0,5,2,1,1,0.8,0.7576,0.55,0.1343,175
2,2011-05-31,2,0,5,2,1,1,0.82,0.7879,0.56,0.1343,109
2,2011-05-31,2,0,5,2,1,1,0.86,0.803,0.47,0.0,106
3,2011-05-31,2,0,5,2,1,1,0.86,0.803,0.47,0.1343,162
3,2011-05-31,2,0,5,2,1,1,0.9,0.8333,0.39,0.1642,147
3,2011-05-31,2,0,5,2,1,1,0.9,0.8182,0.37,0.0,140
3,2011-05-31,2,0,5,2,1,1,0.9,0.8182,0.37,0.1642,175
3,2011-05-31,2,0,5,2,1,1,0.9,0.8333,0.39,0.1343,249
3,2011-05-31,2,0,5,2,1,1,0.84,0.803,0.53,0.2239,495
4,2011-05-31,2,0,5,2,1,1,0.84,0.803,0.53,0.194,417
4,2011-05-31,2,0,5,2,1,1,0.78,0.7424,0.62,0.1045,285
4,2011-05-31,2,0,5,2,1,1,0.78,0.7424,0.62,0.1045,251
4,2011-05-31,2,0,5,2,1,1,0.76,0.7273,0.66,0.1045,210
4,2011-05-31,2,0,5,2,1,1,0.74,0.697,0.7,0.1642,159
4,2011-05-31,2,0,5,2,1,1,0.72,0.697,0.79,0.0896,61
1,2011-06-01,2,0,6,3,1,1,0.7,0.6667,0.79,0.1642,34
1,2011-06-01,2,0,6,3,1,1,0.7,0.6667,0.84,0.2537,17
1,2011-06-01,2,0,6,3,1,1,0.7,0.6667,0.79,0.1642,3
1,2011-06-01,2,0,6,3,1,1,0.68,0.6364,0.89,0.194,6
1,2011-06-01,2,0,6,3,1,2,0.68,0.6364,0.89,0.2239,4
1,2011-06-01,2,0,6,3,1,2,0.66,0.5909,0.89,0.0896,21
2,2011-06-01,2,0,6,3,1,2,0.68,0.6364,0.89,0.0896,128
2,2011-06-01,2,0,6,3,1,2,0.7,0.6667,0.79,0.1642,284
2,2011-06-01,2,0,6,3,1,2,0.72,0.697,0.79,0.194,454
2,2011-06-01,2,0,6,3,1,2,0.74,0.7121,0.74,0.2239,207
2,2011-06-01,2,0,6,3,1,2,0.76,0.7424,0.75,0.2537,115
2,2011-06-01,2,0,6,3,1,2,0.82,0.803,0.59,0.2239,112
3,2011-06-01,2,0,6,3,1,1,0.86,0.8333,0.53,0.0,169
3,2011-06-01,2,0,6,3,1,1,0.9,0.8182,0.37,0.194,154
3,2011-06-01,2,0,6,3,1,1,0.9,0.8182,0.37,0.2537,145
3,2011-06-01,2,0,6,3,1,1,0.9,0.8333,0.39,0.2985,152
3,2011-06-01,2,0,6,3,1,1,0.86,0.803,0.47,0.2985,266
3,2011-06-01,2,0,6,3,1,1,0.86,0.803,0.47,0.2985,486
4,2011-06-01,2,0,6,3,1,3,0.82,0.7879,0.56,0.3881,309
4,2011-06-01,2,0,6,3,1,2,0.74,0.7121,0.79,0.1642,264
4,2011-06-01,2,0,6,3,1,2,0.74,0.7121,0.79,0.2537,256
4,2011-06-01,2,0,6,3,1,1,0.74,0.697,0.7,0.2836,190
4,2011-06-01,2,0,6,3,1,1,0.74,0.697,0.66,0.1343,129
4,2011-06-01,2,0,6,3,1,1,0.74,0.6667,0.51,0.1642,69
1,2011-06-02,2,0,6,4,1,1,0.74,0.6515,0.4,0.3582,42
1,2011-06-02,2,0,6,4,1,1,0.72,0.6515,0.38,0.1045,15
1,2011-06-02,2,0,6,4,1,1,0.7,0.6364,0.39,0.0,6
1,2011-06-02,2,0,6,4,1,1,0.66,0.6212,0.44,0.1045,4
1,2011-06-02,2,0,6,4,1,1,0.66,0.6212,0.41,0.194,3
1,2011-06-02,2,0,6,4,1,1,0.66,0.6212,0.39,0.2239,31
2,2011-06-02,2,0,6,4,1,1,0.66,0.6212,0.39,0.1343,113
2,2011-06-02,2,0,6,4,1,1,0.7,0.6364,0.34,0.2537,304
2,2011-06-02,2,0,6,4,1,1,0.7,0.6364,0.32,0.2985,467
2,2011-06-02,2,0,6,4,1,1,0.72,0.6364,0.26,0.3582,225
2,2011-06-02,2,0,6,4,1,1,0.72,0.6515,0.28,0.4925,139
2,2011-06-02,2,0,6,4,1,1,0.74,0.6515,0.28,0.3881,165
3,2011-06-02,2,0,6,4,1,1,0.76,0.6667,0.25,0.4627,232
3,2011-06-02,2,0,6,4,1,1,0.8,0.6818,0.24,0.3582,203
3,2011-06-02,2,0,6,4,1,1,0.78,0.6667,0.24,0.3284,185
3,2011-06-02,2,0,6,4,1,1,0.8,0.6818,0.21,0.3881,188
3,2011-06-02,2,0,6,4,1,1,0.8,0.6818,0.22,0.4925,318
3,2011-06-02,2,0,6,4,1,1,0.76,0.6515,0.2,0.5224,572
4,2011-06-02,2,0,6,4,1,1,0.74,0.6515,0.22,0.3881,525
4,2011-06-02,2,0,6,4,1,1,0.72,0.6364,0.23,0.2985,379
4,2011-06-02,2,0,6,4,1,1,0.7,0.6364,0.24,0.194,337
4,2011-06-02,2,0,6,4,1,1,0.66,0.6212,0.31,0.194,248
4,2011-06-02,2,0,6,4,1,1,0.64,0.6212,0.33,0.2537,155
4,2011-06-02,2,0,6,4,1,1,0.62,0.6212,0.35,0.2239,112
1,2011-06-03,2,0,6,5,1,1,0.62,0.6212,0.38,0.2836,68
1,2011-06-03,2,0,6,5,1,1,0.6,0.6212,0.38,0.3582,22
1,2011-06-03,2,0,6,5,1,1,0.56,0.5303,0.43,0.2239,12
1,2011-06-03,2,0,6,5,1,1,0.54,0.5152,0.49,0.2239,5
1,2011-06-03,2,0,6,5,1,1,0.52,0.5,0.48,0.3284,6
1,2011-06-03,2,0,6,5,1,1,0.52,0.5,0.48,0.3582,28
2,2011-06-03,2,0,6,5,1,1,0.54,0.5152,0.45,0.2985,106
2,2011-06-03,2,0,6,5,1,1,0.54,0.5152,0.45,0.2537,277
2,2011-06-03,2,0,6,5,1,2,0.56,0.5303,0.43,0.3284,502
2,2011-06-03,2,0,6,5,1,1,0.58,0.5455,0.4,0.1642,230
2,2011-06-03,2,0,6,5,1,1,0.62,0.6212,0.33,0.2537,161
2,2011-06-03,2,0,6,5,1,1,0.64,0.6212,0.31,0.3284,192
3,2011-06-03,2,0,6,5,1,1,0.66,0.6212,0.27,0.2836,259
3,2011-06-03,2,0,6,5,1,1,0.68,0.6212,0.26,0.2537,248
3,2011-06-03,2,0,6,5,1,1,0.7,0.6364,0.28,0.2836,240
3,2011-06-03,2,0,6,5,1,1,0.7,0.6364,0.28,0.2836,212
3,2011-06-03,2,0,6,5,1,1,0.72,0.6364,0.26,0.3284,349
3,2011-06-03,2,0,6,5,1,1,0.72,0.6364,0.25,0.2836,558
4,2011-06-03,2,0,6,5,1,1,0.7,0.6364,0.24,0.2985,564
4,2011-06-03,2,0,6,5,1,1,0.68,0.6212,0.26,0.2836,391
4,2011-06-03,2,0,6,5,1,1,0.64,0.6212,0.29,0.1642,293
4,2011-06-03,2,0,6,5,1,1,0.64,0.6212,0.29,0.1045,247
4,2011-06-03,2,0,6,5,1,1,0.62,0.6212,0.35,0.0,171
4,2011-06-03,2,0,6,5,1,1,0.58,0.5455,0.46,0.1045,171
1,2011-06-04,2,0,6,6,0,1,0.56,0.5303,0.52,0.0,93
1,2011-06-04,2,0,6,6,0,1,0.54,0.5152,0.64,0.1045,94
1,2011-06-04,2,0,6,6,0,1,0.54,0.5152,0.56,0.194,59
1,2011-06-04,2,0,6,6,0,1,0.52,0.5,0.59,0.1045,18
1,2011-06-04,2,0,6,6,0,1,0.52,0.5,0.59,0.0896,15
1,2011-06-04,2,0,6,6,0,1,0.5,0.4848,0.64,0.0,8
2,2011-06-04,2,0,6,6,0,1,0.54,0.5152,0.6,0.0,28
2,2011-06-04,2,0,6,6,0,1,0.56,0.5303,0.56,0.0,87
2,2011-06-04,2,0,6,6,0,1,0.6,0.6212,0.46,0.0896,125
2,2011-06-04,2,0,6,6,0,1,0.62,0.6212,0.43,0.1343,224
2,2011-06-04,2,0,6,6,0,1,0.64,0.6212,0.38,0.1045,317
2,2011-06-04,2,0,6,6,0,1,0.66,0.6212,0.36,0.1343,369
3,2011-06-04,2,0,6,6,0,1,0.7,0.6364,0.32,0.1642,420
3,2011-06-04,2,0,6,6,0,1,0.74,0.6515,0.28,0.1343,456
3,2011-06-04,2,0,6,6,0,1,0.74,0.6515,0.33,0.2239,451
3,2011-06-04,2,0,6,6,0,2,0.74,0.6515,0.27,0.4179,404
3,2011-06-04,2,0,6,6,0,2,0.72,0.6515,0.3,0.1343,440
3,2011-06-04,2,0,6,6,0,2,0.72,0.6515,0.34,0.2537,344
4,2011-06-04,2,0,6,6,0,2,0.74,0.6515,0.3,0.1642,341
4,2011-06-04,2,0,6,6,0,2,0.7,0.6364,0.39,0.0896,285
4,2011-06-04,2,0,6,6,0,2,0.7,0.6515,0.48,0.0896,239
4,2011-06-04,2,0,6,6,0,2,0.66,0.6212,0.47,0.1045,185
4,2011-06-04,2,0,6,6,0,1,0.64,0.6212,0.57,0.2239,190
4,2011-06-04,2,0,6,6,0,2,0.64,0.6212,0.57,0.0,150
1,2011-06-05,2,0,6,0,0,1,0.64,0.6212,0.57,0.0896,113
1,2011-06-05,2,0,6,0,0,2,0.64,0.6212,0.61,0.1642,96
1,2011-06-05,2,0,6,0,0,2,0.64,0.6212,0.61,0.1642,64
1,2011-06-05,2,0,6,0,0,2,0.62,0.6061,0.65,0.1642,47
1,2011-06-05,2,0,6,0,0,2,0.62,0.6061,0.65,0.1642,12
1,2011-06-05,2,0,6,0,0,2,0.62,0.6061,0.61,0.1343,6
2,2011-06-05,2,0,6,0,0,2,0.62,0.6061,0.61,0.1045,21
2,2011-06-05,2,0,6,0,0,2,0.6,0.5909,0.73,0.2537,27
2,2011-06-05,2,0,6,0,0,2,0.6,0.5909,0.73,0.2537,98
2,2011-06-05,2,0,6,0,0,2,0.6,0.5758,0.78,0.194,164
2,2011-06-05,2,0,6,0,0,2,0.62,0.5909,0.73,0.0896,251
2,2011-06-05,2,0,6,0,0,2,0.64,0.6061,0.69,0.1045,335
3,2011-06-05,2,0,6,0,0,2,0.64,0.6061,0.69,0.1045,335
3,2011-06-05,2,0,6,0,0,1,0.66,0.6212,0.65,0.1045,367
3,2011-06-05,2,0,6,0,0,1,0.7,0.6515,0.58,0.1642,385
3,2011-06-05,2,0,6,0,0,1,0.7,0.6515,0.54,0.0,417
3,2011-06-05,2,0,6,0,0,1,0.72,0.6667,0.51,0.0896,398
3,2011-06-05,2,0,6,0,0,1,0.74,0.6667,0.51,0.0,390
4,2011-06-05,2,0,6,0,0,1,0.7,0.6515,0.58,0.1045,363
4,2011-06-05,2,0,6,0,0,1,0.68,0.6364,0.65,0.1642,357
4,2011-06-05,2,0,6,0,0,1,0.66,0.6212,0.69,0.194,279
4,2011-06-05,2,0,6,0,0,1,0.64,0.6061,0.73,0.1642,165
4,2011-06-05,2,0,6,0,0,1,0.64,0.5909,0.78,0.2239,130
4,2011-06-05,2,0,6,0,0,1,0.62,0.5909,0.78,0.1343,86
1,2011-06-06,2,0,6,1,1,1,0.62,0.5909,0.78,0.1343,29
1,2011-06-06,2,0,6,1,1,1,0.6,0.5606,0.83,0.1343,14
1,2011-06-06,2,0,6,1,1,1,0.58,0.5455,0.88,0.1045,8
1,2011-06-06,2,0,6,1,1,1,0.58,0.5455,0.88,0.0,5
1,2011-06-06,2,0,6,1,1,1,0.56,0.5303,0.94,0.1045,8
1,2011-06-06,2,0,6,1,1,1,0.56,0.5303,0.88,0.0896,31
2,2011-06-06,2,0,6,1,1,1,0.58,0.5455,0.88,0.0,112
2,2011-06-06,2,0,6,1,1,1,0.62,0.5909,0.78,0.1045,299
2,2011-06-06,2,0,6,1,1,1,0.64,0.6061,0.73,0.0896,438
2,2011-06-06,2,0,6,1,1,1,0.7,0.6515,0.58,0.1642,188
2,2011-06-06,2,0,6,1,1,1,0.72,0.6667,0.51,0.2239,95
2,2011-06-06,2,0,6,1,1,1,0.74,0.6667,0.42,0.1343,111
3,2011-06-06,2,0,6,1,1,1,0.76,0.6667,0.37,0.1642,153
3,2011-06-06,2,0,6,1,1,1,0.78,0.6818,0.35,0.0,180
3,2011-06-06,2,0,6,1,1,1,0.78,0.6818,0.31,0.1343,145
3,2011-06-06,2,0,6,1,1,1,0.8,0.697,0.29,0.194,165
3,2011-06-06,2,0,6,1,1,1,0.76,0.6667,0.33,0.1343,267
3,2011-06-06,2,0,6,1,1,1,0.78,0.6818,0.33,0.2836,579
4,2011-06-06,2,0,6,1,1,1,0.76,0.6667,0.31,0.1343,556
4,2011-06-06,2,0,6,1,1,1,0.72,0.6667,0.54,0.194,407
4,2011-06-06,2,0,6,1,1,1,0.68,0.6364,0.61,0.1343,336
4,2011-06-06,2,0,6,1,1,1,0.66,0.6212,0.57,0.0896,189
4,2011-06-06,2,0,6,1,1,1,0.66,0.6212,0.61,0.0896,173
4,2011-06-06,2,0,6,1,1,1,0.64,0.6061,0.69,0.0896,60
1,2011-06-07,2,0,6,2,1,1,0.64,0.6061,0.65,0.0896,20
1,2011-06-07,2,0,6,2,1,1,0.62,0.6061,0.69,0.1343,4
1,2011-06-07,2,0,6,2,1,1,0.6,0.5909,0.73,0.0896,5
1,2011-06-07,2,0,6,2,1,1,0.6,0.5909,0.73,0.0896,2
1,2011-06-07,2,0,6,2,1,1,0.58,0.5455,0.83,0.1343,5
1,2011-06-07,2,0,6,2,1,1,0.58,0.5455,0.88,0.1642,32
2,2011-06-07,2,0,6,2,1,1,0.6,0.5758,0.78,0.1343,126
2,2011-06-07,2,0,6,2,1,2,0.64,0.6061,0.69,0.194,334
2,2011-06-07,2,0,6,2,1,2,0.68,0.6364,0.61,0.1343,477
2,2011-06-07,2,0,6,2,1,2,0.72,0.6667,0.58,0.2239,217
2,2011-06-07,2,0,6,2,1,2,0.76,0.6818,0.48,0.194,123
2,2011-06-07,2,0,6,2,1,2,0.76,0.697,0.52,0.2537,151
3,2011-06-07,2,0,6,2,1,2,0.8,0.7273,0.46,0.2836,183
3,2011-06-07,2,0,6,2,1,2,0.8,0.7273,0.43,0.2537,196
3,2011-06-07,2,0,6,2,1,2,0.8,0.7273,0.43,0.2836,146
3,2011-06-07,2,0,6,2,1,2,0.82,0.7424,0.41,0.3284,183
3,2011-06-07,2,0,6,2,1,1,0.8,0.7121,0.38,0.2239,308
3,2011-06-07,2,0,6,2,1,1,0.8,0.7273,0.43,0.2537,539
4,2011-06-07,2,0,6,2,1,1,0.78,0.697,0.46,0.2836,551
4,2011-06-07,2,0,6,2,1,1,0.76,0.6818,0.48,0.2537,424
4,2011-06-07,2,0,6,2,1,1,0.74,0.6818,0.56,0.1343,346
4,2011-06-07,2,0,6,2,1,1,0.72,0.6818,0.7,0.1343,218
4,2011-06-07,2,0,6,2,1,1,0.7,0.6515,0.65,0.1343,153
4,2011-06-07,2,0,6,2,1,1,0.68,0.6364,0.79,0.1045,90
1,2011-06-08,2,0,6,3,1,1,0.66,0.5909,0.89,0.1343,41
1,2011-06-08,2,0,6,3,1,1,0.66,0.6061,0.78,0.0,23
1,2011-06-08,2,0,6,3,1,1,0.64,0.5758,0.89,0.0896,7
1,2011-06-08,2,0,6,3,1,1,0.64,0.5758,0.89,0.0896,3
1,2011-06-08,2,0,6,3,1,1,0.62,0.5758,0.83,0.0,6
1,2011-06-08,2,0,6,3,1,1,0.62,0.5606,0.88,0.0,21
2,2011-06-08,2,0,6,3,1,1,0.64,0.5758,0.89,0.1343,116
2,2011-06-08,2,0,6,3,1,1,0.66,0.6212,0.74,0.1045,353
2,2011-06-08,2,0,6,3,1,1,0.76,0.7121,0.58,0.1642,481
2,2011-06-08,2,0,6,3,1,1,0.76,0.7121,0.58,0.1642,202
2,2011-06-08,2,0,6,3,1,1,0.82,0.7424,0.43,0.2239,90
2,2011-06-08,2,0,6,3,1,1,0.84,0.7576,0.41,0.194,134
3,2011-06-08,2,0,6,3,1,1,0.88,0.8182,0.42,0.1343,149
3,2011-06-08,2,0,6,3,1,1,0.9,0.8485,0.42,0.0,136
3,2011-06-08,2,0,6,3,1,1,0.92,0.8788,0.4,0.2537,155
3,2011-06-08,2,0,6,3,1,1,0.92,0.8788,0.4,0.1642,128
3,2011-06-08,2,0,6,3,1,1,0.92,0.8788,0.4,0.2239,233
3,2011-06-08,2,0,6,3,1,1,0.92,0.8485,0.35,0.2239,506
4,2011-06-08,2,0,6,3,1,1,0.9,0.8182,0.37,0.2239,459
4,2011-06-08,2,0,6,3,1,1,0.82,0.803,0.59,0.1343,384
4,2011-06-08,2,0,6,3,1,1,0.8,0.7879,0.63,0.1343,280
4,2011-06-08,2,0,6,3,1,1,0.8,0.803,0.66,0.1343,202
4,2011-06-08,2,0,6,3,1,1,0.76,0.7424,0.75,0.1642,176
4,2011-06-08,2,0,6,3,1,1,0.76,0.7424,0.75,0.194,116
1,2011-06-09,2,0,6,4,1,2,0.74,0.7121,0.79,0.1343,47
1,2011-06-09,2,0,6,4,1,1,0.74,0.7121,0.79,0.1045,16
1,2011-06-09,2,0,6,4,1,2,0.72,0.7121,0.84,0.1642,6
1,2011-06-09,2,0,6,4,1,2,0.72,0.7121,0.84,0.1045,2
1,2011-06-09,2,0,6,4,1,2,0.72,0.697,0.79,0.0896,6
1,2011-06-09,2,0,6,4,1,2,0.7,0.6667,0.84,0.0,20
2,2011-06-09,2,0,6,4,1,2,0.72,0.7121,0.84,0.0896,118
2,2011-06-09,2,0,6,4,1,2,0.72,0.697,0.79,0.1343,314
2,2011-06-09,2,0,6,4,1,2,0.76,0.7273,0.7,0.1045,432
2,2011-06-09,2,0,6,4,1,1,0.84,0.7879,0.49,0.0,168
2,2011-06-09,2,0,6,4,1,1,0.86,0.8182,0.5,0.2836,94
2,2011-06-09,2,0,6,4,1,1,0.9,0.8485,0.42,0.2239,118
3,2011-06-09,2,0,6,4,1,1,0.92,0.8485,0.35,0.194,140
3,2011-06-09,2,0,6,4,1,1,0.9,0.8182,0.37,0.0896,136
3,2011-06-09,2,0,6,4,1,1,0.92,0.8788,0.4,0.194,118
3,2011-06-09,2,0,6,4,1,1,0.94,0.8333,0.31,0.1642,104
3,2011-06-09,2,0,6,4,1,1,0.92,0.8333,0.33,0.1343,200
3,2011-06-09,2,0,6,4,1,1,0.9,0.8182,0.37,0.2537,409
4,2011-06-09,2,0,6,4,1,1,0.88,0.803,0.39,0.2836,466
4,2011-06-09,2,0,6,4,1,2,0.84,0.7424,0.39,0.3284,326
4,2011-06-09,2,0,6,4,1,2,0.8,0.7273,0.43,0.194,254
4,2011-06-09,2,0,6,4,1,3,0.76,0.697,0.52,0.0,171
4,2011-06-09,2,0,6,4,1,2,0.74,0.6818,0.58,0.1642,153
4,2011-06-09,2,0,6,4,1,2,0.74,0.697,0.57,0.1642,97
1,2011-06-10,2,0,6,5,1,3,0.7,0.6515,0.65,0.2239,69
1,2011-06-10,2,0,6,5,1,3,0.7,0.6515,0.65,0.2239,23
1,2011-06-10,2,0,6,5,1,1,0.68,0.6364,0.69,0.1642,13
1,2011-06-10,2,0,6,5,1,1,0.68,0.6364,0.69,0.1642,6
1,2011-06-10,2,0,6,5,1,1,0.66,0.6061,0.78,0.1642,4
1,2011-06-10,2,0,6,5,1,1,0.66,0.6061,0.78,0.1642,28
2,2011-06-10,2,0,6,5,1,1,0.66,0.6061,0.78,0.0896,104
2,2011-06-10,2,0,6,5,1,1,0.72,0.6818,0.66,0.1045,267
2,2011-06-10,2,0,6,5,1,1,0.74,0.6818,0.58,0.1343,452
2,2011-06-10,2,0,6,5,1,1,0.76,0.697,0.55,0.0,213
2,2011-06-10,2,0,6,5,1,1,0.78,0.7121,0.52,0.0,111
2,2011-06-10,2,0,6,5,1,1,0.82,0.7576,0.46,0.0,153
3,2011-06-10,2,0,6,5,1,1,0.84,0.7576,0.44,0.1343,207
3,2011-06-10,2,0,6,5,1,1,0.84,0.7576,0.44,0.1045,189
3,2011-06-10,2,0,6,5,1,1,0.86,0.7727,0.39,0.0,165
3,2011-06-10,2,0,6,5,1,1,0.84,0.7576,0.44,0.1045,212
3,2011-06-10,2,0,6,5,1,1,0.82,0.7879,0.56,0.2985,285
3,2011-06-10,2,0,6,5,1,1,0.82,0.7727,0.52,0.2239,517
4,2011-06-10,2,0,6,5,1,1,0.8,0.7727,0.59,0.2239,463
4,2011-06-10,2,0,6,5,1,1,0.78,0.7424,0.59,0.194,306
4,2011-06-10,2,0,6,5,1,1,0.76,0.7121,0.62,0.1045,250
4,2011-06-10,2,0,6,5,1,1,0.76,0.7273,0.66,0.1343,218
4,2011-06-10,2,0,6,5,1,1,0.72,0.697,0.74,0.2537,185
4,2011-06-10,2,0,6,5,1,1,0.72,0.697,0.74,0.1642,146
1,2011-06-11,2,0,6,6,0,1,0.7,0.6667,0.79,0.1343,117
1,2011-06-11,2,0,6,6,0,1,0.7,0.6667,0.79,0.0896,77
1,2011-06-11,2,0,6,6,0,1,0.7,0.6667,0.79,0.1045,60
1,2011-06-11,2,0,6,6,0,1,0.68,0.6364,0.83,0.0896,28
1,2011-06-11,2,0,6,6,0,1,0.68,0.6364,0.79,0.0896,13
1,2011-06-11,2,0,6,6,0,1,0.68,0.6364,0.74,0.1343,16
2,2011-06-11,2,0,6,6,0,1,0.7,0.6515,0.61,0.1343,40
2,2011-06-11,2,0,6,6,0,1,0.72,0.6667,0.58,0.194,68
2,2011-06-11,2,0,6,6,0,1,0.74,0.6818,0.58,0.194,143
2,2011-06-11,2,0,6,6,0,1,0.74,0.6818,0.62,0.1343,230
2,2011-06-11,2,0,6,6,0,1,0.74,0.6818,0.58,0.1642,264
2,2011-06-11,2,0,6,6,0,1,0.76,0.7121,0.62,0.1343,325
3,2011-06-11,2,0,6,6,0,1,0.8,0.7576,0.55,0.2239,347
3,2011-06-11,2,0,6,6,0,1,0.8,0.7576,0.55,0.194,387
3,2011-06-11,2,0,6,6,0,1,0.82,0.7727,0.49,0.1045,380
3,2011-06-11,2,0,6,6,0,1,0.82,0.7727,0.49,0.1045,374
3,2011-06-11,2,0,6,6,0,2,0.8,0.7273,0.46,0.194,394
3,2011-06-11,2,0,6,6,0,2,0.74,0.6818,0.58,0.1642,337
4,2011-06-11,2,0,6,6,0,2,0.72,0.6818,0.62,0.1343,286
4,2011-06-11,2,0,6,6,0,1,0.7,0.6515,0.65,0.194,264
4,2011-06-11,2,0,6,6,0,1,0.68,0.6364,0.74,0.2537,275
4,2011-06-11,2,0,6,6,0,1,0.66,0.6212,0.74,0.2239,220
4,2011-06-11,2,0,6,6,0,1,0.66,0.6061,0.78,0.2239,190
4,2011-06-11,2,0,6,6,0,1,0.66,0.6212,0.74,0.1045,131
1,2011-06-12,2,0,6,0,0,1,0.66,0.6061,0.78,0.2239,119
1,2011-06-12,2,0,6,0,0,1,0.64,0.5758,0.83,0.1045,93
1,2011-06-12,2,0,6,0,0,1,0.64,0.5758,0.89,0.2537,66
1,2011-06-12,2,0,6,0,0,1,0.64,0.5758,0.89,0.2836,28
1,2011-06-12,2,0,6,0,0,1,0.62,0.5606,0.88,0.1642,14
1,2011-06-12,2,0,6,0,0,1,0.62,0.5606,0.88,0.2239,10
2,2011-06-12,2,0,6,0,0,1,0.62,0.5606,0.88,0.1045,14
2,2011-06-12,2,0,6,0,0,1,0.64,0.5909,0.78,0.1045,34
2,2011-06-12,2,0,6,0,0,1,0.7,0.6667,0.74,0.0,92
2,2011-06-12,2,0,6,0,0,1,0.72,0.6818,0.66,0.0,182
2,2011-06-12,2,0,6,0,0,1,0.76,0.7121,0.58,0.0896,311
2,2011-06-12,2,0,6,0,0,1,0.78,0.7273,0.55,0.1045,367
3,2011-06-12,2,0,6,0,0,1,0.82,0.7576,0.46,0.0,420
3,2011-06-12,2,0,6,0,0,1,0.78,0.7424,0.59,0.2836,373
3,2011-06-12,2,0,6,0,0,1,0.82,0.7879,0.56,0.2537,315
3,2011-06-12,2,0,6,0,0,1,0.8,0.7727,0.59,0.2985,360
3,2011-06-12,2,0,6,0,0,3,0.68,0.6364,0.83,0.2836,350
3,2011-06-12,2,0,6,0,0,3,0.68,0.6364,0.83,0.2836,252
4,2011-06-12,2,0,6,0,0,1,0.7,0.6667,0.74,0.1642,256
4,2011-06-12,2,0,6,0,0,1,0.7,0.6667,0.74,0.1045,223
4,2011-06-12,2,0,6,0,0,1,0.66,0.6061,0.83,0.1642,206
4,2011-06-12,2,0,6,0,0,1,0.66,0.6061,0.83,0.1045,140
4,2011-06-12,2,0,6,0,0,1,0.64,0.5758,0.83,0.1343,128
4,2011-06-12,2,0,6,0,0,1,0.64,0.5909,0.78,0.194,107
1,2011-06-13,2,0,6,1,1,1,0.64,0.5909,0.78,0.1343,28
1,2011-06-13,2,0,6,1,1,1,0.64,0.6061,0.73,0.2239,16
1,2011-06-13,2,0,6,1,1,1,0.62,0.5909,0.73,0.2836,10
1,2011-06-13,2,0,6,1,1,1,0.6,0.6061,0.6,0.4925,7
1,2011-06-13,2,0,6,1,1,1,0.56,0.5303,0.64,0.2985,4
1,2011-06-13,2,0,6,1,1,1,0.54,0.5152,0.64,0.3881,29
2,2011-06-13,2,0,6,1,1,1,0.54,0.5152,0.64,0.4179,105
2,2011-06-13,2,0,6,1,1,1,0.56,0.5303,0.56,0.3582,328
2,2011-06-13,2,0,6,1,1,1,0.58,0.5455,0.49,0.4478,476
2,2011-06-13,2,0,6,1,1,1,0.62,0.6212,0.46,0.3582,224
2,2011-06-13,2,0,6,1,1,1,0.64,0.6212,0.41,0.3284,118
2,2011-06-13,2,0,6,1,1,1,0.66,0.6212,0.41,0.2985,159
3,2011-06-13,2,0,6,1,1,1,0.66,0.6212,0.41,0.2836,196
3,2011-06-13,2,0,6,1,1,1,0.7,0.6364,0.37,0.0,227
3,2011-06-13,2,0,6,1,1,1,0.7,0.6364,0.34,0.2537,200
3,2011-06-13,2,0,6,1,1,1,0.7,0.6364,0.37,0.4478,185
3,2011-06-13,2,0,6,1,1,1,0.7,0.6364,0.37,0.4179,326
3,2011-06-13,2,0,6,1,1,1,0.7,0.6364,0.39,0.3284,601
4,2011-06-13,2,0,6,1,1,1,0.7,0.6364,0.37,0.3582,586
4,2011-06-13,2,0,6,1,1,1,0.66,0.6212,0.39,0.2836,423
4,2011-06-13,2,0,6,1,1,1,0.64,0.6212,0.44,0.2537,331
4,2011-06-13,2,0,6,1,1,1,0.64,0.6212,0.41,0.2537,218
4,2011-06-13,2,0,6,1,1,1,0.62,0.6212,0.46,0.2239,134
4,2011-06-13,2,0,6,1,1,1,0.62,0.6212,0.46,0.194,89
1,2011-06-14,2,0,6,2,1,1,0.6,0.6212,0.49,0.194,31
1,2011-06-14,2,0,6,2,1,1,0.6,0.6212,0.49,0.2537,13
1,2011-06-14,2,0,6,2,1,1,0.6,0.6212,0.49,0.2836,10
1,2011-06-14,2,0,6,2,1,1,0.58,0.5455,0.53,0.3284,2
1,2011-06-14,2,0,6,2,1,1,0.54,0.5152,0.6,0.2537,3
1,2011-06-14,2,0,6,2,1,1,0.54,0.5152,0.56,0.3284,26
2,2011-06-14,2,0,6,2,1,1,0.54,0.5152,0.56,0.2985,113
2,2011-06-14,2,0,6,2,1,1,0.56,0.5303,0.52,0.4179,365
2,2011-06-14,2,0,6,2,1,1,0.58,0.5455,0.49,0.3881,486
2,2011-06-14,2,0,6,2,1,1,0.62,0.6212,0.46,0.194,193
2,2011-06-14,2,0,6,2,1,1,0.62,0.6212,0.46,0.2239,130
2,2011-06-14,2,0,6,2,1,1,0.64,0.6212,0.41,0.2836,143
3,2011-06-14,2,0,6,2,1,1,0.64,0.6212,0.41,0.3582,169
3,2011-06-14,2,0,6,2,1,1,0.64,0.6212,0.44,0.2239,209
3,2011-06-14,2,0,6,2,1,2,0.64,0.6212,0.47,0.194,159
3,2011-06-14,2,0,6,2,1,1,0.64,0.6212,0.47,0.1642,178
3,2011-06-14,2,0,6,2,1,1,0.68,0.6364,0.41,0.194,330
3,2011-06-14,2,0,6,2,1,3,0.64,0.6212,0.5,0.2836,569
4,2011-06-14,2,0,6,2,1,1,0.62,0.6212,0.51,0.3284,538
4,2011-06-14,2,0,6,2,1,1,0.64,0.6212,0.5,0.3582,386
4,2011-06-14,2,0,6,2,1,1,0.6,0.6212,0.56,0.1642,297
4,2011-06-14,2,0,6,2,1,1,0.6,0.6212,0.56,0.2985,243
4,2011-06-14,2,0,6,2,1,1,0.58,0.5455,0.6,0.2239,188
4,2011-06-14,2,0,6,2,1,1,0.56,0.5303,0.68,0.2239,110
1,2011-06-15,2,0,6,3,1,1,0.56,0.5303,0.64,0.3582,52
1,2011-06-15,2,0,6,3,1,1,0.54,0.5152,0.64,0.2836,14
1,2011-06-15,2,0,6,3,1,1,0.52,0.5,0.63,0.2239,9
1,2011-06-15,2,0,6,3,1,1,0.5,0.4848,0.68,0.2537,1
1,2011-06-15,2,0,6,3,1,1,0.5,0.4848,0.63,0.2836,4
1,2011-06-15,2,0,6,3,1,1,0.48,0.4697,0.67,0.2836,21
2,2011-06-15,2,0,6,3,1,1,0.5,0.4848,0.63,0.2537,121
2,2011-06-15,2,0,6,3,1,1,0.54,0.5152,0.6,0.1343,370
2,2011-06-15,2,0,6,3,1,1,0.58,0.5455,0.53,0.1343,498
2,2011-06-15,2,0,6,3,1,1,0.6,0.6212,0.49,0.0,207
2,2011-06-15,2,0,6,3,1,1,0.64,0.6212,0.47,0.1642,135
2,2011-06-15,2,0,6,3,1,1,0.68,0.6364,0.36,0.0,164
3,2011-06-15,2,0,6,3,1,1,0.7,0.6364,0.34,0.2239,211
3,2011-06-15,2,0,6,3,1,1,0.74,0.6515,0.28,0.2836,189
3,2011-06-15,2,0,6,3,1,1,0.74,0.6515,0.28,0.0,178
3,2011-06-15,2,0,6,3,1,1,0.76,0.6667,0.27,0.0,164
3,2011-06-15,2,0,6,3,1,1,0.76,0.6667,0.27,0.1343,312
3,2011-06-15,2,0,6,3,1,1,0.74,0.6515,0.28,0.1045,638
4,2011-06-15,2,0,6,3,1,1,0.72,0.6515,0.32,0.1343,607
4,2011-06-15,2,0,6,3,1,1,0.7,0.6364,0.37,0.2836,416
4,2011-06-15,2,0,6,3,1,1,0.66,0.6212,0.44,0.1642,330
4,2011-06-15,2,0,6,3,1,1,0.64,0.6212,0.47,0.2239,257
4,2011-06-15,2,0,6,3,1,1,0.62,0.6212,0.5,0.1045,175
4,2011-06-15,2,0,6,3,1,1,0.62,0.6212,0.53,0.0,107
1,2011-06-16,2,0,6,4,1,1,0.6,0.6212,0.56,0.1045,47
1,2011-06-16,2,0,6,4,1,1,0.58,0.5455,0.6,0.0,17
1,2011-06-16,2,0,6,4,1,1,0.6,0.6212,0.56,0.0896,5
1,2011-06-16,2,0,6,4,1,2,0.56,0.5303,0.73,0.0896,4
1,2011-06-16,2,0,6,4,1,2,0.56,0.5303,0.68,0.1045,6
1,2011-06-16,2,0,6,4,1,1,0.6,0.6061,0.64,0.194,25
2,2011-06-16,2,0,6,4,1,3,0.58,0.5455,0.73,0.1642,112
2,2011-06-16,2,0,6,4,1,3,0.56,0.5303,0.78,0.1642,188
2,2011-06-16,2,0,6,4,1,2,0.6,0.5909,0.69,0.1343,388
2,2011-06-16,2,0,6,4,1,2,0.62,0.6061,0.65,0.194,261
2,2011-06-16,2,0,6,4,1,2,0.66,0.6212,0.61,0.2537,121
2,2011-06-16,2,0,6,4,1,2,0.68,0.6364,0.61,0.2985,150
3,2011-06-16,2,0,6,4,1,1,0.72,0.6667,0.54,0.3881,206
3,2011-06-16,2,0,6,4,1,2,0.72,0.6667,0.54,0.2537,151
3,2011-06-16,2,0,6,4,1,2,0.72,0.6667,0.54,0.3284,153
3,2011-06-16,2,0,6,4,1,2,0.7,0.6515,0.61,0.2985,159
3,2011-06-16,2,0,6,4,1,3,0.66,0.6212,0.69,0.194,294
3,2011-06-16,2,0,6,4,1,2,0.64,0.5909,0.78,0.1045,272
4,2011-06-16,2,0,6,4,1,1,0.64,0.5758,0.83,0.2239,325
4,2011-06-16,2,0,6,4,1,1,0.62,0.5758,0.83,0.2836,327
4,2011-06-16,2,0,6,4,1,1,0.62,0.5758,0.83,0.3284,201
4,2011-06-16,2,0,6,4,1,3,0.62,0.5758,0.83,0.2537,188
4,2011-06-16,2,0,6,4,1,3,0.62,0.5758,0.83,0.2537,151
4,2011-06-16,2,0,6,4,1,3,0.6,0.5606,0.83,0.2537,16
1,2011-06-17,2,0,6,5,1,1,0.56,0.5303,0.88,0.0896,24
1,2011-06-17,2,0,6,5,1,1,0.56,0.5303,0.94,0.1343,23
1,2011-06-17,2,0,6,5,1,1,0.56,0.5303,0.94,0.1045,13
1,2011-06-17,2,0,6,5,1,1,0.56,0.5303,0.94,0.1045,6
1,2011-06-17,2,0,6,5,1,1,0.54,0.5152,0.94,0.1343,6
1,2011-06-17,2,0,6,5,1,1,0.54,0.5152,1.0,0.0,13
2,2011-06-17,2,0,6,5,1,1,0.56,0.5303,0.94,0.0,97
2,2011-06-17,2,0,6,5,1,1,0.6,0.5606,0.83,0.0,250
2,2011-06-17,2,0,6,5,1,2,0.6,0.5606,0.83,0.0,454
2,2011-06-17,2,0,6,5,1,1,0.7,0.6515,0.58,0.194,224
2,2011-06-17,2,0,6,5,1,1,0.7,0.6515,0.58,0.194,170
2,2011-06-17,2,0,6,5,1,1,0.68,0.6364,0.69,0.2537,181
3,2011-06-17,2,0,6,5,1,1,0.7,0.6515,0.65,0.2537,243
3,2011-06-17,2,0,6,5,1,1,0.74,0.6818,0.62,0.2836,204
3,2011-06-17,2,0,6,5,1,1,0.76,0.697,0.52,0.194,215
3,2011-06-17,2,0,6,5,1,1,0.78,0.697,0.43,0.2239,243
3,2011-06-17,2,0,6,5,1,1,0.76,0.6818,0.45,0.1642,355
3,2011-06-17,2,0,6,5,1,3,0.76,0.6818,0.4,0.194,552
4,2011-06-17,2,0,6,5,1,3,0.76,0.6818,0.4,0.194,450
4,2011-06-17,2,0,6,5,1,3,0.64,0.5758,0.83,0.2537,328
4,2011-06-17,2,0,6,5,1,1,0.64,0.5909,0.78,0.1045,232
4,2011-06-17,2,0,6,5,1,1,0.64,0.5909,0.78,0.0896,208
4,2011-06-17,2,0,6,5,1,1,0.62,0.5606,0.88,0.1343,175
4,2011-06-17,2,0,6,5,1,1,0.62,0.5758,0.83,0.1343,178
1,2011-06-18,2,0,6,6,0,1,0.62,0.5606,0.88,0.1343,104
1,2011-06-18,2,0,6,6,0,1,0.62,0.5758,0.83,0.1045,95
1,2011-06-18,2,0,6,6,0,1,0.6,0.5455,0.88,0.0,53
1,2011-06-18,2,0,6,6,0,1,0.6,0.5455,0.88,0.0896,20
1,2011-06-18,2,0,6,6,0,1,0.6,0.5455,0.88,0.0896,5
1,2011-06-18,2,0,6,6,0,1,0.62,0.5758,0.83,0.0,7
2,2011-06-18,2,0,6,6,0,1,0.62,0.5758,0.83,0.1045,27
2,2011-06-18,2,0,6,6,0,1,0.64,0.5909,0.78,0.1343,57
2,2011-06-18,2,0,6,6,0,1,0.66,0.6061,0.78,0.0896,131
2,2011-06-18,2,0,6,6,0,1,0.7,0.6515,0.61,0.2239,218
2,2011-06-18,2,0,6,6,0,1,0.72,0.6818,0.62,0.194,244
2,2011-06-18,2,0,6,6,0,1,0.72,0.6818,0.62,0.1343,404
3,2011-06-18,2,0,6,6,0,1,0.74,0.697,0.66,0.0896,420
3,2011-06-18,2,0,6,6,0,1,0.76,0.697,0.55,0.0,327
3,2011-06-18,2,0,6,6,0,2,0.8,0.7273,0.46,0.2836,334
3,2011-06-18,2,0,6,6,0,2,0.82,0.7576,0.46,0.1343,367
3,2011-06-18,2,0,6,6,0,2,0.76,0.697,0.52,0.2239,468
3,2011-06-18,2,0,6,6,0,2,0.76,0.6818,0.48,0.1642,449
4,2011-06-18,2,0,6,6,0,2,0.74,0.6818,0.55,0.194,381
4,2011-06-18,2,0,6,6,0,2,0.74,0.6667,0.51,0.1045,326
4,2011-06-18,2,0,6,6,0,2,0.72,0.6667,0.58,0.1343,188
4,2011-06-18,2,0,6,6,0,2,0.72,0.6818,0.66,0.1045,183
4,2011-06-18,2,0,6,6,0,2,0.72,0.6818,0.62,0.1343,161
4,2011-06-18,2,0,6,6,0,2,0.72,0.6818,0.62,0.0,150
1,2011-06-19,2,0,6,0,0,1,0.7,0.6515,0.65,0.0,89
1,2011-06-19,2,0,6,0,0,2,0.7,0.6515,0.65,0.0896,76
1,2011-06-19,2,0,6,0,0,1,0.68,0.6364,0.74,0.0896,72
1,2011-06-19,2,0,6,0,0,2,0.66,0.6061,0.78,0.1343,30
1,2011-06-19,2,0,6,0,0,2,0.66,0.6212,0.74,0.1343,17
1,2011-06-19,2,0,6,0,0,2,0.66,0.6061,0.78,0.0,19
2,2011-06-19,2,0,6,0,0,2,0.66,0.6061,0.78,0.1642,33
2,2011-06-19,2,0,6,0,0,2,0.66,0.6061,0.78,0.1642,71
2,2011-06-19,2,0,6,0,0,3,0.68,0.6364,0.74,0.1045,84
2,2011-06-19,2,0,6,0,0,2,0.68,0.6364,0.74,0.1045,169
2,2011-06-19,2,0,6,0,0,2,0.7,0.6515,0.61,0.1045,244
2,2011-06-19,2,0,6,0,0,2,0.72,0.6667,0.58,0.0896,377
3,2011-06-19,2,0,6,0,0,2,0.74,0.6818,0.55,0.0896,396
3,2011-06-19,2,0,6,0,0,2,0.74,0.6667,0.51,0.0,363
3,2011-06-19,2,0,6,0,0,3,0.74,0.6818,0.58,0.1045,317
3,2011-06-19,2,0,6,0,0,2,0.74,0.6818,0.55,0.1045,362
3,2011-06-19,2,0,6,0,0,2,0.76,0.6818,0.48,0.0,378
3,2011-06-19,2,0,6,0,0,1,0.74,0.6667,0.51,0.0,397
4,2011-06-19,2,0,6,0,0,2,0.74,0.6818,0.58,0.0896,296
4,2011-06-19,2,0,6,0,0,1,0.72,0.6818,0.62,0.1343,311
4,2011-06-19,2,0,6,0,0,1,0.7,0.6515,0.7,0.194,232
4,2011-06-19,2,0,6,0,0,1,0.68,0.6364,0.79,0.1343,167
4,2011-06-19,2,0,6,0,0,1,0.66,0.6061,0.78,0.2239,152
4,2011-06-19,2,0,6,0,0,1,0.66,0.6061,0.78,0.194,92
1,2011-06-20,2,0,6,1,1,1,0.66,0.6061,0.83,0.1642,26
1,2011-06-20,2,0,6,1,1,1,0.64,0.5758,0.89,0.0896,12
1,2011-06-20,2,0,6,1,1,1,0.64,0.5758,0.89,0.0896,2
1,2011-06-20,2,0,6,1,1,3,0.64,0.5758,0.89,0.0,1
1,2011-06-20,2,0,6,1,1,3,0.62,0.5606,0.88,0.1642,3
1,2011-06-20,2,0,6,1,1,3,0.62,0.5758,0.83,0.1343,3
2,2011-06-20,2,0,6,1,1,3,0.6,0.5758,0.78,0.1343,26
2,2011-06-20,2,0,6,1,1,3,0.56,0.5303,0.88,0.194,46
2,2011-06-20,2,0,6,1,1,3,0.56,0.5303,0.83,0.194,221
2,2011-06-20,2,0,6,1,1,2,0.6,0.5758,0.78,0.2537,219
2,2011-06-20,2,0,6,1,1,2,0.6,0.5758,0.78,0.2537,91
2,2011-06-20,2,0,6,1,1,2,0.6,0.5758,0.78,0.1045,94
3,2011-06-20,2,0,6,1,1,2,0.62,0.6061,0.69,0.1045,162
3,2011-06-20,2,0,6,1,1,1,0.64,0.6061,0.65,0.1045,179
3,2011-06-20,2,0,6,1,1,1,0.66,0.6212,0.61,0.1045,175
3,2011-06-20,2,0,6,1,1,1,0.66,0.6212,0.61,0.1343,205
3,2011-06-20,2,0,6,1,1,1,0.7,0.6515,0.58,0.1642,299
3,2011-06-20,2,0,6,1,1,1,0.7,0.6515,0.54,0.0,565
4,2011-06-20,2,0,6,1,1,1,0.7,0.6515,0.61,0.2537,538
4,2011-06-20,2,0,6,1,1,1,0.66,0.6212,0.65,0.2239,431
4,2011-06-20,2,0,6,1,1,1,0.66,0.6212,0.69,0.2239,316
4,2011-06-20,2,0,6,1,1,1,0.64,0.6061,0.73,0.1642,206
4,2011-06-20,2,0,6,1,1,2,0.64,0.6061,0.73,0.2239,130
4,2011-06-20,2,0,6,1,1,1,0.62,0.5909,0.78,0.2537,60
1,2011-06-21,3,0,6,2,1,1,0.62,0.5909,0.78,0.1642,33
1,2011-06-21,3,0,6,2,1,3,0.62,0.5909,0.78,0.1642,14
1,2011-06-21,3,0,6,2,1,3,0.62,0.5758,0.83,0.1642,6
1,2011-06-21,3,0,6,2,1,3,0.62,0.5758,0.83,0.1642,2
1,2011-06-21,3,0,6,2,1,2,0.6,0.5455,0.88,0.1045,9
1,2011-06-21,3,0,6,2,1,2,0.6,0.5455,0.88,0.1343,25
2,2011-06-21,3,0,6,2,1,2,0.6,0.5455,0.88,0.1343,115
2,2011-06-21,3,0,6,2,1,2,0.6,0.5152,0.94,0.0,309
2,2011-06-21,3,0,6,2,1,2,0.62,0.5606,0.88,0.1045,401
2,2011-06-21,3,0,6,2,1,2,0.62,0.5606,0.88,0.2537,275
2,2011-06-21,3,0,6,2,1,2,0.64,0.5758,0.83,0.194,161
2,2011-06-21,3,0,6,2,1,1,0.66,0.6061,0.83,0.1642,171
3,2011-06-21,3,0,6,2,1,1,0.7,0.6667,0.74,0.1642,189
3,2011-06-21,3,0,6,2,1,1,0.74,0.697,0.66,0.1642,207
3,2011-06-21,3,0,6,2,1,1,0.76,0.7121,0.62,0.2239,152
3,2011-06-21,3,0,6,2,1,1,0.78,0.7424,0.59,0.2537,170
3,2011-06-21,3,0,6,2,1,1,0.8,0.7727,0.59,0.2239,335
3,2011-06-21,3,0,6,2,1,1,0.78,0.7576,0.66,0.2239,572
4,2011-06-21,3,0,6,2,1,2,0.76,0.7273,0.7,0.2537,536
4,2011-06-21,3,0,6,2,1,2,0.74,0.7121,0.74,0.2239,425
4,2011-06-21,3,0,6,2,1,3,0.74,0.697,0.7,0.2239,326
4,2011-06-21,3,0,6,2,1,1,0.72,0.697,0.74,0.194,229
4,2011-06-21,3,0,6,2,1,1,0.7,0.6667,0.79,0.1045,109
4,2011-06-21,3,0,6,2,1,1,0.7,0.6667,0.74,0.1045,64
1,2011-06-22,3,0,6,3,1,1,0.66,0.6061,0.78,0.194,33
1,2011-06-22,3,0,6,3,1,1,0.66,0.6061,0.78,0.1343,21
1,2011-06-22,3,0,6,3,1,1,0.66,0.6061,0.78,0.0,7
1,2011-06-22,3,0,6,3,1,1,0.66,0.6061,0.78,0.1343,7
1,2011-06-22,3,0,6,3,1,1,0.64,0.5758,0.83,0.0,11
1,2011-06-22,3,0,6,3,1,1,0.64,0.5758,0.89,0.0,23
2,2011-06-22,3,0,6,3,1,1,0.66,0.6061,0.83,0.0,122
2,2011-06-22,3,0,6,3,1,1,0.7,0.6667,0.79,0.0,311
2,2011-06-22,3,0,6,3,1,1,0.72,0.697,0.74,0.1045,423
2,2011-06-22,3,0,6,3,1,1,0.72,0.697,0.79,0.1642,219
2,2011-06-22,3,0,6,3,1,1,0.74,0.697,0.7,0.2537,135
2,2011-06-22,3,0,6,3,1,1,0.74,0.697,0.7,0.1642,145
3,2011-06-22,3,0,6,3,1,2,0.8,0.7727,0.59,0.2239,188
3,2011-06-22,3,0,6,3,1,2,0.82,0.7879,0.56,0.2537,147
3,2011-06-22,3,0,6,3,1,2,0.82,0.7727,0.52,0.2836,145
3,2011-06-22,3,0,6,3,1,2,0.82,0.7879,0.56,0.2836,146
3,2011-06-22,3,0,6,3,1,2,0.82,0.803,0.59,0.3284,258
3,2011-06-22,3,0,6,3,1,2,0.8,0.7576,0.55,0.3881,529
4,2011-06-22,3,0,6,3,1,2,0.8,0.7727,0.59,0.2537,513
4,2011-06-22,3,0,6,3,1,2,0.8,0.7424,0.52,0.2537,342
4,2011-06-22,3,0,6,3,1,1,0.74,0.7121,0.74,0.1343,282
4,2011-06-22,3,0,6,3,1,1,0.74,0.7121,0.79,0.1642,247
4,2011-06-22,3,0,6,3,1,2,0.72,0.697,0.79,0.194,148
4,2011-06-22,3,0,6,3,1,2,0.72,0.697,0.79,0.2239,105
1,2011-06-23,3,0,6,4,1,1,0.72,0.697,0.79,0.2239,49
1,2011-06-23,3,0,6,4,1,1,0.72,0.697,0.74,0.2239,31
1,2011-06-23,3,0,6,4,1,1,0.72,0.697,0.74,0.2239,4
1,2011-06-23,3,0,6,4,1,2,0.72,0.697,0.74,0.1642,5
1,2011-06-23,3,0,6,4,1,2,0.7,0.6667,0.79,0.1343,7
1,2011-06-23,3,0,6,4,1,1,0.72,0.697,0.74,0.1642,24
2,2011-06-23,3,0,6,4,1,1,0.72,0.697,0.74,0.1642,100
2,2011-06-23,3,0,6,4,1,2,0.72,0.697,0.74,0.1343,327
2,2011-06-23,3,0,6,4,1,2,0.74,0.697,0.7,0.194,432
2,2011-06-23,3,0,6,4,1,2,0.74,0.697,0.7,0.1343,227
2,2011-06-23,3,0,6,4,1,2,0.76,0.7273,0.66,0.1343,127
2,2011-06-23,3,0,6,4,1,3,0.76,0.7273,0.66,0.2537,136
3,2011-06-23,3,0,6,4,1,2,0.76,0.7273,0.66,0.2836,160
3,2011-06-23,3,0,6,4,1,2,0.76,0.7121,0.62,0.2836,186
3,2011-06-23,3,0,6,4,1,2,0.76,0.7273,0.66,0.2985,149
3,2011-06-23,3,0,6,4,1,2,0.76,0.697,0.52,0.3582,189
3,2011-06-23,3,0,6,4,1,2,0.74,0.6818,0.62,0.2985,275
3,2011-06-23,3,0,6,4,1,2,0.72,0.6818,0.7,0.3582,569
4,2011-06-23,3,0,6,4,1,1,0.72,0.6818,0.7,0.4179,540
4,2011-06-23,3,0,6,4,1,1,0.72,0.6818,0.7,0.3582,400
4,2011-06-23,3,0,6,4,1,1,0.7,0.6667,0.74,0.2239,352
4,2011-06-23,3,0,6,4,1,1,0.7,0.6667,0.74,0.194,234
4,2011-06-23,3,0,6,4,1,2,0.7,0.6667,0.74,0.2239,162
4,2011-06-23,3,0,6,4,1,1,0.7,0.6667,0.74,0.2836,105
1,2011-06-24,3,0,6,5,1,1,0.68,0.6364,0.79,0.194,63
1,2011-06-24,3,0,6,5,1,1,0.66,0.6061,0.83,0.3284,28
1,2011-06-24,3,0,6,5,1,1,0.66,0.6061,0.83,0.3284,14
1,2011-06-24,3,0,6,5,1,1,0.66,0.6061,0.83,0.1642,5
1,2011-06-24,3,0,6,5,1,1,0.66,0.6061,0.83,0.0896,9
1,2011-06-24,3,0,6,5,1,1,0.64,0.5758,0.89,0.0896,20
2,2011-06-24,3,0,6,5,1,1,0.66,0.6061,0.83,0.1343,91
2,2011-06-24,3,0,6,5,1,2,0.66,0.6061,0.83,0.2239,268
2,2011-06-24,3,0,6,5,1,1,0.7,0.6667,0.74,0.2239,466
2,2011-06-24,3,0,6,5,1,1,0.74,0.6818,0.62,0.1343,231
2,2011-06-24,3,0,6,5,1,1,0.8,0.7273,0.43,0.2836,145
2,2011-06-24,3,0,6,5,1,1,0.8,0.7121,0.38,0.3284,203
3,2011-06-24,3,0,6,5,1,1,0.8,0.7121,0.41,0.2836,201
3,2011-06-24,3,0,6,5,1,1,0.8,0.7121,0.36,0.2239,221
3,2011-06-24,3,0,6,5,1,1,0.78,0.697,0.43,0.2836,229
3,2011-06-24,3,0,6,5,1,1,0.82,0.7273,0.34,0.3881,216
3,2011-06-24,3,0,6,5,1,1,0.8,0.697,0.33,0.4179,327
3,2011-06-24,3,0,6,5,1,1,0.76,0.6667,0.37,0.2537,557
4,2011-06-24,3,0,6,5,1,1,0.76,0.6667,0.37,0.2985,452
4,2011-06-24,3,0,6,5,1,1,0.74,0.6515,0.4,0.2239,385
4,2011-06-24,3,0,6,5,1,1,0.72,0.6515,0.45,0.1642,288
4,2011-06-24,3,0,6,5,1,1,0.7,0.6515,0.48,0.1343,233
4,2011-06-24,3,0,6,5,1,1,0.7,0.6515,0.48,0.0,167
4,2011-06-24,3,0,6,5,1,1,0.68,0.6364,0.51,0.1343,172
1,2011-06-25,3,0,6,6,0,1,0.68,0.6364,0.47,0.1642,116
1,2011-06-25,3,0,6,6,0,1,0.66,0.6212,0.5,0.1642,95
1,2011-06-25,3,0,6,6,0,2,0.66,0.6212,0.5,0.194,59
1,2011-06-25,3,0,6,6,0,1,0.64,0.6212,0.57,0.194,39
1,2011-06-25,3,0,6,6,0,1,0.64,0.6212,0.57,0.194,11
1,2011-06-25,3,0,6,6,0,1,0.62,0.6061,0.61,0.1343,14
2,2011-06-25,3,0,6,6,0,1,0.64,0.6212,0.57,0.2239,29
2,2011-06-25,3,0,6,6,0,1,0.64,0.6212,0.57,0.2836,42
2,2011-06-25,3,0,6,6,0,1,0.7,0.6515,0.48,0.2537,112
2,2011-06-25,3,0,6,6,0,1,0.72,0.6515,0.45,0.2537,186
2,2011-06-25,3,0,6,6,0,1,0.72,0.6515,0.45,0.194,302
2,2011-06-25,3,0,6,6,0,1,0.74,0.6667,0.42,0.0,331
3,2011-06-25,3,0,6,6,0,1,0.74,0.6515,0.4,0.2836,392
3,2011-06-25,3,0,6,6,0,1,0.74,0.6515,0.4,0.2836,371
3,2011-06-25,3,0,6,6,0,1,0.74,0.6667,0.45,0.2985,383
3,2011-06-25,3,0,6,6,0,1,0.74,0.6667,0.45,0.0,392
3,2011-06-25,3,0,6,6,0,1,0.76,0.6818,0.43,0.2985,410
3,2011-06-25,3,0,6,6,0,1,0.74,0.6667,0.42,0.2239,399
4,2011-06-25,3,0,6,6,0,1,0.72,0.6515,0.45,0.2537,307
4,2011-06-25,3,0,6,6,0,1,0.72,0.6667,0.48,0.2836,375
4,2011-06-25,3,0,6,6,0,1,0.7,0.6515,0.48,0.194,269
4,2011-06-25,3,0,6,6,0,1,0.68,0.6364,0.51,0.1642,202
4,2011-06-25,3,0,6,6,0,1,0.68,0.6364,0.47,0.194,187
4,2011-06-25,3,0,6,6,0,2,0.66,0.6212,0.5,0.2985,179
1,2011-06-26,3,0,6,0,0,1,0.64,0.6212,0.53,0.0,115
1,2011-06-26,3,0,6,0,0,1,0.64,0.6212,0.53,0.1045,90
1,2011-06-26,3,0,6,0,0,1,0.62,0.6212,0.57,0.1045,87
1,2011-06-26,3,0,6,0,0,1,0.6,0.6061,0.64,0.1045,34
1,2011-06-26,3,0,6,0,0,1,0.6,0.6061,0.64,0.0896,11
1,2011-06-26,3,0,6,0,0,1,0.6,0.6061,0.64,0.0,12
2,2011-06-26,3,0,6,0,0,1,0.6,0.6061,0.64,0.0,20
2,2011-06-26,3,0,6,0,0,1,0.62,0.6061,0.61,0.0,51
2,2011-06-26,3,0,6,0,0,1,0.64,0.6212,0.61,0.194,107
2,2011-06-26,3,0,6,0,0,1,0.66,0.6212,0.54,0.0896,206
2,2011-06-26,3,0,6,0,0,1,0.72,0.6667,0.48,0.1045,332
2,2011-06-26,3,0,6,0,0,1,0.72,0.6515,0.45,0.1343,346
3,2011-06-26,3,0,6,0,0,1,0.74,0.6515,0.4,0.1642,443
3,2011-06-26,3,0,6,0,0,1,0.74,0.6515,0.4,0.0,442
3,2011-06-26,3,0,6,0,0,1,0.74,0.6515,0.4,0.1343,443
3,2011-06-26,3,0,6,0,0,1,0.74,0.6515,0.4,0.0,403
3,2011-06-26,3,0,6,0,0,1,0.74,0.6667,0.42,0.194,455
3,2011-06-26,3,0,6,0,0,2,0.72,0.6515,0.42,0.1642,421
4,2011-06-26,3,0,6,0,0,2,0.72,0.6515,0.45,0.2537,382
4,2011-06-26,3,0,6,0,0,2,0.72,0.6667,0.48,0.1343,317
4,2011-06-26,3,0,6,0,0,2,0.7,0.6515,0.48,0.1045,213
4,2011-06-26,3,0,6,0,0,2,0.7,0.6515,0.54,0.1045,183
4,2011-06-26,3,0,6,0,0,1,0.7,0.6515,0.51,0.0,114
4,2011-06-26,3,0,6,0,0,1,0.7,0.6515,0.54,0.0896,78
1,2011-06-27,3,0,6,1,1,3,0.64,0.6061,0.73,0.2836,32
1,2011-06-27,3,0,6,1,1,2,0.62,0.5909,0.78,0.1343,15
1,2011-06-27,3,0,6,1,1,3,0.62,0.5909,0.78,0.1343,6
1,2011-06-27,3,0,6,1,1,3,0.62,0.5909,0.78,0.1343,2
1,2011-06-27,3,0,6,1,1,2,0.6,0.5606,0.83,0.1642,9
1,2011-06-27,3,0,6,1,1,2,0.62,0.5758,0.83,0.1642,22
2,2011-06-27,3,0,6,1,1,2,0.62,0.5909,0.78,0.1642,94
2,2011-06-27,3,0,6,1,1,2,0.64,0.6061,0.73,0.2239,261
2,2011-06-27,3,0,6,1,1,1,0.66,0.6212,0.74,0.194,447
2,2011-06-27,3,0,6,1,1,2,0.72,0.6667,0.54,0.0,187
2,2011-06-27,3,0,6,1,1,2,0.72,0.6667,0.54,0.1343,150
2,2011-06-27,3,0,6,1,1,2,0.7,0.6515,0.58,0.0,150
3,2011-06-27,3,0,6,1,1,2,0.72,0.6667,0.54,0.0,170
3,2011-06-27,3,0,6,1,1,2,0.72,0.6667,0.58,0.2239,164
3,2011-06-27,3,0,6,1,1,2,0.72,0.6667,0.58,0.0896,158
3,2011-06-27,3,0,6,1,1,2,0.74,0.6818,0.55,0.0,202
3,2011-06-27,3,0,6,1,1,1,0.74,0.6818,0.55,0.1045,275
3,2011-06-27,3,0,6,1,1,1,0.74,0.6818,0.55,0.1343,604
4,2011-06-27,3,0,6,1,1,1,0.74,0.6667,0.51,0.0,591
4,2011-06-27,3,0,6,1,1,1,0.72,0.6818,0.62,0.194,396
4,2011-06-27,3,0,6,1,1,1,0.7,0.6515,0.65,0.1045,305
4,2011-06-27,3,0,6,1,1,1,0.7,0.6515,0.65,0.0,242
4,2011-06-27,3,0,6,1,1,1,0.68,0.6364,0.69,0.0,145
4,2011-06-27,3,0,6,1,1,1,0.68,0.6364,0.69,0.0,81
1,2011-06-28,3,0,6,2,1,2,0.66,0.6061,0.78,0.1343,30
1,2011-06-28,3,0,6,2,1,1,0.66,0.6212,0.74,0.0,13
1,2011-06-28,3,0,6,2,1,2,0.66,0.6212,0.74,0.0,11
1,2011-06-28,3,0,6,2,1,2,0.66,0.6212,0.74,0.0,2
1,2011-06-28,3,0,6,2,1,1,0.66,0.6212,0.74,0.0,8
1,2011-06-28,3,0,6,2,1,1,0.66,0.6061,0.78,0.0,21
2,2011-06-28,3,0,6,2,1,1,0.66,0.6061,0.83,0.1642,124
2,2011-06-28,3,0,6,2,1,1,0.68,0.6364,0.83,0.194,347
2,2011-06-28,3,0,6,2,1,1,0.7,0.6667,0.79,0.1642,456
2,2011-06-28,3,0,6,2,1,1,0.74,0.697,0.7,0.0,246
2,2011-06-28,3,0,6,2,1,1,0.8,0.7424,0.49,0.1642,157
2,2011-06-28,3,0,6,2,1,1,0.82,0.7576,0.46,0.0,167
3,2011-06-28,3,0,6,2,1,1,0.84,0.7727,0.47,0.2239,202
3,2011-06-28,3,0,6,2,1,1,0.84,0.7576,0.44,0.0,189
3,2011-06-28,3,0,6,2,1,1,0.86,0.7879,0.44,0.2239,160
3,2011-06-28,3,0,6,2,1,1,0.86,0.7879,0.41,0.0,166
3,2011-06-28,3,0,6,2,1,1,0.86,0.803,0.47,0.2836,261
3,2011-06-28,3,0,6,2,1,3,0.82,0.7879,0.56,0.2836,579
4,2011-06-28,3,0,6,2,1,3,0.8,0.7576,0.55,0.2985,504
4,2011-06-28,3,0,6,2,1,2,0.74,0.6818,0.58,0.4627,299
4,2011-06-28,3,0,6,2,1,1,0.74,0.6818,0.62,0.0,296
4,2011-06-28,3,0,6,2,1,1,0.74,0.697,0.66,0.2836,195
4,2011-06-28,3,0,6,2,1,1,0.7,0.6515,0.7,0.2985,134
4,2011-06-28,3,0,6,2,1,1,0.7,0.6515,0.7,0.2836,81
1,2011-06-29,3,0,6,3,1,2,0.68,0.6364,0.79,0.2836,36
1,2011-06-29,3,0,6,3,1,1,0.68,0.6364,0.79,0.2985,28
1,2011-06-29,3,0,6,3,1,1,0.66,0.6061,0.83,0.2239,16
1,2011-06-29,3,0,6,3,1,2,0.66,0.6061,0.83,0.1045,5
1,2011-06-29,3,0,6,3,1,1,0.66,0.6061,0.83,0.1045,5
1,2011-06-29,3,0,6,3,1,1,0.64,0.5758,0.83,0.194,22
2,2011-06-29,3,0,6,3,1,1,0.66,0.6212,0.69,0.2985,116
2,2011-06-29,3,0,6,3,1,1,0.7,0.6515,0.54,0.2239,336
2,2011-06-29,3,0,6,3,1,1,0.7,0.6515,0.48,0.2836,540
2,2011-06-29,3,0,6,3,1,1,0.72,0.6515,0.45,0.3881,221
2,2011-06-29,3,0,6,3,1,1,0.74,0.6667,0.42,0.2836,126
2,2011-06-29,3,0,6,3,1,1,0.76,0.6667,0.35,0.2239,170
3,2011-06-29,3,0,6,3,1,1,0.76,0.6667,0.35,0.2537,243
3,2011-06-29,3,0,6,3,1,1,0.8,0.697,0.31,0.3284,231
3,2011-06-29,3,0,6,3,1,1,0.8,0.697,0.31,0.194,188
3,2011-06-29,3,0,6,3,1,1,0.82,0.7121,0.3,0.1642,189
3,2011-06-29,3,0,6,3,1,1,0.82,0.7121,0.3,0.4179,328
3,2011-06-29,3,0,6,3,1,1,0.82,0.7121,0.26,0.4179,570
4,2011-06-29,3,0,6,3,1,1,0.8,0.697,0.29,0.2985,588
4,2011-06-29,3,0,6,3,1,1,0.76,0.6667,0.35,0.3881,401
4,2011-06-29,3,0,6,3,1,1,0.74,0.6515,0.37,0.2985,333
4,2011-06-29,3,0,6,3,1,1,0.72,0.6515,0.39,0.2239,221
4,2011-06-29,3,0,6,3,1,1,0.7,0.6364,0.42,0.194,183
4,2011-06-29,3,0,6,3,1,1,0.68,0.6364,0.47,0.194,129
1,2011-06-30,3,0,6,4,1,1,0.66,0.6212,0.5,0.1642,54
1,2011-06-30,3,0,6,4,1,1,0.64,0.6212,0.53,0.1343,32
1,2011-06-30,3,0,6,4,1,1,0.62,0.6212,0.57,0.1343,8
1,2011-06-30,3,0,6,4,1,1,0.6,0.6061,0.6,0.1642,9
1,2011-06-30,3,0,6,4,1,1,0.58,0.5455,0.64,0.1343,6
1,2011-06-30,3,0,6,4,1,1,0.58,0.5455,0.64,0.2537,25
2,2011-06-30,3,0,6,4,1,1,0.6,0.6061,0.64,0.2537,123
2,2011-06-30,3,0,6,4,1,1,0.62,0.6061,0.61,0.2239,320
2,2011-06-30,3,0,6,4,1,1,0.68,0.6364,0.47,0.2239,555
2,2011-06-30,3,0,6,4,1,1,0.7,0.6364,0.42,0.2239,260
2,2011-06-30,3,0,6,4,1,1,0.72,0.6515,0.42,0.194,132
2,2011-06-30,3,0,6,4,1,1,0.74,0.6515,0.37,0.1343,169
3,2011-06-30,3,0,6,4,1,1,0.76,0.6667,0.35,0.1642,233
3,2011-06-30,3,0,6,4,1,1,0.76,0.6667,0.33,0.194,232
3,2011-06-30,3,0,6,4,1,1,0.78,0.6818,0.31,0.194,163
3,2011-06-30,3,0,6,4,1,1,0.78,0.6667,0.25,0.2537,240
3,2011-06-30,3,0,6,4,1,1,0.8,0.697,0.26,0.1343,323
3,2011-06-30,3,0,6,4,1,1,0.78,0.6818,0.27,0.3582,594
4,2011-06-30,3,0,6,4,1,1,0.76,0.6667,0.29,0.2537,586
4,2011-06-30,3,0,6,4,1,1,0.74,0.6515,0.33,0.194,455
4,2011-06-30,3,0,6,4,1,1,0.74,0.6515,0.33,0.194,340
4,2011-06-30,3,0,6,4,1,1,0.72,0.6515,0.37,0.1045,323
4,2011-06-30,3,0,6,4,1,1,0.7,0.6364,0.42,0.1642,207
4,2011-06-30,3,0,6,4,1,1,0.66,0.6212,0.5,0.0,126
1,2011-07-01,3,0,7,5,1,1,0.66,0.6212,0.5,0.0,68
1,2011-07-01,3,0,7,5,1,1,0.66,0.6212,0.5,0.0,31
1,2011-07-01,3,0,7,5,1,1,0.62,0.6061,0.69,0.0,13
1,2011-07-01,3,0,7,5,1,1,0.64,0.6212,0.53,0.0,11
1,2011-07-01,3,0,7,5,1,1,0.62,0.6212,0.57,0.0,6
1,2011-07-01,3,0,7,5,1,1,0.6,0.6061,0.64,0.1343,30
2,2011-07-01,3,0,7,5,1,1,0.62,0.6061,0.61,0.1343,108
2,2011-07-01,3,0,7,5,1,1,0.66,0.6212,0.54,0.1045,243
2,2011-07-01,3,0,7,5,1,1,0.7,0.6364,0.42,0.1642,492
2,2011-07-01,3,0,7,5,1,1,0.74,0.6515,0.35,0.1642,260
2,2011-07-01,3,0,7,5,1,1,0.76,0.6667,0.33,0.1642,170
2,2011-07-01,3,0,7,5,1,1,0.8,0.697,0.26,0.0,214
3,2011-07-01,3,0,7,5,1,1,0.8,0.697,0.26,0.0,263
3,2011-07-01,3,0,7,5,1,1,0.8,0.6818,0.24,0.0,292
3,2011-07-01,3,0,7,5,1,1,0.82,0.697,0.23,0.194,303
3,2011-07-01,3,0,7,5,1,1,0.82,0.697,0.21,0.2537,381
3,2011-07-01,3,0,7,5,1,1,0.82,0.697,0.17,0.0,427
3,2011-07-01,3,0,7,5,1,1,0.82,0.697,0.21,0.194,461
4,2011-07-01,3,0,7,5,1,1,0.8,0.6818,0.24,0.2537,422
4,2011-07-01,3,0,7,5,1,1,0.78,0.6667,0.25,0.194,318
4,2011-07-01,3,0,7,5,1,1,0.72,0.6515,0.42,0.2239,269
4,2011-07-01,3,0,7,5,1,1,0.7,0.6364,0.45,0.194,218
4,2011-07-01,3,0,7,5,1,1,0.7,0.6364,0.42,0.0,222
4,2011-07-01,3,0,7,5,1,1,0.68,0.6364,0.47,0.0896,140
1,2011-07-02,3,0,7,6,0,1,0.68,0.6364,0.47,0.0896,115
1,2011-07-02,3,0,7,6,0,1,0.66,0.6212,0.54,0.0,78
1,2011-07-02,3,0,7,6,0,1,0.64,0.6212,0.53,0.0,52
1,2011-07-02,3,0,7,6,0,1,0.64,0.6212,0.53,0.0,26
1,2011-07-02,3,0,7,6,0,1,0.62,0.6061,0.61,0.0,11
1,2011-07-02,3,0,7,6,0,1,0.58,0.5455,0.73,0.1045,14
2,2011-07-02,3,0,7,6,0,1,0.62,0.6061,0.69,0.1045,32
2,2011-07-02,3,0,7,6,0,1,0.64,0.6061,0.65,0.0,45
2,2011-07-02,3,0,7,6,0,1,0.68,0.6364,0.57,0.0,132
2,2011-07-02,3,0,7,6,0,1,0.74,0.6667,0.51,0.0896,179
2,2011-07-02,3,0,7,6,0,1,0.8,0.7121,0.36,0.0,271
2,2011-07-02,3,0,7,6,0,1,0.8,0.7121,0.36,0.0896,357
3,2011-07-02,3,0,7,6,0,1,0.82,0.7121,0.3,0.1343,374
3,2011-07-02,3,0,7,6,0,1,0.82,0.7121,0.3,0.1045,404
3,2011-07-02,3,0,7,6,0,1,0.84,0.7121,0.2,0.0,392
3,2011-07-02,3,0,7,6,0,1,0.86,0.7273,0.19,0.1642,331
3,2011-07-02,3,0,7,6,0,1,0.88,0.7424,0.22,0.2239,398
3,2011-07-02,3,0,7,6,0,1,0.84,0.7273,0.3,0.2239,349
4,2011-07-02,3,0,7,6,0,1,0.82,0.7121,0.3,0.2836,383
4,2011-07-02,3,0,7,6,0,1,0.8,0.697,0.33,0.2239,305
4,2011-07-02,3,0,7,6,0,1,0.76,0.6818,0.45,0.2836,284
4,2011-07-02,3,0,7,6,0,1,0.74,0.6667,0.48,0.194,232
4,2011-07-02,3,0,7,6,0,1,0.72,0.6667,0.51,0.1642,201
4,2011-07-02,3,0,7,6,0,1,0.72,0.6667,0.54,0.2836,154
1,2011-07-03,3,0,7,0,0,1,0.7,0.6515,0.58,0.2239,144
1,2011-07-03,3,0,7,0,0,2,0.7,0.6515,0.61,0.1642,78
1,2011-07-03,3,0,7,0,0,1,0.7,0.6515,0.58,0.194,69
1,2011-07-03,3,0,7,0,0,3,0.68,0.6364,0.65,0.0896,33
1,2011-07-03,3,0,7,0,0,3,0.68,0.6364,0.65,0.0896,5
1,2011-07-03,3,0,7,0,0,3,0.62,0.5758,0.83,0.194,1
2,2011-07-03,3,0,7,0,0,2,0.62,0.5455,0.94,0.0896,3
2,2011-07-03,3,0,7,0,0,2,0.64,0.5758,0.89,0.194,25
2,2011-07-03,3,0,7,0,0,1,0.68,0.6364,0.79,0.2239,92
2,2011-07-03,3,0,7,0,0,1,0.7,0.6667,0.74,0.2537,181
2,2011-07-03,3,0,7,0,0,1,0.74,0.697,0.66,0.1642,264
2,2011-07-03,3,0,7,0,0,1,0.76,0.7121,0.62,0.1045,390
3,2011-07-03,3,0,7,0,0,1,0.8,0.7576,0.55,0.1045,404
3,2011-07-03,3,0,7,0,0,1,0.8,0.7727,0.59,0.2239,421
3,2011-07-03,3,0,7,0,0,1,0.82,0.7879,0.56,0.2537,375
3,2011-07-03,3,0,7,0,0,1,0.84,0.803,0.53,0.2985,376
3,2011-07-03,3,0,7,0,0,1,0.84,0.803,0.53,0.2985,414
3,2011-07-03,3,0,7,0,0,3,0.8,0.7424,0.49,0.8507,358
4,2011-07-03,3,0,7,0,0,3,0.8,0.7424,0.49,0.8507,181
4,2011-07-03,3,0,7,0,0,2,0.66,0.6061,0.83,0.194,183
4,2011-07-03,3,0,7,0,0,3,0.66,0.6061,0.83,0.0,176
4,2011-07-03,3,0,7,0,0,2,0.66,0.6061,0.83,0.1642,167
4,2011-07-03,3,0,7,0,0,2,0.66,0.6061,0.78,0.1045,162
4,2011-07-03,3,0,7,0,0,1,0.64,0.5758,0.83,0.1642,147
1,2011-07-04,3,0,7,1,0,1,0.64,0.5758,0.83,0.1343,140
1,2011-07-04,3,0,7,1,0,1,0.64,0.5758,0.83,0.0896,119
1,2011-07-04,3,0,7,1,0,1,0.64,0.5758,0.83,0.0,63
1,2011-07-04,3,0,7,1,0,1,0.64,0.5909,0.78,0.0,26
1,2011-07-04,3,0,7,1,0,2,0.66,0.6061,0.78,0.0896,12
1,2011-07-04,3,0,7,1,0,2,0.64,0.5758,0.83,0.1343,4
2,2011-07-04,3,0,7,1,0,1,0.64,0.5758,0.89,0.1642,16
2,2011-07-04,3,0,7,1,0,1,0.66,0.6061,0.83,0.1343,36
2,2011-07-04,3,0,7,1,0,1,0.7,0.6667,0.74,0.1045,86
2,2011-07-04,3,0,7,1,0,2,0.72,0.6818,0.66,0.0896,238
2,2011-07-04,3,0,7,1,0,2,0.76,0.697,0.55,0.0896,280
2,2011-07-04,3,0,7,1,0,2,0.76,0.697,0.55,0.0896,349
3,2011-07-04,3,0,7,1,0,2,0.78,0.7121,0.52,0.0,447
3,2011-07-04,3,0,7,1,0,2,0.78,0.7121,0.49,0.0,423
3,2011-07-04,3,0,7,1,0,1,0.8,0.7273,0.46,0.0,408
3,2011-07-04,3,0,7,1,0,1,0.82,0.7424,0.43,0.0896,408
3,2011-07-04,3,0,7,1,0,1,0.82,0.7424,0.41,0.0,452
3,2011-07-04,3,0,7,1,0,1,0.8,0.7273,0.46,0.0,436
4,2011-07-04,3,0,7,1,0,1,0.8,0.7273,0.46,0.1343,418
4,2011-07-04,3,0,7,1,0,2,0.78,0.7121,0.49,0.1642,375
4,2011-07-04,3,0,7,1,0,2,0.76,0.697,0.55,0.1045,386
4,2011-07-04,3,0,7,1,0,2,0.74,0.6818,0.62,0.1045,457
4,2011-07-04,3,0,7,1,0,2,0.74,0.6818,0.62,0.1343,326
4,2011-07-04,3,0,7,1,0,2,0.72,0.6818,0.7,0.1045,138
1,2011-07-05,3,0,7,2,1,2,0.7,0.6515,0.65,0.1642,55
1,2011-07-05,3,0,7,2,1,1,0.7,0.6515,0.65,0.1045,39
1,2011-07-05,3,0,7,2,1,1,0.66,0.6212,0.74,0.0896,13
1,2011-07-05,3,0,7,2,1,1,0.66,0.6212,0.74,0.2239,8
1,2011-07-05,3,0,7,2,1,1,0.66,0.6212,0.69,0.1642,5
1,2011-07-05,3,0,7,2,1,1,0.66,0.6212,0.69,0.0,20
2,2011-07-05,3,0,7,2,1,1,0.66,0.6212,0.74,0.0896,94
2,2011-07-05,3,0,7,2,1,1,0.7,0.6515,0.65,0.0896,270
2,2011-07-05,3,0,7,2,1,1,0.72,0.6818,0.62,0.1343,432
2,2011-07-05,3,0,7,2,1,1,0.74,0.6818,0.58,0.1343,227
2,2011-07-05,3,0,7,2,1,1,0.76,0.697,0.52,0.1045,139
2,2011-07-05,3,0,7,2,1,1,0.78,0.697,0.46,0.1045,172
3,2011-07-05,3,0,7,2,1,1,0.8,0.7273,0.43,0.1045,201
3,2011-07-05,3,0,7,2,1,1,0.82,0.7424,0.43,0.1045,203
3,2011-07-05,3,0,7,2,1,1,0.8,0.7424,0.49,0.1642,178
3,2011-07-05,3,0,7,2,1,1,0.82,0.7424,0.43,0.0,162
3,2011-07-05,3,0,7,2,1,1,0.82,0.7576,0.46,0.1045,281
3,2011-07-05,3,0,7,2,1,1,0.82,0.7576,0.46,0.1045,545
4,2011-07-05,3,0,7,2,1,1,0.8,0.7576,0.55,0.1642,496
4,2011-07-05,3,0,7,2,1,1,0.8,0.7727,0.59,0.1343,368
4,2011-07-05,3,0,7,2,1,1,0.76,0.7273,0.66,0.1045,284
4,2011-07-05,3,0,7,2,1,1,0.78,0.7424,0.62,0.2537,245
4,2011-07-05,3,0,7,2,1,1,0.76,0.7273,0.66,0.2239,155
4,2011-07-05,3,0,7,2,1,1,0.74,0.697,0.66,0.1642,73
1,2011-07-06,3,0,7,3,1,1,0.72,0.697,0.74,0.194,37
1,2011-07-06,3,0,7,3,1,1,0.7,0.6667,0.74,0.1343,15
1,2011-07-06,3,0,7,3,1,1,0.7,0.6667,0.79,0.0896,5
1,2011-07-06,3,0,7,3,1,1,0.7,0.6667,0.79,0.0,6
1,2011-07-06,3,0,7,3,1,2,0.68,0.6364,0.83,0.0896,6
1,2011-07-06,3,0,7,3,1,1,0.68,0.6364,0.83,0.0896,35
2,2011-07-06,3,0,7,3,1,1,0.7,0.6667,0.79,0.0896,121
2,2011-07-06,3,0,7,3,1,2,0.72,0.697,0.79,0.0,312
2,2011-07-06,3,0,7,3,1,2,0.72,0.697,0.74,0.1045,428
2,2011-07-06,3,0,7,3,1,3,0.7,0.6667,0.79,0.194,189
2,2011-07-06,3,0,7,3,1,3,0.7,0.6667,0.79,0.0896,43
2,2011-07-06,3,0,7,3,1,2,0.72,0.697,0.74,0.0,127
3,2011-07-06,3,0,7,3,1,2,0.74,0.697,0.66,0.0896,152
3,2011-07-06,3,0,7,3,1,2,0.74,0.697,0.7,0.1045,140
3,2011-07-06,3,0,7,3,1,1,0.76,0.7273,0.66,0.2836,163
3,2011-07-06,3,0,7,3,1,1,0.76,0.7273,0.7,0.2836,185
3,2011-07-06,3,0,7,3,1,1,0.76,0.7273,0.7,0.2537,275
3,2011-07-06,3,0,7,3,1,1,0.78,0.7424,0.59,0.2239,596
4,2011-07-06,3,0,7,3,1,1,0.76,0.7121,0.62,0.194,563
4,2011-07-06,3,0,7,3,1,1,0.74,0.697,0.7,0.2239,394
4,2011-07-06,3,0,7,3,1,1,0.72,0.697,0.74,0.2537,312
4,2011-07-06,3,0,7,3,1,1,0.7,0.6667,0.79,0.194,241
4,2011-07-06,3,0,7,3,1,1,0.7,0.6667,0.79,0.194,186
4,2011-07-06,3,0,7,3,1,1,0.68,0.6364,0.83,0.2239,98
1,2011-07-07,3,0,7,4,1,1,0.66,0.5909,0.89,0.1343,35
1,2011-07-07,3,0,7,4,1,1,0.66,0.5909,0.89,0.194,16
1,2011-07-07,3,0,7,4,1,1,0.66,0.5909,0.89,0.194,8
1,2011-07-07,3,0,7,4,1,1,0.64,0.5606,0.94,0.1045,4
1,2011-07-07,3,0,7,4,1,1,0.64,0.5758,0.89,0.1045,4
1,2011-07-07,3,0,7,4,1,1,0.64,0.5758,0.89,0.1045,32
2,2011-07-07,3,0,7,4,1,2,0.64,0.5758,0.89,0.1343,118
2,2011-07-07,3,0,7,4,1,2,0.66,0.5909,0.89,0.1045,292
2,2011-07-07,3,0,7,4,1,2,0.7,0.6667,0.79,0.194,443
2,2011-07-07,3,0,7,4,1,1,0.74,0.697,0.7,0.1642,179
2,2011-07-07,3,0,7,4,1,1,0.78,0.7424,0.62,0.0,101
2,2011-07-07,3,0,7,4,1,1,0.82,0.7727,0.52,0.1343,142
3,2011-07-07,3,0,7,4,1,1,0.84,0.7727,0.41,0.0,171
3,2011-07-07,3,0,7,4,1,1,0.86,0.7879,0.41,0.0,155
3,2011-07-07,3,0,7,4,1,1,0.86,0.7879,0.41,0.2537,160
3,2011-07-07,3,0,7,4,1,1,0.86,0.7879,0.41,0.2537,166
3,2011-07-07,3,0,7,4,1,1,0.86,0.7727,0.39,0.2239,265
3,2011-07-07,3,0,7,4,1,1,0.86,0.7576,0.36,0.2537,569
4,2011-07-07,3,0,7,4,1,1,0.84,0.7576,0.44,0.2985,562
4,2011-07-07,3,0,7,4,1,1,0.82,0.7727,0.52,0.2836,365
4,2011-07-07,3,0,7,4,1,1,0.76,0.7121,0.58,0.3582,285
4,2011-07-07,3,0,7,4,1,1,0.74,0.6818,0.62,0.1642,209
4,2011-07-07,3,0,7,4,1,1,0.74,0.6818,0.62,0.1642,182
4,2011-07-07,3,0,7,4,1,1,0.72,0.6818,0.66,0.0,129
1,2011-07-08,3,0,7,5,1,1,0.74,0.697,0.66,0.1045,47
1,2011-07-08,3,0,7,5,1,1,0.72,0.697,0.79,0.0,34
1,2011-07-08,3,0,7,5,1,2,0.7,0.6667,0.74,0.1642,22
1,2011-07-08,3,0,7,5,1,1,0.68,0.6364,0.79,0.1045,6
1,2011-07-08,3,0,7,5,1,1,0.7,0.6667,0.79,0.2537,11
1,2011-07-08,3,0,7,5,1,1,0.68,0.6364,0.79,0.2537,27
2,2011-07-08,3,0,7,5,1,1,0.7,0.6667,0.74,0.1045,102
2,2011-07-08,3,0,7,5,1,2,0.7,0.6667,0.79,0.194,332
2,2011-07-08,3,0,7,5,1,2,0.72,0.697,0.74,0.2537,457
2,2011-07-08,3,0,7,5,1,2,0.76,0.7273,0.7,0.2985,241
2,2011-07-08,3,0,7,5,1,2,0.74,0.697,0.7,0.3582,138
2,2011-07-08,3,0,7,5,1,2,0.74,0.7121,0.74,0.2537,165
3,2011-07-08,3,0,7,5,1,2,0.76,0.7273,0.7,0.2836,213
3,2011-07-08,3,0,7,5,1,2,0.78,0.7576,0.66,0.2836,229
3,2011-07-08,3,0,7,5,1,2,0.8,0.7879,0.63,0.3582,216
3,2011-07-08,3,0,7,5,1,2,0.8,0.7879,0.63,0.3582,141
3,2011-07-08,3,0,7,5,1,3,0.68,0.6364,0.83,0.4478,132
3,2011-07-08,3,0,7,5,1,3,0.66,0.5909,0.89,0.4478,167
4,2011-07-08,3,0,7,5,1,1,0.66,0.6061,0.83,0.0896,316
4,2011-07-08,3,0,7,5,1,1,0.66,0.6061,0.83,0.0896,270
4,2011-07-08,3,0,7,5,1,1,0.66,0.6061,0.83,0.1642,250
4,2011-07-08,3,0,7,5,1,2,0.66,0.6061,0.83,0.2537,204
4,2011-07-08,3,0,7,5,1,2,0.66,0.6061,0.78,0.194,169
4,2011-07-08,3,0,7,5,1,2,0.66,0.6061,0.78,0.0896,151
1,2011-07-09,3,0,7,6,0,2,0.66,0.6061,0.83,0.1343,121
1,2011-07-09,3,0,7,6,0,2,0.64,0.5758,0.89,0.1045,53
1,2011-07-09,3,0,7,6,0,1,0.64,0.5758,0.89,0.1642,55
1,2011-07-09,3,0,7,6,0,1,0.64,0.5758,0.89,0.1343,30
1,2011-07-09,3,0,7,6,0,1,0.64,0.5758,0.83,0.2239,6
1,2011-07-09,3,0,7,6,0,2,0.62,0.5606,0.88,0.1642,15
2,2011-07-09,3,0,7,6,0,2,0.64,0.5758,0.83,0.194,38
2,2011-07-09,3,0,7,6,0,1,0.66,0.6061,0.78,0.194,71
2,2011-07-09,3,0,7,6,0,1,0.7,0.6515,0.7,0.2537,182
2,2011-07-09,3,0,7,6,0,1,0.74,0.6818,0.58,0.2836,247
2,2011-07-09,3,0,7,6,0,1,0.76,0.697,0.52,0.1642,264
2,2011-07-09,3,0,7,6,0,1,0.78,0.697,0.46,0.2985,290
3,2011-07-09,3,0,7,6,0,1,0.8,0.7273,0.46,0.2537,366
3,2011-07-09,3,0,7,6,0,1,0.82,0.7424,0.41,0.2239,416
3,2011-07-09,3,0,7,6,0,1,0.84,0.7424,0.36,0.1343,373
3,2011-07-09,3,0,7,6,0,1,0.84,0.7273,0.34,0.0896,402
3,2011-07-09,3,0,7,6,0,1,0.82,0.7273,0.38,0.0,416
3,2011-07-09,3,0,7,6,0,1,0.84,0.7273,0.32,0.0,401
4,2011-07-09,3,0,7,6,0,1,0.82,0.7273,0.36,0.1045,378
4,2011-07-09,3,0,7,6,0,1,0.76,0.697,0.55,0.1642,306
4,2011-07-09,3,0,7,6,0,1,0.76,0.7121,0.58,0.2239,314
4,2011-07-09,3,0,7,6,0,1,0.74,0.6818,0.58,0.1642,238
4,2011-07-09,3,0,7,6,0,1,0.72,0.6818,0.62,0.1642,214
4,2011-07-09,3,0,7,6,0,1,0.72,0.6667,0.58,0.194,140
1,2011-07-10,3,0,7,0,0,1,0.7,0.6515,0.61,0.1642,154
1,2011-07-10,3,0,7,0,0,1,0.7,0.6515,0.61,0.1343,113
1,2011-07-10,3,0,7,0,0,1,0.68,0.6364,0.69,0.0896,96
1,2011-07-10,3,0,7,0,0,1,0.66,0.6212,0.74,0.0896,25
1,2011-07-10,3,0,7,0,0,1,0.66,0.6212,0.69,0.0896,5
1,2011-07-10,3,0,7,0,0,1,0.66,0.6212,0.74,0.0,17
2,2011-07-10,3,0,7,0,0,1,0.64,0.5909,0.78,0.0896,25
2,2011-07-10,3,0,7,0,0,1,0.7,0.6515,0.7,0.0896,65
2,2011-07-10,3,0,7,0,0,1,0.72,0.6818,0.66,0.0,92
2,2011-07-10,3,0,7,0,0,1,0.74,0.697,0.66,0.0896,169
2,2011-07-10,3,0,7,0,0,1,0.76,0.697,0.55,0.1343,268
2,2011-07-10,3,0,7,0,0,1,0.78,0.7273,0.55,0.194,287
3,2011-07-10,3,0,7,0,0,1,0.82,0.7576,0.46,0.2836,377
3,2011-07-10,3,0,7,0,0,1,0.8,0.7273,0.46,0.2985,367
3,2011-07-10,3,0,7,0,0,1,0.82,0.7424,0.41,0.3284,349
3,2011-07-10,3,0,7,0,0,1,0.84,0.7424,0.39,0.2836,361
3,2011-07-10,3,0,7,0,0,1,0.84,0.7576,0.41,0.2836,372
3,2011-07-10,3,0,7,0,0,1,0.84,0.7424,0.36,0.2239,363
4,2011-07-10,3,0,7,0,0,1,0.82,0.7424,0.43,0.2836,363
4,2011-07-10,3,0,7,0,0,1,0.8,0.7424,0.49,0.3284,303
4,2011-07-10,3,0,7,0,0,1,0.76,0.697,0.55,0.194,268
4,2011-07-10,3,0,7,0,0,1,0.74,0.6818,0.62,0.2537,227
4,2011-07-10,3,0,7,0,0,1,0.74,0.697,0.66,0.2239,143
4,2011-07-10,3,0,7,0,0,1,0.72,0.6818,0.66,0.2537,72
1,2011-07-11,3,0,7,1,1,1,0.7,0.6515,0.65,0.194,35
1,2011-07-11,3,0,7,1,1,1,0.7,0.6515,0.61,0.2836,10
1,2011-07-11,3,0,7,1,1,1,0.7,0.6515,0.61,0.2239,12
1,2011-07-11,3,0,7,1,1,1,0.68,0.6364,0.65,0.1642,10
1,2011-07-11,3,0,7,1,1,1,0.66,0.6212,0.74,0.2239,4
1,2011-07-11,3,0,7,1,1,1,0.66,0.6212,0.74,0.1343,26
2,2011-07-11,3,0,7,1,1,1,0.68,0.6364,0.74,0.194,121
2,2011-07-11,3,0,7,1,1,1,0.7,0.6667,0.74,0.2537,317
2,2011-07-11,3,0,7,1,1,1,0.74,0.697,0.66,0.2836,420
2,2011-07-11,3,0,7,1,1,1,0.78,0.7424,0.59,0.2985,208
2,2011-07-11,3,0,7,1,1,1,0.8,0.7576,0.55,0.3582,117
2,2011-07-11,3,0,7,1,1,1,0.82,0.7879,0.56,0.2985,128
3,2011-07-11,3,0,7,1,1,1,0.84,0.803,0.53,0.2836,148
3,2011-07-11,3,0,7,1,1,1,0.86,0.8182,0.5,0.2537,141
3,2011-07-11,3,0,7,1,1,1,0.86,0.8333,0.53,0.2836,134
3,2011-07-11,3,0,7,1,1,1,0.86,0.8485,0.56,0.4179,146
3,2011-07-11,3,0,7,1,1,1,0.86,0.8485,0.56,0.3881,239
3,2011-07-11,3,0,7,1,1,1,0.86,0.8485,0.56,0.4179,514
4,2011-07-11,3,0,7,1,1,1,0.86,0.8333,0.53,0.3881,472
4,2011-07-11,3,0,7,1,1,1,0.84,0.8333,0.59,0.3284,373
4,2011-07-11,3,0,7,1,1,1,0.72,0.697,0.74,0.4179,236
4,2011-07-11,3,0,7,1,1,1,0.7,0.6667,0.79,0.4179,130
4,2011-07-11,3,0,7,1,1,1,0.72,0.697,0.74,0.1343,90
4,2011-07-11,3,0,7,1,1,1,0.7,0.6667,0.79,0.1343,55
1,2011-07-12,3,0,7,2,1,1,0.7,0.6667,0.79,0.1343,22
1,2011-07-12,3,0,7,2,1,1,0.7,0.6667,0.79,0.0896,14
1,2011-07-12,3,0,7,2,1,1,0.7,0.6667,0.79,0.1045,9
1,2011-07-12,3,0,7,2,1,2,0.7,0.6667,0.79,0.0,8
1,2011-07-12,3,0,7,2,1,1,0.7,0.6667,0.79,0.1642,6
1,2011-07-12,3,0,7,2,1,1,0.7,0.6667,0.79,0.0896,25
2,2011-07-12,3,0,7,2,1,1,0.74,0.6818,0.58,0.2239,115
2,2011-07-12,3,0,7,2,1,1,0.76,0.697,0.55,0.194,330
2,2011-07-12,3,0,7,2,1,1,0.76,0.7121,0.58,0.2239,417
2,2011-07-12,3,0,7,2,1,1,0.78,0.7273,0.55,0.4925,176
2,2011-07-12,3,0,7,2,1,1,0.82,0.7727,0.52,0.1642,123
2,2011-07-12,3,0,7,2,1,1,0.82,0.7727,0.52,0.1642,125
3,2011-07-12,3,0,7,2,1,1,0.86,0.7879,0.44,0.2985,163
3,2011-07-12,3,0,7,2,1,1,0.86,0.803,0.47,0.2239,136
3,2011-07-12,3,0,7,2,1,1,0.9,0.8485,0.42,0.2985,124
3,2011-07-12,3,0,7,2,1,1,0.9,0.8485,0.42,0.3582,148
3,2011-07-12,3,0,7,2,1,1,0.86,0.7879,0.44,0.2836,202
3,2011-07-12,3,0,7,2,1,1,0.88,0.8182,0.44,0.2836,428
4,2011-07-12,3,0,7,2,1,1,0.86,0.803,0.47,0.2985,511
4,2011-07-12,3,0,7,2,1,1,0.84,0.7576,0.44,0.2836,337
4,2011-07-12,3,0,7,2,1,1,0.82,0.7424,0.43,0.194,308
4,2011-07-12,3,0,7,2,1,1,0.82,0.7424,0.43,0.1045,258
4,2011-07-12,3,0,7,2,1,1,0.8,0.7273,0.46,0.1343,194
4,2011-07-12,3,0,7,2,1,1,0.78,0.7121,0.52,0.0,79
1,2011-07-13,3,0,7,3,1,1,0.76,0.7121,0.62,0.0,46
1,2011-07-13,3,0,7,3,1,1,0.76,0.697,0.55,0.0,12
1,2011-07-13,3,0,7,3,1,1,0.76,0.697,0.55,0.0,5
1,2011-07-13,3,0,7,3,1,1,0.74,0.6818,0.58,0.194,4
1,2011-07-13,3,0,7,3,1,1,0.74,0.6818,0.58,0.2537,5
1,2011-07-13,3,0,7,3,1,1,0.74,0.6818,0.58,0.194,26
2,2011-07-13,3,0,7,3,1,1,0.74,0.6818,0.58,0.1642,121
2,2011-07-13,3,0,7,3,1,1,0.76,0.697,0.55,0.2537,313
2,2011-07-13,3,0,7,3,1,1,0.8,0.7424,0.49,0.2537,449
2,2011-07-13,3,0,7,3,1,1,0.82,0.7424,0.41,0.194,186
2,2011-07-13,3,0,7,3,1,1,0.82,0.7576,0.46,0.194,113
2,2011-07-13,3,0,7,3,1,1,0.84,0.7424,0.39,0.1642,165
3,2011-07-13,3,0,7,3,1,1,0.84,0.7576,0.41,0.2836,174
3,2011-07-13,3,0,7,3,1,3,0.82,0.7576,0.46,0.1343,158
3,2011-07-13,3,0,7,3,1,3,0.82,0.7576,0.46,0.1343,116
3,2011-07-13,3,0,7,3,1,3,0.64,0.5606,0.94,0.1343,46
3,2011-07-13,3,0,7,3,1,2,0.66,0.5909,0.89,0.0,141
3,2011-07-13,3,0,7,3,1,1,0.7,0.6667,0.79,0.0,488
4,2011-07-13,3,0,7,3,1,1,0.72,0.697,0.79,0.1343,463
4,2011-07-13,3,0,7,3,1,1,0.7,0.6667,0.79,0.1045,419
4,2011-07-13,3,0,7,3,1,1,0.7,0.6667,0.84,0.1642,342
4,2011-07-13,3,0,7,3,1,1,0.7,0.6667,0.79,0.1045,250
4,2011-07-13,3,0,7,3,1,1,0.68,0.6364,0.83,0.194,184
4,2011-07-13,3,0,7,3,1,1,0.66,0.6061,0.83,0.2537,116
1,2011-07-14,3,0,7,4,1,1,0.66,0.6212,0.69,0.2985,46
1,2011-07-14,3,0,7,4,1,1,0.66,0.6212,0.61,0.2537,25
1,2011-07-14,3,0,7,4,1,1,0.64,0.6212,0.57,0.2985,10
1,2011-07-14,3,0,7,4,1,1,0.62,0.6212,0.57,0.2985,6
1,2011-07-14,3,0,7,4,1,1,0.62,0.6212,0.53,0.2537,6
1,2011-07-14,3,0,7,4,1,1,0.6,0.6212,0.56,0.2239,28
2,2011-07-14,3,0,7,4,1,1,0.6,0.6061,0.6,0.2239,130
2,2011-07-14,3,0,7,4,1,1,0.62,0.6212,0.53,0.2537,334
2,2011-07-14,3,0,7,4,1,1,0.64,0.6212,0.5,0.3582,486
2,2011-07-14,3,0,7,4,1,1,0.68,0.6364,0.47,0.2836,224
2,2011-07-14,3,0,7,4,1,1,0.7,0.6364,0.42,0.2537,127
2,2011-07-14,3,0,7,4,1,1,0.72,0.6515,0.37,0.2239,148
3,2011-07-14,3,0,7,4,1,1,0.74,0.6515,0.35,0.2537,223
3,2011-07-14,3,0,7,4,1,1,0.76,0.6667,0.33,0.3284,177
3,2011-07-14,3,0,7,4,1,1,0.74,0.6515,0.35,0.2836,178
3,2011-07-14,3,0,7,4,1,1,0.76,0.6667,0.33,0.2985,180
3,2011-07-14,3,0,7,4,1,1,0.76,0.6667,0.33,0.1343,274
3,2011-07-14,3,0,7,4,1,1,0.74,0.6515,0.37,0.1343,595
4,2011-07-14,3,0,7,4,1,1,0.72,0.6515,0.42,0.194,578
4,2011-07-14,3,0,7,4,1,1,0.72,0.6515,0.39,0.2239,400
4,2011-07-14,3,0,7,4,1,1,0.7,0.6364,0.42,0.2239,348
4,2011-07-14,3,0,7,4,1,1,0.66,0.6212,0.5,0.1343,261
4,2011-07-14,3,0,7,4,1,1,0.64,0.6212,0.57,0.0896,176
4,2011-07-14,3,0,7,4,1,1,0.64,0.6061,0.65,0.2537,124
1,2011-07-15,3,0,7,5,1,1,0.62,0.5909,0.73,0.2239,80
1,2011-07-15,3,0,7,5,1,1,0.62,0.5909,0.73,0.194,20
1,2011-07-15,3,0,7,5,1,1,0.6,0.5758,0.78,0.1642,38
1,2011-07-15,3,0,7,5,1,1,0.6,0.5909,0.73,0.194,7
1,2011-07-15,3,0,7,5,1,1,0.6,0.5909,0.73,0.1642,10
1,2011-07-15,3,0,7,5,1,1,0.6,0.5909,0.73,0.1343,23
2,2011-07-15,3,0,7,5,1,2,0.6,0.5909,0.73,0.1045,120
2,2011-07-15,3,0,7,5,1,1,0.64,0.6061,0.65,0.1045,274
2,2011-07-15,3,0,7,5,1,1,0.64,0.6061,0.65,0.2537,564
2,2011-07-15,3,0,7,5,1,1,0.68,0.6364,0.54,0.194,207
2,2011-07-15,3,0,7,5,1,2,0.66,0.6212,0.61,0.1642,166
2,2011-07-15,3,0,7,5,1,1,0.7,0.6515,0.54,0.1343,210
3,2011-07-15,3,0,7,5,1,1,0.7,0.6515,0.48,0.194,238
3,2011-07-15,3,0,7,5,1,1,0.7,0.6515,0.54,0.194,247
3,2011-07-15,3,0,7,5,1,1,0.7,0.6515,0.51,0.194,265
3,2011-07-15,3,0,7,5,1,1,0.72,0.6515,0.45,0.1642,237
3,2011-07-15,3,0,7,5,1,1,0.72,0.6667,0.51,0.194,361
3,2011-07-15,3,0,7,5,1,1,0.74,0.6667,0.42,0.2537,587
4,2011-07-15,3,0,7,5,1,1,0.72,0.6515,0.45,0.2239,496
4,2011-07-15,3,0,7,5,1,1,0.7,0.6364,0.45,0.2239,394
4,2011-07-15,3,0,7,5,1,1,0.7,0.6515,0.51,0.2239,343
4,2011-07-15,3,0,7,5,1,1,0.66,0.6212,0.54,0.1045,261
4,2011-07-15,3,0,7,5,1,1,0.66,0.6212,0.57,0.2239,223
4,2011-07-15,3,0,7,5,1,1,0.64,0.6212,0.61,0.1642,167
1,2011-07-16,3,0,7,6,0,1,0.62,0.6061,0.65,0.194,110
1,2011-07-16,3,0,7,6,0,1,0.6,0.5909,0.69,0.1045,75
1,2011-07-16,3,0,7,6,0,1,0.6,0.5909,0.73,0.1343,58
1,2011-07-16,3,0,7,6,0,1,0.6,0.5758,0.78,0.1343,26
1,2011-07-16,3,0,7,6,0,1,0.6,0.5909,0.73,0.0896,16
1,2011-07-16,3,0,7,6,0,1,0.58,0.5455,0.78,0.0896,10
2,2011-07-16,3,0,7,6,0,1,0.6,0.5758,0.78,0.1642,37
2,2011-07-16,3,0,7,6,0,1,0.62,0.5909,0.73,0.1343,52
2,2011-07-16,3,0,7,6,0,1,0.66,0.6212,0.65,0.1642,127
2,2011-07-16,3,0,7,6,0,1,0.7,0.6515,0.54,0.2239,222
2,2011-07-16,3,0,7,6,0,1,0.72,0.6667,0.54,0.194,322
2,2011-07-16,3,0,7,6,0,1,0.74,0.6667,0.48,0.2239,396
3,2011-07-16,3,0,7,6,0,1,0.76,0.6818,0.43,0.2836,463
3,2011-07-16,3,0,7,6,0,1,0.76,0.6818,0.45,0.2985,497
3,2011-07-16,3,0,7,6,0,1,0.74,0.6667,0.45,0.2985,433
3,2011-07-16,3,0,7,6,0,1,0.76,0.6818,0.45,0.3284,428
3,2011-07-16,3,0,7,6,0,1,0.76,0.6818,0.45,0.2836,425
3,2011-07-16,3,0,7,6,0,1,0.76,0.6818,0.45,0.2239,475
4,2011-07-16,3,0,7,6,0,1,0.76,0.6818,0.45,0.2836,428
4,2011-07-16,3,0,7,6,0,1,0.74,0.6818,0.48,0.194,406
4,2011-07-16,3,0,7,6,0,1,0.72,0.6667,0.51,0.2239,296
4,2011-07-16,3,0,7,6,0,1,0.7,0.6515,0.58,0.2239,252
4,2011-07-16,3,0,7,6,0,1,0.7,0.6515,0.65,0.2836,201
4,2011-07-16,3,0,7,6,0,1,0.68,0.6364,0.61,0.2239,168
1,2011-07-17,3,0,7,0,0,1,0.66,0.6212,0.65,0.2239,125
1,2011-07-17,3,0,7,0,0,1,0.64,0.6061,0.69,0.194,102
1,2011-07-17,3,0,7,0,0,1,0.64,0.6061,0.69,0.2239,94
1,2011-07-17,3,0,7,0,0,1,0.64,0.6061,0.69,0.2239,47
1,2011-07-17,3,0,7,0,0,1,0.62,0.5909,0.73,0.1642,10
1,2011-07-17,3,0,7,0,0,1,0.64,0.6061,0.69,0.2239,12
2,2011-07-17,3,0,7,0,0,1,0.62,0.5909,0.73,0.1642,21
2,2011-07-17,3,0,7,0,0,1,0.64,0.6061,0.73,0.1642,50
2,2011-07-17,3,0,7,0,0,1,0.68,0.6364,0.65,0.2239,118
2,2011-07-17,3,0,7,0,0,1,0.72,0.6667,0.58,0.2239,184
2,2011-07-17,3,0,7,0,0,1,0.74,0.6818,0.6,0.2239,304
2,2011-07-17,3,0,7,0,0,1,0.76,0.697,0.55,0.2836,391
3,2011-07-17,3,0,7,0,0,1,0.76,0.697,0.55,0.2836,420
3,2011-07-17,3,0,7,0,0,1,0.8,0.7424,0.49,0.2985,472
3,2011-07-17,3,0,7,0,0,1,0.8,0.7424,0.49,0.3582,430
3,2011-07-17,3,0,7,0,0,1,0.82,0.7424,0.43,0.2985,324
3,2011-07-17,3,0,7,0,0,1,0.8,0.7273,0.46,0.2985,317
3,2011-07-17,3,0,7,0,0,1,0.8,0.7424,0.49,0.3881,369
4,2011-07-17,3,0,7,0,0,1,0.8,0.7273,0.46,0.2985,390
4,2011-07-17,3,0,7,0,0,1,0.76,0.697,0.55,0.2836,379
4,2011-07-17,3,0,7,0,0,1,0.76,0.7121,0.58,0.2537,262
4,2011-07-17,3,0,7,0,0,1,0.74,0.6818,0.62,0.2239,207
4,2011-07-17,3,0,7,0,0,1,0.72,0.6818,0.66,0.2239,181
4,2011-07-17,3,0,7,0,0,1,0.7,0.6667,0.74,0.1343,93
1,2011-07-18,3,0,7,1,1,1,0.7,0.6667,0.74,0.1343,51
1,2011-07-18,3,0,7,1,1,1,0.7,0.6667,0.74,0.2239,25
1,2011-07-18,3,0,7,1,1,1,0.66,0.6061,0.83,0.2239,10
1,2011-07-18,3,0,7,1,1,1,0.66,0.6061,0.78,0.194,7
1,2011-07-18,3,0,7,1,1,1,0.64,0.5909,0.78,0.1642,4
1,2011-07-18,3,0,7,1,1,1,0.64,0.5909,0.78,0.1045,17
2,2011-07-18,3,0,7,1,1,1,0.64,0.5758,0.83,0.1045,105
2,2011-07-18,3,0,7,1,1,1,0.68,0.6364,0.74,0.2239,277
2,2011-07-18,3,0,7,1,1,1,0.7,0.6515,0.7,0.194,347
2,2011-07-18,3,0,7,1,1,1,0.74,0.697,0.67,0.2239,203
2,2011-07-18,3,0,7,1,1,1,0.76,0.7121,0.62,0.194,130
2,2011-07-18,3,0,7,1,1,1,0.8,0.7576,0.55,0.0896,141
3,2011-07-18,3,0,7,1,1,1,0.8,0.7727,0.59,0.194,165
3,2011-07-18,3,0,7,1,1,1,0.82,0.7879,0.56,0.2537,152
3,2011-07-18,3,0,7,1,1,1,0.82,0.7879,0.56,0.3284,138
3,2011-07-18,3,0,7,1,1,1,0.84,0.803,0.53,0.3284,164
3,2011-07-18,3,0,7,1,1,1,0.84,0.803,0.53,0.2836,265
3,2011-07-18,3,0,7,1,1,1,0.84,0.7879,0.49,0.3284,545
4,2011-07-18,3,0,7,1,1,1,0.82,0.7727,0.49,0.3582,558
4,2011-07-18,3,0,7,1,1,1,0.8,0.7576,0.55,0.2239,398
4,2011-07-18,3,0,7,1,1,1,0.78,0.7424,0.59,0.2239,323
4,2011-07-18,3,0,7,1,1,1,0.74,0.697,0.66,0.194,202
4,2011-07-18,3,0,7,1,1,1,0.76,0.7273,0.66,0.2239,140
4,2011-07-18,3,0,7,1,1,1,0.74,0.697,0.66,0.1642,91
1,2011-07-19,3,0,7,2,1,1,0.74,0.697,0.66,0.1045,51
1,2011-07-19,3,0,7,2,1,2,0.74,0.697,0.66,0.1343,13
1,2011-07-19,3,0,7,2,1,1,0.72,0.6818,0.7,0.1642,13
1,2011-07-19,3,0,7,2,1,1,0.72,0.6818,0.7,0.1642,3
1,2011-07-19,3,0,7,2,1,1,0.72,0.6818,0.7,0.1343,5
1,2011-07-19,3,0,7,2,1,2,0.7,0.6667,0.74,0.1045,19
2,2011-07-19,3,0,7,2,1,2,0.72,0.697,0.74,0.1045,134
2,2011-07-19,3,0,7,2,1,2,0.74,0.697,0.7,0.1642,315
2,2011-07-19,3,0,7,2,1,2,0.76,0.7273,0.7,0.1642,412
2,2011-07-19,3,0,7,2,1,2,0.8,0.7879,0.63,0.1343,199
2,2011-07-19,3,0,7,2,1,2,0.82,0.7879,0.56,0.1642,141
2,2011-07-19,3,0,7,2,1,1,0.82,0.803,0.59,0.0,127
3,2011-07-19,3,0,7,2,1,1,0.84,0.8182,0.56,0.0896,153
3,2011-07-19,3,0,7,2,1,1,0.86,0.8333,0.53,0.1045,172
3,2011-07-19,3,0,7,2,1,1,0.86,0.8182,0.5,0.194,152
3,2011-07-19,3,0,7,2,1,1,0.88,0.8182,0.44,0.194,158
3,2011-07-19,3,0,7,2,1,1,0.9,0.8485,0.42,0.2985,277
3,2011-07-19,3,0,7,2,1,1,0.8,0.803,0.66,0.0,513
4,2011-07-19,3,0,7,2,1,1,0.8,0.803,0.66,0.1343,530
4,2011-07-19,3,0,7,2,1,1,0.76,0.7424,0.75,0.194,388
4,2011-07-19,3,0,7,2,1,1,0.74,0.7273,0.74,0.0896,277
4,2011-07-19,3,0,7,2,1,1,0.74,0.7121,0.74,0.1343,241
4,2011-07-19,3,0,7,2,1,1,0.74,0.7121,0.74,0.0,156
4,2011-07-19,3,0,7,2,1,3,0.72,0.697,0.79,0.1642,92
1,2011-07-20,3,0,7,3,1,1,0.7,0.6667,0.84,0.1045,40
1,2011-07-20,3,0,7,3,1,1,0.7,0.6667,0.84,0.0,11
1,2011-07-20,3,0,7,3,1,1,0.7,0.6667,0.84,0.0,9
1,2011-07-20,3,0,7,3,1,1,0.7,0.6667,0.84,0.1045,6
1,2011-07-20,3,0,7,3,1,1,0.68,0.6364,0.83,0.0,4
1,2011-07-20,3,0,7,3,1,1,0.68,0.6364,0.83,0.1045,23
2,2011-07-20,3,0,7,3,1,2,0.68,0.6364,0.89,0.1045,116
2,2011-07-20,3,0,7,3,1,2,0.7,0.6667,0.84,0.1045,303
2,2011-07-20,3,0,7,3,1,1,0.74,0.7121,0.74,0.0,438
2,2011-07-20,3,0,7,3,1,1,0.74,0.697,0.7,0.0896,209
2,2011-07-20,3,0,7,3,1,1,0.76,0.7273,0.7,0.0,110
2,2011-07-20,3,0,7,3,1,1,0.8,0.7879,0.63,0.0896,142
3,2011-07-20,3,0,7,3,1,1,0.82,0.803,0.59,0.0,149
3,2011-07-20,3,0,7,3,1,1,0.84,0.8182,0.56,0.194,120
3,2011-07-20,3,0,7,3,1,1,0.86,0.8333,0.53,0.2239,127
3,2011-07-20,3,0,7,3,1,1,0.86,0.8182,0.5,0.1642,138
3,2011-07-20,3,0,7,3,1,1,0.84,0.8182,0.56,0.0,234
3,2011-07-20,3,0,7,3,1,1,0.84,0.8333,0.59,0.194,455
4,2011-07-20,3,0,7,3,1,1,0.84,0.8333,0.59,0.2239,497
4,2011-07-20,3,0,7,3,1,1,0.82,0.8485,0.67,0.1642,382
4,2011-07-20,3,0,7,3,1,1,0.8,0.8333,0.75,0.2239,309
4,2011-07-20,3,0,7,3,1,1,0.8,0.803,0.66,0.1642,242
4,2011-07-20,3,0,7,3,1,1,0.78,0.7727,0.7,0.2239,169
4,2011-07-20,3,0,7,3,1,1,0.76,0.7424,0.75,0.2537,99
1,2011-07-21,3,0,7,4,1,2,0.76,0.7424,0.75,0.194,42
1,2011-07-21,3,0,7,4,1,2,0.74,0.7273,0.84,0.2239,21
1,2011-07-21,3,0,7,4,1,2,0.74,0.7273,0.84,0.2239,6
1,2011-07-21,3,0,7,4,1,2,0.74,0.7121,0.79,0.1343,6
1,2011-07-21,3,0,7,4,1,2,0.72,0.7121,0.84,0.1045,4
1,2011-07-21,3,0,7,4,1,2,0.72,0.7121,0.84,0.1045,18
2,2011-07-21,3,0,7,4,1,2,0.72,0.7121,0.84,0.1045,117
2,2011-07-21,3,0,7,4,1,2,0.74,0.7273,0.84,0.1343,274
2,2011-07-21,3,0,7,4,1,2,0.76,0.7576,0.79,0.1642,381
2,2011-07-21,3,0,7,4,1,2,0.8,0.8182,0.75,0.2537,200
2,2011-07-21,3,0,7,4,1,2,0.82,0.8636,0.71,0.2239,78
2,2011-07-21,3,0,7,4,1,2,0.86,0.8939,0.63,0.2985,106
3,2011-07-21,3,0,7,4,1,1,0.88,0.8939,0.56,0.3284,135
3,2011-07-21,3,0,7,4,1,1,0.88,0.8939,0.56,0.2985,102
3,2011-07-21,3,0,7,4,1,1,0.9,0.8939,0.5,0.3582,147
3,2011-07-21,3,0,7,4,1,1,0.9,0.9242,0.53,0.2537,133
3,2011-07-21,3,0,7,4,1,1,0.92,0.9242,0.48,0.2836,210
3,2011-07-21,3,0,7,4,1,1,0.92,0.9091,0.45,0.2985,414
4,2011-07-21,3,0,7,4,1,1,0.9,0.8939,0.5,0.2836,382
4,2011-07-21,3,0,7,4,1,1,0.86,0.9242,0.67,0.2836,284
4,2011-07-21,3,0,7,4,1,1,0.84,0.8939,0.71,0.2239,237
4,2011-07-21,3,0,7,4,1,1,0.82,0.8939,0.75,0.2239,225
4,2011-07-21,3,0,7,4,1,1,0.82,0.8636,0.71,0.1642,149
4,2011-07-21,3,0,7,4,1,1,0.8,0.8182,0.71,0.1642,113
1,2011-07-22,3,0,7,5,1,1,0.82,0.8333,0.63,0.1343,60
1,2011-07-22,3,0,7,5,1,1,0.8,0.7879,0.63,0.0,24
1,2011-07-22,3,0,7,5,1,1,0.78,0.803,0.79,0.1343,14
1,2011-07-22,3,0,7,5,1,1,0.78,0.7879,0.75,0.1045,7
1,2011-07-22,3,0,7,5,1,1,0.76,0.7424,0.75,0.1045,13
1,2011-07-22,3,0,7,5,1,1,0.74,0.7121,0.79,0.1045,19
2,2011-07-22,3,0,7,5,1,1,0.76,0.7424,0.75,0.0896,96
2,2011-07-22,3,0,7,5,1,2,0.8,0.803,0.66,0.1045,252
2,2011-07-22,3,0,7,5,1,2,0.84,0.8485,0.63,0.1642,322
2,2011-07-22,3,0,7,5,1,1,0.86,0.8939,0.63,0.0896,208
2,2011-07-22,3,0,7,5,1,1,0.9,0.9242,0.53,0.0896,115
2,2011-07-22,3,0,7,5,1,1,0.9,0.8939,0.5,0.1045,109
3,2011-07-22,3,0,7,5,1,1,0.94,0.9545,0.48,0.1642,115
3,2011-07-22,3,0,7,5,1,1,0.94,0.9848,0.51,0.1642,123
3,2011-07-22,3,0,7,5,1,1,0.96,1.0,0.48,0.2985,101
3,2011-07-22,3,0,7,5,1,1,0.94,0.9848,0.51,0.2985,133
3,2011-07-22,3,0,7,5,1,3,0.9,0.8333,0.39,0.2985,182
3,2011-07-22,3,0,7,5,1,1,0.88,0.8485,0.47,0.1045,306
4,2011-07-22,3,0,7,5,1,1,0.9,0.8182,0.37,0.1642,284
4,2011-07-22,3,0,7,5,1,2,0.86,0.7879,0.41,0.1045,250
4,2011-07-22,3,0,7,5,1,1,0.84,0.8182,0.56,0.0,212
4,2011-07-22,3,0,7,5,1,1,0.82,0.803,0.59,0.0896,190
4,2011-07-22,3,0,7,5,1,2,0.84,0.7879,0.49,0.0896,149
4,2011-07-22,3,0,7,5,1,1,0.8,0.7879,0.63,0.194,103
1,2011-07-23,3,0,7,6,0,1,0.82,0.7879,0.56,0.0,101
1,2011-07-23,3,0,7,6,0,1,0.82,0.7727,0.52,0.1045,70
1,2011-07-23,3,0,7,6,0,1,0.82,0.7727,0.52,0.0,61
1,2011-07-23,3,0,7,6,0,1,0.78,0.7576,0.66,0.0896,22
1,2011-07-23,3,0,7,6,0,1,0.76,0.7273,0.66,0.1045,9
1,2011-07-23,3,0,7,6,0,1,0.76,0.7121,0.62,0.1343,7
2,2011-07-23,3,0,7,6,0,1,0.8,0.7424,0.52,0.1343,25
2,2011-07-23,3,0,7,6,0,1,0.8,0.7424,0.52,0.1045,45
2,2011-07-23,3,0,7,6,0,1,0.84,0.7879,0.49,0.2537,109
2,2011-07-23,3,0,7,6,0,1,0.84,0.7879,0.49,0.1642,132
2,2011-07-23,3,0,7,6,0,1,0.86,0.7879,0.41,0.2239,198
2,2011-07-23,3,0,7,6,0,1,0.9,0.8182,0.37,0.194,216
3,2011-07-23,3,0,7,6,0,1,0.92,0.8636,0.37,0.1045,235
3,2011-07-23,3,0,7,6,0,1,0.94,0.8788,0.38,0.1642,245
3,2011-07-23,3,0,7,6,0,1,0.92,0.8939,0.42,0.0,236
3,2011-07-23,3,0,7,6,0,1,0.94,0.8788,0.38,0.0,215
3,2011-07-23,3,0,7,6,0,1,0.94,0.8788,0.38,0.1343,221
3,2011-07-23,3,0,7,6,0,1,0.94,0.8788,0.38,0.1343,197
4,2011-07-23,3,0,7,6,0,1,0.92,0.8788,0.4,0.2239,196
4,2011-07-23,3,0,7,6,0,2,0.82,0.803,0.59,0.1343,217
4,2011-07-23,3,0,7,6,0,1,0.82,0.803,0.59,0.2239,145
4,2011-07-23,3,0,7,6,0,1,0.82,0.803,0.59,0.2239,154
4,2011-07-23,3,0,7,6,0,1,0.8,0.7727,0.59,0.194,125
4,2011-07-23,3,0,7,6,0,1,0.8,0.7727,0.59,0.1045,104
1,2011-07-24,3,0,7,0,0,1,0.8,0.7727,0.59,0.1045,119
1,2011-07-24,3,0,7,0,0,1,0.78,0.7576,0.66,0.1045,96
1,2011-07-24,3,0,7,0,0,1,0.8,0.7879,0.63,0.0896,60
1,2011-07-24,3,0,7,0,0,1,0.8,0.7879,0.63,0.0896,37
1,2011-07-24,3,0,7,0,0,1,0.78,0.7576,0.66,0.1045,6
1,2011-07-24,3,0,7,0,0,1,0.78,0.7576,0.66,0.0896,8
2,2011-07-24,3,0,7,0,0,2,0.8,0.7879,0.63,0.0896,22
2,2011-07-24,3,0,7,0,0,1,0.8,0.7727,0.59,0.1343,35
2,2011-07-24,3,0,7,0,0,1,0.82,0.7879,0.56,0.2836,104
2,2011-07-24,3,0,7,0,0,1,0.82,0.7879,0.56,0.3881,154
2,2011-07-24,3,0,7,0,0,1,0.86,0.8182,0.5,0.3284,226
2,2011-07-24,3,0,7,0,0,1,0.84,0.803,0.53,0.2537,243
3,2011-07-24,3,0,7,0,0,1,0.9,0.8636,0.45,0.1642,246
3,2011-07-24,3,0,7,0,0,1,0.86,0.803,0.47,0.2239,252
3,2011-07-24,3,0,7,0,0,1,0.86,0.8182,0.5,0.2836,283
3,2011-07-24,3,0,7,0,0,1,0.9,0.8485,0.42,0.2537,238
3,2011-07-24,3,0,7,0,0,1,0.9,0.8485,0.42,0.2537,249
3,2011-07-24,3,0,7,0,0,1,0.9,0.8333,0.39,0.1045,249
4,2011-07-24,3,0,7,0,0,1,0.88,0.8182,0.42,0.1642,243
4,2011-07-24,3,0,7,0,0,1,0.86,0.803,0.47,0.1642,240
4,2011-07-24,3,0,7,0,0,1,0.84,0.7879,0.49,0.1642,195
4,2011-07-24,3,0,7,0,0,1,0.8,0.7879,0.63,0.1343,153
4,2011-07-24,3,0,7,0,0,1,0.78,0.7576,0.66,0.0,98
4,2011-07-24,3,0,7,0,0,2,0.76,0.7273,0.7,0.0896,50
1,2011-07-25,3,0,7,1,1,2,0.76,0.7273,0.7,0.0,34
1,2011-07-25,3,0,7,1,1,2,0.76,0.7424,0.75,0.0896,12
1,2011-07-25,3,0,7,1,1,2,0.74,0.7121,0.79,0.0896,6
1,2011-07-25,3,0,7,1,1,1,0.74,0.7121,0.79,0.0,4
1,2011-07-25,3,0,7,1,1,1,0.72,0.7121,0.84,0.0896,6
1,2011-07-25,3,0,7,1,1,1,0.72,0.7121,0.84,0.0896,24
2,2011-07-25,3,0,7,1,1,2,0.72,0.7121,0.84,0.0896,107
2,2011-07-25,3,0,7,1,1,2,0.74,0.7121,0.79,0.0,277
2,2011-07-25,3,0,7,1,1,2,0.76,0.7424,0.75,0.0,387
2,2011-07-25,3,0,7,1,1,1,0.8,0.803,0.66,0.0,135
2,2011-07-25,3,0,7,1,1,1,0.82,0.803,0.59,0.0,84
2,2011-07-25,3,0,7,1,1,2,0.84,0.8333,0.59,0.194,107
3,2011-07-25,3,0,7,1,1,2,0.84,0.8333,0.59,0.194,67
3,2011-07-25,3,0,7,1,1,2,0.74,0.7121,0.74,0.1343,78
3,2011-07-25,3,0,7,1,1,2,0.72,0.697,0.79,0.194,90
3,2011-07-25,3,0,7,1,1,1,0.7,0.6667,0.84,0.3881,112
3,2011-07-25,3,0,7,1,1,1,0.7,0.6667,0.84,0.2239,198
3,2011-07-25,3,0,7,1,1,1,0.72,0.697,0.74,0.0,485
4,2011-07-25,3,0,7,1,1,1,0.74,0.7121,0.74,0.0896,533
4,2011-07-25,3,0,7,1,1,1,0.74,0.697,0.7,0.0896,386
4,2011-07-25,3,0,7,1,1,1,0.72,0.697,0.74,0.1343,302
4,2011-07-25,3,0,7,1,1,1,0.7,0.6667,0.84,0.0,194
4,2011-07-25,3,0,7,1,1,1,0.7,0.6667,0.84,0.0,125
4,2011-07-25,3,0,7,1,1,1,0.7,0.6667,0.84,0.0896,87
1,2011-07-26,3,0,7,2,1,1,0.7,0.6667,0.79,0.1045,28
1,2011-07-26,3,0,7,2,1,1,0.7,0.6667,0.79,0.1045,12
1,2011-07-26,3,0,7,2,1,1,0.68,0.6364,0.89,0.1045,7
1,2011-07-26,3,0,7,2,1,1,0.68,0.6364,0.89,0.1343,4
1,2011-07-26,3,0,7,2,1,1,0.68,0.6364,0.88,0.1642,6
1,2011-07-26,3,0,7,2,1,1,0.66,0.5909,0.89,0.0896,27
2,2011-07-26,3,0,7,2,1,1,0.68,0.6364,0.83,0.2239,110
2,2011-07-26,3,0,7,2,1,1,0.72,0.6818,0.66,0.2836,318
2,2011-07-26,3,0,7,2,1,1,0.74,0.6818,0.55,0.194,424
2,2011-07-26,3,0,7,2,1,1,0.76,0.6818,0.4,0.2239,187
2,2011-07-26,3,0,7,2,1,1,0.8,0.697,0.31,0.2239,138
2,2011-07-26,3,0,7,2,1,1,0.82,0.7121,0.3,0.0,151
3,2011-07-26,3,0,7,2,1,1,0.84,0.7273,0.28,0.0,147
3,2011-07-26,3,0,7,2,1,1,0.84,0.7273,0.32,0.2985,182
3,2011-07-26,3,0,7,2,1,1,0.86,0.7424,0.3,0.2836,147
3,2011-07-26,3,0,7,2,1,1,0.88,0.7576,0.28,0.3284,163
3,2011-07-26,3,0,7,2,1,1,0.86,0.7576,0.36,0.2836,254
3,2011-07-26,3,0,7,2,1,1,0.86,0.7576,0.36,0.3582,537
4,2011-07-26,3,0,7,2,1,1,0.84,0.7424,0.39,0.3881,546
4,2011-07-26,3,0,7,2,1,1,0.82,0.7424,0.43,0.2985,398
4,2011-07-26,3,0,7,2,1,1,0.8,0.7273,0.46,0.2537,290
4,2011-07-26,3,0,7,2,1,1,0.78,0.7121,0.49,0.2239,267
4,2011-07-26,3,0,7,2,1,1,0.76,0.697,0.55,0.1343,158
4,2011-07-26,3,0,7,2,1,1,0.76,0.7121,0.58,0.1045,89
1,2011-07-27,3,0,7,3,1,2,0.78,0.7121,0.52,0.1642,45
1,2011-07-27,3,0,7,3,1,1,0.78,0.7121,0.49,0.194,10
1,2011-07-27,3,0,7,3,1,1,0.76,0.697,0.52,0.2985,6
1,2011-07-27,3,0,7,3,1,1,0.72,0.6667,0.58,0.1642,4
1,2011-07-27,3,0,7,3,1,1,0.72,0.6667,0.51,0.194,4
1,2011-07-27,3,0,7,3,1,1,0.7,0.6515,0.54,0.2836,18
2,2011-07-27,3,0,7,3,1,1,0.7,0.6515,0.54,0.2239,123
2,2011-07-27,3,0,7,3,1,1,0.72,0.6667,0.48,0.2537,347
2,2011-07-27,3,0,7,3,1,1,0.74,0.6667,0.42,0.2537,433
2,2011-07-27,3,0,7,3,1,1,0.76,0.6667,0.35,0.2537,216
2,2011-07-27,3,0,7,3,1,1,0.78,0.6818,0.33,0.0,114
2,2011-07-27,3,0,7,3,1,1,0.8,0.697,0.31,0.0,136
3,2011-07-27,3,0,7,3,1,1,0.82,0.7121,0.3,0.2836,169
3,2011-07-27,3,0,7,3,1,1,0.84,0.7273,0.3,0.3582,180
3,2011-07-27,3,0,7,3,1,1,0.84,0.7273,0.28,0.2239,127
3,2011-07-27,3,0,7,3,1,1,0.86,0.7424,0.26,0.2537,140
3,2011-07-27,3,0,7,3,1,1,0.86,0.7273,0.25,0.1642,268
3,2011-07-27,3,0,7,3,1,1,0.84,0.7121,0.26,0.2239,572
4,2011-07-27,3,0,7,3,1,1,0.82,0.7121,0.28,0.1045,541
4,2011-07-27,3,0,7,3,1,1,0.8,0.697,0.29,0.0896,375
4,2011-07-27,3,0,7,3,1,1,0.76,0.6818,0.45,0.2239,294
4,2011-07-27,3,0,7,3,1,1,0.74,0.6667,0.48,0.1045,245
4,2011-07-27,3,0,7,3,1,1,0.72,0.6667,0.48,0.0,180
4,2011-07-27,3,0,7,3,1,1,0.74,0.6667,0.45,0.0896,109
1,2011-07-28,3,0,7,4,1,1,0.7,0.6515,0.51,0.1343,45
1,2011-07-28,3,0,7,4,1,1,0.72,0.6667,0.51,0.0,29
1,2011-07-28,3,0,7,4,1,1,0.72,0.6667,0.54,0.1045,7
1,2011-07-28,3,0,7,4,1,1,0.72,0.6667,0.54,0.0,5
1,2011-07-28,3,0,7,4,1,1,0.7,0.6515,0.61,0.1045,6
1,2011-07-28,3,0,7,4,1,1,0.7,0.6515,0.65,0.1045,27
2,2011-07-28,3,0,7,4,1,1,0.7,0.6515,0.7,0.0896,116
2,2011-07-28,3,0,7,4,1,1,0.72,0.6818,0.7,0.1642,305
2,2011-07-28,3,0,7,4,1,1,0.74,0.697,0.66,0.1642,456
2,2011-07-28,3,0,7,4,1,1,0.78,0.7424,0.59,0.194,210
2,2011-07-28,3,0,7,4,1,1,0.8,0.7576,0.55,0.2836,116
2,2011-07-28,3,0,7,4,1,1,0.84,0.8182,0.56,0.2836,154
3,2011-07-28,3,0,7,4,1,1,0.84,0.803,0.53,0.2537,186
3,2011-07-28,3,0,7,4,1,1,0.86,0.803,0.47,0.2537,152
3,2011-07-28,3,0,7,4,1,2,0.84,0.7879,0.49,0.2537,138
3,2011-07-28,3,0,7,4,1,1,0.86,0.8182,0.5,0.194,146
3,2011-07-28,3,0,7,4,1,1,0.86,0.803,0.47,0.1642,256
3,2011-07-28,3,0,7,4,1,1,0.84,0.803,0.53,0.194,468
4,2011-07-28,3,0,7,4,1,1,0.84,0.8182,0.56,0.2239,483
4,2011-07-28,3,0,7,4,1,1,0.82,0.803,0.59,0.194,322
4,2011-07-28,3,0,7,4,1,1,0.8,0.7879,0.63,0.194,270
4,2011-07-28,3,0,7,4,1,1,0.78,0.7576,0.66,0.2836,196
4,2011-07-28,3,0,7,4,1,1,0.76,0.7273,0.7,0.2537,174
4,2011-07-28,3,0,7,4,1,1,0.76,0.7424,0.75,0.194,123
1,2011-07-29,3,0,7,5,1,1,0.74,0.7121,0.79,0.1642,57
1,2011-07-29,3,0,7,5,1,1,0.74,0.7121,0.79,0.1343,34
1,2011-07-29,3,0,7,5,1,1,0.74,0.7121,0.79,0.0,13
1,2011-07-29,3,0,7,5,1,1,0.74,0.7121,0.79,0.0,11
1,2011-07-29,3,0,7,5,1,1,0.72,0.7121,0.84,0.1343,6
1,2011-07-29,3,0,7,5,1,1,0.72,0.7121,0.84,0.0,27
2,2011-07-29,3,0,7,5,1,2,0.72,0.7121,0.84,0.0,90
2,2011-07-29,3,0,7,5,1,2,0.74,0.7121,0.79,0.0896,254
2,2011-07-29,3,0,7,5,1,2,0.76,0.7727,0.77,0.0,384
2,2011-07-29,3,0,7,5,1,1,0.86,0.803,0.47,0.2537,179
2,2011-07-29,3,0,7,5,1,1,0.9,0.8485,0.42,0.2836,106
2,2011-07-29,3,0,7,5,1,1,0.92,0.8788,0.4,0.2985,161
3,2011-07-29,3,0,7,5,1,1,0.96,0.8636,0.31,0.2836,135
3,2011-07-29,3,0,7,5,1,1,0.94,0.8333,0.31,0.0,156
3,2011-07-29,3,0,7,5,1,1,0.96,0.8636,0.3,0.2239,148
3,2011-07-29,3,0,7,5,1,1,0.96,0.8636,0.3,0.2537,169
3,2011-07-29,3,0,7,5,1,1,0.96,0.8636,0.3,0.3881,233
3,2011-07-29,3,0,7,5,1,1,0.96,0.8636,0.3,0.2985,421
4,2011-07-29,3,0,7,5,1,1,0.92,0.8636,0.37,0.3284,362
4,2011-07-29,3,0,7,5,1,1,0.9,0.8485,0.42,0.2239,241
4,2011-07-29,3,0,7,5,1,1,0.86,0.7879,0.41,0.3284,206
4,2011-07-29,3,0,7,5,1,1,0.82,0.7576,0.46,0.1642,163
4,2011-07-29,3,0,7,5,1,1,0.8,0.7424,0.49,0.2239,174
4,2011-07-29,3,0,7,5,1,1,0.78,0.7121,0.52,0.1045,116
1,2011-07-30,3,0,7,6,0,1,0.76,0.697,0.55,0.194,133
1,2011-07-30,3,0,7,6,0,1,0.76,0.697,0.55,0.0896,90
1,2011-07-30,3,0,7,6,0,1,0.76,0.697,0.55,0.1045,42
1,2011-07-30,3,0,7,6,0,1,0.74,0.6818,0.62,0.1642,43
1,2011-07-30,3,0,7,6,0,1,0.72,0.6818,0.66,0.1642,10
1,2011-07-30,3,0,7,6,0,1,0.72,0.6818,0.7,0.2836,13
2,2011-07-30,3,0,7,6,0,1,0.72,0.6818,0.7,0.2985,24
2,2011-07-30,3,0,7,6,0,1,0.76,0.7273,0.66,0.194,42
2,2011-07-30,3,0,7,6,0,1,0.78,0.7424,0.59,0.2239,114
2,2011-07-30,3,0,7,6,0,1,0.82,0.7576,0.46,0.2985,174
2,2011-07-30,3,0,7,6,0,1,0.82,0.7424,0.41,0.2985,261
2,2011-07-30,3,0,7,6,0,1,0.84,0.7424,0.36,0.194,317
3,2011-07-30,3,0,7,6,0,1,0.84,0.7273,0.32,0.1642,341
3,2011-07-30,3,0,7,6,0,1,0.88,0.7576,0.29,0.0,308
3,2011-07-30,3,0,7,6,0,1,0.9,0.7879,0.29,0.0,305
3,2011-07-30,3,0,7,6,0,1,0.9,0.803,0.31,0.1343,302
3,2011-07-30,3,0,7,6,0,1,0.9,0.7879,0.27,0.2239,302
3,2011-07-30,3,0,7,6,0,1,0.9,0.7879,0.29,0.1045,302
4,2011-07-30,3,0,7,6,0,1,0.88,0.7576,0.28,0.194,299
4,2011-07-30,3,0,7,6,0,1,0.74,0.6515,0.33,0.2239,256
4,2011-07-30,3,0,7,6,0,1,0.82,0.7424,0.43,0.1343,206
4,2011-07-30,3,0,7,6,0,1,0.8,0.7424,0.49,0.1642,205
4,2011-07-30,3,0,7,6,0,1,0.78,0.7121,0.52,0.1045,209
4,2011-07-30,3,0,7,6,0,1,0.76,0.697,0.55,0.0896,177
1,2011-07-31,3,0,7,0,0,1,0.76,0.697,0.55,0.0896,113
1,2011-07-31,3,0,7,0,0,1,0.74,0.6818,0.62,0.0896,79
1,2011-07-31,3,0,7,0,0,1,0.74,0.697,0.66,0.0896,67
1,2011-07-31,3,0,7,0,0,1,0.74,0.697,0.66,0.0,50
1,2011-07-31,3,0,7,0,0,1,0.72,0.6818,0.7,0.0,13
1,2011-07-31,3,0,7,0,0,1,0.72,0.6818,0.69,0.0,8
2,2011-07-31,3,0,7,0,0,1,0.74,0.697,0.7,0.0,13
2,2011-07-31,3,0,7,0,0,1,0.74,0.6818,0.58,0.1343,45
2,2011-07-31,3,0,7,0,0,1,0.76,0.697,0.55,0.2239,142
2,2011-07-31,3,0,7,0,0,1,0.8,0.7424,0.49,0.0,183
2,2011-07-31,3,0,7,0,0,1,0.84,0.7424,0.36,0.1642,254
2,2011-07-31,3,0,7,0,0,1,0.86,0.7424,0.28,0.1642,275
3,2011-07-31,3,0,7,0,0,1,0.9,0.7727,0.25,0.194,338
3,2011-07-31,3,0,7,0,0,1,0.9,0.7727,0.24,0.1343,294
3,2011-07-31,3,0,7,0,0,1,0.9,0.7727,0.24,0.1642,326
3,2011-07-31,3,0,7,0,0,1,0.92,0.7727,0.18,0.2985,293
3,2011-07-31,3,0,7,0,0,1,0.92,0.7727,0.17,0.2836,306
3,2011-07-31,3,0,7,0,0,1,0.92,0.7727,0.16,0.1642,320
4,2011-07-31,3,0,7,0,0,1,0.86,0.7879,0.41,0.2836,304
4,2011-07-31,3,0,7,0,0,1,0.8,0.7576,0.55,0.3284,274
4,2011-07-31,3,0,7,0,0,1,0.8,0.7576,0.55,0.3284,275
4,2011-07-31,3,0,7,0,0,1,0.78,0.7424,0.59,0.2985,164
4,2011-07-31,3,0,7,0,0,1,0.74,0.697,0.7,0.2985,96
4,2011-07-31,3,0,7,0,0,1,0.74,0.697,0.66,0.2239,70
1,2011-08-01,3,0,8,1,1,1,0.72,0.6818,0.7,0.2239,29
1,2011-08-01,3,0,8,1,1,1,0.72,0.697,0.74,0.194,17
1,2011-08-01,3,0,8,1,1,1,0.7,0.6667,0.74,0.1045,11
1,2011-08-01,3,0,8,1,1,1,0.7,0.6667,0.79,0.1642,4
1,2011-08-01,3,0,8,1,1,1,0.66,0.6061,0.83,0.1343,4
1,2011-08-01,3,0,8,1,1,1,0.66,0.6061,0.83,0.1045,26
2,2011-08-01,3,0,8,1,1,1,0.66,0.6061,0.83,0.0896,100
2,2011-08-01,3,0,8,1,1,1,0.74,0.6818,0.62,0.0,282
2,2011-08-01,3,0,8,1,1,1,0.8,0.7273,0.43,0.194,382
2,2011-08-01,3,0,8,1,1,1,0.82,0.7424,0.41,0.0,166
2,2011-08-01,3,0,8,1,1,1,0.86,0.7576,0.36,0.1642,97
2,2011-08-01,3,0,8,1,1,1,0.88,0.7727,0.32,0.1642,119
3,2011-08-01,3,0,8,1,1,1,0.9,0.803,0.33,0.2537,168
3,2011-08-01,3,0,8,1,1,1,0.9,0.803,0.31,0.2985,150
3,2011-08-01,3,0,8,1,1,1,0.92,0.8182,0.29,0.194,123
3,2011-08-01,3,0,8,1,1,1,0.9,0.7879,0.27,0.0,129
3,2011-08-01,3,0,8,1,1,1,0.9,0.7879,0.27,0.0,231
3,2011-08-01,3,0,8,1,1,1,0.76,0.6818,0.45,0.2985,514
4,2011-08-01,3,0,8,1,1,1,0.78,0.697,0.43,0.194,543
4,2011-08-01,3,0,8,1,1,1,0.74,0.6667,0.51,0.2239,413
4,2011-08-01,3,0,8,1,1,1,0.72,0.6818,0.62,0.2239,305
4,2011-08-01,3,0,8,1,1,1,0.7,0.6515,0.7,0.2537,220
4,2011-08-01,3,0,8,1,1,1,0.7,0.6515,0.7,0.0896,137
4,2011-08-01,3,0,8,1,1,1,0.68,0.6364,0.74,0.194,96
1,2011-08-02,3,0,8,2,1,1,0.66,0.6212,0.74,0.0,29
1,2011-08-02,3,0,8,2,1,1,0.66,0.6212,0.74,0.1045,12
1,2011-08-02,3,0,8,2,1,1,0.68,0.6364,0.69,0.0,8
1,2011-08-02,3,0,8,2,1,1,0.66,0.6212,0.74,0.194,5
1,2011-08-02,3,0,8,2,1,1,0.66,0.6212,0.74,0.1045,10
1,2011-08-02,3,0,8,2,1,1,0.66,0.6212,0.74,0.1343,21
2,2011-08-02,3,0,8,2,1,1,0.68,0.6364,0.69,0.1045,117
2,2011-08-02,3,0,8,2,1,1,0.72,0.6667,0.61,0.2836,335
2,2011-08-02,3,0,8,2,1,1,0.74,0.6818,0.58,0.2836,435
2,2011-08-02,3,0,8,2,1,1,0.78,0.697,0.46,0.2985,213
2,2011-08-02,3,0,8,2,1,1,0.82,0.7273,0.36,0.2985,140
2,2011-08-02,3,0,8,2,1,1,0.84,0.7273,0.32,0.4179,128
3,2011-08-02,3,0,8,2,1,1,0.86,0.7424,0.3,0.2836,157
3,2011-08-02,3,0,8,2,1,1,0.86,0.7424,0.3,0.2239,203
3,2011-08-02,3,0,8,2,1,1,0.9,0.7727,0.25,0.2836,159
3,2011-08-02,3,0,8,2,1,1,0.9,0.7727,0.25,0.2836,168
3,2011-08-02,3,0,8,2,1,1,0.9,0.7727,0.25,0.2836,274
3,2011-08-02,3,0,8,2,1,2,0.9,0.7879,0.27,0.1343,556
4,2011-08-02,3,0,8,2,1,2,0.86,0.7576,0.34,0.194,556
4,2011-08-02,3,0,8,2,1,2,0.86,0.7576,0.36,0.2239,454
4,2011-08-02,3,0,8,2,1,2,0.82,0.7576,0.46,0.2537,288
4,2011-08-02,3,0,8,2,1,1,0.8,0.7424,0.52,0.2239,254
4,2011-08-02,3,0,8,2,1,2,0.78,0.7424,0.59,0.1642,191
4,2011-08-02,3,0,8,2,1,2,0.8,0.7424,0.49,0.1642,132
1,2011-08-03,3,0,8,3,1,2,0.8,0.7424,0.49,0.1642,43
1,2011-08-03,3,0,8,3,1,2,0.78,0.7121,0.52,0.1642,16
1,2011-08-03,3,0,8,3,1,2,0.78,0.7121,0.49,0.1642,11
1,2011-08-03,3,0,8,3,1,2,0.76,0.697,0.55,0.0896,4
1,2011-08-03,3,0,8,3,1,2,0.76,0.697,0.52,0.1642,7
1,2011-08-03,3,0,8,3,1,2,0.76,0.697,0.55,0.0896,24
2,2011-08-03,3,0,8,3,1,3,0.72,0.6818,0.66,0.4925,110
2,2011-08-03,3,0,8,3,1,2,0.74,0.6667,0.51,0.2239,271
2,2011-08-03,3,0,8,3,1,2,0.74,0.6667,0.51,0.1642,437
2,2011-08-03,3,0,8,3,1,2,0.74,0.6818,0.55,0.194,195
2,2011-08-03,3,0,8,3,1,3,0.74,0.6818,0.58,0.0896,68
2,2011-08-03,3,0,8,3,1,2,0.74,0.6818,0.58,0.1045,122
3,2011-08-03,3,0,8,3,1,3,0.76,0.697,0.55,0.1343,161
3,2011-08-03,3,0,8,3,1,2,0.76,0.7121,0.58,0.2239,144
3,2011-08-03,3,0,8,3,1,2,0.76,0.7121,0.58,0.2239,147
3,2011-08-03,3,0,8,3,1,2,0.7,0.6667,0.79,0.1343,118
3,2011-08-03,3,0,8,3,1,3,0.68,0.6364,0.79,0.0,150
3,2011-08-03,3,0,8,3,1,2,0.7,0.6667,0.79,0.0,425
4,2011-08-03,3,0,8,3,1,3,0.7,0.6667,0.84,0.0,492
4,2011-08-03,3,0,8,3,1,3,0.7,0.6667,0.84,0.0,321
4,2011-08-03,3,0,8,3,1,3,0.7,0.6667,0.84,0.1045,87
4,2011-08-03,3,0,8,3,1,2,0.68,0.6364,0.89,0.1343,88
4,2011-08-03,3,0,8,3,1,3,0.68,0.6364,0.89,0.1045,77
4,2011-08-03,3,0,8,3,1,2,0.68,0.6364,0.89,0.0896,56
1,2011-08-04,3,0,8,4,1,2,0.68,0.6364,0.89,0.0896,17
1,2011-08-04,3,0,8,4,1,2,0.66,0.5909,0.94,0.0896,17
1,2011-08-04,3,0,8,4,1,2,0.66,0.5909,0.94,0.0896,7
1,2011-08-04,3,0,8,4,1,3,0.66,0.5909,0.94,0.0896,3
1,2011-08-04,3,0,8,4,1,2,0.68,0.6364,0.89,0.0,7
1,2011-08-04,3,0,8,4,1,2,0.68,0.6364,0.89,0.0,20
2,2011-08-04,3,0,8,4,1,2,0.68,0.6364,0.89,0.2985,97
2,2011-08-04,3,0,8,4,1,2,0.68,0.6364,0.89,0.2985,282
2,2011-08-04,3,0,8,4,1,2,0.7,0.6515,0.82,0.3582,398
2,2011-08-04,3,0,8,4,1,1,0.72,0.697,0.74,0.3284,187
2,2011-08-04,3,0,8,4,1,1,0.72,0.6667,0.71,0.2985,113
2,2011-08-04,3,0,8,4,1,2,0.74,0.697,0.66,0.2239,149
3,2011-08-04,3,0,8,4,1,2,0.76,0.7121,0.62,0.2239,205
3,2011-08-04,3,0,8,4,1,1,0.76,0.7121,0.58,0.0,205
3,2011-08-04,3,0,8,4,1,1,0.8,0.7576,0.55,0.1642,167
3,2011-08-04,3,0,8,4,1,1,0.8,0.7576,0.55,0.2537,165
3,2011-08-04,3,0,8,4,1,1,0.76,0.7121,0.62,0.3284,290
3,2011-08-04,3,0,8,4,1,1,0.76,0.7121,0.62,0.3284,555
4,2011-08-04,3,0,8,4,1,1,0.7,0.6667,0.74,0.2985,523
4,2011-08-04,3,0,8,4,1,1,0.7,0.6667,0.74,0.2836,366
4,2011-08-04,3,0,8,4,1,2,0.7,0.6667,0.74,0.194,286
4,2011-08-04,3,0,8,4,1,2,0.7,0.6667,0.74,0.194,211
4,2011-08-04,3,0,8,4,1,1,0.68,0.6364,0.74,0.194,174
4,2011-08-04,3,0,8,4,1,1,0.66,0.6212,0.74,0.1045,132
1,2011-08-05,3,0,8,5,1,1,0.66,0.6212,0.74,0.1045,54
1,2011-08-05,3,0,8,5,1,1,0.64,0.5909,0.78,0.0896,19
1,2011-08-05,3,0,8,5,1,1,0.66,0.6212,0.69,0.0,19
1,2011-08-05,3,0,8,5,1,1,0.64,0.5909,0.78,0.0896,6
1,2011-08-05,3,0,8,5,1,1,0.64,0.5909,0.78,0.1343,7
1,2011-08-05,3,0,8,5,1,1,0.64,0.5909,0.78,0.0896,16
2,2011-08-05,3,0,8,5,1,1,0.64,0.5909,0.78,0.1343,101
2,2011-08-05,3,0,8,5,1,1,0.66,0.6061,0.78,0.1343,270
2,2011-08-05,3,0,8,5,1,1,0.7,0.6515,0.65,0.2239,454
2,2011-08-05,3,0,8,5,1,1,0.72,0.6667,0.58,0.1045,226
2,2011-08-05,3,0,8,5,1,1,0.74,0.6818,0.55,0.1343,163
2,2011-08-05,3,0,8,5,1,2,0.76,0.697,0.52,0.2537,147
3,2011-08-05,3,0,8,5,1,1,0.76,0.697,0.52,0.2537,216
3,2011-08-05,3,0,8,5,1,1,0.78,0.7121,0.52,0.2537,204
3,2011-08-05,3,0,8,5,1,2,0.78,0.7121,0.52,0.2537,245
3,2011-08-05,3,0,8,5,1,1,0.76,0.697,0.55,0.2537,210
3,2011-08-05,3,0,8,5,1,1,0.8,0.7424,0.49,0.2537,330
3,2011-08-05,3,0,8,5,1,1,0.78,0.7121,0.49,0.2985,550
4,2011-08-05,3,0,8,5,1,1,0.76,0.697,0.52,0.2537,466
4,2011-08-05,3,0,8,5,1,1,0.74,0.6818,0.55,0.2537,372
4,2011-08-05,3,0,8,5,1,1,0.72,0.6667,0.58,0.2239,291
4,2011-08-05,3,0,8,5,1,1,0.7,0.6515,0.65,0.194,173
4,2011-08-05,3,0,8,5,1,1,0.7,0.6515,0.65,0.2239,188
4,2011-08-05,3,0,8,5,1,1,0.68,0.6364,0.69,0.2239,139
1,2011-08-06,3,0,8,6,0,1,0.66,0.6061,0.78,0.194,133
1,2011-08-06,3,0,8,6,0,1,0.66,0.6061,0.78,0.1642,67
1,2011-08-06,3,0,8,6,0,1,0.66,0.6061,0.78,0.2239,53
1,2011-08-06,3,0,8,6,0,2,0.66,0.6061,0.78,0.1642,42
1,2011-08-06,3,0,8,6,0,2,0.66,0.6061,0.83,0.1642,10
1,2011-08-06,3,0,8,6,0,1,0.64,0.5758,0.89,0.0896,6
2,2011-08-06,3,0,8,6,0,1,0.64,0.5758,0.89,0.1045,27
2,2011-08-06,3,0,8,6,0,1,0.68,0.6364,0.83,0.1642,63
2,2011-08-06,3,0,8,6,0,1,0.68,0.6364,0.83,0.1642,121
2,2011-08-06,3,0,8,6,0,1,0.74,0.697,0.7,0.2239,215
2,2011-08-06,3,0,8,6,0,2,0.74,0.697,0.7,0.2836,290
2,2011-08-06,3,0,8,6,0,1,0.78,0.7424,0.62,0.2239,349
3,2011-08-06,3,0,8,6,0,1,0.8,0.7576,0.55,0.2239,382
3,2011-08-06,3,0,8,6,0,2,0.8,0.7727,0.59,0.3284,441
3,2011-08-06,3,0,8,6,0,1,0.82,0.7727,0.52,0.2537,380
3,2011-08-06,3,0,8,6,0,2,0.84,0.803,0.53,0.2537,362
3,2011-08-06,3,0,8,6,0,3,0.74,0.7121,0.79,0.1642,343
3,2011-08-06,3,0,8,6,0,3,0.74,0.7121,0.79,0.1642,149
4,2011-08-06,3,0,8,6,0,2,0.72,0.697,0.79,0.4478,211
4,2011-08-06,3,0,8,6,0,3,0.72,0.7121,0.84,0.2537,171
4,2011-08-06,3,0,8,6,0,3,0.72,0.697,0.79,0.2836,137
4,2011-08-06,3,0,8,6,0,2,0.7,0.6667,0.84,0.3284,114
4,2011-08-06,3,0,8,6,0,2,0.7,0.6667,0.84,0.3284,120
4,2011-08-06,3,0,8,6,0,3,0.7,0.6667,0.84,0.2836,108
1,2011-08-07,3,0,8,0,0,2,0.7,0.6667,0.84,0.2836,80
1,2011-08-07,3,0,8,0,0,2,0.7,0.6667,0.84,0.2537,73
1,2011-08-07,3,0,8,0,0,2,0.7,0.6667,0.84,0.2239,66
1,2011-08-07,3,0,8,0,0,2,0.7,0.6667,0.84,0.1343,32
1,2011-08-07,3,0,8,0,0,1,0.7,0.6667,0.84,0.1343,6
1,2011-08-07,3,0,8,0,0,1,0.7,0.6667,0.89,0.194,5
2,2011-08-07,3,0,8,0,0,1,0.7,0.6667,0.89,0.1642,13
2,2011-08-07,3,0,8,0,0,1,0.7,0.6667,0.84,0.194,39
2,2011-08-07,3,0,8,0,0,1,0.72,0.697,0.79,0.194,89
2,2011-08-07,3,0,8,0,0,1,0.76,0.7424,0.75,0.1045,184
2,2011-08-07,3,0,8,0,0,1,0.8,0.803,0.66,0.1343,266
2,2011-08-07,3,0,8,0,0,1,0.82,0.8333,0.63,0.0,269
3,2011-08-07,3,0,8,0,0,1,0.9,0.8485,0.42,0.2985,370
3,2011-08-07,3,0,8,0,0,1,0.9,0.8485,0.42,0.2985,324
3,2011-08-07,3,0,8,0,0,1,0.86,0.803,0.47,0.194,322
3,2011-08-07,3,0,8,0,0,3,0.72,0.697,0.74,0.2985,326
3,2011-08-07,3,0,8,0,0,3,0.72,0.697,0.74,0.2985,193
3,2011-08-07,3,0,8,0,0,3,0.74,0.7121,0.74,0.6418,194
4,2011-08-07,3,0,8,0,0,1,0.72,0.697,0.74,0.0896,229
4,2011-08-07,3,0,8,0,0,1,0.72,0.697,0.79,0.1642,228
4,2011-08-07,3,0,8,0,0,1,0.72,0.7121,0.84,0.1343,183
4,2011-08-07,3,0,8,0,0,1,0.72,0.7121,0.84,0.1045,136
4,2011-08-07,3,0,8,0,0,1,0.7,0.6667,0.89,0.194,103
4,2011-08-07,3,0,8,0,0,1,0.7,0.6667,0.79,0.1045,55
1,2011-08-08,3,0,8,1,1,1,0.7,0.6667,0.79,0.1045,30
1,2011-08-08,3,0,8,1,1,1,0.68,0.6364,0.83,0.1343,12
1,2011-08-08,3,0,8,1,1,1,0.66,0.5909,0.89,0.0,7
1,2011-08-08,3,0,8,1,1,1,0.66,0.5909,0.89,0.0,1
1,2011-08-08,3,0,8,1,1,1,0.66,0.5909,0.89,0.1045,10
1,2011-08-08,3,0,8,1,1,1,0.7,0.6667,0.79,0.0896,15
2,2011-08-08,3,0,8,1,1,1,0.7,0.6515,0.65,0.2836,95
2,2011-08-08,3,0,8,1,1,1,0.72,0.6818,0.62,0.2985,267
2,2011-08-08,3,0,8,1,1,1,0.74,0.6818,0.58,0.3284,349
2,2011-08-08,3,0,8,1,1,1,0.76,0.697,0.55,0.3881,183
2,2011-08-08,3,0,8,1,1,1,0.8,0.7424,0.52,0.3881,124
2,2011-08-08,3,0,8,1,1,1,0.82,0.7424,0.48,0.3582,179
3,2011-08-08,3,0,8,1,1,1,0.82,0.7576,0.46,0.2537,182
3,2011-08-08,3,0,8,1,1,1,0.84,0.7576,0.44,0.2985,151
3,2011-08-08,3,0,8,1,1,1,0.82,0.7424,0.43,0.2985,150
3,2011-08-08,3,0,8,1,1,1,0.84,0.7576,0.41,0.2985,126
3,2011-08-08,3,0,8,1,1,1,0.86,0.7727,0.39,0.2836,282
3,2011-08-08,3,0,8,1,1,1,0.86,0.7727,0.39,0.1642,527
4,2011-08-08,3,0,8,1,1,1,0.84,0.7576,0.41,0.1343,529
4,2011-08-08,3,0,8,1,1,1,0.82,0.7424,0.43,0.1045,416
4,2011-08-08,3,0,8,1,1,1,0.8,0.7576,0.55,0.0,286
4,2011-08-08,3,0,8,1,1,1,0.76,0.7121,0.58,0.0896,186
4,2011-08-08,3,0,8,1,1,1,0.76,0.7121,0.58,0.1045,147
4,2011-08-08,3,0,8,1,1,1,0.74,0.697,0.66,0.1045,72
1,2011-08-09,3,0,8,2,1,1,0.72,0.697,0.79,0.1343,35
1,2011-08-09,3,0,8,2,1,1,0.72,0.6818,0.66,0.0,14
1,2011-08-09,3,0,8,2,1,1,0.72,0.6818,0.7,0.0,12
1,2011-08-09,3,0,8,2,1,1,0.72,0.6818,0.62,0.0,3
1,2011-08-09,3,0,8,2,1,1,0.7,0.6667,0.74,0.0,7
1,2011-08-09,3,0,8,2,1,1,0.7,0.6515,0.65,0.0896,30
2,2011-08-09,3,0,8,2,1,1,0.72,0.6667,0.64,0.0,101
2,2011-08-09,3,0,8,2,1,1,0.72,0.697,0.74,0.1045,343
2,2011-08-09,3,0,8,2,1,1,0.74,0.697,0.66,0.0,392
2,2011-08-09,3,0,8,2,1,2,0.78,0.7424,0.62,0.1343,175
2,2011-08-09,3,0,8,2,1,2,0.8,0.7727,0.59,0.2239,144
2,2011-08-09,3,0,8,2,1,1,0.8,0.7727,0.59,0.2239,149
3,2011-08-09,3,0,8,2,1,1,0.82,0.7879,0.56,0.194,185
3,2011-08-09,3,0,8,2,1,1,0.84,0.7879,0.49,0.1642,175
3,2011-08-09,3,0,8,2,1,1,0.86,0.7879,0.44,0.2836,148
3,2011-08-09,3,0,8,2,1,1,0.86,0.7727,0.39,0.2836,164
3,2011-08-09,3,0,8,2,1,1,0.86,0.7727,0.39,0.2985,285
3,2011-08-09,3,0,8,2,1,1,0.8,0.7576,0.55,0.1642,532
4,2011-08-09,3,0,8,2,1,1,0.8,0.7576,0.55,0.194,585
4,2011-08-09,3,0,8,2,1,1,0.8,0.7424,0.49,0.1045,371
4,2011-08-09,3,0,8,2,1,1,0.8,0.7273,0.43,0.194,292
4,2011-08-09,3,0,8,2,1,1,0.78,0.697,0.46,0.2537,230
4,2011-08-09,3,0,8,2,1,1,0.78,0.697,0.46,0.2985,155
4,2011-08-09,3,0,8,2,1,1,0.76,0.6818,0.48,0.2836,75
1,2011-08-10,3,0,8,3,1,1,0.74,0.6667,0.51,0.2239,37
1,2011-08-10,3,0,8,3,1,1,0.72,0.6667,0.54,0.194,17
1,2011-08-10,3,0,8,3,1,1,0.72,0.6667,0.54,0.1642,11
1,2011-08-10,3,0,8,3,1,1,0.7,0.6515,0.58,0.1642,4
1,2011-08-10,3,0,8,3,1,1,0.7,0.6515,0.54,0.1343,5
1,2011-08-10,3,0,8,3,1,1,0.68,0.6364,0.61,0.0896,32
2,2011-08-10,3,0,8,3,1,1,0.68,0.6364,0.61,0.0,119
2,2011-08-10,3,0,8,3,1,1,0.7,0.6515,0.58,0.0896,305
2,2011-08-10,3,0,8,3,1,1,0.74,0.6667,0.51,0.194,399
2,2011-08-10,3,0,8,3,1,1,0.76,0.6818,0.48,0.2239,180
2,2011-08-10,3,0,8,3,1,1,0.8,0.7273,0.43,0.2239,113
2,2011-08-10,3,0,8,3,1,1,0.8,0.7121,0.41,0.3881,149
3,2011-08-10,3,0,8,3,1,1,0.82,0.7273,0.38,0.2985,240
3,2011-08-10,3,0,8,3,1,1,0.82,0.7273,0.38,0.2836,191
3,2011-08-10,3,0,8,3,1,1,0.84,0.7273,0.34,0.3284,178
3,2011-08-10,3,0,8,3,1,1,0.86,0.7424,0.3,0.3284,194
3,2011-08-10,3,0,8,3,1,1,0.86,0.7424,0.26,0.2985,282
3,2011-08-10,3,0,8,3,1,1,0.84,0.7121,0.26,0.2985,584
4,2011-08-10,3,0,8,3,1,1,0.82,0.7121,0.28,0.2985,559
4,2011-08-10,3,0,8,3,1,1,0.8,0.697,0.26,0.2537,413
4,2011-08-10,3,0,8,3,1,1,0.76,0.6667,0.31,0.1343,312
4,2011-08-10,3,0,8,3,1,1,0.76,0.6667,0.33,0.1045,209
4,2011-08-10,3,0,8,3,1,1,0.74,0.6515,0.37,0.0,139
4,2011-08-10,3,0,8,3,1,1,0.74,0.6515,0.37,0.0896,108
1,2011-08-11,3,0,8,4,1,1,0.7,0.6364,0.45,0.1045,46
1,2011-08-11,3,0,8,4,1,1,0.7,0.6364,0.45,0.1343,26
1,2011-08-11,3,0,8,4,1,1,0.66,0.6212,0.54,0.1343,11
1,2011-08-11,3,0,8,4,1,1,0.64,0.6212,0.57,0.1343,9
1,2011-08-11,3,0,8,4,1,1,0.64,0.6212,0.57,0.1642,5
1,2011-08-11,3,0,8,4,1,1,0.64,0.6212,0.61,0.194,25
2,2011-08-11,3,0,8,4,1,1,0.62,0.6061,0.65,0.1642,106
2,2011-08-11,3,0,8,4,1,1,0.66,0.6212,0.54,0.1343,307
2,2011-08-11,3,0,8,4,1,1,0.7,0.6364,0.45,0.1642,390
2,2011-08-11,3,0,8,4,1,1,0.72,0.6515,0.39,0.2239,197
2,2011-08-11,3,0,8,4,1,1,0.74,0.6515,0.37,0.2537,132
2,2011-08-11,3,0,8,4,1,1,0.76,0.6667,0.35,0.2537,187
3,2011-08-11,3,0,8,4,1,1,0.78,0.6818,0.31,0.2537,214
3,2011-08-11,3,0,8,4,1,1,0.76,0.6667,0.31,0.2239,217
3,2011-08-11,3,0,8,4,1,1,0.8,0.697,0.29,0.0,142
3,2011-08-11,3,0,8,4,1,1,0.8,0.697,0.29,0.2985,178
3,2011-08-11,3,0,8,4,1,1,0.8,0.697,0.27,0.194,298
3,2011-08-11,3,0,8,4,1,1,0.8,0.697,0.29,0.2537,582
4,2011-08-11,3,0,8,4,1,1,0.78,0.6818,0.29,0.0896,571
4,2011-08-11,3,0,8,4,1,1,0.74,0.6515,0.35,0.194,371
4,2011-08-11,3,0,8,4,1,1,0.72,0.6515,0.37,0.1343,288
4,2011-08-11,3,0,8,4,1,1,0.7,0.6515,0.48,0.0896,206
4,2011-08-11,3,0,8,4,1,1,0.7,0.6515,0.48,0.0,157
4,2011-08-11,3,0,8,4,1,1,0.66,0.6212,0.5,0.1642,127
1,2011-08-12,3,0,8,5,1,1,0.64,0.6212,0.53,0.1642,65
1,2011-08-12,3,0,8,5,1,1,0.64,0.6212,0.53,0.1343,23
1,2011-08-12,3,0,8,5,1,1,0.62,0.6212,0.57,0.194,15
1,2011-08-12,3,0,8,5,1,1,0.62,0.6212,0.53,0.1642,9
1,2011-08-12,3,0,8,5,1,1,0.62,0.6212,0.53,0.1343,5
1,2011-08-12,3,0,8,5,1,1,0.6,0.6212,0.56,0.1343,26
2,2011-08-12,3,0,8,5,1,1,0.62,0.6212,0.5,0.1343,76
2,2011-08-12,3,0,8,5,1,1,0.64,0.6212,0.44,0.1642,264
2,2011-08-12,3,0,8,5,1,1,0.68,0.6364,0.39,0.2239,426
2,2011-08-12,3,0,8,5,1,1,0.72,0.6515,0.34,0.1343,205
2,2011-08-12,3,0,8,5,1,1,0.74,0.6515,0.33,0.1045,130
2,2011-08-12,3,0,8,5,1,1,0.76,0.6667,0.29,0.0,156
3,2011-08-12,3,0,8,5,1,1,0.8,0.697,0.27,0.0,222
3,2011-08-12,3,0,8,5,1,1,0.78,0.6818,0.29,0.0896,253
3,2011-08-12,3,0,8,5,1,1,0.8,0.697,0.29,0.194,186
3,2011-08-12,3,0,8,5,1,1,0.8,0.697,0.29,0.1642,249
3,2011-08-12,3,0,8,5,1,1,0.82,0.7121,0.28,0.0,334
3,2011-08-12,3,0,8,5,1,1,0.82,0.7121,0.26,0.0,516
4,2011-08-12,3,0,8,5,1,1,0.76,0.6818,0.4,0.2985,465
4,2011-08-12,3,0,8,5,1,1,0.74,0.6667,0.42,0.2239,385
4,2011-08-12,3,0,8,5,1,1,0.72,0.6515,0.42,0.2239,287
4,2011-08-12,3,0,8,5,1,1,0.7,0.6515,0.48,0.1343,226
4,2011-08-12,3,0,8,5,1,1,0.68,0.6364,0.51,0.0,231
4,2011-08-12,3,0,8,5,1,1,0.68,0.6364,0.51,0.0,151
1,2011-08-13,3,0,8,6,0,1,0.68,0.6364,0.51,0.1045,84
1,2011-08-13,3,0,8,6,0,2,0.68,0.6364,0.57,0.0896,77
1,2011-08-13,3,0,8,6,0,1,0.68,0.6364,0.57,0.0,74
1,2011-08-13,3,0,8,6,0,1,0.66,0.6212,0.65,0.1343,27
1,2011-08-13,3,0,8,6,0,2,0.64,0.6061,0.73,0.1343,10
1,2011-08-13,3,0,8,6,0,1,0.64,0.6061,0.73,0.1045,18
2,2011-08-13,3,0,8,6,0,1,0.64,0.6061,0.73,0.0896,22
2,2011-08-13,3,0,8,6,0,2,0.66,0.6212,0.74,0.194,44
2,2011-08-13,3,0,8,6,0,2,0.7,0.6515,0.65,0.1642,118
2,2011-08-13,3,0,8,6,0,2,0.7,0.6667,0.74,0.1642,208
2,2011-08-13,3,0,8,6,0,2,0.72,0.697,0.74,0.2239,260
2,2011-08-13,3,0,8,6,0,2,0.74,0.697,0.7,0.194,314
3,2011-08-13,3,0,8,6,0,2,0.66,0.5909,0.89,0.1642,421
3,2011-08-13,3,0,8,6,0,2,0.74,0.7121,0.74,0.3284,153
3,2011-08-13,3,0,8,6,0,1,0.74,0.697,0.7,0.2537,259
3,2011-08-13,3,0,8,6,0,3,0.68,0.6364,0.79,0.3582,358
3,2011-08-13,3,0,8,6,0,2,0.7,0.6667,0.74,0.2836,281
3,2011-08-13,3,0,8,6,0,2,0.72,0.697,0.74,0.2537,269
4,2011-08-13,3,0,8,6,0,1,0.7,0.6667,0.74,0.2239,292
4,2011-08-13,3,0,8,6,0,2,0.68,0.6364,0.79,0.2836,237
4,2011-08-13,3,0,8,6,0,2,0.68,0.6364,0.83,0.2239,183
4,2011-08-13,3,0,8,6,0,2,0.68,0.6364,0.83,0.3881,167
4,2011-08-13,3,0,8,6,0,2,0.68,0.6364,0.83,0.3881,154
4,2011-08-13,3,0,8,6,0,2,0.66,0.6061,0.83,0.3284,120
1,2011-08-14,3,0,8,0,0,3,0.66,0.6061,0.83,0.2985,90
1,2011-08-14,3,0,8,0,0,3,0.64,0.5758,0.89,0.2239,73
1,2011-08-14,3,0,8,0,0,3,0.64,0.5758,0.89,0.2239,62
1,2011-08-14,3,0,8,0,0,2,0.64,0.5606,0.94,0.2537,27
1,2011-08-14,3,0,8,0,0,3,0.64,0.5606,0.94,0.194,3
1,2011-08-14,3,0,8,0,0,2,0.64,0.5606,0.94,0.1642,10
2,2011-08-14,3,0,8,0,0,2,0.64,0.5606,0.94,0.1045,6
2,2011-08-14,3,0,8,0,0,2,0.66,0.5909,0.89,0.194,24
2,2011-08-14,3,0,8,0,0,2,0.66,0.5909,0.89,0.2836,41
2,2011-08-14,3,0,8,0,0,3,0.66,0.5909,0.89,0.2836,103
2,2011-08-14,3,0,8,0,0,1,0.7,0.6667,0.79,0.2239,183
2,2011-08-14,3,0,8,0,0,1,0.7,0.6667,0.79,0.194,198
3,2011-08-14,3,0,8,0,0,2,0.7,0.6667,0.79,0.2239,281
3,2011-08-14,3,0,8,0,0,1,0.72,0.697,0.74,0.2537,377
3,2011-08-14,3,0,8,0,0,1,0.74,0.697,0.7,0.194,370
3,2011-08-14,3,0,8,0,0,1,0.74,0.697,0.66,0.194,331
3,2011-08-14,3,0,8,0,0,1,0.74,0.697,0.66,0.1642,292
3,2011-08-14,3,0,8,0,0,1,0.76,0.7121,0.62,0.1343,329
4,2011-08-14,3,0,8,0,0,1,0.74,0.697,0.66,0.1642,347
4,2011-08-14,3,0,8,0,0,1,0.72,0.697,0.74,0.2239,259
4,2011-08-14,3,0,8,0,0,1,0.7,0.6667,0.84,0.1642,193
4,2011-08-14,3,0,8,0,0,3,0.6,0.5455,0.88,0.4925,155
4,2011-08-14,3,0,8,0,0,3,0.6,0.5455,0.88,0.4925,39
4,2011-08-14,3,0,8,0,0,3,0.6,0.5606,0.83,0.0,27
1,2011-08-15,3,0,8,1,1,3,0.6,0.5455,0.88,0.0896,25
1,2011-08-15,3,0,8,1,1,2,0.6,0.5455,0.88,0.1343,10
1,2011-08-15,3,0,8,1,1,2,0.6,0.5606,0.83,0.0,3
1,2011-08-15,3,0,8,1,1,1,0.6,0.5606,0.83,0.194,7
1,2011-08-15,3,0,8,1,1,1,0.6,0.5606,0.83,0.1343,5
1,2011-08-15,3,0,8,1,1,2,0.6,0.5455,0.88,0.194,17
2,2011-08-15,3,0,8,1,1,1,0.6,0.5455,0.88,0.2537,90
2,2011-08-15,3,0,8,1,1,1,0.6,0.5455,0.88,0.2537,258
2,2011-08-15,3,0,8,1,1,1,0.64,0.5909,0.78,0.3284,355
2,2011-08-15,3,0,8,1,1,1,0.64,0.5909,0.78,0.3284,222
2,2011-08-15,3,0,8,1,1,1,0.68,0.6364,0.69,0.2836,141
2,2011-08-15,3,0,8,1,1,2,0.72,0.6818,0.62,0.2537,153
3,2011-08-15,3,0,8,1,1,1,0.74,0.6818,0.58,0.2836,178
3,2011-08-15,3,0,8,1,1,1,0.78,0.7121,0.52,0.2836,193
3,2011-08-15,3,0,8,1,1,1,0.74,0.6818,0.55,0.0896,151
3,2011-08-15,3,0,8,1,1,3,0.74,0.6818,0.55,0.2985,182
3,2011-08-15,3,0,8,1,1,1,0.74,0.6818,0.55,0.3284,283
3,2011-08-15,3,0,8,1,1,1,0.74,0.6667,0.51,0.2836,530
4,2011-08-15,3,0,8,1,1,1,0.7,0.6515,0.65,0.194,483
4,2011-08-15,3,0,8,1,1,1,0.7,0.6515,0.65,0.0,397
4,2011-08-15,3,0,8,1,1,1,0.66,0.6212,0.74,0.1343,285
4,2011-08-15,3,0,8,1,1,1,0.66,0.6212,0.65,0.194,184
4,2011-08-15,3,0,8,1,1,1,0.66,0.6212,0.69,0.2537,98
4,2011-08-15,3,0,8,1,1,1,0.64,0.6061,0.69,0.2239,88
1,2011-08-16,3,0,8,2,1,1,0.64,0.6061,0.69,0.1045,31
1,2011-08-16,3,0,8,2,1,1,0.64,0.6061,0.69,0.1642,16
1,2011-08-16,3,0,8,2,1,1,0.62,0.5909,0.73,0.2239,4
1,2011-08-16,3,0,8,2,1,1,0.62,0.5909,0.73,0.2239,6
1,2011-08-16,3,0,8,2,1,1,0.64,0.6061,0.69,0.2985,5
1,2011-08-16,3,0,8,2,1,1,0.62,0.5909,0.73,0.2836,30
2,2011-08-16,3,0,8,2,1,1,0.62,0.5909,0.73,0.3284,119
2,2011-08-16,3,0,8,2,1,1,0.64,0.6061,0.69,0.2537,346
2,2011-08-16,3,0,8,2,1,1,0.7,0.6515,0.58,0.4478,441
2,2011-08-16,3,0,8,2,1,1,0.68,0.6364,0.61,0.2836,198
2,2011-08-16,3,0,8,2,1,1,0.7,0.6515,0.58,0.3881,111
2,2011-08-16,3,0,8,2,1,1,0.74,0.6667,0.51,0.2239,150
3,2011-08-16,3,0,8,2,1,1,0.76,0.6818,0.48,0.3284,162
3,2011-08-16,3,0,8,2,1,1,0.76,0.6818,0.48,0.2985,192
3,2011-08-16,3,0,8,2,1,1,0.76,0.6818,0.45,0.4179,182
3,2011-08-16,3,0,8,2,1,1,0.8,0.7121,0.41,0.2985,159
3,2011-08-16,3,0,8,2,1,1,0.8,0.7121,0.41,0.2239,303
3,2011-08-16,3,0,8,2,1,1,0.76,0.6818,0.45,0.3284,600
4,2011-08-16,3,0,8,2,1,1,0.76,0.6818,0.45,0.2239,570
4,2011-08-16,3,0,8,2,1,1,0.74,0.6667,0.48,0.194,376
4,2011-08-16,3,0,8,2,1,1,0.74,0.6667,0.51,0.0,280
4,2011-08-16,3,0,8,2,1,1,0.72,0.6667,0.54,0.0,215
4,2011-08-16,3,0,8,2,1,1,0.7,0.6515,0.61,0.0,152
4,2011-08-16,3,0,8,2,1,1,0.66,0.6212,0.65,0.1343,77
1,2011-08-17,3,0,8,3,1,1,0.66,0.6212,0.69,0.0896,24
1,2011-08-17,3,0,8,3,1,1,0.64,0.6061,0.73,0.1642,14
1,2011-08-17,3,0,8,3,1,1,0.66,0.6212,0.69,0.0,6
1,2011-08-17,3,0,8,3,1,1,0.64,0.5909,0.78,0.0,5
1,2011-08-17,3,0,8,3,1,1,0.64,0.6061,0.73,0.0,5
1,2011-08-17,3,0,8,3,1,1,0.64,0.6061,0.73,0.0,28
2,2011-08-17,3,0,8,3,1,1,0.62,0.5909,0.78,0.0,105
2,2011-08-17,3,0,8,3,1,1,0.66,0.6212,0.65,0.0896,308
2,2011-08-17,3,0,8,3,1,1,0.7,0.6515,0.54,0.1642,487
2,2011-08-17,3,0,8,3,1,1,0.74,0.6667,0.48,0.0896,209
2,2011-08-17,3,0,8,3,1,1,0.76,0.6818,0.43,0.0896,118
2,2011-08-17,3,0,8,3,1,1,0.78,0.697,0.43,0.1045,128
3,2011-08-17,3,0,8,3,1,1,0.8,0.7273,0.43,0.2836,189
3,2011-08-17,3,0,8,3,1,1,0.8,0.7121,0.41,0.194,176
3,2011-08-17,3,0,8,3,1,1,0.82,0.7273,0.36,0.1642,192
3,2011-08-17,3,0,8,3,1,1,0.8,0.7273,0.43,0.1343,159
3,2011-08-17,3,0,8,3,1,1,0.82,0.7424,0.43,0.2239,300
3,2011-08-17,3,0,8,3,1,1,0.8,0.7424,0.49,0.2239,552
4,2011-08-17,3,0,8,3,1,1,0.76,0.697,0.55,0.2537,556
4,2011-08-17,3,0,8,3,1,1,0.76,0.697,0.55,0.2239,347
4,2011-08-17,3,0,8,3,1,1,0.74,0.6818,0.58,0.2537,280
4,2011-08-17,3,0,8,3,1,1,0.72,0.6818,0.62,0.2239,230
4,2011-08-17,3,0,8,3,1,1,0.7,0.6515,0.65,0.194,171
4,2011-08-17,3,0,8,3,1,1,0.7,0.6515,0.65,0.2836,105
1,2011-08-18,3,0,8,4,1,1,0.68,0.6364,0.65,0.1343,56
1,2011-08-18,3,0,8,4,1,2,0.66,0.6212,0.65,0.1642,24
1,2011-08-18,3,0,8,4,1,1,0.66,0.6212,0.65,0.2239,6
1,2011-08-18,3,0,8,4,1,1,0.66,0.6212,0.69,0.2836,6
1,2011-08-18,3,0,8,4,1,1,0.64,0.6061,0.73,0.2239,9
1,2011-08-18,3,0,8,4,1,1,0.64,0.5909,0.78,0.2836,27
2,2011-08-18,3,0,8,4,1,2,0.64,0.5909,0.78,0.2537,103
2,2011-08-18,3,0,8,4,1,1,0.64,0.5909,0.78,0.2985,308
2,2011-08-18,3,0,8,4,1,1,0.66,0.6212,0.74,0.2836,420
2,2011-08-18,3,0,8,4,1,1,0.72,0.6818,0.66,0.2537,228
2,2011-08-18,3,0,8,4,1,1,0.74,0.697,0.66,0.2537,129
2,2011-08-18,3,0,8,4,1,1,0.76,0.7121,0.58,0.2537,141
3,2011-08-18,3,0,8,4,1,1,0.8,0.7424,0.52,0.2836,173
3,2011-08-18,3,0,8,4,1,1,0.8,0.7424,0.52,0.3582,187
3,2011-08-18,3,0,8,4,1,1,0.82,0.7576,0.46,0.3284,182
3,2011-08-18,3,0,8,4,1,1,0.8,0.7273,0.46,0.3582,174
3,2011-08-18,3,0,8,4,1,1,0.8,0.7273,0.46,0.3582,245
3,2011-08-18,3,0,8,4,1,3,0.8,0.7273,0.46,0.2985,409
4,2011-08-18,3,0,8,4,1,3,0.76,0.697,0.55,0.2537,274
4,2011-08-18,3,0,8,4,1,1,0.66,0.6061,0.83,0.1045,141
4,2011-08-18,3,0,8,4,1,1,0.66,0.6061,0.83,0.1045,165
4,2011-08-18,3,0,8,4,1,2,0.68,0.6364,0.79,0.0,149
4,2011-08-18,3,0,8,4,1,2,0.7,0.6667,0.74,0.1045,135
4,2011-08-18,3,0,8,4,1,2,0.7,0.6667,0.74,0.1343,114
1,2011-08-19,3,0,8,5,1,3,0.68,0.6364,0.69,0.194,62
1,2011-08-19,3,0,8,5,1,3,0.64,0.5758,0.89,0.0,20
1,2011-08-19,3,0,8,5,1,3,0.64,0.5758,0.83,0.0,8
1,2011-08-19,3,0,8,5,1,1,0.64,0.5909,0.78,0.0,3
1,2011-08-19,3,0,8,5,1,1,0.64,0.5758,0.83,0.0,8
1,2011-08-19,3,0,8,5,1,1,0.64,0.5758,0.83,0.0,17
2,2011-08-19,3,0,8,5,1,1,0.64,0.5758,0.83,0.0,93
2,2011-08-19,3,0,8,5,1,2,0.66,0.6061,0.83,0.0896,263
2,2011-08-19,3,0,8,5,1,2,0.66,0.6061,0.83,0.0,398
2,2011-08-19,3,0,8,5,1,1,0.7,0.6515,0.65,0.1343,218
2,2011-08-19,3,0,8,5,1,1,0.72,0.6818,0.62,0.0896,165
2,2011-08-19,3,0,8,5,1,2,0.72,0.6818,0.66,0.0896,165
3,2011-08-19,3,0,8,5,1,2,0.74,0.6818,0.62,0.0896,222
3,2011-08-19,3,0,8,5,1,2,0.76,0.7121,0.62,0.194,232
3,2011-08-19,3,0,8,5,1,1,0.78,0.7273,0.55,0.194,220
3,2011-08-19,3,0,8,5,1,1,0.8,0.7424,0.49,0.1045,222
3,2011-08-19,3,0,8,5,1,1,0.8,0.7424,0.49,0.0,327
3,2011-08-19,3,0,8,5,1,1,0.76,0.7121,0.58,0.5224,527
4,2011-08-19,3,0,8,5,1,1,0.76,0.7121,0.58,0.5224,425
4,2011-08-19,3,0,8,5,1,3,0.62,0.5909,0.73,0.4627,165
4,2011-08-19,3,0,8,5,1,3,0.62,0.5758,0.83,0.2985,58
4,2011-08-19,3,0,8,5,1,1,0.62,0.5758,0.83,0.1343,107
4,2011-08-19,3,0,8,5,1,1,0.6,0.5455,0.88,0.1343,122
4,2011-08-19,3,0,8,5,1,2,0.6,0.5455,0.88,0.0896,106
1,2011-08-20,3,0,8,6,0,1,0.6,0.5455,0.88,0.0,128
1,2011-08-20,3,0,8,6,0,1,0.62,0.5758,0.83,0.0,47
1,2011-08-20,3,0,8,6,0,1,0.62,0.5909,0.78,0.0,69
1,2011-08-20,3,0,8,6,0,1,0.62,0.5909,0.78,0.0,51
1,2011-08-20,3,0,8,6,0,2,0.6,0.5455,0.88,0.0,7
1,2011-08-20,3,0,8,6,0,1,0.6,0.5606,0.83,0.0,8
2,2011-08-20,3,0,8,6,0,2,0.6,0.5606,0.83,0.1343,24
2,2011-08-20,3,0,8,6,0,1,0.62,0.5758,0.83,0.0,44
2,2011-08-20,3,0,8,6,0,1,0.66,0.6212,0.69,0.0,133
2,2011-08-20,3,0,8,6,0,1,0.7,0.6515,0.65,0.0,190
2,2011-08-20,3,0,8,6,0,1,0.72,0.6818,0.62,0.1045,306
2,2011-08-20,3,0,8,6,0,1,0.72,0.6667,0.58,0.0,338
3,2011-08-20,3,0,8,6,0,1,0.74,0.6818,0.58,0.1343,409
3,2011-08-20,3,0,8,6,0,1,0.76,0.697,0.55,0.1343,378
3,2011-08-20,3,0,8,6,0,1,0.8,0.7424,0.49,0.194,375
3,2011-08-20,3,0,8,6,0,1,0.8,0.7273,0.43,0.194,390
3,2011-08-20,3,0,8,6,0,1,0.8,0.7273,0.46,0.194,373
3,2011-08-20,3,0,8,6,0,1,0.8,0.7424,0.49,0.194,383
4,2011-08-20,3,0,8,6,0,1,0.76,0.7121,0.58,0.2537,394
4,2011-08-20,3,0,8,6,0,1,0.74,0.6818,0.62,0.194,291
4,2011-08-20,3,0,8,6,0,1,0.74,0.6818,0.62,0.2239,248
4,2011-08-20,3,0,8,6,0,1,0.72,0.6818,0.7,0.2239,225
4,2011-08-20,3,0,8,6,0,2,0.7,0.6667,0.74,0.194,223
4,2011-08-20,3,0,8,6,0,1,0.7,0.6667,0.74,0.1343,157
1,2011-08-21,3,0,8,0,0,1,0.7,0.6667,0.74,0.194,74
1,2011-08-21,3,0,8,0,0,1,0.68,0.6364,0.79,0.2239,86
1,2011-08-21,3,0,8,0,0,1,0.68,0.6364,0.79,0.194,64
1,2011-08-21,3,0,8,0,0,1,0.66,0.6061,0.83,0.2239,51
1,2011-08-21,3,0,8,0,0,1,0.68,0.6364,0.83,0.2239,6
1,2011-08-21,3,0,8,0,0,1,0.66,0.5909,0.89,0.2985,8
2,2011-08-21,3,0,8,0,0,1,0.66,0.5909,0.89,0.2836,14
2,2011-08-21,3,0,8,0,0,1,0.68,0.6364,0.83,0.2985,31
2,2011-08-21,3,0,8,0,0,1,0.7,0.6667,0.79,0.2239,92
2,2011-08-21,3,0,8,0,0,1,0.72,0.697,0.74,0.2239,231
2,2011-08-21,3,0,8,0,0,1,0.74,0.7121,0.74,0.2537,274
2,2011-08-21,3,0,8,0,0,1,0.8,0.7879,0.63,0.2836,313
3,2011-08-21,3,0,8,0,0,1,0.82,0.803,0.59,0.2836,374
3,2011-08-21,3,0,8,0,0,1,0.8,0.7727,0.59,0.4179,310
3,2011-08-21,3,0,8,0,0,3,0.7,0.6667,0.79,0.3881,235
3,2011-08-21,3,0,8,0,0,1,0.7,0.6667,0.84,0.2836,68
3,2011-08-21,3,0,8,0,0,1,0.72,0.697,0.79,0.1642,258
3,2011-08-21,3,0,8,0,0,1,0.72,0.697,0.79,0.1343,270
4,2011-08-21,3,0,8,0,0,1,0.72,0.697,0.79,0.2537,311
4,2011-08-21,3,0,8,0,0,1,0.72,0.6818,0.7,0.2537,282
4,2011-08-21,3,0,8,0,0,1,0.7,0.6667,0.79,0.2537,181
4,2011-08-21,3,0,8,0,0,1,0.7,0.6667,0.79,0.2537,138
4,2011-08-21,3,0,8,0,0,2,0.7,0.6667,0.79,0.194,134
4,2011-08-21,3,0,8,0,0,1,0.7,0.6667,0.74,0.1642,68
1,2011-08-22,3,0,8,1,1,1,0.68,0.6364,0.79,0.1642,40
1,2011-08-22,3,0,8,1,1,1,0.68,0.6364,0.79,0.0896,21
1,2011-08-22,3,0,8,1,1,2,0.7,0.6515,0.65,0.1045,8
1,2011-08-22,3,0,8,1,1,3,0.7,0.6515,0.65,0.1343,5
1,2011-08-22,3,0,8,1,1,1,0.68,0.6364,0.65,0.194,12
1,2011-08-22,3,0,8,1,1,1,0.66,0.6212,0.65,0.3582,24
2,2011-08-22,3,0,8,1,1,1,0.66,0.6212,0.61,0.2985,112
2,2011-08-22,3,0,8,1,1,1,0.66,0.6212,0.61,0.3284,281
2,2011-08-22,3,0,8,1,1,1,0.66,0.6212,0.61,0.3284,351
2,2011-08-22,3,0,8,1,1,1,0.68,0.6364,0.54,0.2537,187
2,2011-08-22,3,0,8,1,1,1,0.7,0.6515,0.48,0.2836,121
2,2011-08-22,3,0,8,1,1,1,0.72,0.6515,0.34,0.3284,131
3,2011-08-22,3,0,8,1,1,1,0.74,0.6515,0.35,0.3881,207
3,2011-08-22,3,0,8,1,1,1,0.74,0.6515,0.3,0.4627,205
3,2011-08-22,3,0,8,1,1,1,0.74,0.6515,0.3,0.3881,225
3,2011-08-22,3,0,8,1,1,1,0.74,0.6515,0.3,0.2985,199
3,2011-08-22,3,0,8,1,1,1,0.74,0.6515,0.3,0.3881,320
3,2011-08-22,3,0,8,1,1,1,0.74,0.6515,0.27,0.3284,591
4,2011-08-22,3,0,8,1,1,1,0.72,0.6515,0.28,0.2985,609
4,2011-08-22,3,0,8,1,1,1,0.7,0.6364,0.3,0.2836,416
4,2011-08-22,3,0,8,1,1,1,0.66,0.6212,0.34,0.194,268
4,2011-08-22,3,0,8,1,1,1,0.64,0.6212,0.38,0.194,208
4,2011-08-22,3,0,8,1,1,1,0.64,0.6212,0.38,0.2985,153
4,2011-08-22,3,0,8,1,1,1,0.62,0.6212,0.41,0.2537,64
1,2011-08-23,3,0,8,2,1,1,0.6,0.6212,0.43,0.194,35
1,2011-08-23,3,0,8,2,1,1,0.58,0.5455,0.49,0.194,19
1,2011-08-23,3,0,8,2,1,1,0.56,0.5303,0.52,0.194,6
1,2011-08-23,3,0,8,2,1,1,0.56,0.5303,0.52,0.2836,6
1,2011-08-23,3,0,8,2,1,1,0.54,0.5152,0.56,0.1642,5
1,2011-08-23,3,0,8,2,1,1,0.54,0.5152,0.56,0.194,36
2,2011-08-23,3,0,8,2,1,1,0.54,0.5152,0.6,0.194,114
2,2011-08-23,3,0,8,2,1,1,0.6,0.6212,0.49,0.194,344
2,2011-08-23,3,0,8,2,1,2,0.62,0.6212,0.5,0.0,504
2,2011-08-23,3,0,8,2,1,2,0.66,0.6212,0.44,0.0,225
2,2011-08-23,3,0,8,2,1,1,0.7,0.6364,0.37,0.0,148
2,2011-08-23,3,0,8,2,1,1,0.7,0.6364,0.34,0.1045,186
3,2011-08-23,3,0,8,2,1,1,0.7,0.6364,0.39,0.0896,237
3,2011-08-23,3,0,8,2,1,1,0.72,0.6515,0.3,0.1045,234
3,2011-08-23,3,0,8,2,1,1,0.72,0.6515,0.3,0.0896,651
3,2011-08-23,3,0,8,2,1,1,0.72,0.6515,0.34,0.2239,601
3,2011-08-23,3,0,8,2,1,1,0.72,0.6515,0.32,0.1343,444
3,2011-08-23,3,0,8,2,1,1,0.72,0.6515,0.34,0.2239,472
4,2011-08-23,3,0,8,2,1,1,0.72,0.6515,0.34,0.194,519
4,2011-08-23,3,0,8,2,1,1,0.66,0.6212,0.5,0.2239,367
4,2011-08-23,3,0,8,2,1,1,0.64,0.6212,0.53,0.2537,260
4,2011-08-23,3,0,8,2,1,1,0.62,0.6212,0.57,0.0,211
4,2011-08-23,3,0,8,2,1,1,0.62,0.6212,0.57,0.1343,191
4,2011-08-23,3,0,8,2,1,1,0.62,0.6061,0.61,0.1343,80
1,2011-08-24,3,0,8,3,1,1,0.62,0.6212,0.57,0.1343,38
1,2011-08-24,3,0,8,3,1,1,0.6,0.6061,0.6,0.1045,24
1,2011-08-24,3,0,8,3,1,1,0.58,0.5455,0.68,0.1343,6
1,2011-08-24,3,0,8,3,1,1,0.58,0.5455,0.68,0.1343,1
1,2011-08-24,3,0,8,3,1,1,0.56,0.5303,0.73,0.1045,7
1,2011-08-24,3,0,8,3,1,1,0.56,0.5303,0.73,0.1045,27
2,2011-08-24,3,0,8,3,1,1,0.56,0.5303,0.73,0.0,108
2,2011-08-24,3,0,8,3,1,1,0.6,0.6061,0.64,0.0896,308
2,2011-08-24,3,0,8,3,1,1,0.62,0.6061,0.69,0.1343,468
2,2011-08-24,3,0,8,3,1,1,0.64,0.6061,0.69,0.2537,213
2,2011-08-24,3,0,8,3,1,1,0.7,0.6515,0.58,0.2836,146
2,2011-08-24,3,0,8,3,1,1,0.72,0.6667,0.54,0.2985,185
3,2011-08-24,3,0,8,3,1,1,0.74,0.6818,0.55,0.3284,235
3,2011-08-24,3,0,8,3,1,1,0.76,0.6818,0.48,0.4179,236
3,2011-08-24,3,0,8,3,1,1,0.76,0.6818,0.48,0.4179,204
3,2011-08-24,3,0,8,3,1,1,0.76,0.6818,0.48,0.4478,204
3,2011-08-24,3,0,8,3,1,1,0.76,0.697,0.52,0.4179,271
3,2011-08-24,3,0,8,3,1,1,0.76,0.697,0.52,0.3582,567
4,2011-08-24,3,0,8,3,1,1,0.74,0.6818,0.55,0.2985,621
4,2011-08-24,3,0,8,3,1,1,0.74,0.6818,0.55,0.2985,440
4,2011-08-24,3,0,8,3,1,1,0.72,0.6667,0.58,0.2985,334
4,2011-08-24,3,0,8,3,1,1,0.7,0.6515,0.61,0.3582,236
4,2011-08-24,3,0,8,3,1,1,0.7,0.6515,0.65,0.3582,181
4,2011-08-24,3,0,8,3,1,1,0.68,0.6364,0.69,0.2985,70
1,2011-08-25,3,0,8,4,1,1,0.68,0.6364,0.74,0.2985,52
1,2011-08-25,3,0,8,4,1,1,0.68,0.6364,0.69,0.3881,15
1,2011-08-25,3,0,8,4,1,1,0.68,0.6364,0.69,0.3881,5
1,2011-08-25,3,0,8,4,1,1,0.66,0.6212,0.74,0.3284,4
1,2011-08-25,3,0,8,4,1,1,0.66,0.6061,0.78,0.3881,7
1,2011-08-25,3,0,8,4,1,1,0.66,0.6061,0.83,0.4179,26
2,2011-08-25,3,0,8,4,1,1,0.66,0.6061,0.83,0.3284,102
2,2011-08-25,3,0,8,4,1,2,0.68,0.6364,0.79,0.3284,313
2,2011-08-25,3,0,8,4,1,2,0.7,0.6667,0.74,0.2985,484
2,2011-08-25,3,0,8,4,1,2,0.72,0.6818,0.7,0.2985,162
2,2011-08-25,3,0,8,4,1,2,0.74,0.697,0.66,0.2985,142
2,2011-08-25,3,0,8,4,1,3,0.7,0.6667,0.79,0.0,151
3,2011-08-25,3,0,8,4,1,3,0.7,0.6667,0.79,0.0,41
3,2011-08-25,3,0,8,4,1,1,0.7,0.6667,0.79,0.1045,37
3,2011-08-25,3,0,8,4,1,2,0.72,0.697,0.74,0.0,113
3,2011-08-25,3,0,8,4,1,2,0.74,0.697,0.7,0.0,132
3,2011-08-25,3,0,8,4,1,1,0.72,0.7121,0.84,0.0,121
3,2011-08-25,3,0,8,4,1,1,0.72,0.7121,0.84,0.0,312
4,2011-08-25,3,0,8,4,1,2,0.72,0.7121,0.84,0.1343,408
4,2011-08-25,3,0,8,4,1,2,0.66,0.6061,0.78,0.3284,272
4,2011-08-25,3,0,8,4,1,1,0.64,0.5909,0.78,0.3582,225
4,2011-08-25,3,0,8,4,1,1,0.64,0.5909,0.78,0.2836,187
4,2011-08-25,3,0,8,4,1,1,0.62,0.5758,0.83,0.0,147
4,2011-08-25,3,0,8,4,1,1,0.62,0.5758,0.83,0.0896,84
1,2011-08-26,3,0,8,5,1,1,0.62,0.5758,0.83,0.1343,51
1,2011-08-26,3,0,8,5,1,1,0.62,0.5758,0.83,0.0,23
1,2011-08-26,3,0,8,5,1,1,0.62,0.5606,0.88,0.1343,20
1,2011-08-26,3,0,8,5,1,1,0.6,0.5455,0.88,0.1045,11
1,2011-08-26,3,0,8,5,1,1,0.62,0.5606,0.88,0.0,8
1,2011-08-26,3,0,8,5,1,2,0.62,0.5606,0.88,0.0,26
2,2011-08-26,3,0,8,5,1,1,0.62,0.5606,0.88,0.0,105
2,2011-08-26,3,0,8,5,1,1,0.64,0.5758,0.83,0.0,266
2,2011-08-26,3,0,8,5,1,1,0.66,0.6061,0.83,0.1045,404
2,2011-08-26,3,0,8,5,1,1,0.7,0.6667,0.74,0.0,230
2,2011-08-26,3,0,8,5,1,1,0.74,0.697,0.66,0.0896,123
2,2011-08-26,3,0,8,5,1,2,0.76,0.7121,0.62,0.0,214
3,2011-08-26,3,0,8,5,1,2,0.76,0.7273,0.66,0.1045,243
3,2011-08-26,3,0,8,5,1,2,0.78,0.7424,0.59,0.1045,237
3,2011-08-26,3,0,8,5,1,1,0.8,0.7727,0.59,0.0,219
3,2011-08-26,3,0,8,5,1,2,0.8,0.7727,0.59,0.194,249
3,2011-08-26,3,0,8,5,1,1,0.78,0.7424,0.62,0.1045,343
3,2011-08-26,3,0,8,5,1,1,0.74,0.7121,0.74,0.2537,489
4,2011-08-26,3,0,8,5,1,2,0.74,0.7121,0.74,0.1343,410
4,2011-08-26,3,0,8,5,1,1,0.72,0.697,0.79,0.1045,290
4,2011-08-26,3,0,8,5,1,1,0.72,0.697,0.79,0.0896,222
4,2011-08-26,3,0,8,5,1,1,0.72,0.697,0.79,0.1642,190
4,2011-08-26,3,0,8,5,1,1,0.72,0.697,0.79,0.1045,152
4,2011-08-26,3,0,8,5,1,1,0.7,0.6667,0.84,0.0896,136
1,2011-08-27,3,0,8,6,0,1,0.7,0.6667,0.84,0.1045,145
1,2011-08-27,3,0,8,6,0,1,0.7,0.6667,0.84,0.1642,64
1,2011-08-27,3,0,8,6,0,1,0.7,0.6667,0.84,0.194,77
1,2011-08-27,3,0,8,6,0,2,0.7,0.6667,0.84,0.2239,30
1,2011-08-27,3,0,8,6,0,2,0.7,0.6667,0.84,0.2239,4
1,2011-08-27,3,0,8,6,0,2,0.7,0.6667,0.84,0.2985,12
2,2011-08-27,3,0,8,6,0,2,0.7,0.6667,0.84,0.2985,18
2,2011-08-27,3,0,8,6,0,2,0.7,0.6667,0.84,0.3582,28
2,2011-08-27,3,0,8,6,0,2,0.7,0.6667,0.84,0.2537,76
2,2011-08-27,3,0,8,6,0,2,0.7,0.6667,0.84,0.4179,156
2,2011-08-27,3,0,8,6,0,2,0.7,0.6667,0.79,0.4627,205
2,2011-08-27,3,0,8,6,0,3,0.66,0.5909,0.89,0.4179,88
3,2011-08-27,3,0,8,6,0,3,0.66,0.6061,0.83,0.4925,76
3,2011-08-27,3,0,8,6,0,3,0.66,0.6061,0.83,0.3881,43
3,2011-08-27,3,0,8,6,0,3,0.64,0.5758,0.89,0.5522,23
3,2011-08-27,3,0,8,6,0,3,0.64,0.5758,0.89,0.5522,30
3,2011-08-27,3,0,8,6,0,3,0.64,0.5758,0.89,0.5224,24
3,2011-08-27,3,0,8,6,0,3,0.64,0.5758,0.89,0.8358,16
2,2011-08-28,3,0,8,0,0,3,0.62,0.5758,0.83,0.3582,1
2,2011-08-28,3,0,8,0,0,3,0.62,0.5758,0.83,0.4179,8
2,2011-08-28,3,0,8,0,0,1,0.66,0.6212,0.74,0.4179,53
2,2011-08-28,3,0,8,0,0,1,0.7,0.6515,0.61,0.6119,142
2,2011-08-28,3,0,8,0,0,1,0.7,0.6515,0.58,0.3881,237
3,2011-08-28,3,0,8,0,0,1,0.74,0.6667,0.51,0.3881,306
3,2011-08-28,3,0,8,0,0,1,0.76,0.6818,0.45,0.3582,431
3,2011-08-28,3,0,8,0,0,1,0.78,0.697,0.43,0.4179,447
3,2011-08-28,3,0,8,0,0,1,0.78,0.697,0.43,0.3582,469
3,2011-08-28,3,0,8,0,0,1,0.8,0.7121,0.36,0.3881,491
3,2011-08-28,3,0,8,0,0,1,0.76,0.6818,0.4,0.2985,398
4,2011-08-28,3,0,8,0,0,1,0.74,0.6667,0.42,0.2239,402
4,2011-08-28,3,0,8,0,0,1,0.72,0.6667,0.48,0.1045,387
4,2011-08-28,3,0,8,0,0,1,0.72,0.6515,0.45,0.1045,214
4,2011-08-28,3,0,8,0,0,1,0.66,0.6212,0.61,0.1343,186
4,2011-08-28,3,0,8,0,0,1,0.64,0.6061,0.69,0.1045,98
4,2011-08-28,3,0,8,0,0,1,0.62,0.5909,0.73,0.1045,64
1,2011-08-29,3,0,8,1,1,1,0.62,0.5909,0.73,0.1045,34
1,2011-08-29,3,0,8,1,1,1,0.6,0.5909,0.69,0.1045,20
1,2011-08-29,3,0,8,1,1,1,0.6,0.5909,0.69,0.194,13
1,2011-08-29,3,0,8,1,1,1,0.6,0.5909,0.69,0.1045,6
1,2011-08-29,3,0,8,1,1,1,0.56,0.5303,0.68,0.1343,3
1,2011-08-29,3,0,8,1,1,1,0.56,0.5303,0.73,0.1343,17
2,2011-08-29,3,0,8,1,1,1,0.56,0.5303,0.73,0.1343,102
2,2011-08-29,3,0,8,1,1,1,0.6,0.6061,0.6,0.2239,284
2,2011-08-29,3,0,8,1,1,1,0.62,0.6212,0.57,0.2537,404
2,2011-08-29,3,0,8,1,1,1,0.62,0.6212,0.53,0.2537,188
2,2011-08-29,3,0,8,1,1,1,0.66,0.6212,0.47,0.2239,115
2,2011-08-29,3,0,8,1,1,1,0.66,0.6212,0.47,0.1642,138
3,2011-08-29,3,0,8,1,1,2,0.68,0.6364,0.44,0.1642,207
3,2011-08-29,3,0,8,1,1,2,0.7,0.6364,0.39,0.0,218
3,2011-08-29,3,0,8,1,1,1,0.7,0.6364,0.42,0.0,182
3,2011-08-29,3,0,8,1,1,1,0.7,0.6364,0.42,0.1642,220
3,2011-08-29,3,0,8,1,1,1,0.72,0.6515,0.42,0.1642,282
3,2011-08-29,3,0,8,1,1,2,0.7,0.6364,0.47,0.2239,591
4,2011-08-29,3,0,8,1,1,1,0.66,0.6212,0.47,0.2537,547
4,2011-08-29,3,0,8,1,1,1,0.66,0.6212,0.47,0.2537,367
4,2011-08-29,3,0,8,1,1,1,0.64,0.6212,0.53,0.1642,277
4,2011-08-29,3,0,8,1,1,1,0.64,0.6212,0.53,0.194,202
4,2011-08-29,3,0,8,1,1,1,0.62,0.6212,0.57,0.1343,142
4,2011-08-29,3,0,8,1,1,1,0.6,0.6061,0.6,0.0896,75
1,2011-08-30,3,0,8,2,1,1,0.56,0.5303,0.73,0.1343,27
1,2011-08-30,3,0,8,2,1,1,0.56,0.5303,0.68,0.1045,13
1,2011-08-30,3,0,8,2,1,1,0.54,0.5152,0.73,0.1045,10
1,2011-08-30,3,0,8,2,1,1,0.54,0.5152,0.73,0.194,4
1,2011-08-30,3,0,8,2,1,1,0.52,0.5,0.77,0.1642,6
1,2011-08-30,3,0,8,2,1,1,0.52,0.5,0.77,0.0896,28
2,2011-08-30,3,0,8,2,1,1,0.54,0.5152,0.73,0.1045,119
2,2011-08-30,3,0,8,2,1,1,0.56,0.5303,0.68,0.1343,357
2,2011-08-30,3,0,8,2,1,1,0.62,0.6212,0.57,0.1343,493
2,2011-08-30,3,0,8,2,1,1,0.66,0.6212,0.5,0.2239,218
2,2011-08-30,3,0,8,2,1,1,0.7,0.6364,0.39,0.2239,137
2,2011-08-30,3,0,8,2,1,1,0.72,0.6515,0.37,0.194,175
3,2011-08-30,3,0,8,2,1,1,0.72,0.6515,0.37,0.0,237
3,2011-08-30,3,0,8,2,1,1,0.74,0.6515,0.35,0.1045,229
3,2011-08-30,3,0,8,2,1,1,0.74,0.6515,0.33,0.1642,209
3,2011-08-30,3,0,8,2,1,1,0.74,0.6515,0.35,0.2239,196
3,2011-08-30,3,0,8,2,1,1,0.74,0.6515,0.37,0.1642,337
3,2011-08-30,3,0,8,2,1,1,0.72,0.6515,0.42,0.194,611
4,2011-08-30,3,0,8,2,1,1,0.7,0.6364,0.45,0.1642,576
4,2011-08-30,3,0,8,2,1,1,0.66,0.6212,0.5,0.0896,465
4,2011-08-30,3,0,8,2,1,1,0.66,0.6212,0.5,0.0,298
4,2011-08-30,3,0,8,2,1,1,0.64,0.6061,0.65,0.0896,223
4,2011-08-30,3,0,8,2,1,1,0.62,0.6061,0.61,0.0,143
4,2011-08-30,3,0,8,2,1,1,0.62,0.6061,0.61,0.0,93
1,2011-08-31,3,0,8,3,1,1,0.6,0.5909,0.69,0.0,32
1,2011-08-31,3,0,8,3,1,1,0.6,0.5909,0.69,0.0,15
1,2011-08-31,3,0,8,3,1,1,0.56,0.5303,0.73,0.0,6
1,2011-08-31,3,0,8,3,1,1,0.56,0.5303,0.78,0.0,6
1,2011-08-31,3,0,8,3,1,1,0.56,0.5303,0.73,0.0,5
1,2011-08-31,3,0,8,3,1,1,0.54,0.5152,0.83,0.0896,27
2,2011-08-31,3,0,8,3,1,1,0.54,0.5152,0.77,0.0,111
2,2011-08-31,3,0,8,3,1,1,0.6,0.5758,0.78,0.0,328
2,2011-08-31,3,0,8,3,1,1,0.62,0.6061,0.69,0.0,467
2,2011-08-31,3,0,8,3,1,1,0.64,0.6061,0.69,0.0896,244
2,2011-08-31,3,0,8,3,1,1,0.7,0.6364,0.45,0.1045,138
2,2011-08-31,3,0,8,3,1,1,0.72,0.6515,0.42,0.1343,171
3,2011-08-31,3,0,8,3,1,1,0.74,0.6667,0.43,0.1343,260
3,2011-08-31,3,0,8,3,1,1,0.74,0.6515,0.37,0.1045,221
3,2011-08-31,3,0,8,3,1,1,0.74,0.6515,0.4,0.1343,196
3,2011-08-31,3,0,8,3,1,1,0.74,0.6515,0.4,0.1343,172
3,2011-08-31,3,0,8,3,1,1,0.74,0.6667,0.42,0.1343,309
3,2011-08-31,3,0,8,3,1,1,0.72,0.6515,0.45,0.1343,608
4,2011-08-31,3,0,8,3,1,1,0.7,0.6515,0.51,0.2239,565
4,2011-08-31,3,0,8,3,1,1,0.84,0.7727,0.47,0.2537,446
4,2011-08-31,3,0,8,3,1,1,0.66,0.6212,0.57,0.1343,289
4,2011-08-31,3,0,8,3,1,1,0.66,0.6212,0.61,0.0896,201
4,2011-08-31,3,0,8,3,1,1,0.64,0.6061,0.69,0.0,157
4,2011-08-31,3,0,8,3,1,1,0.6,0.5758,0.78,0.1045,84
1,2011-09-01,3,0,9,4,1,1,0.6,0.5758,0.78,0.1045,51
1,2011-09-01,3,0,9,4,1,1,0.6,0.5909,0.73,0.0896,21
1,2011-09-01,3,0,9,4,1,1,0.58,0.5455,0.78,0.0896,25
1,2011-09-01,3,0,9,4,1,1,0.58,0.5455,0.78,0.0896,14
1,2011-09-01,3,0,9,4,1,1,0.56,0.5303,0.83,0.0896,7
1,2011-09-01,3,0,9,4,1,1,0.56,0.5303,0.73,0.0896,23
2,2011-09-01,3,0,9,4,1,1,0.6,0.5758,0.78,0.0,105
2,2011-09-01,3,0,9,4,1,1,0.6,0.5758,0.78,0.0,342
2,2011-09-01,3,0,9,4,1,1,0.62,0.5909,0.73,0.1343,498
2,2011-09-01,3,0,9,4,1,1,0.64,0.6061,0.69,0.1045,207
2,2011-09-01,3,0,9,4,1,1,0.68,0.6364,0.61,0.1343,138
2,2011-09-01,3,0,9,4,1,1,0.72,0.6667,0.51,0.1343,192
3,2011-09-01,3,0,9,4,1,2,0.72,0.6667,0.51,0.1343,229
3,2011-09-01,3,0,9,4,1,2,0.72,0.6667,0.48,0.0896,219
3,2011-09-01,3,0,9,4,1,3,0.72,0.6667,0.54,0.2537,198
3,2011-09-01,3,0,9,4,1,1,0.72,0.6667,0.51,0.1343,174
3,2011-09-01,3,0,9,4,1,1,0.74,0.6667,0.51,0.194,308
3,2011-09-01,3,0,9,4,1,1,0.72,0.6667,0.54,0.2537,628
4,2011-09-01,3,0,9,4,1,1,0.72,0.6667,0.54,0.2239,531
4,2011-09-01,3,0,9,4,1,1,0.7,0.6515,0.58,0.1642,443
4,2011-09-01,3,0,9,4,1,1,0.66,0.6212,0.61,0.2239,280
4,2011-09-01,3,0,9,4,1,2,0.66,0.6212,0.57,0.194,177
4,2011-09-01,3,0,9,4,1,2,0.66,0.6212,0.57,0.2239,179
4,2011-09-01,3,0,9,4,1,1,0.64,0.6061,0.65,0.2537,126
1,2011-09-02,3,0,9,5,1,1,0.64,0.6061,0.65,0.194,64
1,2011-09-02,3,0,9,5,1,3,0.62,0.5909,0.73,0.1045,32
1,2011-09-02,3,0,9,5,1,3,0.62,0.5909,0.73,0.1045,20
1,2011-09-02,3,0,9,5,1,2,0.6,0.5606,0.83,0.1642,8
1,2011-09-02,3,0,9,5,1,1,0.6,0.5606,0.83,0.0896,4
1,2011-09-02,3,0,9,5,1,2,0.6,0.5606,0.83,0.1343,20
2,2011-09-02,3,0,9,5,1,1,0.6,0.5606,0.83,0.1343,76
2,2011-09-02,3,0,9,5,1,1,0.6,0.5606,0.83,0.1045,259
2,2011-09-02,3,0,9,5,1,1,0.62,0.5909,0.78,0.194,456
2,2011-09-02,3,0,9,5,1,2,0.62,0.5758,0.83,0.1045,220
2,2011-09-02,3,0,9,5,1,2,0.64,0.6061,0.76,0.1642,140
2,2011-09-02,3,0,9,5,1,2,0.66,0.6212,0.74,0.1045,192
3,2011-09-02,3,0,9,5,1,2,0.66,0.6212,0.69,0.2239,260
3,2011-09-02,3,0,9,5,1,2,0.68,0.6364,0.65,0.1343,279
3,2011-09-02,3,0,9,5,1,2,0.7,0.6515,0.61,0.1045,283
3,2011-09-02,3,0,9,5,1,2,0.7,0.6515,0.61,0.2537,346
3,2011-09-02,3,0,9,5,1,2,0.7,0.6515,0.61,0.1343,381
3,2011-09-02,3,0,9,5,1,2,0.68,0.6364,0.65,0.1642,455
4,2011-09-02,3,0,9,5,1,2,0.68,0.6364,0.65,0.194,355
4,2011-09-02,3,0,9,5,1,1,0.66,0.6212,0.69,0.1343,287
4,2011-09-02,3,0,9,5,1,1,0.64,0.6061,0.73,0.0,196
4,2011-09-02,3,0,9,5,1,2,0.64,0.6061,0.73,0.0896,149
4,2011-09-02,3,0,9,5,1,2,0.64,0.6061,0.73,0.1642,147
4,2011-09-02,3,0,9,5,1,2,0.64,0.6061,0.73,0.1642,98
1,2011-09-03,3,0,9,6,0,2,0.64,0.6061,0.73,0.1045,87
1,2011-09-03,3,0,9,6,0,2,0.64,0.6061,0.69,0.2537,74
1,2011-09-03,3,0,9,6,0,2,0.64,0.6061,0.69,0.2239,41
1,2011-09-03,3,0,9,6,0,1,0.62,0.5909,0.73,0.1642,35
1,2011-09-03,3,0,9,6,0,1,0.62,0.5909,0.73,0.1642,7
1,2011-09-03,3,0,9,6,0,1,0.62,0.6061,0.69,0.194,12
2,2011-09-03,3,0,9,6,0,1,0.62,0.5909,0.73,0.1642,23
2,2011-09-03,3,0,9,6,0,1,0.62,0.5909,0.73,0.194,38
2,2011-09-03,3,0,9,6,0,1,0.64,0.6061,0.69,0.1642,89
2,2011-09-03,3,0,9,6,0,2,0.66,0.6212,0.69,0.2537,201
2,2011-09-03,3,0,9,6,0,3,0.66,0.6212,0.65,0.2537,258
2,2011-09-03,3,0,9,6,0,3,0.66,0.6212,0.69,0.2836,194
3,2011-09-03,3,0,9,6,0,1,0.7,0.6515,0.61,0.2239,257
3,2011-09-03,3,0,9,6,0,1,0.7,0.6515,0.65,0.2239,353
3,2011-09-03,3,0,9,6,0,2,0.72,0.6818,0.66,0.1642,380
3,2011-09-03,3,0,9,6,0,1,0.72,0.6818,0.7,0.1642,388
3,2011-09-03,3,0,9,6,0,1,0.72,0.6818,0.7,0.194,374
3,2011-09-03,3,0,9,6,0,1,0.72,0.6818,0.7,0.2239,371
4,2011-09-03,3,0,9,6,0,1,0.72,0.6818,0.7,0.1642,339
4,2011-09-03,3,0,9,6,0,1,0.7,0.6667,0.74,0.1343,295
4,2011-09-03,3,0,9,6,0,1,0.7,0.6667,0.79,0.1642,219
4,2011-09-03,3,0,9,6,0,1,0.68,0.6364,0.83,0.1343,164
4,2011-09-03,3,0,9,6,0,1,0.68,0.6364,0.83,0.1045,162
4,2011-09-03,3,0,9,6,0,1,0.66,0.6212,0.85,0.1343,123
1,2011-09-04,3,0,9,0,0,1,0.66,0.5909,0.89,0.194,109
1,2011-09-04,3,0,9,0,0,1,0.66,0.6061,0.83,0.1343,75
1,2011-09-04,3,0,9,0,0,1,0.66,0.6061,0.83,0.194,60
1,2011-09-04,3,0,9,0,0,1,0.64,0.5758,0.89,0.194,43
1,2011-09-04,3,0,9,0,0,1,0.64,0.5758,0.83,0.1642,4
1,2011-09-04,3,0,9,0,0,1,0.64,0.5758,0.83,0.1343,6
2,2011-09-04,3,0,9,0,0,1,0.64,0.5758,0.84,0.2239,3
2,2011-09-04,3,0,9,0,0,1,0.66,0.6061,0.78,0.194,30
2,2011-09-04,3,0,9,0,0,1,0.66,0.6061,0.78,0.1642,70
2,2011-09-04,3,0,9,0,0,1,0.66,0.6061,0.78,0.1642,189
2,2011-09-04,3,0,9,0,0,1,0.7,0.6667,0.74,0.1343,297
2,2011-09-04,3,0,9,0,0,1,0.74,0.697,0.7,0.1642,337
3,2011-09-04,3,0,9,0,0,1,0.76,0.7273,0.66,0.1642,435
3,2011-09-04,3,0,9,0,0,2,0.78,0.7424,0.62,0.2836,419
3,2011-09-04,3,0,9,0,0,1,0.78,0.7576,0.66,0.3284,361
3,2011-09-04,3,0,9,0,0,1,0.78,0.7576,0.66,0.2836,410
3,2011-09-04,3,0,9,0,0,1,0.8,0.7727,0.59,0.2239,337
3,2011-09-04,3,0,9,0,0,1,0.76,0.7273,0.66,0.2239,376
4,2011-09-04,3,0,9,0,0,1,0.76,0.7273,0.66,0.194,356
4,2011-09-04,3,0,9,0,0,1,0.74,0.697,0.7,0.194,328
4,2011-09-04,3,0,9,0,0,1,0.74,0.697,0.7,0.2985,229
4,2011-09-04,3,0,9,0,0,1,0.72,0.697,0.74,0.2537,207
4,2011-09-04,3,0,9,0,0,2,0.72,0.697,0.74,0.2836,155
4,2011-09-04,3,0,9,0,0,2,0.72,0.6818,0.7,0.1642,104
1,2011-09-05,3,0,9,1,0,2,0.7,0.6667,0.74,0.2239,97
1,2011-09-05,3,0,9,1,0,2,0.68,0.6364,0.79,0.1045,54
1,2011-09-05,3,0,9,1,0,2,0.68,0.6364,0.79,0.1642,39
1,2011-09-05,3,0,9,1,0,2,0.68,0.6364,0.74,0.2985,16
1,2011-09-05,3,0,9,1,0,2,0.68,0.6364,0.69,0.2836,8
1,2011-09-05,3,0,9,1,0,2,0.66,0.6212,0.74,0.1642,6
2,2011-09-05,3,0,9,1,0,2,0.66,0.6212,0.74,0.1343,11
2,2011-09-05,3,0,9,1,0,1,0.66,0.6212,0.74,0.1642,41
2,2011-09-05,3,0,9,1,0,2,0.66,0.6061,0.78,0.194,101
2,2011-09-05,3,0,9,1,0,3,0.68,0.6364,0.74,0.1642,152
2,2011-09-05,3,0,9,1,0,2,0.7,0.6515,0.7,0.1642,244
2,2011-09-05,3,0,9,1,0,2,0.7,0.6667,0.74,0.1642,308
3,2011-09-05,3,0,9,1,0,2,0.72,0.6818,0.7,0.194,353
3,2011-09-05,3,0,9,1,0,2,0.74,0.697,0.7,0.1343,389
3,2011-09-05,3,0,9,1,0,1,0.74,0.697,0.7,0.1642,357
3,2011-09-05,3,0,9,1,0,2,0.68,0.6364,0.79,0.2836,253
3,2011-09-05,3,0,9,1,0,2,0.68,0.6364,0.79,0.2836,284
3,2011-09-05,3,0,9,1,0,2,0.66,0.5909,0.89,0.1045,114
4,2011-09-05,3,0,9,1,0,1,0.66,0.5909,0.89,0.0896,123
4,2011-09-05,3,0,9,1,0,3,0.66,0.5909,0.94,0.1045,175
4,2011-09-05,3,0,9,1,0,3,0.66,0.5909,0.94,0.2537,82
4,2011-09-05,3,0,9,1,0,2,0.66,0.5909,0.94,0.2985,60
4,2011-09-05,3,0,9,1,0,2,0.6,0.5455,0.88,0.5821,64
4,2011-09-05,3,0,9,1,0,3,0.56,0.5303,0.88,0.3881,20
1,2011-09-06,3,0,9,2,1,3,0.54,0.5152,0.94,0.3582,8
1,2011-09-06,3,0,9,2,1,3,0.54,0.5152,0.94,0.2537,2
1,2011-09-06,3,0,9,2,1,3,0.54,0.5152,0.94,0.2985,1
1,2011-09-06,3,0,9,2,1,2,0.54,0.5152,0.94,0.2985,4
1,2011-09-06,3,0,9,2,1,3,0.54,0.5152,0.88,0.3582,21
2,2011-09-06,3,0,9,2,1,2,0.54,0.5152,0.88,0.3284,72
2,2011-09-06,3,0,9,2,1,2,0.54,0.5152,0.83,0.3582,172
2,2011-09-06,3,0,9,2,1,3,0.54,0.5152,0.83,0.3881,364
2,2011-09-06,3,0,9,2,1,2,0.54,0.5152,0.81,0.4179,185
2,2011-09-06,3,0,9,2,1,3,0.54,0.5152,0.83,0.3582,106
2,2011-09-06,3,0,9,2,1,3,0.54,0.5152,0.83,0.3881,89
3,2011-09-06,3,0,9,2,1,3,0.54,0.5152,0.83,0.3881,67
3,2011-09-06,3,0,9,2,1,3,0.54,0.5152,0.88,0.2985,29
3,2011-09-06,3,0,9,2,1,3,0.54,0.5152,0.88,0.2836,24
3,2011-09-06,3,0,9,2,1,3,0.54,0.5152,0.94,0.3881,89
3,2011-09-06,3,0,9,2,1,3,0.54,0.5152,0.94,0.3881,106
3,2011-09-06,3,0,9,2,1,2,0.54,0.5152,0.88,0.3881,291
4,2011-09-06,3,0,9,2,1,2,0.54,0.5152,0.88,0.3881,373
4,2011-09-06,3,0,9,2,1,2,0.54,0.5152,0.88,0.4179,281
4,2011-09-06,3,0,9,2,1,3,0.54,0.5152,0.88,0.2985,163
4,2011-09-06,3,0,9,2,1,3,0.54,0.5152,0.88,0.2836,121
4,2011-09-06,3,0,9,2,1,2,0.54,0.5152,0.94,0.3284,84
4,2011-09-06,3,0,9,2,1,3,0.54,0.5152,0.94,0.2537,58
1,2011-09-07,3,0,9,3,1,2,0.54,0.5152,0.94,0.2239,13
1,2011-09-07,3,0,9,3,1,3,0.54,0.5152,0.94,0.2537,5
1,2011-09-07,3,0,9,3,1,2,0.54,0.5152,0.94,0.2239,6
1,2011-09-07,3,0,9,3,1,3,0.56,0.5303,0.94,0.1343,2
1,2011-09-07,3,0,9,3,1,3,0.56,0.5303,0.94,0.1642,4
1,2011-09-07,3,0,9,3,1,2,0.56,0.5303,1.0,0.1343,16
2,2011-09-07,3,0,9,3,1,3,0.6,0.5455,0.88,0.1045,75
2,2011-09-07,3,0,9,3,1,3,0.6,0.5455,0.88,0.0896,86
2,2011-09-07,3,0,9,3,1,3,0.62,0.5455,0.94,0.0896,328
2,2011-09-07,3,0,9,3,1,3,0.6,0.5455,0.88,0.1343,190
2,2011-09-07,3,0,9,3,1,3,0.6,0.5455,0.88,0.1343,66
2,2011-09-07,3,0,9,3,1,3,0.6,0.5152,0.94,0.0,10
3,2011-09-07,3,0,9,3,1,3,0.56,0.5303,0.94,0.0,22
3,2011-09-07,3,0,9,3,1,3,0.6,0.5455,0.88,0.0,11
3,2011-09-07,3,0,9,3,1,3,0.6,0.5152,0.93,0.0,25
3,2011-09-07,3,0,9,3,1,3,0.62,0.5455,0.94,0.1045,58
3,2011-09-07,3,0,9,3,1,1,0.64,0.5758,0.89,0.0,144
3,2011-09-07,3,0,9,3,1,3,0.64,0.5758,0.89,0.0,285
4,2011-09-07,3,0,9,3,1,3,0.64,0.5758,0.89,0.0,237
4,2011-09-07,3,0,9,3,1,2,0.64,0.5758,0.89,0.0,226
4,2011-09-07,3,0,9,3,1,3,0.64,0.5758,0.89,0.0896,96
4,2011-09-07,3,0,9,3,1,3,0.64,0.5758,0.89,0.0896,38
4,2011-09-07,3,0,9,3,1,3,0.62,0.5455,0.94,0.1642,29
4,2011-09-07,3,0,9,3,1,3,0.62,0.5455,0.94,0.194,24
1,2011-09-08,3,0,9,4,1,3,0.6,0.5,1.0,0.194,14
1,2011-09-08,3,0,9,4,1,3,0.62,0.5455,0.94,0.1045,4
1,2011-09-08,3,0,9,4,1,3,0.62,0.5455,0.94,0.0,2
1,2011-09-08,3,0,9,4,1,2,0.62,0.5455,0.94,0.0896,3
1,2011-09-08,3,0,9,4,1,3,0.62,0.5455,0.94,0.0896,14
2,2011-09-08,3,0,9,4,1,3,0.62,0.5455,0.94,0.1642,56
2,2011-09-08,3,0,9,4,1,3,0.62,0.5455,0.94,0.1045,179
2,2011-09-08,3,0,9,4,1,3,0.62,0.5455,0.94,0.1343,195
2,2011-09-08,3,0,9,4,1,2,0.62,0.5152,1.0,0.2537,69
2,2011-09-08,3,0,9,4,1,2,0.64,0.5606,0.94,0.1045,65
2,2011-09-08,3,0,9,4,1,2,0.64,0.5606,0.94,0.2239,98
3,2011-09-08,3,0,9,4,1,2,0.66,0.5909,0.94,0.2239,102
3,2011-09-08,3,0,9,4,1,2,0.68,0.6364,0.83,0.3881,126
3,2011-09-08,3,0,9,4,1,2,0.7,0.6667,0.79,0.3582,120
3,2011-09-08,3,0,9,4,1,3,0.66,0.5909,0.89,0.2985,139
3,2011-09-08,3,0,9,4,1,3,0.64,0.5606,0.94,0.2836,156
3,2011-09-08,3,0,9,4,1,3,0.64,0.5606,0.94,0.2836,113
4,2011-09-08,3,0,9,4,1,3,0.64,0.5606,0.94,0.3582,68
4,2011-09-08,3,0,9,4,1,3,0.62,0.5152,1.0,0.3284,52
4,2011-09-08,3,0,9,4,1,2,0.62,0.5455,0.94,0.1642,89
4,2011-09-08,3,0,9,4,1,3,0.64,0.5606,0.94,0.1045,82
4,2011-09-08,3,0,9,4,1,3,0.62,0.5152,1.0,0.0896,70
4,2011-09-08,3,0,9,4,1,3,0.62,0.5152,1.0,0.0896,26
1,2011-09-09,3,0,9,5,1,3,0.64,0.5606,0.94,0.194,16
1,2011-09-09,3,0,9,5,1,2,0.62,0.5152,1.0,0.1642,8
1,2011-09-09,3,0,9,5,1,2,0.62,0.5152,1.0,0.2537,8
1,2011-09-09,3,0,9,5,1,2,0.62,0.5455,0.94,0.2537,2
1,2011-09-09,3,0,9,5,1,3,0.62,0.5455,0.94,0.1642,3
1,2011-09-09,3,0,9,5,1,2,0.62,0.5455,0.94,0.1343,14
2,2011-09-09,3,0,9,5,1,2,0.62,0.5152,1.0,0.1343,57
2,2011-09-09,3,0,9,5,1,3,0.62,0.5152,1.0,0.2537,108
2,2011-09-09,3,0,9,5,1,3,0.62,0.5455,0.94,0.1642,288
2,2011-09-09,3,0,9,5,1,3,0.62,0.5455,0.94,0.1642,136
2,2011-09-09,3,0,9,5,1,2,0.62,0.5152,1.0,0.0,29
2,2011-09-09,3,0,9,5,1,2,0.62,0.5455,0.94,0.0,72
3,2011-09-09,3,0,9,5,1,1,0.64,0.5606,0.94,0.0,75
3,2011-09-09,3,0,9,5,1,1,0.7,0.6667,0.79,0.0896,122
3,2011-09-09,3,0,9,5,1,1,0.72,0.697,0.74,0.0896,148
3,2011-09-09,3,0,9,5,1,1,0.74,0.697,0.66,0.0,188
3,2011-09-09,3,0,9,5,1,1,0.74,0.697,0.66,0.1343,285
3,2011-09-09,3,0,9,5,1,1,0.7,0.6667,0.79,0.2537,505
4,2011-09-09,3,0,9,5,1,1,0.7,0.6667,0.79,0.194,410
4,2011-09-09,3,0,9,5,1,1,0.66,0.5909,0.89,0.1642,349
4,2011-09-09,3,0,9,5,1,1,0.64,0.5606,0.94,0.0896,210
4,2011-09-09,3,0,9,5,1,1,0.66,0.5909,0.89,0.0,203
4,2011-09-09,3,0,9,5,1,1,0.62,0.5455,0.94,0.0,160
4,2011-09-09,3,0,9,5,1,1,0.62,0.5455,0.94,0.0896,148
1,2011-09-10,3,0,9,6,0,1,0.62,0.5455,0.94,0.0,116
1,2011-09-10,3,0,9,6,0,2,0.62,0.5455,0.94,0.0,83
1,2011-09-10,3,0,9,6,0,2,0.6,0.5,0.97,0.1045,64
1,2011-09-10,3,0,9,6,0,1,0.58,0.5455,1.0,0.1343,37
1,2011-09-10,3,0,9,6,0,1,0.58,0.5455,0.94,0.0896,7
1,2011-09-10,3,0,9,6,0,1,0.58,0.5455,0.94,0.1343,8
2,2011-09-10,3,0,9,6,0,1,0.58,0.5455,0.94,0.1642,6
2,2011-09-10,3,0,9,6,0,1,0.6,0.5455,0.88,0.1343,52
2,2011-09-10,3,0,9,6,0,1,0.62,0.5758,0.83,0.1642,119
2,2011-09-10,3,0,9,6,0,1,0.64,0.5909,0.78,0.2985,207
2,2011-09-10,3,0,9,6,0,1,0.7,0.6515,0.65,0.2537,318
2,2011-09-10,3,0,9,6,0,1,0.72,0.6818,0.62,0.2537,360
3,2011-09-10,3,0,9,6,0,1,0.72,0.6818,0.62,0.2239,404
3,2011-09-10,3,0,9,6,0,1,0.74,0.6818,0.55,0.2836,370
3,2011-09-10,3,0,9,6,0,1,0.74,0.6818,0.55,0.2836,359
3,2011-09-10,3,0,9,6,0,1,0.74,0.6818,0.55,0.2239,480
3,2011-09-10,3,0,9,6,0,1,0.74,0.6818,0.55,0.194,431
3,2011-09-10,3,0,9,6,0,1,0.74,0.6818,0.55,0.2239,460
4,2011-09-10,3,0,9,6,0,1,0.72,0.6667,0.58,0.194,360
4,2011-09-10,3,0,9,6,0,1,0.7,0.6515,0.58,0.1343,315
4,2011-09-10,3,0,9,6,0,1,0.66,0.6212,0.69,0.1045,245
4,2011-09-10,3,0,9,6,0,1,0.64,0.5909,0.78,0.0896,230
4,2011-09-10,3,0,9,6,0,1,0.64,0.5909,0.78,0.0,175
4,2011-09-10,3,0,9,6,0,2,0.62,0.5606,0.88,0.0,139
1,2011-09-11,3,0,9,0,0,1,0.62,0.5606,0.88,0.0,108
1,2011-09-11,3,0,9,0,0,2,0.62,0.5606,0.88,0.0,88
1,2011-09-11,3,0,9,0,0,2,0.62,0.5909,0.78,0.194,76
1,2011-09-11,3,0,9,0,0,2,0.62,0.5909,0.78,0.0896,45
1,2011-09-11,3,0,9,0,0,1,0.6,0.5606,0.83,0.1343,9
1,2011-09-11,3,0,9,0,0,1,0.6,0.5606,0.83,0.1343,39
2,2011-09-11,3,0,9,0,0,1,0.58,0.5455,0.88,0.1045,20
2,2011-09-11,3,0,9,0,0,1,0.6,0.5455,0.88,0.0,37
2,2011-09-11,3,0,9,0,0,1,0.64,0.5909,0.78,0.0,94
2,2011-09-11,3,0,9,0,0,1,0.66,0.6212,0.74,0.0,227
2,2011-09-11,3,0,9,0,0,1,0.7,0.6515,0.65,0.0,334
2,2011-09-11,3,0,9,0,0,1,0.7,0.6515,0.65,0.0,402
3,2011-09-11,3,0,9,0,0,1,0.7,0.6515,0.65,0.0,411
3,2011-09-11,3,0,9,0,0,1,0.74,0.6818,0.58,0.1045,350
3,2011-09-11,3,0,9,0,0,1,0.72,0.6667,0.58,0.2836,342
3,2011-09-11,3,0,9,0,0,1,0.74,0.6667,0.51,0.2985,404
3,2011-09-11,3,0,9,0,0,1,0.72,0.6667,0.51,0.2985,483
3,2011-09-11,3,0,9,0,0,1,0.72,0.6667,0.51,0.1343,380
4,2011-09-11,3,0,9,0,0,1,0.68,0.6364,0.65,0.2985,339
4,2011-09-11,3,0,9,0,0,1,0.64,0.6061,0.69,0.1045,333
4,2011-09-11,3,0,9,0,0,1,0.62,0.5909,0.73,0.1045,226
4,2011-09-11,3,0,9,0,0,1,0.64,0.6061,0.69,0.0,159
4,2011-09-11,3,0,9,0,0,1,0.62,0.6061,0.69,0.3881,95
4,2011-09-11,3,0,9,0,0,3,0.58,0.5455,0.78,0.0896,45
1,2011-09-12,3,0,9,1,1,1,0.56,0.5303,0.88,0.0896,16
1,2011-09-12,3,0,9,1,1,1,0.56,0.5303,0.88,0.0,12
1,2011-09-12,3,0,9,1,1,1,0.56,0.5303,0.88,0.0,2
1,2011-09-12,3,0,9,1,1,1,0.54,0.5152,0.94,0.1045,4
1,2011-09-12,3,0,9,1,1,1,0.56,0.5303,0.83,0.0,24
2,2011-09-12,3,0,9,1,1,1,0.56,0.5303,0.83,0.0,109
2,2011-09-12,3,0,9,1,1,1,0.58,0.5455,0.83,0.0,312
2,2011-09-12,3,0,9,1,1,1,0.6,0.5758,0.78,0.0896,408
2,2011-09-12,3,0,9,1,1,1,0.64,0.6061,0.69,0.0,176
2,2011-09-12,3,0,9,1,1,1,0.68,0.6364,0.62,0.1642,129
2,2011-09-12,3,0,9,1,1,1,0.7,0.6515,0.58,0.194,165
3,2011-09-12,3,0,9,1,1,1,0.72,0.6667,0.51,0.194,184
3,2011-09-12,3,0,9,1,1,1,0.72,0.6667,0.54,0.1045,163
3,2011-09-12,3,0,9,1,1,1,0.74,0.6667,0.51,0.1642,189
3,2011-09-12,3,0,9,1,1,1,0.74,0.6667,0.48,0.0896,212
3,2011-09-12,3,0,9,1,1,1,0.72,0.6667,0.48,0.0,298
3,2011-09-12,3,0,9,1,1,1,0.72,0.6667,0.51,0.1642,590
4,2011-09-12,3,0,9,1,1,1,0.7,0.6515,0.54,0.194,571
4,2011-09-12,3,0,9,1,1,1,0.68,0.6364,0.57,0.1343,436
4,2011-09-12,3,0,9,1,1,1,0.66,0.6212,0.65,0.0,299
4,2011-09-12,3,0,9,1,1,1,0.64,0.6061,0.73,0.0896,195
4,2011-09-12,3,0,9,1,1,1,0.62,0.5758,0.83,0.1642,150
4,2011-09-12,3,0,9,1,1,1,0.62,0.5758,0.83,0.1045,69
1,2011-09-13,3,0,9,2,1,1,0.6,0.5455,0.88,0.1045,26
1,2011-09-13,3,0,9,2,1,1,0.58,0.5455,0.83,0.1045,10
1,2011-09-13,3,0,9,2,1,1,0.6,0.5758,0.78,0.0,2
1,2011-09-13,3,0,9,2,1,1,0.58,0.5455,0.83,0.0,4
1,2011-09-13,3,0,9,2,1,1,0.56,0.5303,0.88,0.0,8
1,2011-09-13,3,0,9,2,1,1,0.56,0.5303,0.88,0.0,20
2,2011-09-13,3,0,9,2,1,1,0.56,0.5303,0.88,0.1045,122
2,2011-09-13,3,0,9,2,1,1,0.58,0.5455,0.83,0.0896,362
2,2011-09-13,3,0,9,2,1,1,0.6,0.5606,0.81,0.1045,425
2,2011-09-13,3,0,9,2,1,1,0.64,0.6061,0.69,0.0896,214
2,2011-09-13,3,0,9,2,1,1,0.68,0.6364,0.69,0.1343,135
2,2011-09-13,3,0,9,2,1,1,0.7,0.6515,0.61,0.1642,153
3,2011-09-13,3,0,9,2,1,1,0.72,0.6667,0.58,0.2239,187
3,2011-09-13,3,0,9,2,1,1,0.74,0.6667,0.51,0.2836,184
3,2011-09-13,3,0,9,2,1,1,0.74,0.6667,0.51,0.3284,190
3,2011-09-13,3,0,9,2,1,1,0.74,0.6667,0.51,0.2985,180
3,2011-09-13,3,0,9,2,1,1,0.74,0.6667,0.51,0.2239,292
3,2011-09-13,3,0,9,2,1,1,0.74,0.6667,0.51,0.2239,579
4,2011-09-13,3,0,9,2,1,1,0.7,0.6515,0.61,0.1642,539
4,2011-09-13,3,0,9,2,1,1,0.68,0.6364,0.69,0.1642,396
4,2011-09-13,3,0,9,2,1,1,0.66,0.6212,0.74,0.194,272
4,2011-09-13,3,0,9,2,1,1,0.64,0.5909,0.78,0.1642,245
4,2011-09-13,3,0,9,2,1,1,0.64,0.5909,0.78,0.1343,144
4,2011-09-13,3,0,9,2,1,1,0.64,0.5909,0.78,0.1045,74
1,2011-09-14,3,0,9,3,1,1,0.62,0.5909,0.78,0.0896,33
1,2011-09-14,3,0,9,3,1,1,0.62,0.5909,0.78,0.0896,8
1,2011-09-14,3,0,9,3,1,1,0.6,0.5606,0.83,0.0,5
1,2011-09-14,3,0,9,3,1,1,0.6,0.5455,0.88,0.1343,8
1,2011-09-14,3,0,9,3,1,1,0.6,0.5606,0.83,0.0896,9
1,2011-09-14,3,0,9,3,1,1,0.58,0.5455,0.88,0.1045,31
2,2011-09-14,3,0,9,3,1,1,0.58,0.5455,0.88,0.1045,145
2,2011-09-14,3,0,9,3,1,1,0.6,0.5606,0.83,0.1045,370
2,2011-09-14,3,0,9,3,1,1,0.62,0.5758,0.83,0.1642,429
2,2011-09-14,3,0,9,3,1,1,0.64,0.5909,0.78,0.1642,202
2,2011-09-14,3,0,9,3,1,1,0.7,0.6515,0.7,0.1343,142
2,2011-09-14,3,0,9,3,1,1,0.72,0.6818,0.66,0.1642,164
3,2011-09-14,3,0,9,3,1,1,0.74,0.6818,0.58,0.2239,212
3,2011-09-14,3,0,9,3,1,1,0.76,0.697,0.55,0.2537,178
3,2011-09-14,3,0,9,3,1,1,0.78,0.7121,0.52,0.2239,124
3,2011-09-14,3,0,9,3,1,1,0.78,0.7121,0.49,0.2537,176
3,2011-09-14,3,0,9,3,1,1,0.76,0.697,0.52,0.2836,277
3,2011-09-14,3,0,9,3,1,1,0.76,0.697,0.52,0.2836,599
4,2011-09-14,3,0,9,3,1,1,0.72,0.6818,0.62,0.1642,586
4,2011-09-14,3,0,9,3,1,2,0.7,0.6515,0.7,0.1045,381
4,2011-09-14,3,0,9,3,1,2,0.72,0.6667,0.58,0.4179,261
4,2011-09-14,3,0,9,3,1,2,0.66,0.6212,0.65,0.2239,213
4,2011-09-14,3,0,9,3,1,2,0.66,0.6212,0.65,0.1343,160
4,2011-09-14,3,0,9,3,1,2,0.64,0.6061,0.69,0.1045,72
1,2011-09-15,3,0,9,4,1,1,0.64,0.6061,0.69,0.1343,37
1,2011-09-15,3,0,9,4,1,1,0.64,0.6061,0.69,0.1642,20
1,2011-09-15,3,0,9,4,1,1,0.62,0.5909,0.73,0.1045,5
1,2011-09-15,3,0,9,4,1,1,0.62,0.5909,0.73,0.0896,8
1,2011-09-15,3,0,9,4,1,1,0.6,0.5758,0.78,0.1045,7
1,2011-09-15,3,0,9,4,1,1,0.6,0.5758,0.78,0.0,31
2,2011-09-15,3,0,9,4,1,2,0.6,0.5606,0.83,0.2537,124
2,2011-09-15,3,0,9,4,1,2,0.62,0.5909,0.78,0.194,338
2,2011-09-15,3,0,9,4,1,1,0.64,0.6061,0.73,0.1343,391
2,2011-09-15,3,0,9,4,1,2,0.64,0.6061,0.73,0.3582,209
2,2011-09-15,3,0,9,4,1,2,0.66,0.6212,0.69,0.2537,121
2,2011-09-15,3,0,9,4,1,2,0.68,0.6364,0.65,0.1343,159
3,2011-09-15,3,0,9,4,1,2,0.66,0.6212,0.69,0.2985,179
3,2011-09-15,3,0,9,4,1,2,0.64,0.6061,0.65,0.2836,189
3,2011-09-15,3,0,9,4,1,2,0.64,0.6061,0.65,0.4179,170
3,2011-09-15,3,0,9,4,1,2,0.6,0.5909,0.69,0.4179,135
3,2011-09-15,3,0,9,4,1,2,0.54,0.5152,0.77,0.4627,222
3,2011-09-15,3,0,9,4,1,3,0.48,0.4697,0.82,0.4627,261
4,2011-09-15,3,0,9,4,1,3,0.48,0.4697,0.67,0.6119,244
4,2011-09-15,3,0,9,4,1,1,0.46,0.4545,0.67,0.4627,232
4,2011-09-15,3,0,9,4,1,1,0.46,0.4545,0.63,0.3284,248
4,2011-09-15,3,0,9,4,1,1,0.46,0.4545,0.63,0.3284,145
4,2011-09-15,3,0,9,4,1,1,0.44,0.4394,0.67,0.2836,115
4,2011-09-15,3,0,9,4,1,1,0.44,0.4394,0.67,0.2239,69
1,2011-09-16,3,0,9,5,1,1,0.42,0.4242,0.71,0.2239,48
1,2011-09-16,3,0,9,5,1,1,0.42,0.4242,0.67,0.194,26
1,2011-09-16,3,0,9,5,1,1,0.4,0.4091,0.71,0.2836,10
1,2011-09-16,3,0,9,5,1,1,0.4,0.4091,0.71,0.2537,6
1,2011-09-16,3,0,9,5,1,1,0.4,0.4091,0.71,0.2836,4
1,2011-09-16,3,0,9,5,1,1,0.38,0.3939,0.76,0.194,32
2,2011-09-16,3,0,9,5,1,1,0.38,0.3939,0.71,0.2239,93
2,2011-09-16,3,0,9,5,1,1,0.4,0.4091,0.71,0.2836,299
2,2011-09-16,3,0,9,5,1,1,0.42,0.4242,0.67,0.2239,409
2,2011-09-16,3,0,9,5,1,1,0.46,0.4545,0.55,0.2537,210
2,2011-09-16,3,0,9,5,1,2,0.5,0.4848,0.51,0.2836,140
2,2011-09-16,3,0,9,5,1,2,0.5,0.4848,0.51,0.1343,179
3,2011-09-16,3,0,9,5,1,2,0.52,0.5,0.45,0.0,251
3,2011-09-16,3,0,9,5,1,2,0.54,0.5152,0.42,0.0,223
3,2011-09-16,3,0,9,5,1,2,0.54,0.5152,0.45,0.1642,225
3,2011-09-16,3,0,9,5,1,2,0.54,0.5152,0.45,0.2239,203
3,2011-09-16,3,0,9,5,1,2,0.52,0.5,0.48,0.1642,358
3,2011-09-16,3,0,9,5,1,2,0.52,0.5,0.48,0.1343,566
4,2011-09-16,3,0,9,5,1,2,0.52,0.5,0.52,0.1642,482
4,2011-09-16,3,0,9,5,1,2,0.5,0.4848,0.55,0.1642,315
4,2011-09-16,3,0,9,5,1,2,0.5,0.4848,0.55,0.0,225
4,2011-09-16,3,0,9,5,1,2,0.5,0.4848,0.63,0.0,163
4,2011-09-16,3,0,9,5,1,1,0.48,0.4697,0.67,0.0896,167
4,2011-09-16,3,0,9,5,1,1,0.5,0.4848,0.59,0.0,126
1,2011-09-17,3,0,9,6,0,1,0.46,0.4545,0.72,0.1642,108
1,2011-09-17,3,0,9,6,0,1,0.46,0.4545,0.72,0.1045,80
1,2011-09-17,3,0,9,6,0,1,0.46,0.4545,0.82,0.0896,79
1,2011-09-17,3,0,9,6,0,1,0.46,0.4545,0.72,0.1343,28
1,2011-09-17,3,0,9,6,0,1,0.46,0.4545,0.72,0.1343,5
1,2011-09-17,3,0,9,6,0,1,0.46,0.4545,0.72,0.1642,5
2,2011-09-17,3,0,9,6,0,2,0.46,0.4545,0.72,0.2239,22
2,2011-09-17,3,0,9,6,0,2,0.46,0.4545,0.77,0.194,37
2,2011-09-17,3,0,9,6,0,2,0.46,0.4545,0.77,0.2537,108
2,2011-09-17,3,0,9,6,0,2,0.48,0.4697,0.67,0.2239,177
2,2011-09-17,3,0,9,6,0,2,0.5,0.4848,0.68,0.2836,249
2,2011-09-17,3,0,9,6,0,2,0.52,0.5,0.68,0.2239,367
3,2011-09-17,3,0,9,6,0,2,0.52,0.5,0.67,0.2239,372
3,2011-09-17,3,0,9,6,0,2,0.52,0.5,0.68,0.194,349
3,2011-09-17,3,0,9,6,0,2,0.52,0.5,0.72,0.194,297
3,2011-09-17,3,0,9,6,0,2,0.52,0.5,0.72,0.194,354
3,2011-09-17,3,0,9,6,0,1,0.54,0.5152,0.68,0.2537,305
3,2011-09-17,3,0,9,6,0,1,0.52,0.5,0.72,0.2239,359
4,2011-09-17,3,0,9,6,0,2,0.52,0.5,0.72,0.2239,329
4,2011-09-17,3,0,9,6,0,1,0.52,0.5,0.68,0.1343,256
4,2011-09-17,3,0,9,6,0,1,0.52,0.5,0.68,0.1343,176
4,2011-09-17,3,0,9,6,0,2,0.5,0.4848,0.72,0.194,170
4,2011-09-17,3,0,9,6,0,1,0.5,0.4848,0.72,0.2239,143
4,2011-09-17,3,0,9,6,0,1,0.46,0.4545,0.82,0.1642,136
1,2011-09-18,3,0,9,0,0,1,0.46,0.4545,0.77,0.2239,112
1,2011-09-18,3,0,9,0,0,1,0.46,0.4545,0.77,0.2239,79
1,2011-09-18,3,0,9,0,0,1,0.44,0.4394,0.82,0.2537,89
1,2011-09-18,3,0,9,0,0,1,0.44,0.4394,0.82,0.194,36
1,2011-09-18,3,0,9,0,0,1,0.44,0.4394,0.77,0.2239,1
1,2011-09-18,3,0,9,0,0,1,0.44,0.4394,0.77,0.2239,6
2,2011-09-18,3,0,9,0,0,1,0.44,0.4394,0.77,0.2537,12
2,2011-09-18,3,0,9,0,0,1,0.46,0.4545,0.72,0.2239,44
2,2011-09-18,3,0,9,0,0,1,0.46,0.4545,0.72,0.2537,69
2,2011-09-18,3,0,9,0,0,1,0.48,0.4697,0.67,0.2537,140
2,2011-09-18,3,0,9,0,0,1,0.5,0.4848,0.72,0.1642,260
2,2011-09-18,3,0,9,0,0,1,0.52,0.5,0.68,0.2239,317
3,2011-09-18,3,0,9,0,0,1,0.54,0.5152,0.64,0.1343,364
3,2011-09-18,3,0,9,0,0,1,0.56,0.5303,0.6,0.1343,376
3,2011-09-18,3,0,9,0,0,2,0.58,0.5455,0.56,0.1343,311
3,2011-09-18,3,0,9,0,0,2,0.58,0.5455,0.6,0.1343,365
3,2011-09-18,3,0,9,0,0,2,0.56,0.5303,0.64,0.1642,369
3,2011-09-18,3,0,9,0,0,2,0.56,0.5303,0.64,0.194,325
4,2011-09-18,3,0,9,0,0,2,0.56,0.5303,0.6,0.1045,289
4,2011-09-18,3,0,9,0,0,2,0.54,0.5152,0.68,0.1045,245
4,2011-09-18,3,0,9,0,0,2,0.54,0.5152,0.68,0.0896,180
4,2011-09-18,3,0,9,0,0,2,0.54,0.5152,0.68,0.0896,147
4,2011-09-18,3,0,9,0,0,2,0.54,0.5152,0.68,0.0896,84
4,2011-09-18,3,0,9,0,0,1,0.54,0.5152,0.68,0.194,54
1,2011-09-19,3,0,9,1,1,2,0.52,0.5,0.72,0.1642,37
1,2011-09-19,3,0,9,1,1,2,0.52,0.5,0.72,0.1045,10
1,2011-09-19,3,0,9,1,1,2,0.52,0.5,0.72,0.1343,13
1,2011-09-19,3,0,9,1,1,2,0.5,0.4848,0.77,0.1343,5
1,2011-09-19,3,0,9,1,1,2,0.5,0.4848,0.77,0.1642,8
1,2011-09-19,3,0,9,1,1,2,0.5,0.4848,0.77,0.194,28
2,2011-09-19,3,0,9,1,1,1,0.5,0.4848,0.77,0.2239,113
2,2011-09-19,3,0,9,1,1,2,0.5,0.4848,0.82,0.2239,332
2,2011-09-19,3,0,9,1,1,2,0.52,0.5,0.77,0.1343,420
2,2011-09-19,3,0,9,1,1,2,0.54,0.5152,0.68,0.1642,215
2,2011-09-19,3,0,9,1,1,2,0.56,0.5303,0.64,0.1343,105
2,2011-09-19,3,0,9,1,1,2,0.58,0.5455,0.64,0.1642,139
3,2011-09-19,3,0,9,1,1,2,0.58,0.5455,0.6,0.0896,189
3,2011-09-19,3,0,9,1,1,2,0.6,0.6061,0.6,0.0,177
3,2011-09-19,3,0,9,1,1,2,0.6,0.6061,0.6,0.194,188
3,2011-09-19,3,0,9,1,1,2,0.6,0.6061,0.6,0.2239,187
3,2011-09-19,3,0,9,1,1,2,0.6,0.6061,0.6,0.1642,263
3,2011-09-19,3,0,9,1,1,2,0.58,0.5455,0.64,0.1343,568
4,2011-09-19,3,0,9,1,1,2,0.56,0.5303,0.68,0.1343,540
4,2011-09-19,3,0,9,1,1,2,0.56,0.5303,0.68,0.1045,374
4,2011-09-19,3,0,9,1,1,2,0.56,0.5303,0.68,0.1343,231
4,2011-09-19,3,0,9,1,1,2,0.56,0.5303,0.68,0.1642,200
4,2011-09-19,3,0,9,1,1,2,0.56,0.5303,0.68,0.1642,129
4,2011-09-19,3,0,9,1,1,2,0.56,0.5303,0.73,0.194,68
1,2011-09-20,3,0,9,2,1,2,0.56,0.5303,0.73,0.1642,25
1,2011-09-20,3,0,9,2,1,2,0.54,0.5152,0.88,0.1642,14
1,2011-09-20,3,0,9,2,1,2,0.54,0.5152,0.88,0.1642,5
1,2011-09-20,3,0,9,2,1,2,0.54,0.5152,0.83,0.2239,3
1,2011-09-20,3,0,9,2,1,1,0.54,0.5152,0.88,0.194,6
1,2011-09-20,3,0,9,2,1,2,0.54,0.5152,0.88,0.194,22
2,2011-09-20,3,0,9,2,1,2,0.54,0.5152,0.88,0.194,114
2,2011-09-20,3,0,9,2,1,2,0.54,0.5152,0.88,0.1642,329
2,2011-09-20,3,0,9,2,1,3,0.54,0.5152,0.94,0.2537,209
2,2011-09-20,3,0,9,2,1,3,0.54,0.5152,0.94,0.2239,69
2,2011-09-20,3,0,9,2,1,3,0.56,0.5303,0.88,0.1642,30
2,2011-09-20,3,0,9,2,1,3,0.56,0.5303,0.88,0.1642,56
3,2011-09-20,3,0,9,2,1,2,0.56,0.5303,0.94,0.1642,60
3,2011-09-20,3,0,9,2,1,2,0.56,0.5303,0.94,0.1343,103
3,2011-09-20,3,0,9,2,1,2,0.58,0.5455,0.88,0.194,112
3,2011-09-20,3,0,9,2,1,2,0.62,0.5909,0.78,0.1045,192
3,2011-09-20,3,0,9,2,1,2,0.6,0.5606,0.83,0.1642,264
3,2011-09-20,3,0,9,2,1,1,0.6,0.5606,0.83,0.1045,511
4,2011-09-20,3,0,9,2,1,1,0.6,0.5606,0.83,0.1045,492
4,2011-09-20,3,0,9,2,1,1,0.58,0.5455,0.88,0.0,337
4,2011-09-20,3,0,9,2,1,1,0.56,0.5303,0.94,0.0,253
4,2011-09-20,3,0,9,2,1,1,0.56,0.5303,0.94,0.0,206
4,2011-09-20,3,0,9,2,1,1,0.56,0.5303,0.94,0.0,148
4,2011-09-20,3,0,9,2,1,1,0.56,0.5303,0.94,0.0,81
1,2011-09-21,3,0,9,3,1,1,0.54,0.5152,1.0,0.0,27
1,2011-09-21,3,0,9,3,1,1,0.54,0.5152,0.94,0.0,17
1,2011-09-21,3,0,9,3,1,1,0.54,0.5152,0.94,0.0,6
1,2011-09-21,3,0,9,3,1,2,0.54,0.5152,0.94,0.0896,6
1,2011-09-21,3,0,9,3,1,2,0.54,0.5152,1.0,0.1343,7
1,2011-09-21,3,0,9,3,1,2,0.54,0.5152,1.0,0.1642,31
2,2011-09-21,3,0,9,3,1,2,0.54,0.5152,1.0,0.194,117
2,2011-09-21,3,0,9,3,1,2,0.54,0.5152,1.0,0.194,330
2,2011-09-21,3,0,9,3,1,2,0.54,0.5152,1.0,0.1045,462
2,2011-09-21,3,0,9,3,1,2,0.56,0.5303,1.0,0.0896,208
2,2011-09-21,3,0,9,3,1,2,0.6,0.5455,0.88,0.0,133
2,2011-09-21,3,0,9,3,1,2,0.62,0.5758,0.83,0.1642,180
3,2011-09-21,3,0,9,3,1,2,0.64,0.5909,0.78,0.0896,193
3,2011-09-21,3,0,9,3,1,2,0.66,0.6212,0.74,0.1642,181
3,2011-09-21,3,0,9,3,1,2,0.66,0.6212,0.74,0.194,179
3,2011-09-21,3,0,9,3,1,2,0.66,0.6212,0.74,0.1045,185
3,2011-09-21,3,0,9,3,1,2,0.66,0.6212,0.74,0.1045,281
3,2011-09-21,3,0,9,3,1,3,0.66,0.6212,0.74,0.1642,536
4,2011-09-21,3,0,9,3,1,3,0.64,0.5758,0.83,0.1642,408
4,2011-09-21,3,0,9,3,1,3,0.62,0.5455,0.94,0.0,283
4,2011-09-21,3,0,9,3,1,3,0.62,0.5455,0.94,0.0,160
4,2011-09-21,3,0,9,3,1,2,0.6,0.5,1.0,0.0896,200
4,2011-09-21,3,0,9,3,1,2,0.62,0.5455,0.94,0.0,127
4,2011-09-21,3,0,9,3,1,1,0.6,0.5152,0.94,0.1045,95
1,2011-09-22,3,0,9,4,1,1,0.6,0.5152,0.94,0.1045,41
1,2011-09-22,3,0,9,4,1,2,0.6,0.5152,0.94,0.0896,11
1,2011-09-22,3,0,9,4,1,2,0.6,0.5152,0.94,0.1045,10
1,2011-09-22,3,0,9,4,1,2,0.6,0.5152,0.94,0.0896,12
1,2011-09-22,3,0,9,4,1,2,0.6,0.5152,0.94,0.0896,2
1,2011-09-22,3,0,9,4,1,2,0.6,0.5152,0.94,0.1045,30
2,2011-09-22,3,0,9,4,1,2,0.6,0.5,1.0,0.1343,101
2,2011-09-22,3,0,9,4,1,2,0.6,0.5,1.0,0.1045,311
2,2011-09-22,3,0,9,4,1,2,0.6,0.5,1.0,0.1642,415
2,2011-09-22,3,0,9,4,1,2,0.62,0.5455,0.94,0.194,203
2,2011-09-22,3,0,9,4,1,2,0.64,0.5758,0.89,0.2239,120
2,2011-09-22,3,0,9,4,1,2,0.64,0.5758,0.89,0.194,165
3,2011-09-22,3,0,9,4,1,2,0.66,0.6061,0.83,0.1642,176
3,2011-09-22,3,0,9,4,1,2,0.66,0.6061,0.83,0.194,193
3,2011-09-22,3,0,9,4,1,2,0.66,0.6061,0.83,0.2239,183
3,2011-09-22,3,0,9,4,1,2,0.68,0.6364,0.79,0.1642,181
3,2011-09-22,3,0,9,4,1,2,0.68,0.6364,0.74,0.1343,301
3,2011-09-22,3,0,9,4,1,2,0.66,0.6061,0.78,0.0896,563
4,2011-09-22,3,0,9,4,1,2,0.64,0.5758,0.83,0.1045,551
4,2011-09-22,3,0,9,4,1,2,0.64,0.5758,0.89,0.0896,420
4,2011-09-22,3,0,9,4,1,2,0.62,0.5455,0.94,0.1343,285
4,2011-09-22,3,0,9,4,1,2,0.64,0.5758,0.89,0.0896,221
4,2011-09-22,3,0,9,4,1,2,0.62,0.5152,1.0,0.0896,187
4,2011-09-22,3,0,9,4,1,2,0.62,0.5455,0.94,0.0,113
1,2011-09-23,4,0,9,5,1,2,0.62,0.5455,0.94,0.0896,52
1,2011-09-23,4,0,9,5,1,2,0.6,0.5,1.0,0.0,31
1,2011-09-23,4,0,9,5,1,2,0.6,0.5,1.0,0.1045,20
1,2011-09-23,4,0,9,5,1,2,0.6,0.5,1.0,0.0,8
1,2011-09-23,4,0,9,5,1,3,0.6,0.5,1.0,0.0,13
1,2011-09-23,4,0,9,5,1,2,0.62,0.5455,0.94,0.0,22
2,2011-09-23,4,0,9,5,1,2,0.62,0.5455,0.94,0.0896,104
2,2011-09-23,4,0,9,5,1,3,0.62,0.5455,0.94,0.1343,254
2,2011-09-23,4,0,9,5,1,3,0.62,0.5455,0.94,0.1343,317
2,2011-09-23,4,0,9,5,1,3,0.62,0.5152,1.0,0.1343,111
2,2011-09-23,4,0,9,5,1,3,0.62,0.5152,1.0,0.1045,35
2,2011-09-23,4,0,9,5,1,3,0.62,0.5152,1.0,0.1045,21
3,2011-09-23,4,0,9,5,1,3,0.62,0.5455,0.94,0.1045,29
3,2011-09-23,4,0,9,5,1,3,0.6,0.5,1.0,0.0896,34
3,2011-09-23,4,0,9,5,1,3,0.6,0.5,1.0,0.0896,24
3,2011-09-23,4,0,9,5,1,3,0.62,0.5455,0.94,0.1045,61
3,2011-09-23,4,0,9,5,1,3,0.62,0.5455,0.94,0.0,56
3,2011-09-23,4,0,9,5,1,2,0.6,0.5,1.0,0.0,99
4,2011-09-23,4,0,9,5,1,1,0.6,0.5,1.0,0.0,234
4,2011-09-23,4,0,9,5,1,1,0.62,0.5455,0.94,0.1343,248
4,2011-09-23,4,0,9,5,1,1,0.6,0.5152,0.94,0.0,179
4,2011-09-23,4,0,9,5,1,1,0.6,0.5,1.0,0.1642,138
4,2011-09-23,4,0,9,5,1,1,0.6,0.5152,0.94,0.1642,157
4,2011-09-23,4,0,9,5,1,2,0.58,0.5455,1.0,0.1343,148
1,2011-09-24,4,0,9,6,0,1,0.58,0.5455,1.0,0.0896,93
1,2011-09-24,4,0,9,6,0,2,0.58,0.5455,0.94,0.0896,79
1,2011-09-24,4,0,9,6,0,2,0.58,0.5455,0.94,0.0896,68
1,2011-09-24,4,0,9,6,0,1,0.58,0.5455,0.94,0.0,31
1,2011-09-24,4,0,9,6,0,1,0.56,0.5303,0.94,0.1045,8
1,2011-09-24,4,0,9,6,0,2,0.56,0.5303,0.94,0.1045,5
2,2011-09-24,4,0,9,6,0,2,0.56,0.5303,0.94,0.1045,18
2,2011-09-24,4,0,9,6,0,2,0.56,0.5303,0.88,0.1045,46
2,2011-09-24,4,0,9,6,0,2,0.58,0.5455,0.9,0.0896,121
2,2011-09-24,4,0,9,6,0,2,0.6,0.5455,0.88,0.0896,175
2,2011-09-24,4,0,9,6,0,2,0.6,0.5455,0.88,0.0896,293
2,2011-09-24,4,0,9,6,0,2,0.62,0.5758,0.83,0.0896,386
3,2011-09-24,4,0,9,6,0,2,0.62,0.5758,0.83,0.0896,407
3,2011-09-24,4,0,9,6,0,1,0.64,0.5909,0.78,0.0,460
3,2011-09-24,4,0,9,6,0,2,0.66,0.6212,0.74,0.1343,390
3,2011-09-24,4,0,9,6,0,2,0.66,0.6212,0.74,0.1343,452
3,2011-09-24,4,0,9,6,0,2,0.64,0.5909,0.78,0.0896,449
3,2011-09-24,4,0,9,6,0,1,0.66,0.6212,0.74,0.1045,426
4,2011-09-24,4,0,9,6,0,1,0.64,0.5909,0.78,0.1045,400
4,2011-09-24,4,0,9,6,0,1,0.62,0.5606,0.88,0.0,308
4,2011-09-24,4,0,9,6,0,1,0.62,0.5758,0.83,0.0,243
4,2011-09-24,4,0,9,6,0,1,0.62,0.5758,0.83,0.0896,222
4,2011-09-24,4,0,9,6,0,2,0.62,0.5606,0.88,0.0,193
4,2011-09-24,4,0,9,6,0,2,0.6,0.5455,0.88,0.0896,150
1,2011-09-25,4,0,9,0,0,2,0.6,0.5455,0.88,0.0,173
1,2011-09-25,4,0,9,0,0,2,0.6,0.5455,0.88,0.1045,124
1,2011-09-25,4,0,9,0,0,3,0.6,0.5152,0.94,0.0,106
1,2011-09-25,4,0,9,0,0,3,0.6,0.5152,0.94,0.0,59
1,2011-09-25,4,0,9,0,0,3,0.6,0.5152,0.94,0.1343,8
1,2011-09-25,4,0,9,0,0,1,0.6,0.5455,0.88,0.0896,3
2,2011-09-25,4,0,9,0,0,2,0.6,0.5455,0.88,0.1045,17
2,2011-09-25,4,0,9,0,0,2,0.6,0.5152,0.94,0.1343,38
2,2011-09-25,4,0,9,0,0,2,0.62,0.5606,0.88,0.0,86
2,2011-09-25,4,0,9,0,0,2,0.64,0.5758,0.83,0.0,155
2,2011-09-25,4,0,9,0,0,2,0.64,0.5758,0.83,0.0,275
2,2011-09-25,4,0,9,0,0,2,0.66,0.6061,0.78,0.1343,361
3,2011-09-25,4,0,9,0,0,2,0.66,0.6061,0.78,0.0,413
3,2011-09-25,4,0,9,0,0,2,0.68,0.6364,0.74,0.0,369
3,2011-09-25,4,0,9,0,0,2,0.66,0.6061,0.78,0.0,347
3,2011-09-25,4,0,9,0,0,2,0.66,0.6061,0.78,0.0,353
3,2011-09-25,4,0,9,0,0,1,0.7,0.6515,0.7,0.0,464
3,2011-09-25,4,0,9,0,0,1,0.68,0.6364,0.74,0.0,420
4,2011-09-25,4,0,9,0,0,1,0.68,0.6364,0.74,0.0,404
4,2011-09-25,4,0,9,0,0,1,0.64,0.5758,0.83,0.1343,329
4,2011-09-25,4,0,9,0,0,1,0.64,0.5758,0.83,0.0896,186
4,2011-09-25,4,0,9,0,0,1,0.62,0.5455,0.94,0.0896,137
4,2011-09-25,4,0,9,0,0,1,0.62,0.5606,0.88,0.0896,104
4,2011-09-25,4,0,9,0,0,2,0.62,0.5455,0.94,0.1045,79
1,2011-09-26,4,0,9,1,1,2,0.62,0.5455,0.94,0.0,29
1,2011-09-26,4,0,9,1,1,2,0.62,0.5606,0.88,0.1045,17
1,2011-09-26,4,0,9,1,1,2,0.62,0.5606,0.88,0.1045,8
1,2011-09-26,4,0,9,1,1,2,0.62,0.5455,0.94,0.0,5
1,2011-09-26,4,0,9,1,1,2,0.62,0.5455,0.94,0.0896,6
1,2011-09-26,4,0,9,1,1,2,0.62,0.5606,0.88,0.0,25
2,2011-09-26,4,0,9,1,1,2,0.62,0.5455,0.94,0.0896,113
2,2011-09-26,4,0,9,1,1,2,0.62,0.5455,0.94,0.0,332
2,2011-09-26,4,0,9,1,1,2,0.62,0.5455,0.94,0.0,355
2,2011-09-26,4,0,9,1,1,2,0.64,0.5758,0.89,0.194,205
2,2011-09-26,4,0,9,1,1,2,0.64,0.5758,0.89,0.194,154
2,2011-09-26,4,0,9,1,1,1,0.68,0.6364,0.79,0.2239,159
3,2011-09-26,4,0,9,1,1,2,0.68,0.6364,0.79,0.1642,209
3,2011-09-26,4,0,9,1,1,2,0.7,0.6667,0.74,0.1642,187
3,2011-09-26,4,0,9,1,1,1,0.7,0.6515,0.7,0.1642,154
3,2011-09-26,4,0,9,1,1,1,0.72,0.6818,0.62,0.1343,209
3,2011-09-26,4,0,9,1,1,1,0.7,0.6515,0.65,0.1642,313
3,2011-09-26,4,0,9,1,1,1,0.7,0.6515,0.7,0.1343,570
4,2011-09-26,4,0,9,1,1,1,0.66,0.6061,0.83,0.1045,553
4,2011-09-26,4,0,9,1,1,1,0.66,0.6061,0.82,0.0896,383
4,2011-09-26,4,0,9,1,1,1,0.64,0.5758,0.89,0.1343,251
4,2011-09-26,4,0,9,1,1,1,0.64,0.5758,0.89,0.1343,182
4,2011-09-26,4,0,9,1,1,1,0.62,0.5455,0.94,0.1343,136
4,2011-09-26,4,0,9,1,1,1,0.62,0.5455,0.94,0.1343,75
1,2011-09-27,4,0,9,2,1,1,0.62,0.5455,0.94,0.1343,37
1,2011-09-27,4,0,9,2,1,1,0.62,0.5455,0.94,0.1642,10
1,2011-09-27,4,0,9,2,1,1,0.62,0.5455,0.94,0.1045,11
1,2011-09-27,4,0,9,2,1,2,0.62,0.5455,0.94,0.0,10
1,2011-09-27,4,0,9,2,1,3,0.62,0.5455,0.94,0.0896,8
1,2011-09-27,4,0,9,2,1,3,0.62,0.5455,0.94,0.0896,24
2,2011-09-27,4,0,9,2,1,2,0.62,0.5455,0.94,0.1045,124
2,2011-09-27,4,0,9,2,1,2,0.62,0.5455,0.94,0.1045,249
2,2011-09-27,4,0,9,2,1,2,0.64,0.5758,0.89,0.1045,427
2,2011-09-27,4,0,9,2,1,3,0.64,0.5758,0.89,0.194,193
2,2011-09-27,4,0,9,2,1,3,0.64,0.5606,0.94,0.1642,122
2,2011-09-27,4,0,9,2,1,2,0.66,0.5909,0.89,0.1045,123
3,2011-09-27,4,0,9,2,1,2,0.66,0.5909,0.89,0.1343,162
3,2011-09-27,4,0,9,2,1,2,0.7,0.6667,0.74,0.2239,151
3,2011-09-27,4,0,9,2,1,2,0.68,0.6364,0.79,0.1045,152
3,2011-09-27,4,0,9,2,1,2,0.68,0.6364,0.83,0.0896,205
3,2011-09-27,4,0,9,2,1,2,0.66,0.6061,0.83,0.194,258
3,2011-09-27,4,0,9,2,1,2,0.66,0.5909,0.89,0.194,530
4,2011-09-27,4,0,9,2,1,2,0.64,0.5758,0.89,0.2239,356
4,2011-09-27,4,0,9,2,1,2,0.64,0.5758,0.89,0.1343,320
4,2011-09-27,4,0,9,2,1,1,0.62,0.5909,0.78,0.0,238
4,2011-09-27,4,0,9,2,1,1,0.6,0.5606,0.83,0.0,196
4,2011-09-27,4,0,9,2,1,1,0.6,0.5455,0.88,0.0896,121
4,2011-09-27,4,0,9,2,1,1,0.6,0.5455,0.88,0.0896,93
1,2011-09-28,4,0,9,3,1,1,0.6,0.5455,0.88,0.0,36
1,2011-09-28,4,0,9,3,1,1,0.6,0.5455,0.88,0.0,14
1,2011-09-28,4,0,9,3,1,1,0.6,0.5455,0.88,0.2537,9
1,2011-09-28,4,0,9,3,1,2,0.6,0.5152,0.94,0.0896,3
1,2011-09-28,4,0,9,3,1,1,0.6,0.5455,0.88,0.0,4
1,2011-09-28,4,0,9,3,1,2,0.6,0.5152,0.94,0.0,22
2,2011-09-28,4,0,9,3,1,3,0.6,0.5152,0.94,0.1642,114
2,2011-09-28,4,0,9,3,1,3,0.6,0.5152,0.94,0.1642,185
2,2011-09-28,4,0,9,3,1,3,0.62,0.5455,0.94,0.2239,287
2,2011-09-28,4,0,9,3,1,3,0.62,0.5455,0.94,0.2239,155
2,2011-09-28,4,0,9,3,1,2,0.62,0.5455,0.94,0.0,129
2,2011-09-28,4,0,9,3,1,2,0.66,0.6061,0.83,0.1045,151
3,2011-09-28,4,0,9,3,1,2,0.68,0.6364,0.79,0.0,184
3,2011-09-28,4,0,9,3,1,1,0.7,0.6667,0.74,0.2537,162
3,2011-09-28,4,0,9,3,1,1,0.72,0.6818,0.62,0.2537,170
3,2011-09-28,4,0,9,3,1,1,0.7,0.6515,0.7,0.1343,181
3,2011-09-28,4,0,9,3,1,1,0.7,0.6515,0.7,0.194,280
3,2011-09-28,4,0,9,3,1,1,0.7,0.6515,0.7,0.2239,591
4,2011-09-28,4,0,9,3,1,3,0.66,0.6061,0.83,0.2537,524
4,2011-09-28,4,0,9,3,1,3,0.66,0.6061,0.83,0.2537,372
4,2011-09-28,4,0,9,3,1,3,0.6,0.5606,0.83,0.2985,102
4,2011-09-28,4,0,9,3,1,3,0.6,0.5455,0.88,0.2537,74
4,2011-09-28,4,0,9,3,1,1,0.6,0.5455,0.88,0.0896,87
4,2011-09-28,4,0,9,3,1,1,0.6,0.5152,0.94,0.1343,71
1,2011-09-29,4,0,9,4,1,1,0.6,0.5152,0.94,0.194,40
1,2011-09-29,4,0,9,4,1,2,0.6,0.5,1.0,0.194,23
1,2011-09-29,4,0,9,4,1,2,0.6,0.5,1.0,0.194,2
1,2011-09-29,4,0,9,4,1,2,0.6,0.5152,0.94,0.194,8
1,2011-09-29,4,0,9,4,1,2,0.6,0.5455,0.88,0.194,7
1,2011-09-29,4,0,9,4,1,2,0.6,0.5455,0.88,0.1045,22
2,2011-09-29,4,0,9,4,1,2,0.6,0.5455,0.88,0.0896,111
2,2011-09-29,4,0,9,4,1,1,0.6,0.5455,0.88,0.1343,283
2,2011-09-29,4,0,9,4,1,1,0.6,0.5606,0.83,0.0,431
2,2011-09-29,4,0,9,4,1,1,0.62,0.5909,0.78,0.2537,225
2,2011-09-29,4,0,9,4,1,1,0.64,0.6061,0.65,0.194,127
2,2011-09-29,4,0,9,4,1,1,0.62,0.6061,0.61,0.194,158
3,2011-09-29,4,0,9,4,1,1,0.66,0.6212,0.61,0.1642,195
3,2011-09-29,4,0,9,4,1,1,0.64,0.6212,0.61,0.194,211
3,2011-09-29,4,0,9,4,1,1,0.68,0.6364,0.51,0.2985,167
3,2011-09-29,4,0,9,4,1,1,0.68,0.6364,0.45,0.3881,227
3,2011-09-29,4,0,9,4,1,1,0.68,0.6364,0.41,0.3582,291
3,2011-09-29,4,0,9,4,1,1,0.66,0.6212,0.47,0.2985,589
4,2011-09-29,4,0,9,4,1,1,0.64,0.6212,0.41,0.2239,584
4,2011-09-29,4,0,9,4,1,1,0.62,0.6212,0.5,0.0896,384
4,2011-09-29,4,0,9,4,1,1,0.6,0.6212,0.53,0.0896,273
4,2011-09-29,4,0,9,4,1,1,0.58,0.5455,0.56,0.0,225
4,2011-09-29,4,0,9,4,1,1,0.56,0.5303,0.68,0.0,175
4,2011-09-29,4,0,9,4,1,1,0.52,0.5,0.77,0.1045,81
1,2011-09-30,4,0,9,5,1,1,0.52,0.5,0.83,0.1045,60
1,2011-09-30,4,0,9,5,1,1,0.52,0.5,0.77,0.0896,23
1,2011-09-30,4,0,9,5,1,1,0.52,0.5,0.83,0.1045,15
1,2011-09-30,4,0,9,5,1,1,0.52,0.5,0.83,0.1045,3
1,2011-09-30,4,0,9,5,1,1,0.52,0.5,0.83,0.194,8
1,2011-09-30,4,0,9,5,1,1,0.52,0.5,0.83,0.194,26
2,2011-09-30,4,0,9,5,1,1,0.52,0.5,0.83,0.2239,98
2,2011-09-30,4,0,9,5,1,1,0.52,0.5,0.83,0.2239,297
2,2011-09-30,4,0,9,5,1,1,0.54,0.5152,0.77,0.1343,456
2,2011-09-30,4,0,9,5,1,1,0.56,0.5303,0.73,0.194,237
2,2011-09-30,4,0,9,5,1,1,0.6,0.6061,0.64,0.0,168
2,2011-09-30,4,0,9,5,1,1,0.64,0.6212,0.57,0.0896,217
3,2011-09-30,4,0,9,5,1,2,0.64,0.6212,0.57,0.194,254
3,2011-09-30,4,0,9,5,1,2,0.66,0.6212,0.47,0.3284,266
3,2011-09-30,4,0,9,5,1,2,0.64,0.6212,0.47,0.2985,266
3,2011-09-30,4,0,9,5,1,1,0.64,0.6212,0.5,0.2836,245
3,2011-09-30,4,0,9,5,1,1,0.62,0.6212,0.53,0.2239,360
3,2011-09-30,4,0,9,5,1,1,0.62,0.6212,0.53,0.194,591
4,2011-09-30,4,0,9,5,1,1,0.58,0.5455,0.49,0.3582,511
4,2011-09-30,4,0,9,5,1,1,0.54,0.5152,0.52,0.2836,374
4,2011-09-30,4,0,9,5,1,1,0.54,0.5152,0.52,0.2836,230
4,2011-09-30,4,0,9,5,1,1,0.52,0.5,0.55,0.194,206
4,2011-09-30,4,0,9,5,1,1,0.52,0.5,0.55,0.3284,159
4,2011-09-30,4,0,9,5,1,1,0.52,0.5,0.55,0.3284,132
1,2011-10-01,4,0,10,6,0,1,0.5,0.4848,0.63,0.3881,130
1,2011-10-01,4,0,10,6,0,1,0.48,0.4697,0.67,0.3284,58
1,2011-10-01,4,0,10,6,0,1,0.46,0.4545,0.63,0.4179,67
1,2011-10-01,4,0,10,6,0,1,0.46,0.4545,0.59,0.4179,25
1,2011-10-01,4,0,10,6,0,1,0.44,0.4394,0.58,0.4179,8
1,2011-10-01,4,0,10,6,0,2,0.44,0.4394,0.62,0.2985,5
2,2011-10-01,4,0,10,6,0,1,0.42,0.4242,0.67,0.3284,19
2,2011-10-01,4,0,10,6,0,3,0.42,0.4242,0.67,0.2537,36
2,2011-10-01,4,0,10,6,0,2,0.4,0.4091,0.76,0.3284,67
2,2011-10-01,4,0,10,6,0,3,0.4,0.4091,0.82,0.3582,129
2,2011-10-01,4,0,10,6,0,3,0.4,0.4091,0.76,0.3582,121
2,2011-10-01,4,0,10,6,0,3,0.38,0.3939,0.82,0.3284,132
3,2011-10-01,4,0,10,6,0,2,0.4,0.4091,0.82,0.2537,158
3,2011-10-01,4,0,10,6,0,2,0.4,0.4091,0.82,0.3284,125
3,2011-10-01,4,0,10,6,0,2,0.42,0.4242,0.71,0.3582,180
3,2011-10-01,4,0,10,6,0,2,0.42,0.4242,0.71,0.2836,195
3,2011-10-01,4,0,10,6,0,2,0.4,0.4091,0.76,0.2985,223
3,2011-10-01,4,0,10,6,0,3,0.4,0.4091,0.76,0.194,228
4,2011-10-01,4,0,10,6,0,3,0.38,0.3939,0.87,0.2239,140
4,2011-10-01,4,0,10,6,0,2,0.38,0.3939,0.82,0.194,126
4,2011-10-01,4,0,10,6,0,3,0.36,0.3636,0.87,0.1045,66
4,2011-10-01,4,0,10,6,0,3,0.36,0.3636,0.87,0.1045,56
4,2011-10-01,4,0,10,6,0,2,0.36,0.3485,0.93,0.2239,70
4,2011-10-01,4,0,10,6,0,3,0.36,0.3485,0.93,0.2239,65
1,2011-10-02,4,0,10,0,0,3,0.36,0.3333,0.93,0.2985,47
1,2011-10-02,4,0,10,0,0,3,0.34,0.3182,0.87,0.2537,24
1,2011-10-02,4,0,10,0,0,3,0.34,0.303,0.87,0.2985,30
1,2011-10-02,4,0,10,0,0,3,0.34,0.3182,0.87,0.2836,9
1,2011-10-02,4,0,10,0,0,2,0.34,0.3182,0.87,0.2537,7
1,2011-10-02,4,0,10,0,0,1,0.32,0.303,0.87,0.2836,7
2,2011-10-02,4,0,10,0,0,1,0.32,0.3182,0.81,0.1642,15
2,2011-10-02,4,0,10,0,0,1,0.34,0.3333,0.76,0.194,29
2,2011-10-02,4,0,10,0,0,2,0.34,0.3333,0.76,0.194,64
2,2011-10-02,4,0,10,0,0,1,0.36,0.3333,0.76,0.3582,115
2,2011-10-02,4,0,10,0,0,2,0.36,0.3333,0.71,0.2836,248
2,2011-10-02,4,0,10,0,0,2,0.38,0.3939,0.66,0.2537,292
3,2011-10-02,4,0,10,0,0,2,0.4,0.4091,0.62,0.194,321
3,2011-10-02,4,0,10,0,0,3,0.4,0.4091,0.62,0.2239,308
3,2011-10-02,4,0,10,0,0,3,0.36,0.3485,0.81,0.1642,256
3,2011-10-02,4,0,10,0,0,3,0.36,0.3333,0.81,0.2537,173
3,2011-10-02,4,0,10,0,0,3,0.36,0.3485,0.87,0.194,206
3,2011-10-02,4,0,10,0,0,3,0.36,0.3485,0.87,0.1642,167
4,2011-10-02,4,0,10,0,0,2,0.36,0.3485,0.81,0.194,174
4,2011-10-02,4,0,10,0,0,2,0.38,0.3939,0.76,0.1642,162
4,2011-10-02,4,0,10,0,0,2,0.36,0.3333,0.76,0.2537,87
4,2011-10-02,4,0,10,0,0,1,0.36,0.3485,0.71,0.2239,88
4,2011-10-02,4,0,10,0,0,3,0.36,0.3636,0.81,0.0896,64
4,2011-10-02,4,0,10,0,0,1,0.36,0.3636,0.81,0.0896,25
1,2011-10-03,4,0,10,1,1,1,0.34,0.3485,0.87,0.1045,16
1,2011-10-03,4,0,10,1,1,1,0.36,0.3636,0.81,0.0896,6
1,2011-10-03,4,0,10,1,1,1,0.36,0.3636,0.76,0.1045,4
1,2011-10-03,4,0,10,1,1,1,0.36,0.3788,0.81,0.0,7
1,2011-10-03,4,0,10,1,1,1,0.34,0.3485,0.87,0.1045,8
1,2011-10-03,4,0,10,1,1,2,0.36,0.3636,0.76,0.1045,21
2,2011-10-03,4,0,10,1,1,2,0.36,0.3788,0.71,0.0,94
2,2011-10-03,4,0,10,1,1,2,0.36,0.3485,0.71,0.1343,249
2,2011-10-03,4,0,10,1,1,2,0.36,0.3636,0.71,0.1045,372
2,2011-10-03,4,0,10,1,1,2,0.4,0.4091,0.66,0.0896,153
2,2011-10-03,4,0,10,1,1,2,0.4,0.4091,0.66,0.1045,101
2,2011-10-03,4,0,10,1,1,2,0.4,0.4091,0.71,0.2239,126
3,2011-10-03,4,0,10,1,1,2,0.4,0.4091,0.71,0.1343,147
3,2011-10-03,4,0,10,1,1,3,0.42,0.4242,0.67,0.1642,118
3,2011-10-03,4,0,10,1,1,3,0.4,0.4091,0.76,0.0,120
3,2011-10-03,4,0,10,1,1,3,0.4,0.4091,0.76,0.0,101
3,2011-10-03,4,0,10,1,1,2,0.4,0.4091,0.76,0.1045,218
3,2011-10-03,4,0,10,1,1,2,0.4,0.4091,0.76,0.1642,495
4,2011-10-03,4,0,10,1,1,2,0.4,0.4091,0.76,0.1642,412
4,2011-10-03,4,0,10,1,1,1,0.4,0.4091,0.76,0.0,315
4,2011-10-03,4,0,10,1,1,3,0.4,0.4091,0.82,0.0,204
4,2011-10-03,4,0,10,1,1,2,0.4,0.4091,0.82,0.0,138
4,2011-10-03,4,0,10,1,1,2,0.4,0.4091,0.82,0.0,91
4,2011-10-03,4,0,10,1,1,2,0.4,0.4091,0.82,0.1045,54
1,2011-10-04,4,0,10,2,1,2,0.4,0.4091,0.87,0.0896,27
1,2011-10-04,4,0,10,2,1,2,0.4,0.4091,0.87,0.1045,9
1,2011-10-04,4,0,10,2,1,2,0.4,0.4091,0.87,0.0,3
1,2011-10-04,4,0,10,2,1,1,0.4,0.4091,0.82,0.1045,6
1,2011-10-04,4,0,10,2,1,1,0.4,0.4091,0.82,0.0896,7
1,2011-10-04,4,0,10,2,1,1,0.4,0.4091,0.82,0.1343,27
2,2011-10-04,4,0,10,2,1,1,0.4,0.4091,0.82,0.1045,112
2,2011-10-04,4,0,10,2,1,1,0.42,0.4242,0.82,0.2836,309
2,2011-10-04,4,0,10,2,1,1,0.44,0.4394,0.77,0.2239,400
2,2011-10-04,4,0,10,2,1,1,0.46,0.4545,0.67,0.2537,187
2,2011-10-04,4,0,10,2,1,1,0.48,0.4697,0.67,0.2836,126
2,2011-10-04,4,0,10,2,1,1,0.54,0.5152,0.64,0.2836,124
3,2011-10-04,4,0,10,2,1,1,0.56,0.5303,0.56,0.2985,199
3,2011-10-04,4,0,10,2,1,1,0.56,0.5303,0.56,0.2985,173
3,2011-10-04,4,0,10,2,1,1,0.58,0.5455,0.53,0.2537,183
3,2011-10-04,4,0,10,2,1,1,0.58,0.5455,0.56,0.2836,194
3,2011-10-04,4,0,10,2,1,1,0.58,0.5455,0.56,0.3284,309
3,2011-10-04,4,0,10,2,1,1,0.56,0.5303,0.6,0.3881,585
4,2011-10-04,4,0,10,2,1,1,0.54,0.5152,0.64,0.2836,524
4,2011-10-04,4,0,10,2,1,1,0.52,0.5,0.68,0.2239,345
4,2011-10-04,4,0,10,2,1,1,0.52,0.5,0.68,0.2239,261
4,2011-10-04,4,0,10,2,1,1,0.5,0.4848,0.72,0.1343,166
4,2011-10-04,4,0,10,2,1,1,0.5,0.4848,0.72,0.1343,114
4,2011-10-04,4,0,10,2,1,1,0.48,0.4697,0.77,0.1343,66
1,2011-10-05,4,0,10,3,1,1,0.48,0.4697,0.77,0.1343,43
1,2011-10-05,4,0,10,3,1,1,0.48,0.4697,0.77,0.1642,11
1,2011-10-05,4,0,10,3,1,1,0.46,0.4545,0.82,0.1642,3
1,2011-10-05,4,0,10,3,1,1,0.46,0.4545,0.82,0.1045,6
1,2011-10-05,4,0,10,3,1,1,0.44,0.4394,0.88,0.0,5
1,2011-10-05,4,0,10,3,1,1,0.44,0.4394,0.82,0.1343,32
2,2011-10-05,4,0,10,3,1,1,0.44,0.4394,0.82,0.1045,117
2,2011-10-05,4,0,10,3,1,1,0.46,0.4545,0.77,0.1045,301
2,2011-10-05,4,0,10,3,1,1,0.52,0.5,0.63,0.0,467
2,2011-10-05,4,0,10,3,1,1,0.54,0.5152,0.6,0.2985,219
2,2011-10-05,4,0,10,3,1,1,0.56,0.5303,0.56,0.3881,133
2,2011-10-05,4,0,10,3,1,1,0.6,0.6212,0.46,0.2836,170
3,2011-10-05,4,0,10,3,1,1,0.62,0.6212,0.43,0.3284,214
3,2011-10-05,4,0,10,3,1,1,0.64,0.6212,0.41,0.2239,219
3,2011-10-05,4,0,10,3,1,1,0.64,0.6212,0.41,0.2836,190
3,2011-10-05,4,0,10,3,1,1,0.64,0.6212,0.47,0.2836,182
3,2011-10-05,4,0,10,3,1,1,0.64,0.6212,0.47,0.3284,282
3,2011-10-05,4,0,10,3,1,1,0.64,0.6212,0.47,0.2537,591
4,2011-10-05,4,0,10,3,1,1,0.6,0.6212,0.53,0.1642,593
4,2011-10-05,4,0,10,3,1,1,0.58,0.5455,0.56,0.1343,374
4,2011-10-05,4,0,10,3,1,1,0.52,0.5,0.77,0.1642,246
4,2011-10-05,4,0,10,3,1,1,0.5,0.4848,0.82,0.1045,201
4,2011-10-05,4,0,10,3,1,1,0.52,0.5,0.72,0.0,154
4,2011-10-05,4,0,10,3,1,1,0.5,0.4848,0.77,0.1045,73
1,2011-10-06,4,0,10,4,1,1,0.5,0.4848,0.72,0.194,40
1,2011-10-06,4,0,10,4,1,1,0.48,0.4697,0.63,0.194,22
1,2011-10-06,4,0,10,4,1,1,0.46,0.4545,0.67,0.194,10
1,2011-10-06,4,0,10,4,1,1,0.44,0.4394,0.67,0.2239,5
1,2011-10-06,4,0,10,4,1,1,0.44,0.4394,0.62,0.2836,5
1,2011-10-06,4,0,10,4,1,1,0.42,0.4242,0.62,0.194,24
2,2011-10-06,4,0,10,4,1,1,0.4,0.4091,0.66,0.194,114
2,2011-10-06,4,0,10,4,1,1,0.42,0.4242,0.62,0.194,302
2,2011-10-06,4,0,10,4,1,1,0.44,0.4394,0.62,0.1642,457
2,2011-10-06,4,0,10,4,1,1,0.46,0.4545,0.63,0.194,208
2,2011-10-06,4,0,10,4,1,1,0.52,0.5,0.52,0.0,129
2,2011-10-06,4,0,10,4,1,1,0.54,0.5152,0.49,0.0,144
3,2011-10-06,4,0,10,4,1,1,0.56,0.5303,0.49,0.0896,226
3,2011-10-06,4,0,10,4,1,1,0.56,0.5303,0.46,0.0896,191
3,2011-10-06,4,0,10,4,1,1,0.58,0.5455,0.43,0.0896,195
3,2011-10-06,4,0,10,4,1,1,0.58,0.5455,0.46,0.1343,219
3,2011-10-06,4,0,10,4,1,1,0.58,0.5455,0.49,0.194,323
3,2011-10-06,4,0,10,4,1,1,0.56,0.5303,0.52,0.1343,568
4,2011-10-06,4,0,10,4,1,1,0.54,0.5152,0.64,0.0896,538
4,2011-10-06,4,0,10,4,1,1,0.52,0.5,0.59,0.1045,343
4,2011-10-06,4,0,10,4,1,1,0.5,0.4848,0.77,0.1045,260
4,2011-10-06,4,0,10,4,1,1,0.46,0.4545,0.88,0.0896,195
4,2011-10-06,4,0,10,4,1,1,0.46,0.4545,0.82,0.0,148
4,2011-10-06,4,0,10,4,1,1,0.44,0.4394,0.88,0.0896,99
1,2011-10-07,4,0,10,5,1,1,0.44,0.4394,0.88,0.0,67
1,2011-10-07,4,0,10,5,1,1,0.44,0.4394,0.88,0.0,28
1,2011-10-07,4,0,10,5,1,1,0.42,0.4242,0.88,0.0,5
1,2011-10-07,4,0,10,5,1,1,0.4,0.4091,0.87,0.0,10
1,2011-10-07,4,0,10,5,1,1,0.4,0.4091,0.87,0.1045,5
1,2011-10-07,4,0,10,5,1,1,0.42,0.4242,0.82,0.0,27
2,2011-10-07,4,0,10,5,1,1,0.42,0.4242,0.88,0.0,87
2,2011-10-07,4,0,10,5,1,1,0.42,0.4242,0.94,0.0,242
2,2011-10-07,4,0,10,5,1,1,0.46,0.4545,0.82,0.0,417
2,2011-10-07,4,0,10,5,1,1,0.48,0.4697,0.77,0.0,241
2,2011-10-07,4,0,10,5,1,1,0.52,0.5,0.68,0.0896,174
2,2011-10-07,4,0,10,5,1,1,0.56,0.5303,0.63,0.0,230
3,2011-10-07,4,0,10,5,1,1,0.6,0.6212,0.53,0.0,235
3,2011-10-07,4,0,10,5,1,1,0.6,0.6212,0.46,0.0,305
3,2011-10-07,4,0,10,5,1,1,0.62,0.6212,0.5,0.0,256
3,2011-10-07,4,0,10,5,1,1,0.66,0.6212,0.41,0.0,270
3,2011-10-07,4,0,10,5,1,1,0.64,0.6212,0.44,0.0,419
3,2011-10-07,4,0,10,5,1,1,0.6,0.6212,0.56,0.2537,563
4,2011-10-07,4,0,10,5,1,1,0.56,0.5303,0.6,0.0896,465
4,2011-10-07,4,0,10,5,1,1,0.56,0.5303,0.52,0.0,294
4,2011-10-07,4,0,10,5,1,1,0.54,0.5152,0.49,0.0,197
4,2011-10-07,4,0,10,5,1,1,0.5,0.4848,0.68,0.0,166
4,2011-10-07,4,0,10,5,1,1,0.5,0.4848,0.68,0.0,146
4,2011-10-07,4,0,10,5,1,1,0.5,0.4848,0.63,0.0,136
1,2011-10-08,4,0,10,6,0,1,0.48,0.4697,0.72,0.0,89
1,2011-10-08,4,0,10,6,0,1,0.46,0.4545,0.82,0.0,65
1,2011-10-08,4,0,10,6,0,1,0.46,0.4545,0.82,0.0,45
1,2011-10-08,4,0,10,6,0,1,0.44,0.4394,0.88,0.0,20
1,2011-10-08,4,0,10,6,0,1,0.42,0.4242,0.94,0.1343,10
1,2011-10-08,4,0,10,6,0,1,0.42,0.4242,0.88,0.1045,8
2,2011-10-08,4,0,10,6,0,1,0.42,0.4242,0.94,0.0,22
2,2011-10-08,4,0,10,6,0,1,0.42,0.4242,0.94,0.0896,73
2,2011-10-08,4,0,10,6,0,1,0.46,0.4545,0.82,0.0,103
2,2011-10-08,4,0,10,6,0,1,0.5,0.4848,0.77,0.0,217
2,2011-10-08,4,0,10,6,0,1,0.52,0.5,0.77,0.0,337
2,2011-10-08,4,0,10,6,0,1,0.58,0.5455,0.56,0.0,397
3,2011-10-08,4,0,10,6,0,1,0.62,0.6212,0.35,0.0,446
3,2011-10-08,4,0,10,6,0,1,0.62,0.6212,0.46,0.1045,485
3,2011-10-08,4,0,10,6,0,1,0.62,0.6212,0.5,0.0896,465
3,2011-10-08,4,0,10,6,0,1,0.66,0.6212,0.39,0.0,496
3,2011-10-08,4,0,10,6,0,1,0.64,0.6212,0.44,0.0896,451
3,2011-10-08,4,0,10,6,0,1,0.62,0.6212,0.5,0.1343,393
4,2011-10-08,4,0,10,6,0,1,0.6,0.6212,0.46,0.1045,359
4,2011-10-08,4,0,10,6,0,1,0.54,0.5152,0.68,0.1343,248
4,2011-10-08,4,0,10,6,0,1,0.52,0.5,0.77,0.1045,202
4,2011-10-08,4,0,10,6,0,1,0.52,0.5,0.77,0.0,187
4,2011-10-08,4,0,10,6,0,1,0.5,0.4848,0.77,0.0,149
4,2011-10-08,4,0,10,6,0,1,0.48,0.4697,0.88,0.0,142
1,2011-10-09,4,0,10,0,0,1,0.46,0.4545,0.88,0.0896,129
1,2011-10-09,4,0,10,0,0,1,0.46,0.4545,0.88,0.0,78
1,2011-10-09,4,0,10,0,0,1,0.46,0.4545,0.88,0.0,55
1,2011-10-09,4,0,10,0,0,1,0.44,0.4394,0.88,0.0,30
1,2011-10-09,4,0,10,0,0,1,0.44,0.4394,0.88,0.0,14
1,2011-10-09,4,0,10,0,0,1,0.44,0.4394,0.88,0.0,15
2,2011-10-09,4,0,10,0,0,1,0.44,0.4394,0.88,0.0,21
2,2011-10-09,4,0,10,0,0,1,0.44,0.4394,0.86,0.0,44
2,2011-10-09,4,0,10,0,0,1,0.46,0.4545,0.88,0.0,107
2,2011-10-09,4,0,10,0,0,1,0.5,0.4848,0.77,0.0,185
2,2011-10-09,4,0,10,0,0,1,0.56,0.5303,0.68,0.0896,365
2,2011-10-09,4,0,10,0,0,1,0.62,0.6212,0.53,0.0896,423
3,2011-10-09,4,0,10,0,0,1,0.64,0.6212,0.44,0.0896,455
3,2011-10-09,4,0,10,0,0,1,0.66,0.6212,0.44,0.0896,418
3,2011-10-09,4,0,10,0,0,1,0.68,0.6364,0.47,0.1642,500
3,2011-10-09,4,0,10,0,0,1,0.68,0.6364,0.51,0.1642,407
3,2011-10-09,4,0,10,0,0,1,0.66,0.6212,0.5,0.1343,470
3,2011-10-09,4,0,10,0,0,1,0.62,0.6061,0.61,0.1045,438
4,2011-10-09,4,0,10,0,0,1,0.64,0.6212,0.5,0.1045,414
4,2011-10-09,4,0,10,0,0,1,0.56,0.5303,0.73,0.0896,302
4,2011-10-09,4,0,10,0,0,1,0.56,0.5303,0.73,0.1045,193
4,2011-10-09,4,0,10,0,0,1,0.54,0.5152,0.83,0.1045,173
4,2011-10-09,4,0,10,0,0,2,0.52,0.5,0.94,0.0,152
4,2011-10-09,4,0,10,0,0,1,0.5,0.4848,0.88,0.1045,123
1,2011-10-10,4,0,10,1,0,1,0.5,0.4848,0.94,0.0,53
1,2011-10-10,4,0,10,1,0,1,0.48,0.4697,0.88,0.0,34
1,2011-10-10,4,0,10,1,0,1,0.48,0.4697,0.88,0.0,19
1,2011-10-10,4,0,10,1,0,1,0.46,0.4545,0.88,0.0,11
1,2011-10-10,4,0,10,1,0,1,0.46,0.4545,0.94,0.0,6
1,2011-10-10,4,0,10,1,0,1,0.46,0.4545,0.94,0.0,21
2,2011-10-10,4,0,10,1,0,1,0.44,0.4394,0.94,0.0,44
2,2011-10-10,4,0,10,1,0,1,0.46,0.4545,0.88,0.0,114
2,2011-10-10,4,0,10,1,0,1,0.52,0.5,0.83,0.0,254
2,2011-10-10,4,0,10,1,0,1,0.54,0.5152,0.77,0.0,219
2,2011-10-10,4,0,10,1,0,1,0.56,0.5303,0.73,0.1642,265
2,2011-10-10,4,0,10,1,0,1,0.62,0.6061,0.69,0.0896,322
3,2011-10-10,4,0,10,1,0,2,0.7,0.6515,0.48,0.0896,365
3,2011-10-10,4,0,10,1,0,1,0.72,0.6515,0.37,0.0,365
3,2011-10-10,4,0,10,1,0,1,0.74,0.6515,0.37,0.0,370
3,2011-10-10,4,0,10,1,0,2,0.72,0.6515,0.42,0.1045,384
3,2011-10-10,4,0,10,1,0,2,0.7,0.6364,0.45,0.0896,402
3,2011-10-10,4,0,10,1,0,2,0.66,0.6212,0.54,0.1045,459
4,2011-10-10,4,0,10,1,0,2,0.64,0.6212,0.53,0.0,473
4,2011-10-10,4,0,10,1,0,2,0.58,0.5455,0.78,0.0896,336
4,2011-10-10,4,0,10,1,0,1,0.6,0.5909,0.73,0.0,225
4,2011-10-10,4,0,10,1,0,1,0.56,0.5303,0.88,0.0896,175
4,2011-10-10,4,0,10,1,0,1,0.56,0.5303,0.88,0.0896,126
4,2011-10-10,4,0,10,1,0,2,0.54,0.5152,0.88,0.1045,75
1,2011-10-11,4,0,10,2,1,2,0.54,0.5152,0.88,0.0,30
1,2011-10-11,4,0,10,2,1,2,0.52,0.5,0.94,0.0896,11
1,2011-10-11,4,0,10,2,1,2,0.52,0.5,0.94,0.1343,5
1,2011-10-11,4,0,10,2,1,2,0.52,0.5,0.88,0.1045,3
1,2011-10-11,4,0,10,2,1,2,0.52,0.5,0.88,0.1343,5
1,2011-10-11,4,0,10,2,1,2,0.52,0.5,0.88,0.0,20
2,2011-10-11,4,0,10,2,1,1,0.52,0.5,0.83,0.0896,123
2,2011-10-11,4,0,10,2,1,2,0.52,0.5,0.88,0.0896,352
2,2011-10-11,4,0,10,2,1,2,0.56,0.5303,0.83,0.1045,406
2,2011-10-11,4,0,10,2,1,2,0.6,0.5909,0.69,0.0,235
2,2011-10-11,4,0,10,2,1,2,0.6,0.5909,0.69,0.1343,149
2,2011-10-11,4,0,10,2,1,2,0.6,0.5909,0.73,0.1642,123
3,2011-10-11,4,0,10,2,1,2,0.6,0.5909,0.73,0.1642,181
3,2011-10-11,4,0,10,2,1,2,0.6,0.5909,0.73,0.194,180
3,2011-10-11,4,0,10,2,1,3,0.6,0.5909,0.73,0.1045,171
3,2011-10-11,4,0,10,2,1,2,0.6,0.5758,0.78,0.1642,175
3,2011-10-11,4,0,10,2,1,2,0.6,0.5909,0.73,0.1642,320
3,2011-10-11,4,0,10,2,1,2,0.6,0.5758,0.78,0.2537,604
4,2011-10-11,4,0,10,2,1,2,0.6,0.5758,0.78,0.2239,539
4,2011-10-11,4,0,10,2,1,2,0.58,0.5455,0.83,0.2239,318
4,2011-10-11,4,0,10,2,1,2,0.58,0.5455,0.83,0.2239,234
4,2011-10-11,4,0,10,2,1,2,0.58,0.5455,0.78,0.194,175
4,2011-10-11,4,0,10,2,1,2,0.56,0.5303,0.83,0.194,147
4,2011-10-11,4,0,10,2,1,2,0.56,0.5303,0.83,0.2836,57
1,2011-10-12,4,0,10,3,1,2,0.56,0.5303,0.83,0.1343,25
1,2011-10-12,4,0,10,3,1,3,0.56,0.5303,0.83,0.1343,10
1,2011-10-12,4,0,10,3,1,2,0.56,0.5303,0.83,0.2836,2
1,2011-10-12,4,0,10,3,1,3,0.54,0.5152,0.94,0.2985,2
1,2011-10-12,4,0,10,3,1,3,0.54,0.5152,0.94,0.3881,7
1,2011-10-12,4,0,10,3,1,2,0.54,0.5152,0.88,0.3284,22
2,2011-10-12,4,0,10,3,1,2,0.54,0.5152,0.88,0.2537,112
2,2011-10-12,4,0,10,3,1,2,0.54,0.5152,0.88,0.3881,259
2,2011-10-12,4,0,10,3,1,2,0.54,0.5152,0.88,0.3881,404
2,2011-10-12,4,0,10,3,1,2,0.54,0.5152,0.88,0.4478,197
2,2011-10-12,4,0,10,3,1,2,0.54,0.5152,0.88,0.3881,113
2,2011-10-12,4,0,10,3,1,3,0.54,0.5152,0.94,0.3284,120
3,2011-10-12,4,0,10,3,1,3,0.54,0.5152,0.88,0.3284,62
3,2011-10-12,4,0,10,3,1,3,0.54,0.5152,0.88,0.2239,101
3,2011-10-12,4,0,10,3,1,3,0.54,0.5152,0.94,0.2836,78
3,2011-10-12,4,0,10,3,1,3,0.54,0.5152,0.94,0.2537,45
3,2011-10-12,4,0,10,3,1,2,0.56,0.5303,0.88,0.2239,55
3,2011-10-12,4,0,10,3,1,3,0.54,0.5152,0.94,0.2239,251
4,2011-10-12,4,0,10,3,1,3,0.54,0.5152,0.94,0.1343,172
4,2011-10-12,4,0,10,3,1,3,0.54,0.5152,0.94,0.1343,109
4,2011-10-12,4,0,10,3,1,3,0.54,0.5152,0.94,0.1045,90
4,2011-10-12,4,0,10,3,1,3,0.54,0.5152,1.0,0.1045,83
4,2011-10-12,4,0,10,3,1,3,0.54,0.5152,0.94,0.0896,43
4,2011-10-12,4,0,10,3,1,3,0.54,0.5152,0.94,0.0896,54
1,2011-10-13,4,0,10,4,1,2,0.54,0.5152,0.94,0.1343,15
1,2011-10-13,4,0,10,4,1,2,0.54,0.5152,0.94,0.0,12
1,2011-10-13,4,0,10,4,1,2,0.54,0.5152,0.94,0.0,4
1,2011-10-13,4,0,10,4,1,2,0.54,0.5152,1.0,0.194,6
1,2011-10-13,4,0,10,4,1,2,0.54,0.5152,1.0,0.1045,7
1,2011-10-13,4,0,10,4,1,2,0.54,0.5152,1.0,0.1045,17
2,2011-10-13,4,0,10,4,1,3,0.54,0.5152,1.0,0.0896,52
2,2011-10-13,4,0,10,4,1,3,0.54,0.5152,1.0,0.1343,81
2,2011-10-13,4,0,10,4,1,3,0.54,0.5152,1.0,0.0896,209
2,2011-10-13,4,0,10,4,1,3,0.56,0.5303,1.0,0.1045,109
2,2011-10-13,4,0,10,4,1,3,0.56,0.5303,1.0,0.1343,69
2,2011-10-13,4,0,10,4,1,2,0.62,0.5758,0.83,0.0,84
3,2011-10-13,4,0,10,4,1,2,0.62,0.5606,0.88,0.0,105
3,2011-10-13,4,0,10,4,1,2,0.64,0.5758,0.83,0.1642,162
3,2011-10-13,4,0,10,4,1,1,0.66,0.6061,0.78,0.194,133
3,2011-10-13,4,0,10,4,1,1,0.66,0.6061,0.78,0.194,155
3,2011-10-13,4,0,10,4,1,1,0.66,0.6212,0.74,0.2239,276
3,2011-10-13,4,0,10,4,1,3,0.62,0.5758,0.83,0.2537,479
4,2011-10-13,4,0,10,4,1,3,0.62,0.5758,0.83,0.2537,268
4,2011-10-13,4,0,10,4,1,2,0.62,0.5758,0.83,0.1642,205
4,2011-10-13,4,0,10,4,1,1,0.62,0.5758,0.83,0.2836,181
4,2011-10-13,4,0,10,4,1,1,0.62,0.5758,0.83,0.194,123
4,2011-10-13,4,0,10,4,1,1,0.62,0.5758,0.83,0.194,114
4,2011-10-13,4,0,10,4,1,2,0.58,0.5455,0.88,0.194,47
1,2011-10-14,4,0,10,5,1,1,0.58,0.5455,0.94,0.0896,39
1,2011-10-14,4,0,10,5,1,1,0.58,0.5455,0.94,0.1343,24
1,2011-10-14,4,0,10,5,1,1,0.56,0.5303,0.94,0.1642,6
1,2011-10-14,4,0,10,5,1,1,0.56,0.5303,0.94,0.1343,7
1,2011-10-14,4,0,10,5,1,1,0.56,0.5303,0.94,0.194,8
1,2011-10-14,4,0,10,5,1,2,0.56,0.5303,0.94,0.1642,17
2,2011-10-14,4,0,10,5,1,3,0.56,0.5303,0.88,0.194,94
2,2011-10-14,4,0,10,5,1,3,0.56,0.5303,0.88,0.194,147
2,2011-10-14,4,0,10,5,1,2,0.56,0.5303,0.9,0.1642,209
2,2011-10-14,4,0,10,5,1,2,0.56,0.5303,0.94,0.2239,180
2,2011-10-14,4,0,10,5,1,3,0.54,0.5152,0.88,0.3582,125
2,2011-10-14,4,0,10,5,1,3,0.52,0.5,0.88,0.1642,87
3,2011-10-14,4,0,10,5,1,3,0.52,0.5,0.88,0.1642,75
3,2011-10-14,4,0,10,5,1,1,0.56,0.5303,0.73,0.3582,132
3,2011-10-14,4,0,10,5,1,1,0.62,0.6212,0.43,0.3582,156
3,2011-10-14,4,0,10,5,1,1,0.62,0.6212,0.43,0.2836,230
3,2011-10-14,4,0,10,5,1,1,0.6,0.6212,0.43,0.2239,344
3,2011-10-14,4,0,10,5,1,1,0.58,0.5455,0.46,0.4179,481
4,2011-10-14,4,0,10,5,1,1,0.54,0.5152,0.39,0.2836,423
4,2011-10-14,4,0,10,5,1,1,0.54,0.5152,0.39,0.3284,248
4,2011-10-14,4,0,10,5,1,1,0.52,0.5,0.42,0.194,196
4,2011-10-14,4,0,10,5,1,1,0.5,0.4848,0.45,0.194,178
4,2011-10-14,4,0,10,5,1,1,0.46,0.4545,0.59,0.2239,143
4,2011-10-14,4,0,10,5,1,1,0.46,0.4545,0.59,0.1642,95
1,2011-10-15,4,0,10,6,0,1,0.46,0.4545,0.55,0.1045,106
1,2011-10-15,4,0,10,6,0,1,0.46,0.4545,0.55,0.2537,73
1,2011-10-15,4,0,10,6,0,1,0.46,0.4545,0.59,0.194,56
1,2011-10-15,4,0,10,6,0,1,0.44,0.4394,0.62,0.194,23
1,2011-10-15,4,0,10,6,0,1,0.42,0.4242,0.67,0.1343,6
1,2011-10-15,4,0,10,6,0,1,0.42,0.4242,0.71,0.1642,7
2,2011-10-15,4,0,10,6,0,1,0.4,0.4091,0.71,0.0,20
2,2011-10-15,4,0,10,6,0,1,0.4,0.4091,0.76,0.1045,57
2,2011-10-15,4,0,10,6,0,1,0.46,0.4545,0.59,0.2836,125
2,2011-10-15,4,0,10,6,0,1,0.52,0.5,0.48,0.2985,207
2,2011-10-15,4,0,10,6,0,1,0.54,0.5152,0.45,0.4478,322
2,2011-10-15,4,0,10,6,0,1,0.56,0.5303,0.4,0.3881,374
3,2011-10-15,4,0,10,6,0,1,0.58,0.5455,0.35,0.5522,456
3,2011-10-15,4,0,10,6,0,1,0.6,0.6212,0.35,0.4627,394
3,2011-10-15,4,0,10,6,0,1,0.6,0.6212,0.33,0.4627,472
3,2011-10-15,4,0,10,6,0,1,0.62,0.6212,0.31,0.4925,377
3,2011-10-15,4,0,10,6,0,1,0.62,0.6212,0.29,0.3881,443
3,2011-10-15,4,0,10,6,0,1,0.58,0.5455,0.32,0.2836,441
4,2011-10-15,4,0,10,6,0,1,0.54,0.5152,0.39,0.194,372
4,2011-10-15,4,0,10,6,0,1,0.5,0.4848,0.51,0.1343,238
4,2011-10-15,4,0,10,6,0,1,0.5,0.4848,0.48,0.1343,179
4,2011-10-15,4,0,10,6,0,1,0.5,0.4848,0.42,0.2239,168
4,2011-10-15,4,0,10,6,0,1,0.5,0.4848,0.36,0.1343,166
4,2011-10-15,4,0,10,6,0,1,0.48,0.4697,0.41,0.1642,135
1,2011-10-16,4,0,10,0,0,1,0.46,0.4545,0.44,0.1343,107
1,2011-10-16,4,0,10,0,0,1,0.44,0.4394,0.47,0.1343,77
1,2011-10-16,4,0,10,0,0,1,0.42,0.4242,0.54,0.1343,65
1,2011-10-16,4,0,10,0,0,1,0.42,0.4242,0.54,0.1343,42
1,2011-10-16,4,0,10,0,0,1,0.42,0.4242,0.54,0.194,12
1,2011-10-16,4,0,10,0,0,1,0.42,0.4242,0.54,0.1642,7
2,2011-10-16,4,0,10,0,0,1,0.38,0.3939,0.66,0.1642,10
2,2011-10-16,4,0,10,0,0,1,0.4,0.4091,0.62,0.1343,48
2,2011-10-16,4,0,10,0,0,1,0.44,0.4394,0.62,0.194,99
2,2011-10-16,4,0,10,0,0,1,0.5,0.4848,0.45,0.2239,190
2,2011-10-16,4,0,10,0,0,1,0.54,0.5152,0.45,0.2537,347
2,2011-10-16,4,0,10,0,0,1,0.56,0.5303,0.35,0.2836,377
3,2011-10-16,4,0,10,0,0,1,0.58,0.5455,0.35,0.2537,444
3,2011-10-16,4,0,10,0,0,1,0.6,0.6212,0.35,0.2985,438
3,2011-10-16,4,0,10,0,0,1,0.6,0.6212,0.4,0.2985,462
3,2011-10-16,4,0,10,0,0,1,0.62,0.6212,0.35,0.3881,412
3,2011-10-16,4,0,10,0,0,1,0.6,0.6212,0.46,0.3881,466
3,2011-10-16,4,0,10,0,0,1,0.58,0.5455,0.49,0.4627,405
4,2011-10-16,4,0,10,0,0,1,0.56,0.5303,0.49,0.4478,328
4,2011-10-16,4,0,10,0,0,1,0.54,0.5152,0.52,0.3881,233
4,2011-10-16,4,0,10,0,0,1,0.54,0.5152,0.52,0.4627,178
4,2011-10-16,4,0,10,0,0,1,0.54,0.5152,0.52,0.3881,102
4,2011-10-16,4,0,10,0,0,1,0.56,0.5303,0.49,0.4179,130
4,2011-10-16,4,0,10,0,0,1,0.56,0.5303,0.52,0.4179,62
1,2011-10-17,4,0,10,1,1,1,0.54,0.5152,0.56,0.3284,37
1,2011-10-17,4,0,10,1,1,1,0.56,0.5303,0.54,0.3881,17
1,2011-10-17,4,0,10,1,1,1,0.56,0.5303,0.54,0.3881,7
1,2011-10-17,4,0,10,1,1,1,0.56,0.5303,0.49,0.194,2
1,2011-10-17,4,0,10,1,1,1,0.52,0.5,0.59,0.1642,5
1,2011-10-17,4,0,10,1,1,1,0.5,0.4848,0.63,0.2985,29
2,2011-10-17,4,0,10,1,1,1,0.5,0.4848,0.55,0.2537,114
2,2011-10-17,4,0,10,1,1,2,0.5,0.4848,0.55,0.1642,309
2,2011-10-17,4,0,10,1,1,2,0.5,0.4848,0.51,0.2537,414
2,2011-10-17,4,0,10,1,1,2,0.5,0.4848,0.45,0.2836,206
2,2011-10-17,4,0,10,1,1,1,0.52,0.5,0.45,0.1642,135
2,2011-10-17,4,0,10,1,1,1,0.56,0.5303,0.43,0.0,166
3,2011-10-17,4,0,10,1,1,1,0.56,0.5303,0.4,0.0896,205
3,2011-10-17,4,0,10,1,1,1,0.56,0.5303,0.46,0.0896,205
3,2011-10-17,4,0,10,1,1,1,0.58,0.5455,0.49,0.194,166
3,2011-10-17,4,0,10,1,1,1,0.56,0.5303,0.6,0.2537,208
3,2011-10-17,4,0,10,1,1,1,0.58,0.5455,0.56,0.2537,302
3,2011-10-17,4,0,10,1,1,1,0.56,0.5303,0.64,0.1343,620
4,2011-10-17,4,0,10,1,1,1,0.56,0.5303,0.6,0.0,518
4,2011-10-17,4,0,10,1,1,1,0.54,0.5152,0.68,0.1045,333
4,2011-10-17,4,0,10,1,1,1,0.52,0.5,0.77,0.1045,229
4,2011-10-17,4,0,10,1,1,1,0.5,0.4848,0.77,0.1045,177
4,2011-10-17,4,0,10,1,1,1,0.5,0.4848,0.77,0.0,104
4,2011-10-17,4,0,10,1,1,2,0.48,0.4697,0.88,0.0,62
1,2011-10-18,4,0,10,2,1,1,0.48,0.4697,0.82,0.0,31
1,2011-10-18,4,0,10,2,1,2,0.46,0.4545,0.88,0.0,11
1,2011-10-18,4,0,10,2,1,1,0.44,0.4394,0.94,0.0896,5
1,2011-10-18,4,0,10,2,1,1,0.44,0.4394,0.94,0.0896,1
1,2011-10-18,4,0,10,2,1,2,0.44,0.4394,0.94,0.1045,4
1,2011-10-18,4,0,10,2,1,2,0.46,0.4545,0.88,0.0,21
2,2011-10-18,4,0,10,2,1,1,0.46,0.4545,0.82,0.0896,109
2,2011-10-18,4,0,10,2,1,1,0.46,0.4545,0.88,0.0896,341
2,2011-10-18,4,0,10,2,1,1,0.5,0.4848,0.77,0.0896,499
2,2011-10-18,4,0,10,2,1,2,0.52,0.5,0.77,0.0896,227
2,2011-10-18,4,0,10,2,1,2,0.56,0.5303,0.68,0.0,102
2,2011-10-18,4,0,10,2,1,2,0.6,0.6212,0.49,0.1045,147
3,2011-10-18,4,0,10,2,1,2,0.62,0.6212,0.43,0.0896,201
3,2011-10-18,4,0,10,2,1,2,0.64,0.6212,0.38,0.194,219
3,2011-10-18,4,0,10,2,1,2,0.62,0.6212,0.41,0.1642,169
3,2011-10-18,4,0,10,2,1,1,0.62,0.6212,0.5,0.194,205
3,2011-10-18,4,0,10,2,1,1,0.62,0.6212,0.57,0.2537,304
3,2011-10-18,4,0,10,2,1,1,0.6,0.6061,0.6,0.1343,625
4,2011-10-18,4,0,10,2,1,1,0.56,0.5303,0.68,0.1045,570
4,2011-10-18,4,0,10,2,1,1,0.56,0.5303,0.6,0.1045,317
4,2011-10-18,4,0,10,2,1,1,0.54,0.5152,0.64,0.1642,227
4,2011-10-18,4,0,10,2,1,2,0.54,0.5152,0.68,0.1343,206
4,2011-10-18,4,0,10,2,1,2,0.52,0.5,0.77,0.1642,137
4,2011-10-18,4,0,10,2,1,2,0.52,0.5,0.77,0.194,70
1,2011-10-19,4,0,10,3,1,2,0.52,0.5,0.77,0.194,34
1,2011-10-19,4,0,10,3,1,2,0.52,0.5,0.77,0.194,16
1,2011-10-19,4,0,10,3,1,2,0.52,0.5,0.77,0.194,7
1,2011-10-19,4,0,10,3,1,3,0.5,0.4848,0.94,0.194,3
1,2011-10-19,4,0,10,3,1,3,0.5,0.4848,1.0,0.1045,3
2,2011-10-19,4,0,10,3,1,3,0.52,0.5,0.83,0.2537,31
2,2011-10-19,4,0,10,3,1,3,0.52,0.5,0.77,0.2537,68
2,2011-10-19,4,0,10,3,1,3,0.54,0.5152,0.7,0.4925,210
2,2011-10-19,4,0,10,3,1,3,0.52,0.5,0.88,0.4925,202
2,2011-10-19,4,0,10,3,1,3,0.52,0.5,0.88,0.4925,123
2,2011-10-19,4,0,10,3,1,3,0.52,0.5,0.94,0.2537,149
3,2011-10-19,4,0,10,3,1,3,0.52,0.5,0.94,0.3284,130
3,2011-10-19,4,0,10,3,1,2,0.54,0.5152,0.94,0.2836,106
3,2011-10-19,4,0,10,3,1,3,0.54,0.5152,0.94,0.1642,97
3,2011-10-19,4,0,10,3,1,3,0.54,0.5152,1.0,0.1343,120
3,2011-10-19,4,0,10,3,1,3,0.56,0.5303,0.94,0.1642,201
3,2011-10-19,4,0,10,3,1,3,0.56,0.5303,0.94,0.1642,181
4,2011-10-19,4,0,10,3,1,3,0.56,0.5303,1.0,0.1642,140
4,2011-10-19,4,0,10,3,1,2,0.6,0.5455,0.88,0.1343,197
4,2011-10-19,4,0,10,3,1,3,0.6,0.5152,0.94,0.0896,145
4,2011-10-19,4,0,10,3,1,2,0.58,0.5455,0.94,0.1343,85
4,2011-10-19,4,0,10,3,1,2,0.58,0.5455,0.94,0.3582,107
4,2011-10-19,4,0,10,3,1,2,0.58,0.5455,0.94,0.3582,69
1,2011-10-20,4,0,10,4,1,1,0.56,0.5303,0.94,0.2985,26
1,2011-10-20,4,0,10,4,1,1,0.56,0.5303,0.88,0.3582,15
1,2011-10-20,4,0,10,4,1,1,0.56,0.5303,0.88,0.4478,4
1,2011-10-20,4,0,10,4,1,1,0.5,0.4848,0.82,0.4627,1
1,2011-10-20,4,0,10,4,1,1,0.5,0.4848,0.82,0.4627,8
1,2011-10-20,4,0,10,4,1,1,0.48,0.4697,0.82,0.3582,26
2,2011-10-20,4,0,10,4,1,1,0.44,0.4394,0.82,0.4179,92
2,2011-10-20,4,0,10,4,1,1,0.42,0.4242,0.77,0.4478,318
2,2011-10-20,4,0,10,4,1,1,0.44,0.4394,0.67,0.5224,426
2,2011-10-20,4,0,10,4,1,1,0.44,0.4394,0.67,0.5821,223
2,2011-10-20,4,0,10,4,1,1,0.46,0.4545,0.59,0.4478,130
2,2011-10-20,4,0,10,4,1,1,0.48,0.4697,0.55,0.5224,129
3,2011-10-20,4,0,10,4,1,1,0.48,0.4697,0.48,0.5224,199
3,2011-10-20,4,0,10,4,1,1,0.5,0.4848,0.45,0.5821,164
3,2011-10-20,4,0,10,4,1,2,0.48,0.4697,0.48,0.5522,155
3,2011-10-20,4,0,10,4,1,2,0.48,0.4697,0.51,0.4478,160
3,2011-10-20,4,0,10,4,1,2,0.48,0.4697,0.51,0.4478,234
3,2011-10-20,4,0,10,4,1,2,0.48,0.4697,0.48,0.3881,494
4,2011-10-20,4,0,10,4,1,2,0.46,0.4545,0.51,0.2985,469
4,2011-10-20,4,0,10,4,1,1,0.46,0.4545,0.51,0.3582,298
4,2011-10-20,4,0,10,4,1,2,0.46,0.4545,0.51,0.3284,241
4,2011-10-20,4,0,10,4,1,1,0.44,0.4394,0.51,0.2985,165
4,2011-10-20,4,0,10,4,1,1,0.44,0.4394,0.51,0.3284,128
4,2011-10-20,4,0,10,4,1,1,0.42,0.4242,0.58,0.2537,90
1,2011-10-21,4,0,10,5,1,1,0.4,0.4091,0.62,0.2537,50
1,2011-10-21,4,0,10,5,1,1,0.4,0.4091,0.62,0.2239,26
1,2011-10-21,4,0,10,5,1,1,0.38,0.3939,0.66,0.1642,18
1,2011-10-21,4,0,10,5,1,1,0.36,0.3485,0.71,0.1343,7
1,2011-10-21,4,0,10,5,1,1,0.36,0.3485,0.71,0.1642,6
1,2011-10-21,4,0,10,5,1,1,0.34,0.3333,0.76,0.194,31
2,2011-10-21,4,0,10,5,1,1,0.36,0.3485,0.71,0.1642,85
2,2011-10-21,4,0,10,5,1,1,0.36,0.3485,0.71,0.1642,233
2,2011-10-21,4,0,10,5,1,1,0.4,0.4091,0.62,0.194,402
2,2011-10-21,4,0,10,5,1,2,0.42,0.4242,0.58,0.1343,222
2,2011-10-21,4,0,10,5,1,1,0.46,0.4545,0.51,0.1642,138
2,2011-10-21,4,0,10,5,1,1,0.5,0.4848,0.45,0.2239,174
3,2011-10-21,4,0,10,5,1,1,0.5,0.4848,0.45,0.2985,240
3,2011-10-21,4,0,10,5,1,1,0.48,0.4697,0.48,0.3284,206
3,2011-10-21,4,0,10,5,1,1,0.52,0.5,0.42,0.2985,198
3,2011-10-21,4,0,10,5,1,1,0.5,0.4848,0.45,0.2836,235
3,2011-10-21,4,0,10,5,1,1,0.5,0.4848,0.45,0.2537,302
3,2011-10-21,4,0,10,5,1,2,0.46,0.4545,0.51,0.2537,524
4,2011-10-21,4,0,10,5,1,2,0.44,0.4394,0.54,0.2537,397
4,2011-10-21,4,0,10,5,1,2,0.44,0.4394,0.54,0.3881,253
4,2011-10-21,4,0,10,5,1,2,0.44,0.4394,0.54,0.2239,184
4,2011-10-21,4,0,10,5,1,1,0.42,0.4242,0.58,0.1642,143
4,2011-10-21,4,0,10,5,1,1,0.42,0.4242,0.54,0.1642,113
4,2011-10-21,4,0,10,5,1,1,0.4,0.4091,0.62,0.2239,117
1,2011-10-22,4,0,10,6,0,1,0.4,0.4091,0.62,0.194,96
1,2011-10-22,4,0,10,6,0,1,0.4,0.4091,0.62,0.194,70
1,2011-10-22,4,0,10,6,0,1,0.4,0.4091,0.62,0.2537,31
1,2011-10-22,4,0,10,6,0,1,0.4,0.4091,0.62,0.1343,20
1,2011-10-22,4,0,10,6,0,1,0.38,0.3939,0.66,0.0896,8
1,2011-10-22,4,0,10,6,0,1,0.38,0.3939,0.66,0.0,8
2,2011-10-22,4,0,10,6,0,1,0.36,0.3788,0.71,0.0,18
2,2011-10-22,4,0,10,6,0,1,0.36,0.3636,0.76,0.1045,57
2,2011-10-22,4,0,10,6,0,1,0.4,0.4091,0.71,0.0,114
2,2011-10-22,4,0,10,6,0,1,0.42,0.4242,0.67,0.0896,169
2,2011-10-22,4,0,10,6,0,2,0.44,0.4394,0.62,0.1045,236
2,2011-10-22,4,0,10,6,0,2,0.44,0.4394,0.62,0.1045,282
3,2011-10-22,4,0,10,6,0,1,0.46,0.4545,0.55,0.0896,343
3,2011-10-22,4,0,10,6,0,1,0.5,0.4848,0.45,0.0,322
3,2011-10-22,4,0,10,6,0,2,0.48,0.4697,0.48,0.2239,310
3,2011-10-22,4,0,10,6,0,1,0.48,0.4697,0.51,0.2239,382
3,2011-10-22,4,0,10,6,0,1,0.5,0.4848,0.45,0.194,359
3,2011-10-22,4,0,10,6,0,1,0.46,0.4545,0.55,0.1343,360
4,2011-10-22,4,0,10,6,0,1,0.44,0.4394,0.54,0.0896,335
4,2011-10-22,4,0,10,6,0,1,0.44,0.4394,0.67,0.0,220
4,2011-10-22,4,0,10,6,0,1,0.42,0.4242,0.67,0.0,159
4,2011-10-22,4,0,10,6,0,1,0.4,0.4091,0.76,0.0,157
4,2011-10-22,4,0,10,6,0,1,0.4,0.4091,0.76,0.0,144
4,2011-10-22,4,0,10,6,0,1,0.38,0.3939,0.82,0.0,108
1,2011-10-23,4,0,10,0,0,1,0.36,0.3788,0.87,0.0,88
1,2011-10-23,4,0,10,0,0,1,0.36,0.3788,0.87,0.0,71
1,2011-10-23,4,0,10,0,0,1,0.34,0.3485,0.87,0.0896,50
1,2011-10-23,4,0,10,0,0,1,0.34,0.3636,0.87,0.0,46
1,2011-10-23,4,0,10,0,0,1,0.34,0.3636,0.87,0.0,6
1,2011-10-23,4,0,10,0,0,1,0.32,0.3485,0.87,0.0,3
2,2011-10-23,4,0,10,0,0,1,0.32,0.3333,0.87,0.1045,12
2,2011-10-23,4,0,10,0,0,1,0.34,0.3485,0.87,0.0896,21
2,2011-10-23,4,0,10,0,0,1,0.36,0.3485,0.87,0.1343,88
2,2011-10-23,4,0,10,0,0,1,0.4,0.4091,0.76,0.0,143
2,2011-10-23,4,0,10,0,0,1,0.42,0.4242,0.71,0.0896,289
2,2011-10-23,4,0,10,0,0,1,0.46,0.4545,0.72,0.1642,333
3,2011-10-23,4,0,10,0,0,1,0.5,0.4848,0.59,0.2537,413
3,2011-10-23,4,0,10,0,0,1,0.52,0.5,0.55,0.194,415
3,2011-10-23,4,0,10,0,0,1,0.52,0.5,0.55,0.2239,408
3,2011-10-23,4,0,10,0,0,1,0.52,0.5,0.52,0.1642,387
3,2011-10-23,4,0,10,0,0,1,0.52,0.5,0.55,0.194,405
3,2011-10-23,4,0,10,0,0,1,0.5,0.4848,0.63,0.1343,340
4,2011-10-23,4,0,10,0,0,1,0.5,0.4848,0.63,0.1045,284
4,2011-10-23,4,0,10,0,0,1,0.46,0.4545,0.77,0.0,193
4,2011-10-23,4,0,10,0,0,1,0.44,0.4394,0.72,0.0896,144
4,2011-10-23,4,0,10,0,0,1,0.44,0.4394,0.72,0.0896,99
4,2011-10-23,4,0,10,0,0,1,0.42,0.4242,0.77,0.1045,94
4,2011-10-23,4,0,10,0,0,1,0.42,0.4242,0.77,0.1642,49
1,2011-10-24,4,0,10,1,1,1,0.42,0.4242,0.77,0.0,32
1,2011-10-24,4,0,10,1,1,1,0.4,0.4091,0.82,0.1343,15
1,2011-10-24,4,0,10,1,1,1,0.4,0.4091,0.87,0.1045,7
1,2011-10-24,4,0,10,1,1,1,0.4,0.4091,0.82,0.0896,4
1,2011-10-24,4,0,10,1,1,1,0.4,0.4091,0.82,0.0,6
1,2011-10-24,4,0,10,1,1,1,0.38,0.3939,0.87,0.0,21
2,2011-10-24,4,0,10,1,1,1,0.4,0.4091,0.87,0.1045,86
2,2011-10-24,4,0,10,1,1,2,0.38,0.3939,0.94,0.1045,285
2,2011-10-24,4,0,10,1,1,2,0.42,0.4242,0.88,0.1642,398
2,2011-10-24,4,0,10,1,1,2,0.44,0.4394,0.82,0.1642,195
2,2011-10-24,4,0,10,1,1,2,0.46,0.4545,0.82,0.2537,129
2,2011-10-24,4,0,10,1,1,2,0.5,0.4848,0.72,0.1642,168
3,2011-10-24,4,0,10,1,1,2,0.52,0.5,0.68,0.1045,220
3,2011-10-24,4,0,10,1,1,2,0.54,0.5152,0.64,0.2239,198
3,2011-10-24,4,0,10,1,1,2,0.54,0.5152,0.64,0.194,206
3,2011-10-24,4,0,10,1,1,1,0.56,0.5303,0.6,0.1642,177
3,2011-10-24,4,0,10,1,1,1,0.54,0.5152,0.64,0.194,310
3,2011-10-24,4,0,10,1,1,1,0.52,0.5,0.68,0.1343,614
4,2011-10-24,4,0,10,1,1,1,0.54,0.5152,0.6,0.0896,486
4,2011-10-24,4,0,10,1,1,3,0.48,0.4697,0.82,0.0,237
4,2011-10-24,4,0,10,1,1,1,0.48,0.4697,0.82,0.1045,129
4,2011-10-24,4,0,10,1,1,1,0.46,0.4545,0.87,0.1045,126
4,2011-10-24,4,0,10,1,1,1,0.48,0.4697,0.75,0.1642,79
4,2011-10-24,4,0,10,1,1,1,0.46,0.4545,0.77,0.0896,59
1,2011-10-25,4,0,10,2,1,1,0.44,0.4394,0.77,0.1343,30
1,2011-10-25,4,0,10,2,1,1,0.44,0.4394,0.77,0.1343,11
1,2011-10-25,4,0,10,2,1,1,0.42,0.4242,0.82,0.1343,5
1,2011-10-25,4,0,10,2,1,1,0.4,0.4091,0.87,0.0,4
1,2011-10-25,4,0,10,2,1,1,0.38,0.3939,0.87,0.1343,5
1,2011-10-25,4,0,10,2,1,1,0.38,0.3939,0.87,0.1343,24
2,2011-10-25,4,0,10,2,1,1,0.38,0.3939,0.82,0.1045,98
2,2011-10-25,4,0,10,2,1,1,0.4,0.4091,0.76,0.194,314
2,2011-10-25,4,0,10,2,1,1,0.44,0.4394,0.72,0.0,408
2,2011-10-25,4,0,10,2,1,1,0.48,0.4697,0.55,0.2239,223
2,2011-10-25,4,0,10,2,1,1,0.5,0.4848,0.51,0.2537,128
2,2011-10-25,4,0,10,2,1,1,0.52,0.5,0.48,0.2836,166
3,2011-10-25,4,0,10,2,1,1,0.54,0.5152,0.39,0.3582,200
3,2011-10-25,4,0,10,2,1,1,0.56,0.5303,0.37,0.3881,198
3,2011-10-25,4,0,10,2,1,1,0.56,0.5303,0.4,0.2537,200
3,2011-10-25,4,0,10,2,1,1,0.56,0.5303,0.37,0.1045,234
3,2011-10-25,4,0,10,2,1,1,0.56,0.5303,0.37,0.194,285
3,2011-10-25,4,0,10,2,1,1,0.56,0.5303,0.37,0.1045,585
4,2011-10-25,4,0,10,2,1,1,0.52,0.5,0.42,0.1045,518
4,2011-10-25,4,0,10,2,1,1,0.48,0.4697,0.67,0.194,338
4,2011-10-25,4,0,10,2,1,1,0.46,0.4545,0.67,0.1045,248
4,2011-10-25,4,0,10,2,1,1,0.44,0.4394,0.72,0.1343,201
4,2011-10-25,4,0,10,2,1,1,0.46,0.4545,0.67,0.194,170
4,2011-10-25,4,0,10,2,1,1,0.44,0.4394,0.72,0.1343,94
1,2011-10-26,4,0,10,3,1,1,0.44,0.4394,0.72,0.194,32
1,2011-10-26,4,0,10,3,1,1,0.44,0.4394,0.67,0.2537,12
1,2011-10-26,4,0,10,3,1,1,0.44,0.4394,0.67,0.1642,3
1,2011-10-26,4,0,10,3,1,1,0.44,0.4394,0.67,0.2239,3
1,2011-10-26,4,0,10,3,1,1,0.42,0.4242,0.71,0.2537,5
1,2011-10-26,4,0,10,3,1,1,0.42,0.4242,0.71,0.2239,21
2,2011-10-26,4,0,10,3,1,1,0.42,0.4242,0.71,0.2239,92
2,2011-10-26,4,0,10,3,1,1,0.42,0.4242,0.71,0.1642,299
2,2011-10-26,4,0,10,3,1,2,0.44,0.4394,0.67,0.194,464
2,2011-10-26,4,0,10,3,1,2,0.48,0.4697,0.63,0.2239,240
2,2011-10-26,4,0,10,3,1,2,0.52,0.5,0.62,0.2537,131
2,2011-10-26,4,0,10,3,1,1,0.52,0.5,0.59,0.3284,155
3,2011-10-26,4,0,10,3,1,3,0.58,0.5455,0.53,0.2239,194
3,2011-10-26,4,0,10,3,1,3,0.56,0.5303,0.6,0.1045,82
3,2011-10-26,4,0,10,3,1,2,0.52,0.5,0.77,0.0,66
3,2011-10-26,4,0,10,3,1,2,0.52,0.5,0.77,0.0,70
3,2011-10-26,4,0,10,3,1,2,0.52,0.5,0.77,0.0896,213
3,2011-10-26,4,0,10,3,1,2,0.52,0.5,0.77,0.1045,454
4,2011-10-26,4,0,10,3,1,1,0.52,0.5,0.77,0.1642,453
4,2011-10-26,4,0,10,3,1,1,0.5,0.4848,0.82,0.0,331
4,2011-10-26,4,0,10,3,1,1,0.5,0.4848,0.88,0.0,207
4,2011-10-26,4,0,10,3,1,2,0.52,0.5,0.77,0.0,157
4,2011-10-26,4,0,10,3,1,2,0.48,0.4697,0.88,0.0896,135
4,2011-10-26,4,0,10,3,1,2,0.48,0.4697,0.88,0.0896,75
1,2011-10-27,4,0,10,4,1,1,0.46,0.4545,0.94,0.0,26
1,2011-10-27,4,0,10,4,1,1,0.46,0.4545,0.94,0.0,11
1,2011-10-27,4,0,10,4,1,3,0.46,0.4545,0.94,0.0,8
1,2011-10-27,4,0,10,4,1,3,0.46,0.4545,0.94,0.0,4
1,2011-10-27,4,0,10,4,1,3,0.48,0.4697,0.88,0.0,4
1,2011-10-27,4,0,10,4,1,3,0.48,0.4697,0.88,0.0896,15
2,2011-10-27,4,0,10,4,1,3,0.5,0.4848,0.82,0.0,46
2,2011-10-27,4,0,10,4,1,2,0.46,0.4545,0.94,0.0896,137
2,2011-10-27,4,0,10,4,1,3,0.48,0.4697,0.88,0.194,316
2,2011-10-27,4,0,10,4,1,2,0.5,0.4848,0.82,0.1642,171
2,2011-10-27,4,0,10,4,1,3,0.5,0.4848,0.88,0.194,62
2,2011-10-27,4,0,10,4,1,3,0.5,0.4848,0.88,0.1343,52
3,2011-10-27,4,0,10,4,1,3,0.5,0.4848,0.88,0.1343,53
3,2011-10-27,4,0,10,4,1,2,0.5,0.4848,0.88,0.1642,74
3,2011-10-27,4,0,10,4,1,2,0.52,0.5,0.83,0.0,92
3,2011-10-27,4,0,10,4,1,2,0.52,0.5,0.83,0.1045,107
3,2011-10-27,4,0,10,4,1,2,0.56,0.5303,0.73,0.1642,207
3,2011-10-27,4,0,10,4,1,2,0.5,0.4848,0.72,0.4627,322
4,2011-10-27,4,0,10,4,1,2,0.48,0.4697,0.67,0.4627,240
4,2011-10-27,4,0,10,4,1,2,0.44,0.4394,0.67,0.4627,219
4,2011-10-27,4,0,10,4,1,1,0.42,0.4242,0.67,0.4925,182
4,2011-10-27,4,0,10,4,1,1,0.4,0.4091,0.62,0.5224,132
4,2011-10-27,4,0,10,4,1,1,0.36,0.3182,0.66,0.4925,111
4,2011-10-27,4,0,10,4,1,1,0.34,0.303,0.61,0.4179,68
1,2011-10-28,4,0,10,5,1,1,0.34,0.3182,0.66,0.2537,44
1,2011-10-28,4,0,10,5,1,1,0.32,0.303,0.66,0.2537,16
1,2011-10-28,4,0,10,5,1,1,0.32,0.303,0.66,0.2836,4
1,2011-10-28,4,0,10,5,1,1,0.3,0.2879,0.7,0.2836,8
1,2011-10-28,4,0,10,5,1,1,0.3,0.2879,0.65,0.2836,10
1,2011-10-28,4,0,10,5,1,2,0.3,0.2879,0.61,0.2537,25
2,2011-10-28,4,0,10,5,1,1,0.28,0.2727,0.65,0.2537,75
2,2011-10-28,4,0,10,5,1,1,0.28,0.2727,0.65,0.2537,205
2,2011-10-28,4,0,10,5,1,1,0.3,0.2879,0.61,0.2836,374
2,2011-10-28,4,0,10,5,1,1,0.32,0.303,0.57,0.2239,229
2,2011-10-28,4,0,10,5,1,1,0.34,0.3182,0.57,0.2239,130
2,2011-10-28,4,0,10,5,1,1,0.36,0.3485,0.5,0.2239,168
3,2011-10-28,4,0,10,5,1,2,0.38,0.3939,0.4,0.1642,213
3,2011-10-28,4,0,10,5,1,2,0.38,0.3939,0.42,0.2239,228
3,2011-10-28,4,0,10,5,1,2,0.36,0.3485,0.46,0.194,185
3,2011-10-28,4,0,10,5,1,2,0.36,0.3333,0.43,0.2537,215
3,2011-10-28,4,0,10,5,1,2,0.36,0.3485,0.46,0.1642,308
3,2011-10-28,4,0,10,5,1,2,0.36,0.3485,0.5,0.1343,446
4,2011-10-28,4,0,10,5,1,2,0.36,0.3485,0.53,0.1642,368
4,2011-10-28,4,0,10,5,1,2,0.36,0.3485,0.5,0.1343,204
4,2011-10-28,4,0,10,5,1,3,0.34,0.3182,0.61,0.2239,143
4,2011-10-28,4,0,10,5,1,3,0.32,0.3182,0.7,0.1642,74
4,2011-10-28,4,0,10,5,1,3,0.3,0.2879,0.75,0.2836,36
4,2011-10-28,4,0,10,5,1,3,0.3,0.2727,0.81,0.3284,39
1,2011-10-29,4,0,10,6,0,3,0.28,0.2576,0.87,0.2985,19
1,2011-10-29,4,0,10,6,0,3,0.3,0.2727,0.87,0.2985,18
1,2011-10-29,4,0,10,6,0,3,0.3,0.2727,0.87,0.2985,17
1,2011-10-29,4,0,10,6,0,3,0.3,0.2727,0.81,0.4179,8
1,2011-10-29,4,0,10,6,0,3,0.3,0.2727,0.81,0.4179,1
1,2011-10-29,4,0,10,6,0,3,0.26,0.2273,0.93,0.3582,1
2,2011-10-29,4,0,10,6,0,3,0.26,0.2273,0.87,0.3582,5
2,2011-10-29,4,0,10,6,0,3,0.26,0.2273,0.87,0.3582,7
2,2011-10-29,4,0,10,6,0,3,0.28,0.2576,0.87,0.3582,20
2,2011-10-29,4,0,10,6,0,3,0.28,0.2576,0.87,0.3582,20
2,2011-10-29,4,0,10,6,0,3,0.26,0.2273,0.93,0.3284,12
2,2011-10-29,4,0,10,6,0,3,0.26,0.2273,0.93,0.3881,27
3,2011-10-29,4,0,10,6,0,3,0.24,0.197,0.87,0.4925,50
3,2011-10-29,4,0,10,6,0,3,0.24,0.197,0.87,0.5224,30
3,2011-10-29,4,0,10,6,0,3,0.24,0.197,0.87,0.4478,29
3,2011-10-29,4,0,10,6,0,3,0.22,0.2121,0.93,0.2537,41
3,2011-10-29,4,0,10,6,0,3,0.22,0.197,0.93,0.3284,22
3,2011-10-29,4,0,10,6,0,3,0.22,0.197,0.93,0.3284,31
4,2011-10-29,4,0,10,6,0,3,0.22,0.197,0.93,0.3284,43
4,2011-10-29,4,0,10,6,0,1,0.24,0.2121,0.87,0.3582,39
4,2011-10-29,4,0,10,6,0,1,0.24,0.2121,0.87,0.3582,47
4,2011-10-29,4,0,10,6,0,1,0.24,0.2121,0.87,0.3582,50
4,2011-10-29,4,0,10,6,0,1,0.22,0.2121,0.87,0.2239,54
4,2011-10-29,4,0,10,6,0,1,0.22,0.2273,0.87,0.194,36
1,2011-10-30,4,0,10,0,0,1,0.22,0.2121,0.87,0.2239,54
1,2011-10-30,4,0,10,0,0,1,0.22,0.2121,0.87,0.2537,43
1,2011-10-30,4,0,10,0,0,1,0.22,0.2121,0.87,0.2836,50
1,2011-10-30,4,0,10,0,0,1,0.24,0.2121,0.75,0.3582,33
1,2011-10-30,4,0,10,0,0,1,0.22,0.197,0.8,0.3284,11
1,2011-10-30,4,0,10,0,0,1,0.24,0.2121,0.75,0.2985,4
2,2011-10-30,4,0,10,0,0,1,0.24,0.2273,0.75,0.2537,10
2,2011-10-30,4,0,10,0,0,1,0.24,0.2879,0.75,0.0,22
2,2011-10-30,4,0,10,0,0,1,0.26,0.2576,0.7,0.2239,80
2,2011-10-30,4,0,10,0,0,1,0.3,0.2879,0.65,0.2537,147
2,2011-10-30,4,0,10,0,0,1,0.32,0.3333,0.61,0.0896,178
2,2011-10-30,4,0,10,0,0,1,0.36,0.3485,0.53,0.2239,240
3,2011-10-30,4,0,10,0,0,1,0.38,0.3939,0.5,0.194,314
3,2011-10-30,4,0,10,0,0,1,0.4,0.4091,0.43,0.2239,345
3,2011-10-30,4,0,10,0,0,1,0.42,0.4242,0.38,0.194,300
3,2011-10-30,4,0,10,0,0,1,0.42,0.4242,0.35,0.1642,290
3,2011-10-30,4,0,10,0,0,1,0.42,0.4242,0.32,0.1343,320
3,2011-10-30,4,0,10,0,0,1,0.4,0.4091,0.35,0.1045,245
4,2011-10-30,4,0,10,0,0,1,0.36,0.3485,0.4,0.1343,213
4,2011-10-30,4,0,10,0,0,1,0.56,0.5303,0.49,0.2985,153
4,2011-10-30,4,0,10,0,0,1,0.34,0.3636,0.57,0.0,92
4,2011-10-30,4,0,10,0,0,1,0.32,0.3485,0.66,0.0,79
4,2011-10-30,4,0,10,0,0,1,0.3,0.3333,0.75,0.0,71
4,2011-10-30,4,0,10,0,0,1,0.26,0.303,0.87,0.0,37
1,2011-10-31,4,0,10,1,1,1,0.26,0.303,0.87,0.0,23
1,2011-10-31,4,0,10,1,1,1,0.26,0.303,0.81,0.0,13
1,2011-10-31,4,0,10,1,1,1,0.24,0.2879,0.87,0.0,3
1,2011-10-31,4,0,10,1,1,1,0.24,0.2576,0.87,0.1045,3
1,2011-10-31,4,0,10,1,1,1,0.24,0.2879,0.87,0.0,6
1,2011-10-31,4,0,10,1,1,1,0.22,0.2727,0.93,0.0,18
2,2011-10-31,4,0,10,1,1,1,0.24,0.2879,0.87,0.0,86
2,2011-10-31,4,0,10,1,1,1,0.24,0.2879,0.93,0.0,227
2,2011-10-31,4,0,10,1,1,2,0.28,0.3182,0.87,0.0,372
2,2011-10-31,4,0,10,1,1,2,0.32,0.3182,0.76,0.1642,211
2,2011-10-31,4,0,10,1,1,2,0.36,0.3485,0.57,0.1642,105
2,2011-10-31,4,0,10,1,1,1,0.4,0.4091,0.5,0.1343,128
3,2011-10-31,4,0,10,1,1,1,0.42,0.4242,0.44,0.2239,170
3,2011-10-31,4,0,10,1,1,2,0.44,0.4394,0.44,0.2239,152
3,2011-10-31,4,0,10,1,1,2,0.44,0.4394,0.47,0.2239,141
3,2011-10-31,4,0,10,1,1,1,0.44,0.4394,0.47,0.1642,168
3,2011-10-31,4,0,10,1,1,1,0.42,0.4242,0.54,0.1642,272
3,2011-10-31,4,0,10,1,1,1,0.42,0.4242,0.54,0.1343,486
4,2011-10-31,4,0,10,1,1,1,0.4,0.4091,0.66,0.0896,422
4,2011-10-31,4,0,10,1,1,1,0.4,0.4091,0.66,0.0896,238
4,2011-10-31,4,0,10,1,1,1,0.4,0.4091,0.66,0.0896,172
4,2011-10-31,4,0,10,1,1,2,0.36,0.3485,0.76,0.194,116
4,2011-10-31,4,0,10,1,1,2,0.36,0.3485,0.76,0.194,85
4,2011-10-31,4,0,10,1,1,2,0.36,0.3485,0.76,0.194,52
1,2011-11-01,4,0,11,2,1,2,0.36,0.3485,0.87,0.1642,21
1,2011-11-01,4,0,11,2,1,1,0.36,0.3485,0.81,0.1343,11
1,2011-11-01,4,0,11,2,1,2,0.36,0.3485,0.81,0.1642,4
1,2011-11-01,4,0,11,2,1,2,0.36,0.3485,0.81,0.1343,6
1,2011-11-01,4,0,11,2,1,1,0.34,0.3182,0.81,0.2239,8
1,2011-11-01,4,0,11,2,1,1,0.32,0.3182,0.81,0.194,18
2,2011-11-01,4,0,11,2,1,1,0.32,0.3182,0.81,0.194,93
2,2011-11-01,4,0,11,2,1,1,0.34,0.3333,0.76,0.194,254
2,2011-11-01,4,0,11,2,1,1,0.36,0.3333,0.71,0.2537,419
2,2011-11-01,4,0,11,2,1,1,0.4,0.4091,0.66,0.1642,222
2,2011-11-01,4,0,11,2,1,1,0.44,0.4394,0.62,0.1343,135
2,2011-11-01,4,0,11,2,1,1,0.46,0.4545,0.63,0.1045,117
3,2011-11-01,4,0,11,2,1,1,0.5,0.4848,0.48,0.0896,176
3,2011-11-01,4,0,11,2,1,1,0.48,0.4697,0.55,0.194,167
3,2011-11-01,4,0,11,2,1,1,0.5,0.4848,0.48,0.2537,150
3,2011-11-01,4,0,11,2,1,1,0.5,0.4848,0.45,0.1343,186
3,2011-11-01,4,0,11,2,1,1,0.48,0.4697,0.44,0.1642,298
3,2011-11-01,4,0,11,2,1,1,0.44,0.4394,0.54,0.1642,506
4,2011-11-01,4,0,11,2,1,1,0.42,0.4242,0.58,0.1045,460
4,2011-11-01,4,0,11,2,1,1,0.42,0.4242,0.58,0.0896,313
4,2011-11-01,4,0,11,2,1,1,0.4,0.4091,0.71,0.0,209
4,2011-11-01,4,0,11,2,1,1,0.36,0.3788,0.81,0.0,127
4,2011-11-01,4,0,11,2,1,1,0.36,0.3788,0.81,0.0,96
4,2011-11-01,4,0,11,2,1,1,0.34,0.3636,0.87,0.0,72
1,2011-11-02,4,0,11,3,1,1,0.32,0.3485,0.87,0.0,19
1,2011-11-02,4,0,11,3,1,1,0.3,0.3333,0.87,0.0,10
1,2011-11-02,4,0,11,3,1,1,0.3,0.3333,0.87,0.0,2
1,2011-11-02,4,0,11,3,1,1,0.3,0.3333,0.75,0.0,2
1,2011-11-02,4,0,11,3,1,1,0.3,0.3333,0.87,0.0,4
1,2011-11-02,4,0,11,3,1,1,0.3,0.3333,0.81,0.0,27
2,2011-11-02,4,0,11,3,1,1,0.3,0.3333,0.81,0.0,92
2,2011-11-02,4,0,11,3,1,1,0.3,0.3333,0.81,0.0,251
2,2011-11-02,4,0,11,3,1,1,0.32,0.3485,0.87,0.0,472
2,2011-11-02,4,0,11,3,1,1,0.34,0.3636,0.87,0.0,228
2,2011-11-02,4,0,11,3,1,1,0.4,0.4091,0.71,0.0896,133
2,2011-11-02,4,0,11,3,1,1,0.42,0.4242,0.71,0.1343,144
3,2011-11-02,4,0,11,3,1,1,0.46,0.4545,0.55,0.1642,189
3,2011-11-02,4,0,11,3,1,1,0.48,0.4697,0.48,0.1642,161
3,2011-11-02,4,0,11,3,1,1,0.5,0.4848,0.45,0.1642,172
3,2011-11-02,4,0,11,3,1,1,0.48,0.4697,0.51,0.1642,187
3,2011-11-02,4,0,11,3,1,1,0.48,0.4697,0.51,0.1045,266
3,2011-11-02,4,0,11,3,1,1,0.44,0.4394,0.62,0.194,553
4,2011-11-02,4,0,11,3,1,1,0.42,0.4242,0.71,0.1642,479
4,2011-11-02,4,0,11,3,1,1,0.4,0.4091,0.76,0.1343,282
4,2011-11-02,4,0,11,3,1,1,0.4,0.4091,0.66,0.1343,182
4,2011-11-02,4,0,11,3,1,1,0.38,0.3939,0.71,0.1343,168
4,2011-11-02,4,0,11,3,1,1,0.36,0.3485,0.71,0.1343,106
4,2011-11-02,4,0,11,3,1,1,0.36,0.3636,0.76,0.0896,57
1,2011-11-03,4,0,11,4,1,1,0.36,0.3636,0.76,0.0896,31
1,2011-11-03,4,0,11,4,1,1,0.34,0.3333,0.81,0.1343,15
1,2011-11-03,4,0,11,4,1,1,0.34,0.3333,0.76,0.1343,7
1,2011-11-03,4,0,11,4,1,1,0.34,0.3333,0.81,0.1343,5
1,2011-11-03,4,0,11,4,1,1,0.32,0.3333,0.81,0.0896,4
1,2011-11-03,4,0,11,4,1,1,0.32,0.3333,0.81,0.1343,28
2,2011-11-03,4,0,11,4,1,1,0.34,0.3333,0.76,0.194,99
2,2011-11-03,4,0,11,4,1,2,0.32,0.3333,0.81,0.0896,292
2,2011-11-03,4,0,11,4,1,2,0.34,0.3485,0.81,0.0896,402
2,2011-11-03,4,0,11,4,1,2,0.36,0.3485,0.81,0.194,164
2,2011-11-03,4,0,11,4,1,2,0.4,0.4091,0.76,0.194,110
2,2011-11-03,4,0,11,4,1,1,0.44,0.4394,0.67,0.194,120
3,2011-11-03,4,0,11,4,1,1,0.5,0.4848,0.51,0.194,179
3,2011-11-03,4,0,11,4,1,2,0.52,0.5,0.48,0.2537,169
3,2011-11-03,4,0,11,4,1,1,0.52,0.5,0.52,0.1642,152
3,2011-11-03,4,0,11,4,1,1,0.52,0.5,0.52,0.1642,162
3,2011-11-03,4,0,11,4,1,1,0.52,0.5,0.48,0.194,267
3,2011-11-03,4,0,11,4,1,1,0.48,0.4697,0.55,0.0896,498
4,2011-11-03,4,0,11,4,1,1,0.46,0.4545,0.63,0.1343,433
4,2011-11-03,4,0,11,4,1,1,0.44,0.4394,0.67,0.0896,252
4,2011-11-03,4,0,11,4,1,1,0.42,0.4242,0.71,0.1045,209
4,2011-11-03,4,0,11,4,1,1,0.4,0.4091,0.76,0.1343,144
4,2011-11-03,4,0,11,4,1,1,0.4,0.4091,0.82,0.0,137
4,2011-11-03,4,0,11,4,1,1,0.4,0.4091,0.82,0.0896,95
1,2011-11-04,4,0,11,5,1,2,0.4,0.4091,0.82,0.0,43
1,2011-11-04,4,0,11,5,1,2,0.4,0.4091,0.82,0.0,17
1,2011-11-04,4,0,11,5,1,2,0.4,0.4091,0.76,0.0,10
1,2011-11-04,4,0,11,5,1,2,0.38,0.3939,0.87,0.1642,8
1,2011-11-04,4,0,11,5,1,2,0.38,0.3939,0.87,0.0896,7
1,2011-11-04,4,0,11,5,1,2,0.38,0.3939,0.87,0.0,23
2,2011-11-04,4,0,11,5,1,2,0.38,0.3939,0.87,0.0896,66
2,2011-11-04,4,0,11,5,1,2,0.4,0.4091,0.86,0.2239,245
2,2011-11-04,4,0,11,5,1,2,0.4,0.4091,0.87,0.3582,395
2,2011-11-04,4,0,11,5,1,2,0.42,0.4242,0.71,0.4627,254
2,2011-11-04,4,0,11,5,1,2,0.42,0.4242,0.71,0.3284,134
2,2011-11-04,4,0,11,5,1,2,0.44,0.4394,0.67,0.4478,162
3,2011-11-04,4,0,11,5,1,2,0.48,0.4697,0.55,0.4925,197
3,2011-11-04,4,0,11,5,1,1,0.44,0.4394,0.51,0.4179,194
3,2011-11-04,4,0,11,5,1,1,0.44,0.4394,0.47,0.2985,201
3,2011-11-04,4,0,11,5,1,1,0.46,0.4545,0.44,0.3881,237
3,2011-11-04,4,0,11,5,1,1,0.46,0.4545,0.36,0.3881,290
3,2011-11-04,4,0,11,5,1,1,0.42,0.4242,0.38,0.3582,480
4,2011-11-04,4,0,11,5,1,1,0.42,0.4242,0.32,0.4627,374
4,2011-11-04,4,0,11,5,1,1,0.4,0.4091,0.37,0.3582,196
4,2011-11-04,4,0,11,5,1,1,0.36,0.3333,0.43,0.2836,186
4,2011-11-04,4,0,11,5,1,1,0.34,0.3182,0.46,0.2537,123
4,2011-11-04,4,0,11,5,1,1,0.34,0.303,0.46,0.3284,115
4,2011-11-04,4,0,11,5,1,1,0.32,0.303,0.49,0.3284,89
1,2011-11-05,4,0,11,6,0,1,0.32,0.2879,0.45,0.3582,52
1,2011-11-05,4,0,11,6,0,1,0.32,0.303,0.45,0.2985,62
1,2011-11-05,4,0,11,6,0,1,0.3,0.2727,0.52,0.3284,31
1,2011-11-05,4,0,11,6,0,1,0.3,0.2727,0.52,0.2985,8
1,2011-11-05,4,0,11,6,0,1,0.28,0.2576,0.56,0.3284,8
1,2011-11-05,4,0,11,6,0,1,0.26,0.2273,0.6,0.3284,2
2,2011-11-05,4,0,11,6,0,1,0.26,0.2424,0.6,0.2537,23
2,2011-11-05,4,0,11,6,0,1,0.26,0.2424,0.6,0.2836,34
2,2011-11-05,4,0,11,6,0,1,0.28,0.2576,0.56,0.3284,84
2,2011-11-05,4,0,11,6,0,1,0.3,0.2727,0.56,0.2985,141
2,2011-11-05,4,0,11,6,0,1,0.32,0.303,0.53,0.2537,227
2,2011-11-05,4,0,11,6,0,1,0.36,0.3636,0.46,0.1045,238
3,2011-11-05,4,0,11,6,0,1,0.36,0.3485,0.46,0.1642,372
3,2011-11-05,4,0,11,6,0,1,0.4,0.4091,0.37,0.1045,355
3,2011-11-05,4,0,11,6,0,1,0.42,0.4242,0.35,0.1343,386
3,2011-11-05,4,0,11,6,0,1,0.4,0.4091,0.37,0.194,343
3,2011-11-05,4,0,11,6,0,1,0.4,0.4091,0.4,0.2239,335
3,2011-11-05,4,0,11,6,0,1,0.38,0.3939,0.4,0.1642,334
4,2011-11-05,4,0,11,6,0,1,0.36,0.3636,0.5,0.0896,237
4,2011-11-05,4,0,11,6,0,1,0.34,0.3636,0.53,0.0,204
4,2011-11-05,4,0,11,6,0,1,0.32,0.3485,0.66,0.0,165
4,2011-11-05,4,0,11,6,0,1,0.32,0.3485,0.66,0.0,118
4,2011-11-05,4,0,11,6,0,1,0.3,0.3333,0.65,0.0,82
4,2011-11-05,4,0,11,6,0,1,0.28,0.3182,0.7,0.0,85
1,2011-11-06,4,0,11,0,0,1,0.28,0.3182,0.75,0.0,75
1,2011-11-06,4,0,11,0,0,1,0.26,0.303,0.81,0.0,115
1,2011-11-06,4,0,11,0,0,1,0.26,0.303,0.81,0.0,29
1,2011-11-06,4,0,11,0,0,1,0.24,0.2879,0.87,0.0,9
1,2011-11-06,4,0,11,0,0,1,0.24,0.2879,0.87,0.0,6
1,2011-11-06,4,0,11,0,0,1,0.24,0.2424,0.87,0.1343,5
2,2011-11-06,4,0,11,0,0,1,0.26,0.2879,0.81,0.0896,16
2,2011-11-06,4,0,11,0,0,1,0.26,0.2727,0.87,0.1045,28
2,2011-11-06,4,0,11,0,0,2,0.28,0.303,0.87,0.0896,90
2,2011-11-06,4,0,11,0,0,2,0.3,0.3182,0.75,0.0896,170
2,2011-11-06,4,0,11,0,0,1,0.36,0.3636,0.66,0.0896,262
2,2011-11-06,4,0,11,0,0,1,0.42,0.4242,0.58,0.0896,320
3,2011-11-06,4,0,11,0,0,1,0.44,0.4394,0.54,0.0,346
3,2011-11-06,4,0,11,0,0,1,0.46,0.4545,0.51,0.1642,314
3,2011-11-06,4,0,11,0,0,1,0.46,0.4545,0.55,0.194,320
3,2011-11-06,4,0,11,0,0,1,0.48,0.4697,0.51,0.194,306
3,2011-11-06,4,0,11,0,0,1,0.46,0.4545,0.55,0.2239,347
3,2011-11-06,4,0,11,0,0,1,0.44,0.4394,0.62,0.1642,256
4,2011-11-06,4,0,11,0,0,1,0.42,0.4242,0.71,0.1045,185
4,2011-11-06,4,0,11,0,0,1,0.38,0.3939,0.76,0.194,151
4,2011-11-06,4,0,11,0,0,1,0.36,0.3636,0.81,0.1045,116
4,2011-11-06,4,0,11,0,0,1,0.36,0.3636,0.81,0.0896,88
4,2011-11-06,4,0,11,0,0,1,0.36,0.3788,0.87,0.0,45
4,2011-11-06,4,0,11,0,0,1,0.34,0.3485,0.87,0.0896,50
1,2011-11-07,4,0,11,1,1,1,0.34,0.3636,0.87,0.0,15
1,2011-11-07,4,0,11,1,1,1,0.34,0.3636,0.87,0.0,8
1,2011-11-07,4,0,11,1,1,1,0.32,0.3485,0.93,0.0,2
1,2011-11-07,4,0,11,1,1,1,0.32,0.3485,0.93,0.0,3
1,2011-11-07,4,0,11,1,1,1,0.32,0.3485,0.93,0.0,6
1,2011-11-07,4,0,11,1,1,1,0.3,0.3333,0.93,0.0,26
2,2011-11-07,4,0,11,1,1,2,0.28,0.3182,0.93,0.0,99
2,2011-11-07,4,0,11,1,1,2,0.28,0.3182,0.93,0.0,311
2,2011-11-07,4,0,11,1,1,2,0.3,0.3182,1.0,0.0896,410
2,2011-11-07,4,0,11,1,1,2,0.34,0.3333,1.0,0.1343,174
2,2011-11-07,4,0,11,1,1,1,0.36,0.3485,0.93,0.1343,123
2,2011-11-07,4,0,11,1,1,1,0.42,0.4242,0.77,0.1045,128
3,2011-11-07,4,0,11,1,1,1,0.46,0.4545,0.67,0.0,179
3,2011-11-07,4,0,11,1,1,1,0.54,0.5152,0.49,0.0896,189
3,2011-11-07,4,0,11,1,1,1,0.56,0.5303,0.37,0.1642,145
3,2011-11-07,4,0,11,1,1,1,0.56,0.5303,0.37,0.1045,170
3,2011-11-07,4,0,11,1,1,1,0.52,0.5,0.45,0.0,295
3,2011-11-07,4,0,11,1,1,1,0.5,0.4848,0.45,0.1642,528
4,2011-11-07,4,0,11,1,1,1,0.46,0.4545,0.59,0.1045,425
4,2011-11-07,4,0,11,1,1,1,0.46,0.4545,0.59,0.0,300
4,2011-11-07,4,0,11,1,1,1,0.4,0.4091,0.71,0.0,204
4,2011-11-07,4,0,11,1,1,1,0.38,0.3939,0.82,0.1045,139
4,2011-11-07,4,0,11,1,1,1,0.36,0.3636,0.81,0.0896,108
4,2011-11-07,4,0,11,1,1,1,0.36,0.3636,0.87,0.0896,48
1,2011-11-08,4,0,11,2,1,1,0.34,0.3485,0.87,0.0896,18
1,2011-11-08,4,0,11,2,1,1,0.32,0.3333,0.93,0.1045,11
1,2011-11-08,4,0,11,2,1,1,0.32,0.3485,0.87,0.0,1
1,2011-11-08,4,0,11,2,1,1,0.32,0.3485,0.87,0.0,3
1,2011-11-08,4,0,11,2,1,1,0.3,0.3333,0.87,0.0,4
1,2011-11-08,4,0,11,2,1,1,0.3,0.3182,0.87,0.0896,18
2,2011-11-08,4,0,11,2,1,1,0.3,0.3333,0.87,0.0,99
2,2011-11-08,4,0,11,2,1,1,0.3,0.3182,0.87,0.1045,323
2,2011-11-08,4,0,11,2,1,1,0.32,0.3333,0.93,0.1045,466
2,2011-11-08,4,0,11,2,1,1,0.36,0.3788,0.87,0.0,191
2,2011-11-08,4,0,11,2,1,1,0.42,0.4242,0.71,0.0896,129
2,2011-11-08,4,0,11,2,1,1,0.46,0.4545,0.63,0.1343,147
3,2011-11-08,4,0,11,2,1,1,0.52,0.5,0.52,0.1343,203
3,2011-11-08,4,0,11,2,1,1,0.54,0.5152,0.49,0.1642,196
3,2011-11-08,4,0,11,2,1,1,0.56,0.5303,0.46,0.1045,161
3,2011-11-08,4,0,11,2,1,1,0.58,0.5455,0.46,0.1045,188
3,2011-11-08,4,0,11,2,1,1,0.56,0.5303,0.46,0.1343,289
3,2011-11-08,4,0,11,2,1,1,0.52,0.5,0.43,0.1642,499
4,2011-11-08,4,0,11,2,1,1,0.48,0.4697,0.55,0.1343,462
4,2011-11-08,4,0,11,2,1,1,0.46,0.4545,0.59,0.0,278
4,2011-11-08,4,0,11,2,1,1,0.4,0.4091,0.76,0.0,181
4,2011-11-08,4,0,11,2,1,1,0.4,0.4091,0.76,0.0,182
4,2011-11-08,4,0,11,2,1,1,0.36,0.3788,0.87,0.0,108
4,2011-11-08,4,0,11,2,1,1,0.36,0.3788,0.81,0.0,48
1,2011-11-09,4,0,11,3,1,1,0.36,0.3788,0.87,0.0,13
1,2011-11-09,4,0,11,3,1,1,0.34,0.3636,0.87,0.0,10
1,2011-11-09,4,0,11,3,1,1,0.32,0.3485,0.93,0.0,5
1,2011-11-09,4,0,11,3,1,1,0.32,0.3485,0.93,0.0,4
1,2011-11-09,4,0,11,3,1,1,0.32,0.3485,0.87,0.0,4
1,2011-11-09,4,0,11,3,1,1,0.3,0.3333,0.87,0.0,28
2,2011-11-09,4,0,11,3,1,1,0.3,0.3333,0.87,0.0,98
2,2011-11-09,4,0,11,3,1,1,0.3,0.3333,0.87,0.0,300
2,2011-11-09,4,0,11,3,1,1,0.32,0.3485,0.93,0.0,456
2,2011-11-09,4,0,11,3,1,1,0.34,0.3636,0.93,0.0,219
2,2011-11-09,4,0,11,3,1,1,0.4,0.4091,0.76,0.1045,105
2,2011-11-09,4,0,11,3,1,1,0.46,0.4545,0.67,0.1642,152
3,2011-11-09,4,0,11,3,1,1,0.5,0.4848,0.51,0.1642,180
3,2011-11-09,4,0,11,3,1,1,0.5,0.4848,0.51,0.1642,167
3,2011-11-09,4,0,11,3,1,1,0.52,0.5,0.48,0.1642,179
3,2011-11-09,4,0,11,3,1,1,0.52,0.5,0.45,0.2239,151
3,2011-11-09,4,0,11,3,1,1,0.52,0.5,0.48,0.194,281
3,2011-11-09,4,0,11,3,1,1,0.46,0.4545,0.63,0.1045,485
4,2011-11-09,4,0,11,3,1,1,0.44,0.4394,0.67,0.1045,408
4,2011-11-09,4,0,11,3,1,1,0.44,0.4394,0.72,0.1045,304
4,2011-11-09,4,0,11,3,1,1,0.44,0.4394,0.77,0.0,219
4,2011-11-09,4,0,11,3,1,1,0.4,0.4091,0.87,0.0,161
4,2011-11-09,4,0,11,3,1,1,0.4,0.4091,0.87,0.0,114
4,2011-11-09,4,0,11,3,1,1,0.38,0.3939,0.87,0.0,66
1,2011-11-10,4,0,11,4,1,1,0.4,0.4091,0.87,0.0,24
1,2011-11-10,4,0,11,4,1,2,0.4,0.4091,0.87,0.0,11
1,2011-11-10,4,0,11,4,1,2,0.38,0.3939,0.94,0.0,5
1,2011-11-10,4,0,11,4,1,1,0.38,0.3939,0.94,0.0896,11
1,2011-11-10,4,0,11,4,1,1,0.38,0.3939,0.94,0.0896,3
1,2011-11-10,4,0,11,4,1,2,0.36,0.3485,1.0,0.1343,23
2,2011-11-10,4,0,11,4,1,2,0.36,0.3485,1.0,0.1343,114
2,2011-11-10,4,0,11,4,1,2,0.38,0.3939,0.94,0.1642,272
2,2011-11-10,4,0,11,4,1,2,0.4,0.4091,0.94,0.0896,436
2,2011-11-10,4,0,11,4,1,2,0.42,0.4242,0.94,0.1045,211
2,2011-11-10,4,0,11,4,1,2,0.44,0.4394,0.88,0.2239,117
2,2011-11-10,4,0,11,4,1,2,0.46,0.4545,0.67,0.3881,108
3,2011-11-10,4,0,11,4,1,2,0.42,0.4242,0.67,0.3582,167
3,2011-11-10,4,0,11,4,1,3,0.36,0.3333,0.81,0.3582,96
3,2011-11-10,4,0,11,4,1,3,0.36,0.3333,0.87,0.2836,64
3,2011-11-10,4,0,11,4,1,3,0.36,0.3333,0.81,0.2985,62
3,2011-11-10,4,0,11,4,1,3,0.36,0.3485,0.81,0.2239,73
3,2011-11-10,4,0,11,4,1,3,0.36,0.3485,0.81,0.2239,177
4,2011-11-10,4,0,11,4,1,2,0.36,0.3485,0.81,0.1642,273
4,2011-11-10,4,0,11,4,1,2,0.36,0.3485,0.71,0.2239,211
4,2011-11-10,4,0,11,4,1,2,0.36,0.3333,0.62,0.2836,168
4,2011-11-10,4,0,11,4,1,1,0.36,0.3333,0.57,0.2537,136
4,2011-11-10,4,0,11,4,1,1,0.36,0.3333,0.53,0.2836,89
4,2011-11-10,4,0,11,4,1,2,0.34,0.3333,0.57,0.1642,82
1,2011-11-11,4,0,11,5,0,1,0.34,0.3182,0.53,0.2537,66
1,2011-11-11,4,0,11,5,0,1,0.32,0.303,0.57,0.3284,19
1,2011-11-11,4,0,11,5,0,1,0.32,0.2879,0.57,0.2836,11
1,2011-11-11,4,0,11,5,0,1,0.3,0.2879,0.61,0.194,6
1,2011-11-11,4,0,11,5,0,1,0.3,0.2879,0.61,0.194,8
1,2011-11-11,4,0,11,5,0,1,0.3,0.2879,0.49,0.2537,13
2,2011-11-11,4,0,11,5,0,1,0.28,0.2576,0.45,0.3284,46
2,2011-11-11,4,0,11,5,0,1,0.28,0.2727,0.45,0.2537,121
2,2011-11-11,4,0,11,5,0,1,0.3,0.2727,0.42,0.3582,258
2,2011-11-11,4,0,11,5,0,1,0.32,0.2879,0.45,0.4478,201
2,2011-11-11,4,0,11,5,0,1,0.32,0.2727,0.42,0.5522,200
2,2011-11-11,4,0,11,5,0,1,0.34,0.2879,0.42,0.4925,170
3,2011-11-11,4,0,11,5,0,1,0.34,0.2879,0.42,0.4627,239
3,2011-11-11,4,0,11,5,0,1,0.38,0.3939,0.37,0.5522,236
3,2011-11-11,4,0,11,5,0,1,0.38,0.3939,0.37,0.4627,247
3,2011-11-11,4,0,11,5,0,1,0.36,0.3333,0.37,0.4179,216
3,2011-11-11,4,0,11,5,0,1,0.36,0.3333,0.34,0.3284,238
3,2011-11-11,4,0,11,5,0,1,0.34,0.303,0.39,0.3284,310
4,2011-11-11,4,0,11,5,0,1,0.34,0.3182,0.39,0.2537,208
4,2011-11-11,4,0,11,5,0,1,0.32,0.3182,0.39,0.1642,199
4,2011-11-11,4,0,11,5,0,1,0.32,0.3182,0.39,0.194,109
4,2011-11-11,4,0,11,5,0,1,0.3,0.303,0.45,0.1642,83
4,2011-11-11,4,0,11,5,0,1,0.32,0.3182,0.39,0.194,91
4,2011-11-11,4,0,11,5,0,1,0.3,0.3182,0.45,0.0896,73
1,2011-11-12,4,0,11,6,0,1,0.24,0.2424,0.6,0.1343,64
1,2011-11-12,4,0,11,6,0,1,0.24,0.2424,0.6,0.1343,54
1,2011-11-12,4,0,11,6,0,1,0.24,0.2576,0.65,0.0896,46
1,2011-11-12,4,0,11,6,0,1,0.24,0.2424,0.7,0.1343,17
1,2011-11-12,4,0,11,6,0,1,0.2,0.2121,0.8,0.1343,7
1,2011-11-12,4,0,11,6,0,1,0.22,0.2576,0.75,0.0896,4
2,2011-11-12,4,0,11,6,0,1,0.22,0.2273,0.75,0.1642,7
2,2011-11-12,4,0,11,6,0,1,0.22,0.2273,0.75,0.194,27
2,2011-11-12,4,0,11,6,0,1,0.26,0.2576,0.7,0.194,101
2,2011-11-12,4,0,11,6,0,1,0.3,0.303,0.61,0.1642,160
2,2011-11-12,4,0,11,6,0,1,0.34,0.3182,0.61,0.2836,232
2,2011-11-12,4,0,11,6,0,1,0.38,0.3939,0.54,0.2836,315
3,2011-11-12,4,0,11,6,0,1,0.44,0.4394,0.44,0.2836,366
3,2011-11-12,4,0,11,6,0,1,0.48,0.4697,0.36,0.2836,353
3,2011-11-12,4,0,11,6,0,1,0.5,0.4848,0.36,0.2985,435
3,2011-11-12,4,0,11,6,0,1,0.52,0.5,0.29,0.2836,386
3,2011-11-12,4,0,11,6,0,1,0.52,0.5,0.32,0.2537,361
3,2011-11-12,4,0,11,6,0,1,0.5,0.4848,0.34,0.2537,285
4,2011-11-12,4,0,11,6,0,1,0.42,0.4242,0.58,0.194,203
4,2011-11-12,4,0,11,6,0,1,0.42,0.4242,0.5,0.2537,171
4,2011-11-12,4,0,11,6,0,1,0.42,0.4242,0.5,0.2836,132
4,2011-11-12,4,0,11,6,0,1,0.42,0.4242,0.47,0.2836,122
4,2011-11-12,4,0,11,6,0,1,0.42,0.4242,0.47,0.2537,118
4,2011-11-12,4,0,11,6,0,1,0.4,0.4091,0.58,0.1642,101
1,2011-11-13,4,0,11,0,0,2,0.4,0.4091,0.58,0.194,73
1,2011-11-13,4,0,11,0,0,2,0.36,0.3485,0.66,0.194,71
1,2011-11-13,4,0,11,0,0,1,0.36,0.3636,0.57,0.1045,57
1,2011-11-13,4,0,11,0,0,2,0.36,0.3485,0.62,0.1343,28
1,2011-11-13,4,0,11,0,0,2,0.36,0.3485,0.62,0.1343,6
1,2011-11-13,4,0,11,0,0,1,0.34,0.3333,0.61,0.1642,5
2,2011-11-13,4,0,11,0,0,1,0.34,0.3333,0.66,0.1343,23
2,2011-11-13,4,0,11,0,0,1,0.34,0.3182,0.66,0.2239,43
2,2011-11-13,4,0,11,0,0,1,0.34,0.3485,0.66,0.0896,79
2,2011-11-13,4,0,11,0,0,1,0.4,0.4091,0.54,0.2836,135
2,2011-11-13,4,0,11,0,0,1,0.44,0.4394,0.44,0.3284,241
2,2011-11-13,4,0,11,0,0,1,0.46,0.4545,0.4,0.4179,295
3,2011-11-13,4,0,11,0,0,2,0.52,0.5,0.29,0.4179,354
3,2011-11-13,4,0,11,0,0,2,0.52,0.5,0.29,0.4179,339
3,2011-11-13,4,0,11,0,0,2,0.54,0.5152,0.28,0.4925,371
3,2011-11-13,4,0,11,0,0,2,0.5,0.4848,0.42,0.3284,310
3,2011-11-13,4,0,11,0,0,2,0.54,0.5152,0.28,0.3881,319
3,2011-11-13,4,0,11,0,0,1,0.52,0.5,0.27,0.3284,231
4,2011-11-13,4,0,11,0,0,1,0.52,0.5,0.27,0.3284,190
4,2011-11-13,4,0,11,0,0,1,0.5,0.4848,0.29,0.3582,157
4,2011-11-13,4,0,11,0,0,1,0.5,0.4848,0.31,0.3582,139
4,2011-11-13,4,0,11,0,0,1,0.48,0.4697,0.36,0.2537,95
4,2011-11-13,4,0,11,0,0,1,0.48,0.4697,0.41,0.3881,89
4,2011-11-13,4,0,11,0,0,1,0.46,0.4545,0.51,0.2985,67
1,2011-11-14,4,0,11,1,1,1,0.46,0.4545,0.59,0.2836,30
1,2011-11-14,4,0,11,1,1,1,0.46,0.4545,0.63,0.2985,11
1,2011-11-14,4,0,11,1,1,1,0.46,0.4545,0.63,0.3582,17
1,2011-11-14,4,0,11,1,1,1,0.44,0.4394,0.67,0.2836,7
1,2011-11-14,4,0,11,1,1,1,0.44,0.4394,0.67,0.2239,5
1,2011-11-14,4,0,11,1,1,2,0.44,0.4394,0.67,0.2537,19
2,2011-11-14,4,0,11,1,1,2,0.44,0.4394,0.72,0.2239,114
2,2011-11-14,4,0,11,1,1,1,0.44,0.4394,0.72,0.2537,322
2,2011-11-14,4,0,11,1,1,2,0.46,0.4545,0.67,0.194,452
2,2011-11-14,4,0,11,1,1,2,0.48,0.4697,0.67,0.3284,233
2,2011-11-14,4,0,11,1,1,2,0.5,0.4848,0.63,0.2836,111
2,2011-11-14,4,0,11,1,1,2,0.54,0.5152,0.6,0.2836,128
3,2011-11-14,4,0,11,1,1,1,0.56,0.5303,0.56,0.2985,202
3,2011-11-14,4,0,11,1,1,1,0.6,0.6212,0.49,0.3881,203
3,2011-11-14,4,0,11,1,1,1,0.62,0.6212,0.46,0.4478,185
3,2011-11-14,4,0,11,1,1,1,0.64,0.6212,0.44,0.3284,195
3,2011-11-14,4,0,11,1,1,1,0.62,0.6212,0.46,0.4179,315
3,2011-11-14,4,0,11,1,1,1,0.62,0.6212,0.46,0.2537,519
4,2011-11-14,4,0,11,1,1,1,0.56,0.5303,0.56,0.2836,489
4,2011-11-14,4,0,11,1,1,1,0.6,0.6212,0.53,0.2985,302
4,2011-11-14,4,0,11,1,1,1,0.6,0.6212,0.53,0.3582,240
4,2011-11-14,4,0,11,1,1,1,0.6,0.6212,0.53,0.3582,213
4,2011-11-14,4,0,11,1,1,1,0.58,0.5455,0.56,0.3582,113
4,2011-11-14,4,0,11,1,1,1,0.56,0.5303,0.64,0.2985,61
1,2011-11-15,4,0,11,2,1,1,0.56,0.5303,0.64,0.3582,22
1,2011-11-15,4,0,11,2,1,1,0.56,0.5303,0.6,0.2985,10
1,2011-11-15,4,0,11,2,1,1,0.56,0.5303,0.64,0.2537,15
1,2011-11-15,4,0,11,2,1,2,0.54,0.5152,0.68,0.3284,4
1,2011-11-15,4,0,11,2,1,1,0.56,0.5303,0.64,0.2985,7
1,2011-11-15,4,0,11,2,1,1,0.54,0.5152,0.68,0.2836,28
2,2011-11-15,4,0,11,2,1,2,0.56,0.5303,0.64,0.0896,108
2,2011-11-15,4,0,11,2,1,2,0.54,0.5152,0.68,0.1642,319
2,2011-11-15,4,0,11,2,1,2,0.54,0.5152,0.68,0.1045,480
2,2011-11-15,4,0,11,2,1,2,0.56,0.5303,0.64,0.0896,200
2,2011-11-15,4,0,11,2,1,2,0.56,0.5303,0.64,0.2836,138
2,2011-11-15,4,0,11,2,1,2,0.56,0.5303,0.64,0.194,134
3,2011-11-15,4,0,11,2,1,2,0.54,0.5152,0.68,0.0,176
3,2011-11-15,4,0,11,2,1,3,0.54,0.5152,0.6,0.2239,153
3,2011-11-15,4,0,11,2,1,2,0.54,0.5152,0.6,0.2836,147
3,2011-11-15,4,0,11,2,1,2,0.54,0.5152,0.6,0.1343,191
3,2011-11-15,4,0,11,2,1,2,0.52,0.5,0.68,0.1343,271
3,2011-11-15,4,0,11,2,1,2,0.5,0.4848,0.72,0.194,451
4,2011-11-15,4,0,11,2,1,2,0.5,0.4848,0.72,0.2836,441
4,2011-11-15,4,0,11,2,1,2,0.5,0.4848,0.72,0.3582,286
4,2011-11-15,4,0,11,2,1,2,0.48,0.4697,0.82,0.1343,238
4,2011-11-15,4,0,11,2,1,2,0.5,0.4848,0.77,0.0896,168
4,2011-11-15,4,0,11,2,1,2,0.46,0.4545,0.88,0.1045,128
4,2011-11-15,4,0,11,2,1,2,0.46,0.4545,0.94,0.1045,80
1,2011-11-16,4,0,11,3,1,2,0.46,0.4545,0.94,0.0,31
1,2011-11-16,4,0,11,3,1,3,0.46,0.4545,0.94,0.0896,5
1,2011-11-16,4,0,11,3,1,2,0.46,0.4545,0.94,0.1045,10
1,2011-11-16,4,0,11,3,1,2,0.46,0.4545,0.94,0.1045,5
1,2011-11-16,4,0,11,3,1,2,0.44,0.4394,1.0,0.2239,4
1,2011-11-16,4,0,11,3,1,3,0.46,0.4545,0.94,0.1045,13
2,2011-11-16,4,0,11,3,1,2,0.46,0.4545,0.94,0.0896,56
2,2011-11-16,4,0,11,3,1,3,0.46,0.4545,0.94,0.0,137
2,2011-11-16,4,0,11,3,1,3,0.46,0.4545,0.94,0.0,232
2,2011-11-16,4,0,11,3,1,3,0.46,0.4545,0.94,0.0,82
2,2011-11-16,4,0,11,3,1,3,0.46,0.4545,0.94,0.0,36
2,2011-11-16,4,0,11,3,1,3,0.46,0.4545,0.94,0.0896,60
3,2011-11-16,4,0,11,3,1,3,0.46,0.4545,1.0,0.0,54
3,2011-11-16,4,0,11,3,1,3,0.46,0.4545,0.94,0.1343,58
3,2011-11-16,4,0,11,3,1,2,0.46,0.4545,1.0,0.1343,61
3,2011-11-16,4,0,11,3,1,3,0.48,0.4697,0.94,0.1045,66
3,2011-11-16,4,0,11,3,1,3,0.48,0.4697,0.94,0.1045,123
3,2011-11-16,4,0,11,3,1,2,0.48,0.4697,0.88,0.194,233
4,2011-11-16,4,0,11,3,1,3,0.46,0.4545,0.88,0.3881,189
4,2011-11-16,4,0,11,3,1,3,0.46,0.4545,0.88,0.3881,111
4,2011-11-16,4,0,11,3,1,3,0.44,0.4394,0.88,0.3881,99
4,2011-11-16,4,0,11,3,1,3,0.44,0.4394,0.88,0.2836,75
4,2011-11-16,4,0,11,3,1,3,0.42,0.4242,0.88,0.2239,46
4,2011-11-16,4,0,11,3,1,3,0.42,0.4242,0.88,0.1343,31
1,2011-11-17,4,0,11,4,1,2,0.42,0.4242,0.88,0.2537,24
1,2011-11-17,4,0,11,4,1,2,0.42,0.4242,0.82,0.1642,5
1,2011-11-17,4,0,11,4,1,2,0.42,0.4242,0.82,0.2239,5
1,2011-11-17,4,0,11,4,1,2,0.42,0.4242,0.77,0.3284,3
1,2011-11-17,4,0,11,4,1,2,0.4,0.4091,0.62,0.4179,4
1,2011-11-17,4,0,11,4,1,3,0.34,0.303,0.71,0.3284,22
2,2011-11-17,4,0,11,4,1,3,0.36,0.3485,0.57,0.2239,75
2,2011-11-17,4,0,11,4,1,3,0.34,0.3182,0.61,0.2836,168
2,2011-11-17,4,0,11,4,1,3,0.34,0.303,0.61,0.2985,355
2,2011-11-17,4,0,11,4,1,2,0.34,0.303,0.61,0.3284,198
2,2011-11-17,4,0,11,4,1,2,0.34,0.303,0.61,0.3284,81
2,2011-11-17,4,0,11,4,1,3,0.32,0.303,0.66,0.3284,97
3,2011-11-17,4,0,11,4,1,2,0.34,0.303,0.53,0.2985,121
3,2011-11-17,4,0,11,4,1,2,0.34,0.303,0.49,0.4478,124
3,2011-11-17,4,0,11,4,1,2,0.34,0.303,0.49,0.3881,110
3,2011-11-17,4,0,11,4,1,2,0.34,0.303,0.49,0.4478,116
3,2011-11-17,4,0,11,4,1,1,0.32,0.2879,0.39,0.4179,195
3,2011-11-17,4,0,11,4,1,1,0.32,0.2879,0.42,0.3881,399
4,2011-11-17,4,0,11,4,1,1,0.32,0.3182,0.39,0.194,307
4,2011-11-17,4,0,11,4,1,1,0.3,0.2879,0.45,0.2239,217
4,2011-11-17,4,0,11,4,1,1,0.3,0.2879,0.42,0.2836,169
4,2011-11-17,4,0,11,4,1,1,0.3,0.2879,0.42,0.2537,116
4,2011-11-17,4,0,11,4,1,1,0.26,0.2424,0.52,0.2537,84
4,2011-11-17,4,0,11,4,1,1,0.26,0.2576,0.52,0.2239,58
1,2011-11-18,4,0,11,5,1,1,0.26,0.2576,0.48,0.1642,30
1,2011-11-18,4,0,11,5,1,1,0.26,0.2273,0.44,0.3284,10
1,2011-11-18,4,0,11,5,1,1,0.24,0.2273,0.44,0.2239,10
1,2011-11-18,4,0,11,5,1,1,0.24,0.2121,0.41,0.2836,2
1,2011-11-18,4,0,11,5,1,1,0.22,0.2273,0.44,0.1642,5
1,2011-11-18,4,0,11,5,1,1,0.22,0.2273,0.44,0.1343,22
2,2011-11-18,4,0,11,5,1,1,0.22,0.2576,0.44,0.0896,71
2,2011-11-18,4,0,11,5,1,1,0.22,0.2273,0.44,0.1642,216
2,2011-11-18,4,0,11,5,1,1,0.22,0.2273,0.44,0.194,375
2,2011-11-18,4,0,11,5,1,1,0.26,0.2576,0.41,0.194,213
2,2011-11-18,4,0,11,5,1,1,0.26,0.2424,0.41,0.2836,115
2,2011-11-18,4,0,11,5,1,1,0.3,0.303,0.36,0.1343,140
3,2011-11-18,4,0,11,5,1,1,0.32,0.3333,0.33,0.0,165
3,2011-11-18,4,0,11,5,1,1,0.34,0.3182,0.31,0.2239,177
3,2011-11-18,4,0,11,5,1,1,0.34,0.3333,0.31,0.1343,154
3,2011-11-18,4,0,11,5,1,1,0.34,0.3333,0.29,0.1343,178
3,2011-11-18,4,0,11,5,1,1,0.34,0.3333,0.29,0.1343,209
3,2011-11-18,4,0,11,5,1,1,0.32,0.3333,0.31,0.1343,378
4,2011-11-18,4,0,11,5,1,1,0.3,0.303,0.36,0.1642,328
4,2011-11-18,4,0,11,5,1,1,0.28,0.2727,0.41,0.1642,190
4,2011-11-18,4,0,11,5,1,1,0.28,0.2727,0.48,0.194,137
4,2011-11-18,4,0,11,5,1,1,0.28,0.2727,0.48,0.1642,111
4,2011-11-18,4,0,11,5,1,1,0.26,0.2727,0.52,0.1045,97
4,2011-11-18,4,0,11,5,1,1,0.26,0.2727,0.6,0.1343,59
1,2011-11-19,4,0,11,6,0,1,0.26,0.2576,0.56,0.194,53
1,2011-11-19,4,0,11,6,0,1,0.26,0.2273,0.52,0.2985,35
1,2011-11-19,4,0,11,6,0,1,0.24,0.2424,0.56,0.1642,46
1,2011-11-19,4,0,11,6,0,1,0.26,0.2424,0.48,0.2537,15
1,2011-11-19,4,0,11,6,0,1,0.26,0.2273,0.48,0.3284,8
1,2011-11-19,4,0,11,6,0,1,0.24,0.2273,0.56,0.2537,2
2,2011-11-19,4,0,11,6,0,1,0.24,0.2121,0.6,0.3284,12
2,2011-11-19,4,0,11,6,0,1,0.24,0.2273,0.6,0.2537,41
2,2011-11-19,4,0,11,6,0,1,0.26,0.2424,0.56,0.2537,92
2,2011-11-19,4,0,11,6,0,1,0.28,0.2576,0.52,0.2985,142
2,2011-11-19,4,0,11,6,0,1,0.32,0.303,0.45,0.2537,200
2,2011-11-19,4,0,11,6,0,1,0.36,0.3788,0.4,0.0,233
3,2011-11-19,4,0,11,6,0,1,0.4,0.4091,0.35,0.2836,311
3,2011-11-19,4,0,11,6,0,1,0.42,0.4242,0.3,0.2836,363
3,2011-11-19,4,0,11,6,0,1,0.42,0.4242,0.32,0.2985,349
3,2011-11-19,4,0,11,6,0,1,0.42,0.4242,0.41,0.194,382
3,2011-11-19,4,0,11,6,0,1,0.42,0.4242,0.38,0.2985,287
3,2011-11-19,4,0,11,6,0,1,0.4,0.4091,0.4,0.194,232
4,2011-11-19,4,0,11,6,0,1,0.38,0.3939,0.46,0.1343,208
4,2011-11-19,4,0,11,6,0,2,0.34,0.3333,0.71,0.1343,182
4,2011-11-19,4,0,11,6,0,2,0.36,0.3636,0.57,0.1045,163
4,2011-11-19,4,0,11,6,0,2,0.36,0.3485,0.62,0.194,108
4,2011-11-19,4,0,11,6,0,2,0.38,0.3939,0.62,0.1642,106
4,2011-11-19,4,0,11,6,0,1,0.38,0.3939,0.62,0.2239,93
1,2011-11-20,4,0,11,0,0,1,0.38,0.3939,0.66,0.1642,93
1,2011-11-20,4,0,11,0,0,1,0.4,0.4091,0.62,0.2537,84
1,2011-11-20,4,0,11,0,0,1,0.4,0.4091,0.62,0.2836,56
1,2011-11-20,4,0,11,0,0,2,0.4,0.4091,0.66,0.2836,37
1,2011-11-20,4,0,11,0,0,2,0.4,0.4091,0.71,0.2836,12
1,2011-11-20,4,0,11,0,0,2,0.42,0.4242,0.67,0.2836,4
2,2011-11-20,4,0,11,0,0,2,0.42,0.4242,0.67,0.2537,9
2,2011-11-20,4,0,11,0,0,1,0.42,0.4242,0.67,0.2239,23
2,2011-11-20,4,0,11,0,0,2,0.42,0.4242,0.71,0.2836,65
2,2011-11-20,4,0,11,0,0,1,0.44,0.4394,0.72,0.1642,138
2,2011-11-20,4,0,11,0,0,2,0.44,0.4394,0.72,0.1045,229
2,2011-11-20,4,0,11,0,0,2,0.5,0.4848,0.63,0.1045,286
3,2011-11-20,4,0,11,0,0,2,0.5,0.4848,0.63,0.1343,304
3,2011-11-20,4,0,11,0,0,2,0.54,0.5152,0.6,0.194,369
3,2011-11-20,4,0,11,0,0,1,0.52,0.5,0.63,0.2537,363
3,2011-11-20,4,0,11,0,0,2,0.52,0.5,0.68,0.194,351
3,2011-11-20,4,0,11,0,0,2,0.52,0.5,0.63,0.1343,306
3,2011-11-20,4,0,11,0,0,2,0.52,0.5,0.63,0.194,203
4,2011-11-20,4,0,11,0,0,2,0.54,0.5152,0.64,0.194,145
4,2011-11-20,4,0,11,0,0,2,0.5,0.4848,0.72,0.1045,157
4,2011-11-20,4,0,11,0,0,2,0.52,0.5,0.68,0.1045,113
4,2011-11-20,4,0,11,0,0,2,0.48,0.4697,0.77,0.0896,105
4,2011-11-20,4,0,11,0,0,3,0.46,0.4545,0.88,0.0896,40
4,2011-11-20,4,0,11,0,0,3,0.46,0.4545,0.88,0.0896,28
1,2011-11-21,4,0,11,1,1,2,0.46,0.4545,0.94,0.0,17
1,2011-11-21,4,0,11,1,1,3,0.46,0.4545,0.94,0.194,12
1,2011-11-21,4,0,11,1,1,3,0.44,0.4394,1.0,0.194,3
1,2011-11-21,4,0,11,1,1,3,0.44,0.4394,1.0,0.1343,4
1,2011-11-21,4,0,11,1,1,3,0.44,0.4394,1.0,0.1343,5
1,2011-11-21,4,0,11,1,1,2,0.44,0.4394,1.0,0.0,20
2,2011-11-21,4,0,11,1,1,2,0.42,0.4242,1.0,0.0,76
2,2011-11-21,4,0,11,1,1,2,0.46,0.4545,0.94,0.1642,246
2,2011-11-21,4,0,11,1,1,2,0.46,0.4545,0.94,0.0,391
2,2011-11-21,4,0,11,1,1,2,0.48,0.4697,0.94,0.1045,237
2,2011-11-21,4,0,11,1,1,2,0.52,0.5,0.83,0.0,135
2,2011-11-21,4,0,11,1,1,2,0.52,0.5,0.83,0.1045,128
3,2011-11-21,4,0,11,1,1,2,0.5,0.4848,0.77,0.1343,162
3,2011-11-21,4,0,11,1,1,2,0.5,0.4848,0.77,0.1343,134
3,2011-11-21,4,0,11,1,1,2,0.48,0.4697,0.82,0.194,135
3,2011-11-21,4,0,11,1,1,3,0.44,0.4394,0.94,0.2239,108
3,2011-11-21,4,0,11,1,1,3,0.44,0.4394,0.94,0.2239,108
3,2011-11-21,4,0,11,1,1,3,0.42,0.4242,0.94,0.2985,210
4,2011-11-21,4,0,11,1,1,3,0.42,0.4242,0.88,0.194,192
4,2011-11-21,4,0,11,1,1,3,0.4,0.4091,0.94,0.194,137
4,2011-11-21,4,0,11,1,1,3,0.4,0.4091,0.87,0.2239,80
4,2011-11-21,4,0,11,1,1,3,0.4,0.4091,0.87,0.1642,114
4,2011-11-21,4,0,11,1,1,3,0.4,0.4091,0.87,0.1343,78
4,2011-11-21,4,0,11,1,1,3,0.4,0.4091,0.87,0.1642,33
1,2011-11-22,4,0,11,2,1,3,0.38,0.3939,0.94,0.1045,14
1,2011-11-22,4,0,11,2,1,3,0.4,0.4091,0.94,0.1343,6
1,2011-11-22,4,0,11,2,1,3,0.38,0.3939,1.0,0.1045,6
1,2011-11-22,4,0,11,2,1,3,0.38,0.3939,1.0,0.1045,3
1,2011-11-22,4,0,11,2,1,3,0.38,0.3939,0.94,0.1642,7
1,2011-11-22,4,0,11,2,1,3,0.38,0.3939,0.94,0.1642,18
2,2011-11-22,4,0,11,2,1,2,0.38,0.3939,0.94,0.1045,64
2,2011-11-22,4,0,11,2,1,3,0.38,0.3939,0.94,0.2239,121
2,2011-11-22,4,0,11,2,1,3,0.38,0.3939,0.94,0.2239,190
2,2011-11-22,4,0,11,2,1,3,0.4,0.4091,0.94,0.0,149
2,2011-11-22,4,0,11,2,1,3,0.4,0.4091,0.94,0.0,52
2,2011-11-22,4,0,11,2,1,3,0.4,0.4091,0.94,0.1343,32
3,2011-11-22,4,0,11,2,1,3,0.4,0.4091,1.0,0.0896,21
3,2011-11-22,4,0,11,2,1,3,0.42,0.4242,1.0,0.0896,26
3,2011-11-22,4,0,11,2,1,3,0.42,0.4242,1.0,0.0896,35
3,2011-11-22,4,0,11,2,1,3,0.44,0.4394,0.94,0.0,34
3,2011-11-22,4,0,11,2,1,3,0.44,0.4394,0.94,0.0,62
3,2011-11-22,4,0,11,2,1,3,0.44,0.4394,1.0,0.0896,165
4,2011-11-22,4,0,11,2,1,3,0.44,0.4394,1.0,0.0,148
4,2011-11-22,4,0,11,2,1,3,0.46,0.4545,0.94,0.1045,111
4,2011-11-22,4,0,11,2,1,2,0.46,0.4545,1.0,0.2239,127
4,2011-11-22,4,0,11,2,1,2,0.46,0.4545,1.0,0.2537,90
4,2011-11-22,4,0,11,2,1,2,0.5,0.4848,0.94,0.194,87
4,2011-11-22,4,0,11,2,1,2,0.48,0.4697,0.94,0.2537,39
1,2011-11-23,4,0,11,3,1,2,0.48,0.4697,0.94,0.2537,16
1,2011-11-23,4,0,11,3,1,2,0.48,0.4697,0.94,0.2985,8
1,2011-11-23,4,0,11,3,1,3,0.5,0.4848,0.94,0.3582,6
1,2011-11-23,4,0,11,3,1,3,0.5,0.4848,0.94,0.3582,3
1,2011-11-23,4,0,11,3,1,3,0.52,0.5,0.88,0.3582,5
1,2011-11-23,4,0,11,3,1,2,0.46,0.4545,0.94,0.194,17
2,2011-11-23,4,0,11,3,1,2,0.44,0.4394,1.0,0.0,69
2,2011-11-23,4,0,11,3,1,2,0.46,0.4545,1.0,0.0896,156
2,2011-11-23,4,0,11,3,1,2,0.48,0.4697,0.94,0.1045,323
2,2011-11-23,4,0,11,3,1,2,0.52,0.5,0.94,0.194,167
2,2011-11-23,4,0,11,3,1,2,0.52,0.5,0.94,0.194,76
2,2011-11-23,4,0,11,3,1,2,0.5,0.4848,0.72,0.4179,116
3,2011-11-23,4,0,11,3,1,1,0.48,0.4697,0.55,0.4179,160
3,2011-11-23,4,0,11,3,1,2,0.44,0.4394,0.54,0.4925,174
3,2011-11-23,4,0,11,3,1,1,0.42,0.4242,0.54,0.4627,213
3,2011-11-23,4,0,11,3,1,2,0.42,0.4242,0.54,0.4478,207
3,2011-11-23,4,0,11,3,1,2,0.4,0.4091,0.62,0.4627,173
3,2011-11-23,4,0,11,3,1,3,0.38,0.3939,0.71,0.3881,163
4,2011-11-23,4,0,11,3,1,2,0.4,0.4091,0.58,0.5224,145
4,2011-11-23,4,0,11,3,1,1,0.38,0.3939,0.58,0.3881,122
4,2011-11-23,4,0,11,3,1,1,0.36,0.3333,0.62,0.3881,68
4,2011-11-23,4,0,11,3,1,1,0.36,0.3182,0.57,0.4627,66
4,2011-11-23,4,0,11,3,1,1,0.34,0.303,0.61,0.4478,62
4,2011-11-23,4,0,11,3,1,1,0.34,0.303,0.61,0.3582,51
1,2011-11-24,4,0,11,4,0,1,0.32,0.303,0.57,0.2239,23
1,2011-11-24,4,0,11,4,0,1,0.32,0.2879,0.57,0.4179,24
1,2011-11-24,4,0,11,4,0,1,0.3,0.2879,0.61,0.2836,22
1,2011-11-24,4,0,11,4,0,1,0.28,0.2879,0.65,0.1343,5
1,2011-11-24,4,0,11,4,0,1,0.3,0.3182,0.61,0.0896,2
1,2011-11-24,4,0,11,4,0,1,0.3,0.3182,0.61,0.1045,11
2,2011-11-24,4,0,11,4,0,1,0.3,0.3182,0.61,0.0896,6
2,2011-11-24,4,0,11,4,0,1,0.26,0.2727,0.75,0.1045,40
2,2011-11-24,4,0,11,4,0,1,0.3,0.3182,0.65,0.0896,46
2,2011-11-24,4,0,11,4,0,1,0.34,0.3485,0.61,0.0,81
2,2011-11-24,4,0,11,4,0,1,0.36,0.3788,0.57,0.0,98
2,2011-11-24,4,0,11,4,0,1,0.42,0.4242,0.41,0.2985,142
3,2011-11-24,4,0,11,4,0,1,0.46,0.4545,0.36,0.2239,150
3,2011-11-24,4,0,11,4,0,1,0.48,0.4697,0.33,0.2239,175
3,2011-11-24,4,0,11,4,0,1,0.5,0.4848,0.31,0.2985,168
3,2011-11-24,4,0,11,4,0,1,0.5,0.4848,0.31,0.2537,149
3,2011-11-24,4,0,11,4,0,1,0.5,0.4848,0.34,0.2836,114
3,2011-11-24,4,0,11,4,0,1,0.48,0.4697,0.33,0.1045,74
4,2011-11-24,4,0,11,4,0,1,0.42,0.4242,0.5,0.0896,37
4,2011-11-24,4,0,11,4,0,1,0.4,0.4091,0.54,0.1045,28
4,2011-11-24,4,0,11,4,0,1,0.36,0.3485,0.76,0.1642,31
4,2011-11-24,4,0,11,4,0,1,0.36,0.3485,0.71,0.1642,26
4,2011-11-24,4,0,11,4,0,1,0.36,0.3485,0.71,0.1642,22
4,2011-11-24,4,0,11,4,0,1,0.34,0.3485,0.76,0.1045,21
1,2011-11-25,4,0,11,5,1,1,0.34,0.3333,0.76,0.1642,29
1,2011-11-25,4,0,11,5,1,1,0.34,0.3636,0.76,0.0,14
1,2011-11-25,4,0,11,5,1,1,0.28,0.2879,0.81,0.1045,10
1,2011-11-25,4,0,11,5,1,1,0.28,0.2879,0.75,0.1045,2
1,2011-11-25,4,0,11,5,1,1,0.3,0.3182,0.75,0.1045,7
1,2011-11-25,4,0,11,5,1,1,0.28,0.3182,0.75,0.0,5
2,2011-11-25,4,0,11,5,1,1,0.26,0.2727,0.81,0.1045,13
2,2011-11-25,4,0,11,5,1,1,0.26,0.303,0.81,0.0,35
2,2011-11-25,4,0,11,5,1,1,0.26,0.2727,0.81,0.1343,74
2,2011-11-25,4,0,11,5,1,1,0.32,0.3485,0.76,0.0,95
2,2011-11-25,4,0,11,5,1,1,0.36,0.3485,0.71,0.1642,142
2,2011-11-25,4,0,11,5,1,1,0.4,0.4091,0.66,0.1045,226
3,2011-11-25,4,0,11,5,1,1,0.46,0.4545,0.51,0.1045,272
3,2011-11-25,4,0,11,5,1,1,0.5,0.4848,0.45,0.2239,283
3,2011-11-25,4,0,11,5,1,1,0.52,0.5,0.39,0.2239,272
3,2011-11-25,4,0,11,5,1,1,0.52,0.5,0.36,0.194,310
3,2011-11-25,4,0,11,5,1,1,0.5,0.4848,0.39,0.1642,261
3,2011-11-25,4,0,11,5,1,1,0.5,0.4848,0.34,0.1045,184
4,2011-11-25,4,0,11,5,1,1,0.46,0.4545,0.44,0.0896,153
4,2011-11-25,4,0,11,5,1,1,0.42,0.4242,0.67,0.0,134
4,2011-11-25,4,0,11,5,1,1,0.4,0.4091,0.58,0.0896,95
4,2011-11-25,4,0,11,5,1,1,0.36,0.3788,0.71,0.0,85
4,2011-11-25,4,0,11,5,1,1,0.34,0.3485,0.71,0.0896,58
4,2011-11-25,4,0,11,5,1,1,0.34,0.3485,0.76,0.1045,33
1,2011-11-26,4,0,11,6,0,1,0.34,0.3485,0.76,0.1045,47
1,2011-11-26,4,0,11,6,0,1,0.32,0.3333,0.76,0.0896,29
1,2011-11-26,4,0,11,6,0,1,0.3,0.3182,0.81,0.1045,23
1,2011-11-26,4,0,11,6,0,1,0.3,0.3333,0.81,0.0,17
1,2011-11-26,4,0,11,6,0,1,0.3,0.3333,0.81,0.0,4
1,2011-11-26,4,0,11,6,0,1,0.3,0.3182,0.75,0.1045,3
2,2011-11-26,4,0,11,6,0,2,0.3,0.3182,0.75,0.0896,10
2,2011-11-26,4,0,11,6,0,1,0.26,0.2727,0.87,0.1045,17
2,2011-11-26,4,0,11,6,0,1,0.32,0.3333,0.76,0.0896,60
2,2011-11-26,4,0,11,6,0,1,0.34,0.3485,0.76,0.0896,83
2,2011-11-26,4,0,11,6,0,1,0.36,0.3788,0.81,0.0,141
2,2011-11-26,4,0,11,6,0,1,0.4,0.4091,0.62,0.1045,230
3,2011-11-26,4,0,11,6,0,1,0.44,0.4394,0.51,0.0,309
3,2011-11-26,4,0,11,6,0,1,0.48,0.4697,0.44,0.0,325
3,2011-11-26,4,0,11,6,0,2,0.48,0.4697,0.48,0.1343,299
3,2011-11-26,4,0,11,6,0,2,0.5,0.4848,0.42,0.1045,314
3,2011-11-26,4,0,11,6,0,2,0.46,0.4545,0.47,0.1343,275
3,2011-11-26,4,0,11,6,0,2,0.46,0.4545,0.47,0.1343,184
4,2011-11-26,4,0,11,6,0,2,0.42,0.4242,0.62,0.1642,185
4,2011-11-26,4,0,11,6,0,2,0.4,0.4091,0.71,0.0896,146
4,2011-11-26,4,0,11,6,0,2,0.42,0.4242,0.58,0.0,141
4,2011-11-26,4,0,11,6,0,2,0.38,0.3939,0.82,0.0,92
4,2011-11-26,4,0,11,6,0,2,0.38,0.3939,0.76,0.0,65
4,2011-11-26,4,0,11,6,0,1,0.36,0.3788,0.81,0.0,69
1,2011-11-27,4,0,11,0,0,1,0.36,0.3788,0.81,0.0,46
1,2011-11-27,4,0,11,0,0,1,0.36,0.3788,0.81,0.0,44
1,2011-11-27,4,0,11,0,0,1,0.34,0.3636,0.81,0.0,31
1,2011-11-27,4,0,11,0,0,1,0.34,0.3636,0.87,0.0,17
1,2011-11-27,4,0,11,0,0,1,0.34,0.3485,0.87,0.1045,4
1,2011-11-27,4,0,11,0,0,1,0.36,0.3485,0.87,0.194,5
2,2011-11-27,4,0,11,0,0,1,0.38,0.3939,0.82,0.1642,9
2,2011-11-27,4,0,11,0,0,1,0.38,0.3939,0.87,0.2239,23
2,2011-11-27,4,0,11,0,0,1,0.4,0.4091,0.82,0.2985,42
2,2011-11-27,4,0,11,0,0,1,0.46,0.4545,0.72,0.2836,111
2,2011-11-27,4,0,11,0,0,1,0.46,0.4545,0.72,0.2836,189
2,2011-11-27,4,0,11,0,0,1,0.5,0.4848,0.63,0.3582,240
3,2011-11-27,4,0,11,0,0,1,0.54,0.5152,0.56,0.2836,256
3,2011-11-27,4,0,11,0,0,1,0.54,0.5152,0.6,0.194,313
3,2011-11-27,4,0,11,0,0,1,0.62,0.6212,0.43,0.4627,313
3,2011-11-27,4,0,11,0,0,1,0.62,0.6212,0.43,0.2836,317
3,2011-11-27,4,0,11,0,0,1,0.56,0.5303,0.52,0.2537,323
3,2011-11-27,4,0,11,0,0,1,0.54,0.5152,0.56,0.194,204
4,2011-11-27,4,0,11,0,0,1,0.5,0.4848,0.63,0.1642,155
4,2011-11-27,4,0,11,0,0,1,0.48,0.4697,0.67,0.2239,139
4,2011-11-27,4,0,11,0,0,1,0.5,0.4848,0.63,0.2537,104
4,2011-11-27,4,0,11,0,0,1,0.48,0.4697,0.67,0.2836,88
4,2011-11-27,4,0,11,0,0,1,0.48,0.4697,0.72,0.2537,66
4,2011-11-27,4,0,11,0,0,1,0.48,0.4697,0.72,0.2537,32
1,2011-11-28,4,0,11,1,1,1,0.46,0.4545,0.77,0.2836,16
1,2011-11-28,4,0,11,1,1,1,0.46,0.4545,0.77,0.2985,13
1,2011-11-28,4,0,11,1,1,1,0.44,0.4394,0.88,0.2239,5
1,2011-11-28,4,0,11,1,1,1,0.44,0.4394,0.82,0.0896,4
1,2011-11-28,4,0,11,1,1,1,0.4,0.4091,0.87,0.0,34
2,2011-11-28,4,0,11,1,1,1,0.42,0.4242,0.82,0.0896,104
2,2011-11-28,4,0,11,1,1,1,0.42,0.4242,0.88,0.0,277
2,2011-11-28,4,0,11,1,1,2,0.42,0.4242,0.94,0.0,407
2,2011-11-28,4,0,11,1,1,2,0.44,0.4394,0.88,0.2239,208
2,2011-11-28,4,0,11,1,1,2,0.48,0.4697,0.77,0.1343,107
2,2011-11-28,4,0,11,1,1,2,0.52,0.5,0.68,0.1045,118
3,2011-11-28,4,0,11,1,1,1,0.56,0.5303,0.6,0.1045,178
3,2011-11-28,4,0,11,1,1,2,0.58,0.5455,0.56,0.0,162
3,2011-11-28,4,0,11,1,1,1,0.6,0.6212,0.56,0.0,143
3,2011-11-28,4,0,11,1,1,1,0.58,0.5455,0.6,0.1642,150
3,2011-11-28,4,0,11,1,1,1,0.56,0.5303,0.6,0.194,264
3,2011-11-28,4,0,11,1,1,1,0.58,0.5455,0.56,0.194,468
4,2011-11-28,4,0,11,1,1,1,0.56,0.5303,0.64,0.2239,416
4,2011-11-28,4,0,11,1,1,1,0.54,0.5152,0.73,0.2239,264
4,2011-11-28,4,0,11,1,1,2,0.54,0.5152,0.73,0.2537,218
4,2011-11-28,4,0,11,1,1,2,0.54,0.5152,0.77,0.2239,156
4,2011-11-28,4,0,11,1,1,2,0.52,0.5,0.83,0.1045,109
4,2011-11-28,4,0,11,1,1,2,0.52,0.5,0.83,0.1343,46
1,2011-11-29,4,0,11,2,1,1,0.52,0.5,0.83,0.0,22
1,2011-11-29,4,0,11,2,1,1,0.52,0.5,0.83,0.0896,17
1,2011-11-29,4,0,11,2,1,2,0.5,0.4848,0.88,0.0,5
1,2011-11-29,4,0,11,2,1,2,0.5,0.4848,0.88,0.0,2
1,2011-11-29,4,0,11,2,1,2,0.52,0.5,0.83,0.3284,6
1,2011-11-29,4,0,11,2,1,1,0.5,0.4848,0.88,0.2836,22
2,2011-11-29,4,0,11,2,1,1,0.52,0.5,0.83,0.2836,89
2,2011-11-29,4,0,11,2,1,1,0.52,0.5,0.77,0.2239,342
2,2011-11-29,4,0,11,2,1,1,0.54,0.5152,0.77,0.2836,449
2,2011-11-29,4,0,11,2,1,3,0.56,0.5303,0.73,0.4179,202
2,2011-11-29,4,0,11,2,1,3,0.56,0.5303,0.73,0.4179,36
2,2011-11-29,4,0,11,2,1,3,0.5,0.4848,0.88,0.2985,11
3,2011-11-29,4,0,11,2,1,3,0.42,0.4242,0.82,0.4179,18
3,2011-11-29,4,0,11,2,1,3,0.42,0.4242,0.77,0.2836,22
3,2011-11-29,4,0,11,2,1,3,0.4,0.4091,0.94,0.194,36
3,2011-11-29,4,0,11,2,1,3,0.4,0.4091,0.87,0.3284,65
3,2011-11-29,4,0,11,2,1,3,0.4,0.4091,0.87,0.2239,151
3,2011-11-29,4,0,11,2,1,2,0.4,0.4091,0.87,0.2985,354
4,2011-11-29,4,0,11,2,1,2,0.4,0.4091,0.82,0.2985,358
4,2011-11-29,4,0,11,2,1,2,0.4,0.4091,0.82,0.3284,250
4,2011-11-29,4,0,11,2,1,2,0.38,0.3939,0.87,0.2537,184
4,2011-11-29,4,0,11,2,1,2,0.38,0.3939,0.87,0.2537,125
4,2011-11-29,4,0,11,2,1,1,0.38,0.3939,0.82,0.2985,95
4,2011-11-29,4,0,11,2,1,1,0.36,0.3333,0.76,0.3881,53
1,2011-11-30,4,0,11,3,1,1,0.36,0.3333,0.62,0.4179,24
1,2011-11-30,4,0,11,3,1,1,0.34,0.303,0.66,0.3284,8
1,2011-11-30,4,0,11,3,1,1,0.32,0.3182,0.7,0.1642,5
1,2011-11-30,4,0,11,3,1,1,0.32,0.3182,0.7,0.1642,1
1,2011-11-30,4,0,11,3,1,1,0.3,0.2879,0.75,0.2239,5
1,2011-11-30,4,0,11,3,1,1,0.28,0.2727,0.81,0.194,22
2,2011-11-30,4,0,11,3,1,1,0.26,0.2727,0.87,0.1045,103
2,2011-11-30,4,0,11,3,1,1,0.26,0.2727,0.81,0.1045,285
2,2011-11-30,4,0,11,3,1,1,0.28,0.2727,0.81,0.194,478
2,2011-11-30,4,0,11,3,1,1,0.3,0.2879,0.75,0.2836,193
2,2011-11-30,4,0,11,3,1,1,0.34,0.3182,0.66,0.2239,110
2,2011-11-30,4,0,11,3,1,1,0.38,0.3939,0.54,0.2985,122
3,2011-11-30,4,0,11,3,1,2,0.36,0.3333,0.53,0.2836,160
3,2011-11-30,4,0,11,3,1,2,0.38,0.3939,0.43,0.3582,147
3,2011-11-30,4,0,11,3,1,2,0.38,0.3939,0.43,0.3582,112
3,2011-11-30,4,0,11,3,1,1,0.36,0.3333,0.46,0.3284,115
3,2011-11-30,4,0,11,3,1,1,0.36,0.3333,0.46,0.2836,226
3,2011-11-30,4,0,11,3,1,2,0.34,0.303,0.49,0.3284,380
4,2011-11-30,4,0,11,3,1,1,0.34,0.303,0.49,0.3284,376
4,2011-11-30,4,0,11,3,1,2,0.32,0.303,0.57,0.2836,279
4,2011-11-30,4,0,11,3,1,2,0.32,0.303,0.57,0.2836,190
4,2011-11-30,4,0,11,3,1,1,0.32,0.2879,0.53,0.3881,135
4,2011-11-30,4,0,11,3,1,1,0.3,0.2727,0.56,0.2985,87
4,2011-11-30,4,0,11,3,1,1,0.28,0.2576,0.52,0.2836,50
1,2011-12-01,4,0,12,4,1,1,0.28,0.2576,0.52,0.3284,20
1,2011-12-01,4,0,12,4,1,1,0.26,0.2424,0.6,0.2836,10
1,2011-12-01,4,0,12,4,1,1,0.26,0.2273,0.56,0.2985,9
1,2011-12-01,4,0,12,4,1,1,0.26,0.2424,0.56,0.2537,7
1,2011-12-01,4,0,12,4,1,1,0.26,0.2424,0.56,0.2836,1
1,2011-12-01,4,0,12,4,1,1,0.26,0.2424,0.56,0.2537,24
2,2011-12-01,4,0,12,4,1,1,0.24,0.2121,0.65,0.2836,97
2,2011-12-01,4,0,12,4,1,1,0.24,0.2121,0.65,0.3582,276
2,2011-12-01,4,0,12,4,1,1,0.26,0.2273,0.6,0.3284,477
2,2011-12-01,4,0,12,4,1,1,0.3,0.2727,0.52,0.3284,224
2,2011-12-01,4,0,12,4,1,1,0.32,0.303,0.53,0.2985,93
2,2011-12-01,4,0,12,4,1,1,0.34,0.3182,0.49,0.2537,102
3,2011-12-01,4,0,12,4,1,1,0.36,0.3485,0.46,0.2239,148
3,2011-12-01,4,0,12,4,1,1,0.4,0.4091,0.4,0.2239,154
3,2011-12-01,4,0,12,4,1,1,0.4,0.4091,0.4,0.2239,150
3,2011-12-01,4,0,12,4,1,1,0.4,0.4091,0.4,0.2239,154
3,2011-12-01,4,0,12,4,1,1,0.4,0.4091,0.4,0.194,201
3,2011-12-01,4,0,12,4,1,1,0.36,0.3485,0.46,0.1343,418
4,2011-12-01,4,0,12,4,1,1,0.36,0.3636,0.43,0.1045,405
4,2011-12-01,4,0,12,4,1,1,0.34,0.3485,0.46,0.1045,228
4,2011-12-01,4,0,12,4,1,1,0.34,0.3485,0.46,0.1045,190
4,2011-12-01,4,0,12,4,1,1,0.3,0.3182,0.61,0.1045,162
4,2011-12-01,4,0,12,4,1,1,0.3,0.3333,0.61,0.0,104
4,2011-12-01,4,0,12,4,1,1,0.26,0.2879,0.7,0.0896,73
1,2011-12-02,4,0,12,5,1,1,0.26,0.2879,0.7,0.0896,38
1,2011-12-02,4,0,12,5,1,1,0.24,0.2879,0.75,0.0,15
1,2011-12-02,4,0,12,5,1,1,0.24,0.2879,0.75,0.0,10
1,2011-12-02,4,0,12,5,1,1,0.22,0.2727,0.8,0.0,1
1,2011-12-02,4,0,12,5,1,1,0.22,0.2727,0.8,0.0,3
1,2011-12-02,4,0,12,5,1,1,0.22,0.2576,0.8,0.0896,23
2,2011-12-02,4,0,12,5,1,1,0.22,0.2727,0.8,0.0,87
2,2011-12-02,4,0,12,5,1,1,0.22,0.2576,0.87,0.0896,205
2,2011-12-02,4,0,12,5,1,1,0.24,0.2879,0.87,0.0,445
2,2011-12-02,4,0,12,5,1,1,0.28,0.3182,0.81,0.0,246
2,2011-12-02,4,0,12,5,1,1,0.3,0.2879,0.75,0.2239,105
2,2011-12-02,4,0,12,5,1,1,0.34,0.3333,0.66,0.1642,160
3,2011-12-02,4,0,12,5,1,1,0.36,0.3485,0.57,0.1343,204
3,2011-12-02,4,0,12,5,1,1,0.4,0.4091,0.47,0.1343,207
3,2011-12-02,4,0,12,5,1,1,0.42,0.4242,0.44,0.1045,170
3,2011-12-02,4,0,12,5,1,1,0.42,0.4242,0.41,0.0896,199
3,2011-12-02,4,0,12,5,1,1,0.42,0.4242,0.41,0.0896,276
3,2011-12-02,4,0,12,5,1,1,0.42,0.4242,0.38,0.0,411
4,2011-12-02,4,0,12,5,1,1,0.4,0.4091,0.5,0.0,372
4,2011-12-02,4,0,12,5,1,1,0.34,0.3182,0.53,0.2537,265
4,2011-12-02,4,0,12,5,1,1,0.38,0.3939,0.4,0.2836,190
4,2011-12-02,4,0,12,5,1,1,0.34,0.3333,0.49,0.194,111
4,2011-12-02,4,0,12,5,1,1,0.32,0.3182,0.53,0.194,102
4,2011-12-02,4,0,12,5,1,1,0.32,0.303,0.53,0.2836,95
1,2011-12-03,4,0,12,6,0,1,0.3,0.2879,0.56,0.2537,75
1,2011-12-03,4,0,12,6,0,1,0.26,0.2576,0.65,0.194,71
1,2011-12-03,4,0,12,6,0,1,0.26,0.2576,0.65,0.1642,50
1,2011-12-03,4,0,12,6,0,1,0.24,0.2424,0.7,0.1343,9
1,2011-12-03,4,0,12,6,0,1,0.22,0.2273,0.75,0.1343,8
1,2011-12-03,4,0,12,6,0,1,0.24,0.2576,0.7,0.0896,6
2,2011-12-03,4,0,12,6,0,1,0.24,0.2576,0.65,0.1045,11
2,2011-12-03,4,0,12,6,0,1,0.22,0.2576,0.75,0.0896,26
2,2011-12-03,4,0,12,6,0,1,0.24,0.2576,0.75,0.0896,63
2,2011-12-03,4,0,12,6,0,1,0.26,0.2727,0.7,0.1045,124
2,2011-12-03,4,0,12,6,0,1,0.32,0.3333,0.61,0.1343,195
2,2011-12-03,4,0,12,6,0,1,0.32,0.3333,0.57,0.0896,275
3,2011-12-03,4,0,12,6,0,1,0.36,0.3788,0.5,0.0,358
3,2011-12-03,4,0,12,6,0,1,0.36,0.3636,0.5,0.0896,292
3,2011-12-03,4,0,12,6,0,1,0.36,0.3788,0.46,0.0,343
3,2011-12-03,4,0,12,6,0,1,0.38,0.3939,0.46,0.0,337
3,2011-12-03,4,0,12,6,0,1,0.38,0.3939,0.46,0.0,305
3,2011-12-03,4,0,12,6,0,1,0.36,0.3788,0.62,0.0,232
4,2011-12-03,4,0,12,6,0,1,0.34,0.3333,0.53,0.1343,224
4,2011-12-03,4,0,12,6,0,1,0.3,0.3182,0.61,0.0896,175
4,2011-12-03,4,0,12,6,0,1,0.3,0.3182,0.61,0.0896,127
4,2011-12-03,4,0,12,6,0,2,0.3,0.3182,0.61,0.0896,109
4,2011-12-03,4,0,12,6,0,2,0.32,0.3333,0.61,0.0896,114
4,2011-12-03,4,0,12,6,0,1,0.3,0.303,0.7,0.1343,85
1,2011-12-04,4,0,12,0,0,1,0.3,0.3182,0.7,0.1045,83
1,2011-12-04,4,0,12,0,0,1,0.3,0.3182,0.75,0.0896,74
1,2011-12-04,4,0,12,0,0,1,0.26,0.303,0.81,0.0,62
1,2011-12-04,4,0,12,0,0,1,0.28,0.3182,0.75,0.0,41
1,2011-12-04,4,0,12,0,0,1,0.26,0.303,0.87,0.0,11
1,2011-12-04,4,0,12,0,0,1,0.26,0.303,0.81,0.0,4
2,2011-12-04,4,0,12,0,0,1,0.24,0.2879,0.93,0.0,4
2,2011-12-04,4,0,12,0,0,1,0.26,0.303,0.87,0.0,26
2,2011-12-04,4,0,12,0,0,1,0.26,0.303,0.87,0.0,55
2,2011-12-04,4,0,12,0,0,1,0.3,0.3333,0.81,0.0,126
2,2011-12-04,4,0,12,0,0,1,0.32,0.3333,0.81,0.1343,216
2,2011-12-04,4,0,12,0,0,1,0.34,0.3333,0.81,0.1642,254
3,2011-12-04,4,0,12,0,0,1,0.36,0.3485,0.81,0.1642,329
3,2011-12-04,4,0,12,0,0,1,0.4,0.4091,0.66,0.2239,357
3,2011-12-04,4,0,12,0,0,1,0.42,0.4242,0.62,0.1343,323
3,2011-12-04,4,0,12,0,0,1,0.42,0.4242,0.62,0.194,296
3,2011-12-04,4,0,12,0,0,1,0.42,0.4242,0.58,0.2239,330
3,2011-12-04,4,0,12,0,0,1,0.38,0.3939,0.76,0.1343,245
4,2011-12-04,4,0,12,0,0,1,0.38,0.3939,0.71,0.0,171
4,2011-12-04,4,0,12,0,0,1,0.38,0.3939,0.76,0.0,173
4,2011-12-04,4,0,12,0,0,1,0.36,0.3485,0.76,0.1343,124
4,2011-12-04,4,0,12,0,0,1,0.36,0.3636,0.81,0.1045,72
4,2011-12-04,4,0,12,0,0,1,0.34,0.3485,0.87,0.1045,64
4,2011-12-04,4,0,12,0,0,1,0.34,0.3485,0.87,0.1045,45
1,2011-12-05,4,0,12,1,1,1,0.32,0.3333,0.87,0.0896,24
1,2011-12-05,4,0,12,1,1,1,0.32,0.3485,0.87,0.0,12
1,2011-12-05,4,0,12,1,1,1,0.32,0.3485,0.87,0.0,8
1,2011-12-05,4,0,12,1,1,1,0.32,0.3485,0.87,0.0,2
1,2011-12-05,4,0,12,1,1,1,0.3,0.3182,0.87,0.1045,7
1,2011-12-05,4,0,12,1,1,1,0.3,0.3182,0.87,0.1045,25
2,2011-12-05,4,0,12,1,1,1,0.3,0.3182,0.93,0.0896,90
2,2011-12-05,4,0,12,1,1,1,0.32,0.3485,0.9,0.0,283
2,2011-12-05,4,0,12,1,1,1,0.32,0.3485,0.93,0.0,404
2,2011-12-05,4,0,12,1,1,2,0.36,0.3636,0.87,0.0896,190
2,2011-12-05,4,0,12,1,1,2,0.36,0.3636,0.87,0.0896,87
2,2011-12-05,4,0,12,1,1,2,0.36,0.3636,0.87,0.0896,123
3,2011-12-05,4,0,12,1,1,2,0.4,0.4091,0.76,0.1045,154
3,2011-12-05,4,0,12,1,1,2,0.42,0.4242,0.71,0.0896,171
3,2011-12-05,4,0,12,1,1,2,0.46,0.4545,0.67,0.0,133
3,2011-12-05,4,0,12,1,1,2,0.46,0.4545,0.72,0.0896,148
3,2011-12-05,4,0,12,1,1,1,0.5,0.4848,0.63,0.0896,248
3,2011-12-05,4,0,12,1,1,1,0.42,0.4242,0.77,0.0,446
4,2011-12-05,4,0,12,1,1,1,0.44,0.4394,0.77,0.0,399
4,2011-12-05,4,0,12,1,1,2,0.46,0.4545,0.77,0.0,308
4,2011-12-05,4,0,12,1,1,2,0.46,0.4545,0.82,0.1045,205
4,2011-12-05,4,0,12,1,1,2,0.44,0.4394,0.88,0.0896,176
4,2011-12-05,4,0,12,1,1,2,0.44,0.4394,0.88,0.1343,106
4,2011-12-05,4,0,12,1,1,2,0.46,0.4545,0.88,0.1343,62
1,2011-12-06,4,0,12,2,1,2,0.5,0.4848,0.77,0.2985,28
1,2011-12-06,4,0,12,2,1,2,0.46,0.4545,0.88,0.2985,16
1,2011-12-06,4,0,12,2,1,2,0.46,0.4545,0.87,0.194,3
1,2011-12-06,4,0,12,2,1,2,0.46,0.4545,0.87,0.194,3
1,2011-12-06,4,0,12,2,1,3,0.46,0.4545,0.88,0.2239,7
1,2011-12-06,4,0,12,2,1,3,0.46,0.4545,0.88,0.2239,20
2,2011-12-06,4,0,12,2,1,2,0.44,0.4394,0.94,0.2836,86
2,2011-12-06,4,0,12,2,1,2,0.46,0.4545,0.94,0.194,234
2,2011-12-06,4,0,12,2,1,2,0.46,0.4545,0.94,0.194,414
2,2011-12-06,4,0,12,2,1,2,0.46,0.4545,0.94,0.2239,204
2,2011-12-06,4,0,12,2,1,3,0.46,0.4545,0.94,0.2836,50
2,2011-12-06,4,0,12,2,1,3,0.46,0.4545,0.94,0.2537,32
3,2011-12-06,4,0,12,2,1,3,0.46,0.4545,1.0,0.2239,55
3,2011-12-06,4,0,12,2,1,3,0.46,0.4545,1.0,0.194,71
3,2011-12-06,4,0,12,2,1,3,0.48,0.4697,1.0,0.2239,75
3,2011-12-06,4,0,12,2,1,3,0.5,0.4848,1.0,0.194,45
3,2011-12-06,4,0,12,2,1,3,0.46,0.4545,1.0,0.2537,88
3,2011-12-06,4,0,12,2,1,2,0.46,0.4545,1.0,0.2239,262
4,2011-12-06,4,0,12,2,1,2,0.46,0.4545,1.0,0.2836,304
4,2011-12-06,4,0,12,2,1,3,0.46,0.4545,1.0,0.2985,233
4,2011-12-06,4,0,12,2,1,3,0.46,0.4545,1.0,0.2985,110
4,2011-12-06,4,0,12,2,1,2,0.44,0.4394,1.0,0.194,114
4,2011-12-06,4,0,12,2,1,3,0.46,0.4545,1.0,0.1642,87
4,2011-12-06,4,0,12,2,1,3,0.46,0.4545,1.0,0.1642,53
1,2011-12-07,4,0,12,3,1,1,0.44,0.4394,1.0,0.194,33
1,2011-12-07,4,0,12,3,1,2,0.46,0.4545,1.0,0.2537,13
1,2011-12-07,4,0,12,3,1,3,0.46,0.4545,1.0,0.2239,6
1,2011-12-07,4,0,12,3,1,3,0.46,0.4545,1.0,0.2239,3
1,2011-12-07,4,0,12,3,1,3,0.46,0.4545,1.0,0.1642,1
1,2011-12-07,4,0,12,3,1,3,0.46,0.4545,1.0,0.1642,3
2,2011-12-07,4,0,12,3,1,3,0.48,0.4697,1.0,0.4179,18
2,2011-12-07,4,0,12,3,1,3,0.44,0.4394,1.0,0.1045,46
2,2011-12-07,4,0,12,3,1,3,0.44,0.4394,1.0,0.0,86
2,2011-12-07,4,0,12,3,1,3,0.44,0.4394,1.0,0.2537,64
2,2011-12-07,4,0,12,3,1,3,0.44,0.4394,1.0,0.0896,33
2,2011-12-07,4,0,12,3,1,3,0.44,0.4394,1.0,0.0896,50
3,2011-12-07,4,0,12,3,1,3,0.44,0.4394,1.0,0.1343,33
3,2011-12-07,4,0,12,3,1,3,0.44,0.4394,1.0,0.194,33
3,2011-12-07,4,0,12,3,1,3,0.44,0.4394,1.0,0.194,25
3,2011-12-07,4,0,12,3,1,3,0.42,0.4242,0.94,0.2239,30
3,2011-12-07,4,0,12,3,1,3,0.42,0.4242,0.94,0.194,31
3,2011-12-07,4,0,12,3,1,3,0.4,0.4091,1.0,0.3284,52
4,2011-12-07,4,0,12,3,1,3,0.4,0.4091,0.94,0.2985,51
4,2011-12-07,4,0,12,3,1,3,0.34,0.2879,0.87,0.6418,33
4,2011-12-07,4,0,12,3,1,3,0.34,0.2879,0.87,0.6418,26
4,2011-12-07,4,0,12,3,1,3,0.3,0.2576,0.87,0.5224,6
4,2011-12-07,4,0,12,3,1,3,0.24,0.197,0.93,0.4478,13
4,2011-12-07,4,0,12,3,1,1,0.24,0.2121,0.93,0.3881,16
1,2011-12-08,4,0,12,4,1,2,0.26,0.2273,0.87,0.2985,21
1,2011-12-08,4,0,12,4,1,1,0.26,0.2273,0.81,0.3582,7
1,2011-12-08,4,0,12,4,1,1,0.28,0.2727,0.65,0.2239,4
1,2011-12-08,4,0,12,4,1,1,0.26,0.2273,0.6,0.2985,1
1,2011-12-08,4,0,12,4,1,2,0.24,0.197,0.6,0.4627,2
1,2011-12-08,4,0,12,4,1,1,0.22,0.2121,0.64,0.2239,12
2,2011-12-08,4,0,12,4,1,1,0.22,0.2121,0.55,0.2836,71
2,2011-12-08,4,0,12,4,1,1,0.22,0.2121,0.6,0.2239,244
2,2011-12-08,4,0,12,4,1,1,0.22,0.2121,0.55,0.2836,429
2,2011-12-08,4,0,12,4,1,1,0.24,0.2121,0.52,0.3881,225
2,2011-12-08,4,0,12,4,1,1,0.26,0.2273,0.52,0.3284,110
2,2011-12-08,4,0,12,4,1,1,0.28,0.2727,0.52,0.2537,106
3,2011-12-08,4,0,12,4,1,1,0.28,0.2576,0.52,0.3284,156
3,2011-12-08,4,0,12,4,1,1,0.3,0.2727,0.49,0.3582,124
3,2011-12-08,4,0,12,4,1,1,0.32,0.303,0.45,0.2537,137
3,2011-12-08,4,0,12,4,1,1,0.32,0.3333,0.45,0.1343,117
3,2011-12-08,4,0,12,4,1,1,0.32,0.3182,0.45,0.194,208
3,2011-12-08,4,0,12,4,1,1,0.3,0.3182,0.49,0.1045,331
4,2011-12-08,4,0,12,4,1,1,0.28,0.2727,0.52,0.2239,318
4,2011-12-08,4,0,12,4,1,1,0.26,0.2727,0.56,0.1045,232
4,2011-12-08,4,0,12,4,1,1,0.26,0.2727,0.6,0.1045,175
4,2011-12-08,4,0,12,4,1,1,0.28,0.303,0.61,0.0896,139
4,2011-12-08,4,0,12,4,1,1,0.26,0.2727,0.65,0.1343,92
4,2011-12-08,4,0,12,4,1,1,0.24,0.2576,0.7,0.1045,61
1,2011-12-09,4,0,12,5,1,1,0.24,0.2879,0.65,0.0,34
1,2011-12-09,4,0,12,5,1,1,0.24,0.2879,0.65,0.0,14
1,2011-12-09,4,0,12,5,1,1,0.24,0.2879,0.7,0.0,12
1,2011-12-09,4,0,12,5,1,1,0.22,0.2727,0.8,0.0,6
1,2011-12-09,4,0,12,5,1,1,0.22,0.2727,0.8,0.0,2
1,2011-12-09,4,0,12,5,1,1,0.22,0.2727,0.8,0.0,20
2,2011-12-09,4,0,12,5,1,1,0.22,0.2576,0.8,0.0896,63
2,2011-12-09,4,0,12,5,1,1,0.22,0.2576,0.75,0.0896,199
2,2011-12-09,4,0,12,5,1,1,0.24,0.2879,0.81,0.0,385
2,2011-12-09,4,0,12,5,1,1,0.26,0.2879,0.81,0.0896,264
2,2011-12-09,4,0,12,5,1,2,0.3,0.303,0.7,0.1642,126
2,2011-12-09,4,0,12,5,1,1,0.32,0.303,0.7,0.2537,136
3,2011-12-09,4,0,12,5,1,1,0.36,0.3333,0.57,0.2985,173
3,2011-12-09,4,0,12,5,1,1,0.38,0.3939,0.5,0.194,168
3,2011-12-09,4,0,12,5,1,1,0.38,0.3939,0.46,0.2836,187
3,2011-12-09,4,0,12,5,1,1,0.38,0.3939,0.46,0.2836,189
3,2011-12-09,4,0,12,5,1,1,0.36,0.3485,0.62,0.1343,250
3,2011-12-09,4,0,12,5,1,1,0.34,0.3485,0.66,0.1045,362
4,2011-12-09,4,0,12,5,1,1,0.34,0.3636,0.61,0.0,318
4,2011-12-09,4,0,12,5,1,1,0.34,0.3636,0.61,0.0,199
4,2011-12-09,4,0,12,5,1,1,0.3,0.3333,0.81,0.0,150
4,2011-12-09,4,0,12,5,1,1,0.3,0.3333,0.75,0.0,140
4,2011-12-09,4,0,12,5,1,1,0.28,0.3182,0.87,0.0,129
4,2011-12-09,4,0,12,5,1,1,0.28,0.3182,0.81,0.0,94
1,2011-12-10,4,0,12,6,0,2,0.26,0.2727,0.81,0.1045,77
1,2011-12-10,4,0,12,6,0,2,0.26,0.2576,0.7,0.1642,66
1,2011-12-10,4,0,12,6,0,2,0.28,0.303,0.61,0.0896,60
1,2011-12-10,4,0,12,6,0,2,0.28,0.303,0.61,0.0896,25
1,2011-12-10,4,0,12,6,0,2,0.26,0.2727,0.65,0.1045,3
1,2011-12-10,4,0,12,6,0,1,0.26,0.2576,0.6,0.1642,6
2,2011-12-10,4,0,12,6,0,1,0.24,0.2576,0.65,0.1045,11
2,2011-12-10,4,0,12,6,0,1,0.24,0.2273,0.65,0.194,11
2,2011-12-10,4,0,12,6,0,1,0.26,0.2727,0.65,0.1343,73
2,2011-12-10,4,0,12,6,0,1,0.28,0.2576,0.61,0.2836,149
2,2011-12-10,4,0,12,6,0,1,0.32,0.303,0.57,0.2537,192
2,2011-12-10,4,0,12,6,0,1,0.32,0.2879,0.53,0.4179,236
3,2011-12-10,4,0,12,6,0,1,0.32,0.2879,0.45,0.4179,283
3,2011-12-10,4,0,12,6,0,1,0.34,0.303,0.34,0.4179,286
3,2011-12-10,4,0,12,6,0,1,0.34,0.303,0.31,0.3284,293
3,2011-12-10,4,0,12,6,0,1,0.34,0.303,0.34,0.3582,299
3,2011-12-10,4,0,12,6,0,1,0.32,0.2879,0.31,0.3881,241
3,2011-12-10,4,0,12,6,0,1,0.28,0.2576,0.36,0.3284,185
4,2011-12-10,4,0,12,6,0,1,0.26,0.2576,0.38,0.2239,172
4,2011-12-10,4,0,12,6,0,1,0.26,0.2424,0.38,0.2836,154
4,2011-12-10,4,0,12,6,0,1,0.24,0.2273,0.35,0.2239,124
4,2011-12-10,4,0,12,6,0,1,0.22,0.2121,0.44,0.2239,83
4,2011-12-10,4,0,12,6,0,1,0.22,0.2273,0.41,0.1343,95
4,2011-12-10,4,0,12,6,0,1,0.2,0.2121,0.47,0.1642,66
1,2011-12-11,4,0,12,0,0,1,0.2,0.197,0.51,0.2239,74
1,2011-12-11,4,0,12,0,0,1,0.16,0.1515,0.59,0.2239,62
1,2011-12-11,4,0,12,0,0,1,0.18,0.1667,0.55,0.2537,52
1,2011-12-11,4,0,12,0,0,1,0.16,0.1818,0.59,0.1343,19
1,2011-12-11,4,0,12,0,0,1,0.16,0.1667,0.59,0.1642,5
1,2011-12-11,4,0,12,0,0,1,0.18,0.2121,0.59,0.1045,6
2,2011-12-11,4,0,12,0,0,1,0.16,0.2273,0.59,0.0,10
2,2011-12-11,4,0,12,0,0,1,0.18,0.2424,0.55,0.0,31
2,2011-12-11,4,0,12,0,0,1,0.16,0.2273,0.69,0.0,72
2,2011-12-11,4,0,12,0,0,1,0.2,0.2576,0.59,0.0,107
2,2011-12-11,4,0,12,0,0,1,0.24,0.2879,0.44,0.0,194
2,2011-12-11,4,0,12,0,0,1,0.26,0.303,0.35,0.0,197
3,2011-12-11,4,0,12,0,0,1,0.26,0.303,0.35,0.0,288
3,2011-12-11,4,0,12,0,0,1,0.3,0.3333,0.31,0.0,268
3,2011-12-11,4,0,12,0,0,1,0.3,0.3333,0.28,0.0,242
3,2011-12-11,4,0,12,0,0,1,0.3,0.3333,0.26,0.0,266
3,2011-12-11,4,0,12,0,0,1,0.3,0.3333,0.26,0.0,206
3,2011-12-11,4,0,12,0,0,1,0.28,0.3182,0.3,0.0,163
4,2011-12-11,4,0,12,0,0,1,0.24,0.2273,0.48,0.194,163
4,2011-12-11,4,0,12,0,0,1,0.22,0.2273,0.55,0.194,105
4,2011-12-11,4,0,12,0,0,1,0.22,0.2424,0.55,0.1045,72
4,2011-12-11,4,0,12,0,0,1,0.22,0.2727,0.55,0.0,63
4,2011-12-11,4,0,12,0,0,1,0.22,0.2727,0.55,0.0,43
4,2011-12-11,4,0,12,0,0,1,0.2,0.2576,0.69,0.0,35
1,2011-12-12,4,0,12,1,1,1,0.2,0.2273,0.69,0.0896,20
1,2011-12-12,4,0,12,1,1,1,0.2,0.2576,0.69,0.0,9
1,2011-12-12,4,0,12,1,1,1,0.2,0.2576,0.69,0.0,4
1,2011-12-12,4,0,12,1,1,1,0.18,0.2424,0.74,0.0,2
1,2011-12-12,4,0,12,1,1,1,0.18,0.2424,0.74,0.0,3
1,2011-12-12,4,0,12,1,1,1,0.16,0.2273,0.8,0.0,21
2,2011-12-12,4,0,12,1,1,1,0.16,0.1818,0.8,0.1045,64
2,2011-12-12,4,0,12,1,1,1,0.14,0.1515,0.86,0.1343,235
2,2011-12-12,4,0,12,1,1,2,0.16,0.1818,0.8,0.1045,385
2,2011-12-12,4,0,12,1,1,2,0.18,0.2121,0.74,0.0896,220
2,2011-12-12,4,0,12,1,1,2,0.22,0.2424,0.69,0.1045,105
2,2011-12-12,4,0,12,1,1,2,0.26,0.2879,0.6,0.0896,115
3,2011-12-12,4,0,12,1,1,1,0.28,0.2879,0.52,0.1045,145
3,2011-12-12,4,0,12,1,1,2,0.3,0.3182,0.52,0.1045,166
3,2011-12-12,4,0,12,1,1,2,0.32,0.3333,0.53,0.1343,111
3,2011-12-12,4,0,12,1,1,2,0.32,0.3333,0.57,0.1045,132
3,2011-12-12,4,0,12,1,1,2,0.32,0.3333,0.57,0.0896,214
3,2011-12-12,4,0,12,1,1,2,0.3,0.3333,0.56,0.0,359
4,2011-12-12,4,0,12,1,1,1,0.3,0.3182,0.56,0.0896,357
4,2011-12-12,4,0,12,1,1,1,0.28,0.303,0.61,0.0896,241
4,2011-12-12,4,0,12,1,1,1,0.3,0.3182,0.56,0.0896,165
4,2011-12-12,4,0,12,1,1,1,0.26,0.303,0.81,0.0,121
4,2011-12-12,4,0,12,1,1,1,0.26,0.303,0.7,0.0,71
4,2011-12-12,4,0,12,1,1,1,0.24,0.2879,0.75,0.0,45
1,2011-12-13,4,0,12,2,1,1,0.22,0.2727,0.8,0.0,17
1,2011-12-13,4,0,12,2,1,1,0.2,0.2576,0.8,0.0,4
1,2011-12-13,4,0,12,2,1,1,0.2,0.2576,0.8,0.0,2
1,2011-12-13,4,0,12,2,1,1,0.18,0.2424,0.8,0.0,3
1,2011-12-13,4,0,12,2,1,1,0.2,0.2576,0.8,0.0,4
1,2011-12-13,4,0,12,2,1,1,0.18,0.2424,0.86,0.0,20
2,2011-12-13,4,0,12,2,1,1,0.2,0.2576,0.8,0.0,92
2,2011-12-13,4,0,12,2,1,1,0.16,0.1667,0.8,0.1642,223
2,2011-12-13,4,0,12,2,1,1,0.2,0.2273,0.69,0.1045,400
2,2011-12-13,4,0,12,2,1,1,0.26,0.2576,0.6,0.1642,233
2,2011-12-13,4,0,12,2,1,1,0.3,0.303,0.52,0.1642,102
2,2011-12-13,4,0,12,2,1,1,0.34,0.3182,0.46,0.2537,124
3,2011-12-13,4,0,12,2,1,1,0.36,0.3333,0.43,0.3582,167
3,2011-12-13,4,0,12,2,1,1,0.4,0.4091,0.37,0.3284,127
3,2011-12-13,4,0,12,2,1,1,0.4,0.4091,0.37,0.2537,134
3,2011-12-13,4,0,12,2,1,1,0.4,0.4091,0.35,0.2537,151
3,2011-12-13,4,0,12,2,1,1,0.38,0.3939,0.37,0.2537,207
3,2011-12-13,4,0,12,2,1,1,0.36,0.3485,0.4,0.194,398
4,2011-12-13,4,0,12,2,1,1,0.34,0.3182,0.42,0.2239,382
4,2011-12-13,4,0,12,2,1,1,0.32,0.3182,0.49,0.1642,267
4,2011-12-13,4,0,12,2,1,1,0.32,0.3182,0.49,0.1642,161
4,2011-12-13,4,0,12,2,1,1,0.3,0.303,0.52,0.1642,139
4,2011-12-13,4,0,12,2,1,1,0.3,0.303,0.52,0.1642,107
4,2011-12-13,4,0,12,2,1,1,0.26,0.303,0.7,0.0,59
1,2011-12-14,4,0,12,3,1,1,0.26,0.303,0.75,0.0,22
1,2011-12-14,4,0,12,3,1,1,0.26,0.303,0.75,0.0,8
1,2011-12-14,4,0,12,3,1,1,0.26,0.303,0.75,0.0,2
1,2011-12-14,4,0,12,3,1,1,0.28,0.3182,0.65,0.0,3
1,2011-12-14,4,0,12,3,1,1,0.26,0.303,0.75,0.0,4
1,2011-12-14,4,0,12,3,1,2,0.26,0.303,0.81,0.0,26
2,2011-12-14,4,0,12,3,1,2,0.26,0.303,0.87,0.0,87
2,2011-12-14,4,0,12,3,1,1,0.28,0.3182,0.75,0.0,247
2,2011-12-14,4,0,12,3,1,2,0.26,0.303,0.87,0.0,467
2,2011-12-14,4,0,12,3,1,2,0.3,0.3333,0.61,0.0,239
2,2011-12-14,4,0,12,3,1,2,0.32,0.3485,0.57,0.0,142
2,2011-12-14,4,0,12,3,1,2,0.34,0.3636,0.55,0.0,115
3,2011-12-14,4,0,12,3,1,2,0.36,0.3636,0.57,0.0896,144
3,2011-12-14,4,0,12,3,1,2,0.36,0.3636,0.57,0.1045,133
3,2011-12-14,4,0,12,3,1,2,0.38,0.3939,0.54,0.0896,151
3,2011-12-14,4,0,12,3,1,2,0.38,0.3939,0.54,0.1045,167
3,2011-12-14,4,0,12,3,1,2,0.38,0.3939,0.54,0.1045,245
3,2011-12-14,4,0,12,3,1,2,0.36,0.3636,0.57,0.1045,396
4,2011-12-14,4,0,12,3,1,2,0.36,0.3485,0.62,0.1642,390
4,2011-12-14,4,0,12,3,1,2,0.36,0.3636,0.62,0.1045,268
4,2011-12-14,4,0,12,3,1,2,0.34,0.3485,0.66,0.1045,175
4,2011-12-14,4,0,12,3,1,2,0.34,0.3333,0.66,0.1642,154
4,2011-12-14,4,0,12,3,1,1,0.34,0.3333,0.66,0.1642,104
4,2011-12-14,4,0,12,3,1,1,0.32,0.3182,0.7,0.1642,51
1,2011-12-15,4,0,12,4,1,1,0.32,0.3182,0.7,0.1642,50
1,2011-12-15,4,0,12,4,1,2,0.32,0.3182,0.7,0.1642,20
1,2011-12-15,4,0,12,4,1,2,0.32,0.3333,0.7,0.1343,7
1,2011-12-15,4,0,12,4,1,2,0.32,0.3333,0.7,0.1343,3
1,2011-12-15,4,0,12,4,1,2,0.32,0.303,0.7,0.2239,6
1,2011-12-15,4,0,12,4,1,2,0.32,0.303,0.7,0.2836,24
2,2011-12-15,4,0,12,4,1,1,0.32,0.3182,0.66,0.194,92
2,2011-12-15,4,0,12,4,1,1,0.32,0.3182,0.7,0.194,258
2,2011-12-15,4,0,12,4,1,2,0.34,0.3182,0.66,0.2239,457
2,2011-12-15,4,0,12,4,1,2,0.36,0.3333,0.62,0.2836,280
2,2011-12-15,4,0,12,4,1,2,0.4,0.4091,0.58,0.2985,109
2,2011-12-15,4,0,12,4,1,2,0.4,0.4091,0.62,0.4179,135
3,2011-12-15,4,0,12,4,1,2,0.46,0.4545,0.59,0.4925,157
3,2011-12-15,4,0,12,4,1,2,0.5,0.4848,0.55,0.3582,164
3,2011-12-15,4,0,12,4,1,2,0.52,0.5,0.52,0.3284,132
3,2011-12-15,4,0,12,4,1,3,0.52,0.5,0.55,0.2239,82
3,2011-12-15,4,0,12,4,1,3,0.46,0.4545,0.72,0.1642,131
3,2011-12-15,4,0,12,4,1,2,0.52,0.5,0.59,0.2836,324
4,2011-12-15,4,0,12,4,1,2,0.52,0.5,0.59,0.2985,377
4,2011-12-15,4,0,12,4,1,2,0.52,0.5,0.59,0.2836,287
4,2011-12-15,4,0,12,4,1,1,0.52,0.5,0.59,0.3284,221
4,2011-12-15,4,0,12,4,1,1,0.5,0.4848,0.63,0.2985,155
4,2011-12-15,4,0,12,4,1,1,0.52,0.5,0.63,0.3284,124
4,2011-12-15,4,0,12,4,1,1,0.52,0.5,0.63,0.3284,114
1,2011-12-16,4,0,12,5,1,1,0.5,0.4848,0.72,0.3284,72
1,2011-12-16,4,0,12,5,1,1,0.5,0.4848,0.72,0.2239,31
1,2011-12-16,4,0,12,5,1,1,0.48,0.4697,0.77,0.1045,23
1,2011-12-16,4,0,12,5,1,1,0.46,0.4545,0.82,0.1343,5
1,2011-12-16,4,0,12,5,1,2,0.5,0.4848,0.59,0.194,5
1,2011-12-16,4,0,12,5,1,1,0.48,0.4697,0.44,0.3881,26
2,2011-12-16,4,0,12,5,1,2,0.44,0.4394,0.33,0.2985,82
2,2011-12-16,4,0,12,5,1,2,0.38,0.3939,0.46,0.2985,231
2,2011-12-16,4,0,12,5,1,1,0.36,0.3333,0.46,0.4179,459
2,2011-12-16,4,0,12,5,1,1,0.36,0.3333,0.46,0.3881,243
2,2011-12-16,4,0,12,5,1,1,0.34,0.303,0.46,0.2985,132
2,2011-12-16,4,0,12,5,1,2,0.34,0.303,0.42,0.2985,144
3,2011-12-16,4,0,12,5,1,2,0.34,0.303,0.42,0.3582,173
3,2011-12-16,4,0,12,5,1,2,0.34,0.303,0.39,0.3582,137
3,2011-12-16,4,0,12,5,1,2,0.34,0.3182,0.42,0.2239,128
3,2011-12-16,4,0,12,5,1,2,0.32,0.303,0.45,0.2985,153
3,2011-12-16,4,0,12,5,1,2,0.32,0.303,0.45,0.2239,224
3,2011-12-16,4,0,12,5,1,2,0.32,0.303,0.45,0.2836,365
4,2011-12-16,4,0,12,5,1,2,0.32,0.303,0.45,0.2537,295
4,2011-12-16,4,0,12,5,1,2,0.32,0.303,0.45,0.2239,214
4,2011-12-16,4,0,12,5,1,2,0.32,0.3182,0.45,0.194,152
4,2011-12-16,4,0,12,5,1,2,0.32,0.3182,0.45,0.1642,102
4,2011-12-16,4,0,12,5,1,2,0.3,0.303,0.49,0.1642,106
4,2011-12-16,4,0,12,5,1,2,0.3,0.303,0.49,0.1343,75
1,2011-12-17,4,0,12,6,0,1,0.3,0.2879,0.49,0.2836,62
1,2011-12-17,4,0,12,6,0,2,0.3,0.2879,0.52,0.2537,43
1,2011-12-17,4,0,12,6,0,2,0.28,0.2727,0.56,0.2239,58
1,2011-12-17,4,0,12,6,0,1,0.26,0.2576,0.6,0.194,26
1,2011-12-17,4,0,12,6,0,1,0.24,0.2424,0.65,0.1642,9
1,2011-12-17,4,0,12,6,0,2,0.26,0.2576,0.6,0.194,9
2,2011-12-17,4,0,12,6,0,2,0.26,0.2424,0.56,0.2836,17
2,2011-12-17,4,0,12,6,0,2,0.26,0.2576,0.56,0.2239,20
2,2011-12-17,4,0,12,6,0,2,0.26,0.2576,0.56,0.2239,59
2,2011-12-17,4,0,12,6,0,2,0.26,0.2424,0.56,0.2537,100
2,2011-12-17,4,0,12,6,0,2,0.26,0.2424,0.52,0.2836,181
2,2011-12-17,4,0,12,6,0,2,0.28,0.2576,0.45,0.3284,209
3,2011-12-17,4,0,12,6,0,2,0.28,0.2576,0.45,0.2836,244
3,2011-12-17,4,0,12,6,0,2,0.28,0.2727,0.48,0.2537,236
3,2011-12-17,4,0,12,6,0,1,0.28,0.2576,0.45,0.3582,237
3,2011-12-17,4,0,12,6,0,1,0.28,0.2576,0.45,0.2836,228
3,2011-12-17,4,0,12,6,0,1,0.28,0.2727,0.45,0.2239,222
3,2011-12-17,4,0,12,6,0,1,0.26,0.2576,0.48,0.2239,165
4,2011-12-17,4,0,12,6,0,1,0.26,0.2273,0.48,0.3881,157
4,2011-12-17,4,0,12,6,0,3,0.24,0.2121,0.65,0.3284,106
4,2011-12-17,4,0,12,6,0,1,0.22,0.2121,0.69,0.2537,106
4,2011-12-17,4,0,12,6,0,1,0.2,0.2121,0.75,0.1642,96
4,2011-12-17,4,0,12,6,0,1,0.2,0.2121,0.75,0.1642,80
4,2011-12-17,4,0,12,6,0,1,0.2,0.2273,0.75,0.0,69
1,2011-12-18,4,0,12,0,0,1,0.2,0.2121,0.75,0.1343,71
1,2011-12-18,4,0,12,0,0,1,0.2,0.2273,0.69,0.1045,46
1,2011-12-18,4,0,12,0,0,1,0.22,0.2424,0.55,0.1045,41
1,2011-12-18,4,0,12,0,0,1,0.22,0.2121,0.55,0.2239,18
1,2011-12-18,4,0,12,0,0,1,0.22,0.2121,0.55,0.2239,1
1,2011-12-18,4,0,12,0,0,1,0.2,0.2273,0.59,0.1045,5
2,2011-12-18,4,0,12,0,0,1,0.2,0.2121,0.59,0.1343,3
2,2011-12-18,4,0,12,0,0,1,0.2,0.2121,0.59,0.1642,12
2,2011-12-18,4,0,12,0,0,1,0.2,0.2576,0.69,0.0,32
2,2011-12-18,4,0,12,0,0,1,0.22,0.2273,0.64,0.1642,81
2,2011-12-18,4,0,12,0,0,1,0.24,0.2273,0.6,0.2537,129
2,2011-12-18,4,0,12,0,0,2,0.24,0.2273,0.6,0.2239,188
3,2011-12-18,4,0,12,0,0,1,0.26,0.2576,0.6,0.2239,228
3,2011-12-18,4,0,12,0,0,1,0.3,0.2727,0.49,0.2985,228
3,2011-12-18,4,0,12,0,0,1,0.3,0.2879,0.49,0.2836,219
3,2011-12-18,4,0,12,0,0,1,0.32,0.303,0.45,0.2836,207
3,2011-12-18,4,0,12,0,0,1,0.28,0.2727,0.48,0.2537,234
3,2011-12-18,4,0,12,0,0,1,0.28,0.2727,0.46,0.1642,136
4,2011-12-18,4,0,12,0,0,1,0.28,0.2727,0.45,0.194,138
4,2011-12-18,4,0,12,0,0,1,0.26,0.2727,0.52,0.1343,135
4,2011-12-18,4,0,12,0,0,1,0.24,0.2576,0.6,0.1045,104
4,2011-12-18,4,0,12,0,0,1,0.22,0.2727,0.64,0.0,89
4,2011-12-18,4,0,12,0,0,1,0.22,0.2273,0.75,0.194,49
4,2011-12-18,4,0,12,0,0,1,0.2,0.2273,0.75,0.1045,37
1,2011-12-19,4,0,12,1,1,1,0.2,0.2273,0.75,0.0896,17
1,2011-12-19,4,0,12,1,1,1,0.18,0.2121,0.8,0.0896,11
1,2011-12-19,4,0,12,1,1,1,0.18,0.2121,0.8,0.0896,3
1,2011-12-19,4,0,12,1,1,1,0.16,0.197,0.86,0.0896,3
1,2011-12-19,4,0,12,1,1,1,0.16,0.1818,0.86,0.1343,4
1,2011-12-19,4,0,12,1,1,1,0.14,0.1667,0.93,0.1045,21
2,2011-12-19,4,0,12,1,1,1,0.16,0.1818,0.86,0.1045,68
2,2011-12-19,4,0,12,1,1,1,0.18,0.2121,0.74,0.1045,191
2,2011-12-19,4,0,12,1,1,1,0.2,0.197,0.75,0.194,397
2,2011-12-19,4,0,12,1,1,1,0.22,0.2121,0.69,0.2239,183
2,2011-12-19,4,0,12,1,1,1,0.24,0.2273,0.67,0.194,108
2,2011-12-19,4,0,12,1,1,1,0.26,0.2424,0.65,0.2537,127
3,2011-12-19,4,0,12,1,1,1,0.3,0.2727,0.61,0.3284,141
3,2011-12-19,4,0,12,1,1,1,0.34,0.303,0.49,0.3284,142
3,2011-12-19,4,0,12,1,1,1,0.36,0.3485,0.46,0.2239,137
3,2011-12-19,4,0,12,1,1,1,0.38,0.3939,0.46,0.1642,159
3,2011-12-19,4,0,12,1,1,1,0.4,0.4091,0.4,0.2537,208
3,2011-12-19,4,0,12,1,1,1,0.38,0.3939,0.46,0.194,378
4,2011-12-19,4,0,12,1,1,1,0.36,0.3485,0.5,0.194,354
4,2011-12-19,4,0,12,1,1,2,0.36,0.3485,0.53,0.1642,251
4,2011-12-19,4,0,12,1,1,1,0.4,0.4091,0.4,0.1642,206
4,2011-12-19,4,0,12,1,1,2,0.36,0.3485,0.53,0.1343,127
4,2011-12-19,4,0,12,1,1,2,0.36,0.3485,0.57,0.1642,107
4,2011-12-19,4,0,12,1,1,1,0.36,0.3485,0.53,0.1642,60
1,2011-12-20,4,0,12,2,1,1,0.36,0.3636,0.57,0.1045,21
1,2011-12-20,4,0,12,2,1,1,0.36,0.3788,0.53,0.0,6
1,2011-12-20,4,0,12,2,1,2,0.34,0.3636,0.61,0.0,11
1,2011-12-20,4,0,12,2,1,2,0.34,0.3636,0.61,0.0,2
1,2011-12-20,4,0,12,2,1,2,0.36,0.3636,0.53,0.1045,4
1,2011-12-20,4,0,12,2,1,2,0.36,0.3788,0.57,0.0,15
2,2011-12-20,4,0,12,2,1,2,0.36,0.3788,0.57,0.0,72
2,2011-12-20,4,0,12,2,1,2,0.36,0.3788,0.62,0.0,268
2,2011-12-20,4,0,12,2,1,2,0.42,0.4242,0.54,0.0896,432
2,2011-12-20,4,0,12,2,1,2,0.36,0.3788,0.66,0.0,259
2,2011-12-20,4,0,12,2,1,2,0.42,0.4242,0.58,0.194,129
2,2011-12-20,4,0,12,2,1,2,0.4,0.4091,0.62,0.1642,129
3,2011-12-20,4,0,12,2,1,2,0.44,0.4394,0.54,0.1343,175
3,2011-12-20,4,0,12,2,1,2,0.44,0.4394,0.54,0.1343,181
3,2011-12-20,4,0,12,2,1,2,0.44,0.4394,0.58,0.1045,138
3,2011-12-20,4,0,12,2,1,2,0.44,0.4394,0.54,0.0,154
3,2011-12-20,4,0,12,2,1,1,0.44,0.4394,0.54,0.0,238
3,2011-12-20,4,0,12,2,1,1,0.4,0.4091,0.62,0.1642,431
4,2011-12-20,4,0,12,2,1,1,0.38,0.3939,0.66,0.194,411
4,2011-12-20,4,0,12,2,1,1,0.38,0.3939,0.66,0.0,224
4,2011-12-20,4,0,12,2,1,1,0.36,0.3788,0.66,0.0,147
4,2011-12-20,4,0,12,2,1,1,0.36,0.3636,0.66,0.0896,143
4,2011-12-20,4,0,12,2,1,2,0.36,0.3788,0.66,0.0,107
4,2011-12-20,4,0,12,2,1,2,0.38,0.3939,0.62,0.0,53
1,2011-12-21,1,0,12,3,1,2,0.34,0.3333,0.71,0.1343,25
1,2011-12-21,1,0,12,3,1,2,0.36,0.3636,0.66,0.1045,11
1,2011-12-21,1,0,12,3,1,2,0.36,0.3788,0.71,0.0,4
1,2011-12-21,1,0,12,3,1,2,0.36,0.3788,0.71,0.0,2
1,2011-12-21,1,0,12,3,1,2,0.36,0.3788,0.71,0.0,2
1,2011-12-21,1,0,12,3,1,2,0.38,0.3939,0.82,0.1045,28
2,2011-12-21,1,0,12,3,1,2,0.36,0.3788,0.87,0.0,76
2,2011-12-21,1,0,12,3,1,2,0.36,0.3636,0.87,0.1045,229
2,2011-12-21,1,0,12,3,1,3,0.36,0.3788,0.93,0.0,405
2,2011-12-21,1,0,12,3,1,2,0.4,0.4091,0.87,0.2239,234
2,2011-12-21,1,0,12,3,1,2,0.48,0.4697,0.82,0.4179,89
2,2011-12-21,1,0,12,3,1,2,0.48,0.4697,0.82,0.4179,56
3,2011-12-21,1,0,12,3,1,3,0.46,0.4545,0.88,0.3881,61
3,2011-12-21,1,0,12,3,1,3,0.44,0.4394,0.94,0.2985,58
3,2011-12-21,1,0,12,3,1,2,0.48,0.4697,0.88,0.3582,51
3,2011-12-21,1,0,12,3,1,2,0.48,0.4697,0.88,0.3881,61
3,2011-12-21,1,0,12,3,1,3,0.44,0.4394,1.0,0.3284,101
3,2011-12-21,1,0,12,3,1,3,0.44,0.4394,1.0,0.3284,229
4,2011-12-21,1,0,12,3,1,2,0.44,0.4394,1.0,0.2985,280
4,2011-12-21,1,0,12,3,1,2,0.5,0.4848,0.94,0.3284,209
4,2011-12-21,1,0,12,3,1,2,0.5,0.4848,0.94,0.3582,167
4,2011-12-21,1,0,12,3,1,1,0.5,0.4848,0.88,0.2836,123
4,2011-12-21,1,0,12,3,1,1,0.5,0.4848,0.88,0.2537,105
4,2011-12-21,1,0,12,3,1,1,0.5,0.4848,0.88,0.194,54
1,2011-12-22,1,0,12,4,1,2,0.5,0.4848,0.82,0.1045,27
1,2011-12-22,1,0,12,4,1,1,0.44,0.4394,0.94,0.0896,15
1,2011-12-22,1,0,12,4,1,1,0.48,0.4697,0.82,0.1045,11
1,2011-12-22,1,0,12,4,1,1,0.44,0.4394,0.67,0.1642,6
1,2011-12-22,1,0,12,4,1,1,0.38,0.3939,0.82,0.1343,3
1,2011-12-22,1,0,12,4,1,1,0.38,0.3939,0.82,0.0,16
2,2011-12-22,1,0,12,4,1,1,0.36,0.3788,0.87,0.0,64
2,2011-12-22,1,0,12,4,1,1,0.34,0.3636,0.93,0.0,186
2,2011-12-22,1,0,12,4,1,2,0.36,0.3788,0.87,0.0,343
2,2011-12-22,1,0,12,4,1,2,0.38,0.3939,0.87,0.0896,228
2,2011-12-22,1,0,12,4,1,2,0.4,0.4091,0.82,0.0896,141
2,2011-12-22,1,0,12,4,1,2,0.44,0.4394,0.77,0.0,145
3,2011-12-22,1,0,12,4,1,2,0.48,0.4697,0.55,0.0,202
3,2011-12-22,1,0,12,4,1,2,0.46,0.4545,0.63,0.0,188
3,2011-12-22,1,0,12,4,1,2,0.46,0.4545,0.63,0.0,159
3,2011-12-22,1,0,12,4,1,2,0.48,0.4697,0.59,0.0,214
3,2011-12-22,1,0,12,4,1,2,0.46,0.4545,0.63,0.0,256
3,2011-12-22,1,0,12,4,1,2,0.44,0.4394,0.67,0.1642,356
4,2011-12-22,1,0,12,4,1,2,0.44,0.4394,0.62,0.0896,288
4,2011-12-22,1,0,12,4,1,2,0.44,0.4394,0.62,0.0,142
4,2011-12-22,1,0,12,4,1,3,0.42,0.4242,0.71,0.0,33
4,2011-12-22,1,0,12,4,1,3,0.42,0.4242,0.71,0.0,17
4,2011-12-22,1,0,12,4,1,3,0.36,0.3636,0.93,0.1045,17
4,2011-12-22,1,0,12,4,1,3,0.4,0.4091,0.87,0.0,11
1,2011-12-23,1,0,12,5,1,3,0.4,0.4091,0.87,0.194,9
1,2011-12-23,1,0,12,5,1,3,0.4,0.4091,0.87,0.194,12
1,2011-12-23,1,0,12,5,1,3,0.38,0.3939,0.94,0.1343,13
1,2011-12-23,1,0,12,5,1,3,0.38,0.3939,0.94,0.1343,4
1,2011-12-23,1,0,12,5,1,3,0.38,0.3939,0.94,0.2836,2
1,2011-12-23,1,0,12,5,1,1,0.36,0.3485,0.93,0.194,8
2,2011-12-23,1,0,12,5,1,1,0.38,0.3939,0.82,0.2537,40
2,2011-12-23,1,0,12,5,1,1,0.38,0.3939,0.82,0.2239,92
2,2011-12-23,1,0,12,5,1,1,0.4,0.4091,0.76,0.2537,182
2,2011-12-23,1,0,12,5,1,1,0.4,0.4091,0.66,0.2985,156
2,2011-12-23,1,0,12,5,1,1,0.4,0.4091,0.62,0.3582,104
2,2011-12-23,1,0,12,5,1,1,0.4,0.4091,0.58,0.4478,174
3,2011-12-23,1,0,12,5,1,1,0.4,0.4091,0.54,0.5224,170
3,2011-12-23,1,0,12,5,1,1,0.4,0.4091,0.5,0.4627,194
3,2011-12-23,1,0,12,5,1,1,0.4,0.4091,0.54,0.4179,200
3,2011-12-23,1,0,12,5,1,1,0.38,0.3939,0.54,0.3582,203
3,2011-12-23,1,0,12,5,1,1,0.38,0.3939,0.5,0.2985,181
3,2011-12-23,1,0,12,5,1,1,0.36,0.3485,0.53,0.2239,140
4,2011-12-23,1,0,12,5,1,1,0.36,0.3333,0.5,0.2537,95
4,2011-12-23,1,0,12,5,1,1,0.34,0.3333,0.53,0.194,76
4,2011-12-23,1,0,12,5,1,1,0.32,0.303,0.61,0.3284,50
4,2011-12-23,1,0,12,5,1,1,0.32,0.303,0.61,0.2239,32
4,2011-12-23,1,0,12,5,1,1,0.32,0.3182,0.66,0.194,47
4,2011-12-23,1,0,12,5,1,1,0.32,0.3333,0.66,0.1343,25
1,2011-12-24,1,0,12,6,0,2,0.32,0.3182,0.7,0.1642,23
1,2011-12-24,1,0,12,6,0,2,0.32,0.3485,0.66,0.0,16
1,2011-12-24,1,0,12,6,0,2,0.32,0.3333,0.66,0.0896,26
1,2011-12-24,1,0,12,6,0,2,0.32,0.3333,0.7,0.0896,5
1,2011-12-24,1,0,12,6,0,2,0.32,0.3182,0.66,0.1642,3
1,2011-12-24,1,0,12,6,0,2,0.32,0.3182,0.66,0.1642,4
2,2011-12-24,1,0,12,6,0,2,0.3,0.303,0.75,0.1642,10
2,2011-12-24,1,0,12,6,0,1,0.3,0.2727,0.7,0.3582,10
2,2011-12-24,1,0,12,6,0,1,0.28,0.2727,0.7,0.194,27
2,2011-12-24,1,0,12,6,0,1,0.3,0.2727,0.45,0.4179,56
2,2011-12-24,1,0,12,6,0,1,0.3,0.2576,0.42,0.4925,56
2,2011-12-24,1,0,12,6,0,1,0.32,0.2879,0.39,0.3582,71
3,2011-12-24,1,0,12,6,0,1,0.34,0.3182,0.39,0.2836,94
3,2011-12-24,1,0,12,6,0,1,0.34,0.303,0.39,0.2985,121
3,2011-12-24,1,0,12,6,0,1,0.34,0.303,0.39,0.2985,85
3,2011-12-24,1,0,12,6,0,1,0.32,0.303,0.39,0.2239,97
3,2011-12-24,1,0,12,6,0,1,0.32,0.3182,0.42,0.194,99
3,2011-12-24,1,0,12,6,0,1,0.28,0.2879,0.45,0.1343,68
4,2011-12-24,1,0,12,6,0,1,0.3,0.3182,0.42,0.0896,35
4,2011-12-24,1,0,12,6,0,1,0.3,0.3182,0.52,0.0896,25
4,2011-12-24,1,0,12,6,0,1,0.26,0.2727,0.56,0.1343,24
4,2011-12-24,1,0,12,6,0,1,0.26,0.2576,0.56,0.1642,19
4,2011-12-24,1,0,12,6,0,1,0.24,0.2879,0.52,0.0,20
4,2011-12-24,1,0,12,6,0,1,0.24,0.2576,0.56,0.0,17
1,2011-12-25,1,0,12,0,0,1,0.24,0.2273,0.6,0.194,6
1,2011-12-25,1,0,12,0,0,1,0.22,0.2273,0.69,0.1343,4
1,2011-12-25,1,0,12,0,0,1,0.22,0.2576,0.75,0.0896,2
1,2011-12-25,1,0,12,0,0,1,0.22,0.2727,0.72,0.0,4
1,2011-12-25,1,0,12,0,0,1,0.2,0.2273,0.75,0.1045,1
2,2011-12-25,1,0,12,0,0,1,0.2,0.2273,0.75,0.1045,1
2,2011-12-25,1,0,12,0,0,1,0.22,0.2424,0.8,0.1045,4
2,2011-12-25,1,0,12,0,0,1,0.2,0.2121,0.8,0.1642,5
2,2011-12-25,1,0,12,0,0,1,0.24,0.2424,0.87,0.1642,23
2,2011-12-25,1,0,12,0,0,1,0.26,0.2424,0.81,0.2537,43
2,2011-12-25,1,0,12,0,0,1,0.3,0.303,0.7,0.1642,85
3,2011-12-25,1,0,12,0,0,1,0.3,0.2727,0.75,0.2985,66
3,2011-12-25,1,0,12,0,0,1,0.32,0.303,0.7,0.2537,79
3,2011-12-25,1,0,12,0,0,1,0.34,0.3182,0.61,0.2537,86
3,2011-12-25,1,0,12,0,0,1,0.34,0.3333,0.61,0.194,91
3,2011-12-25,1,0,12,0,0,1,0.36,0.3636,0.57,0.1045,86
3,2011-12-25,1,0,12,0,0,1,0.34,0.3333,0.61,0.1343,44
4,2011-12-25,1,0,12,0,0,1,0.32,0.3182,0.7,0.194,30
4,2011-12-25,1,0,12,0,0,1,0.32,0.3333,0.57,0.1343,16
4,2011-12-25,1,0,12,0,0,1,0.32,0.3333,0.49,0.0896,26
4,2011-12-25,1,0,12,0,0,1,0.3,0.303,0.56,0.1343,19
4,2011-12-25,1,0,12,0,0,1,0.28,0.2727,0.61,0.1642,17
4,2011-12-25,1,0,12,0,0,1,0.26,0.2727,0.65,0.1343,16
1,2011-12-26,1,0,12,1,0,1,0.22,0.2273,0.75,0.1642,11
1,2011-12-26,1,0,12,1,0,1,0.28,0.2727,0.56,0.194,10
1,2011-12-26,1,0,12,1,0,1,0.34,0.3182,0.46,0.2239,7
1,2011-12-26,1,0,12,1,0,1,0.34,0.303,0.46,0.2985,2
1,2011-12-26,1,0,12,1,0,1,0.34,0.303,0.42,0.3881,4
2,2011-12-26,1,0,12,1,0,1,0.32,0.303,0.45,0.2836,4
2,2011-12-26,1,0,12,1,0,1,0.32,0.3182,0.45,0.194,19
2,2011-12-26,1,0,12,1,0,1,0.32,0.3333,0.45,0.1343,18
2,2011-12-26,1,0,12,1,0,1,0.34,0.303,0.46,0.2985,62
2,2011-12-26,1,0,12,1,0,1,0.34,0.2879,0.42,0.5224,70
2,2011-12-26,1,0,12,1,0,1,0.34,0.2879,0.46,0.5821,91
3,2011-12-26,1,0,12,1,0,1,0.36,0.3182,0.43,0.4627,100
3,2011-12-26,1,0,12,1,0,1,0.38,0.3939,0.4,0.2985,140
3,2011-12-26,1,0,12,1,0,1,0.38,0.3939,0.4,0.3284,153
3,2011-12-26,1,0,12,1,0,1,0.38,0.3939,0.4,0.2537,131
3,2011-12-26,1,0,12,1,0,1,0.36,0.3333,0.43,0.2836,97
3,2011-12-26,1,0,12,1,0,1,0.34,0.3182,0.46,0.2239,97
4,2011-12-26,1,0,12,1,0,1,0.32,0.3333,0.49,0.0896,75
4,2011-12-26,1,0,12,1,0,1,0.3,0.3182,0.65,0.0896,65
4,2011-12-26,1,0,12,1,0,1,0.3,0.3182,0.56,0.0896,56
4,2011-12-26,1,0,12,1,0,1,0.26,0.303,0.7,0.0,49
4,2011-12-26,1,0,12,1,0,1,0.26,0.303,0.7,0.0,27
4,2011-12-26,1,0,12,1,0,1,0.26,0.2727,0.7,0.1045,29
1,2011-12-27,1,0,12,2,1,1,0.26,0.2576,0.7,0.1642,12
1,2011-12-27,1,0,12,2,1,1,0.26,0.2727,0.7,0.1343,6
1,2011-12-27,1,0,12,2,1,1,0.26,0.2727,0.7,0.1343,4
1,2011-12-27,1,0,12,2,1,2,0.3,0.2879,0.61,0.2239,3
1,2011-12-27,1,0,12,2,1,2,0.3,0.2879,0.65,0.2239,3
1,2011-12-27,1,0,12,2,1,2,0.3,0.2727,0.64,0.2836,8
2,2011-12-27,1,0,12,2,1,2,0.3,0.2727,0.61,0.2985,35
2,2011-12-27,1,0,12,2,1,2,0.3,0.2879,0.65,0.2836,80
2,2011-12-27,1,0,12,2,1,2,0.3,0.303,0.65,0.1642,164
2,2011-12-27,1,0,12,2,1,3,0.32,0.3333,0.66,0.1045,104
2,2011-12-27,1,0,12,2,1,2,0.32,0.3333,0.66,0.0896,60
2,2011-12-27,1,0,12,2,1,3,0.32,0.3333,0.66,0.1045,30
3,2011-12-27,1,0,12,2,1,3,0.3,0.3182,0.81,0.0896,24
3,2011-12-27,1,0,12,2,1,3,0.3,0.303,0.87,0.1343,20
3,2011-12-27,1,0,12,2,1,3,0.42,0.4242,0.82,0.3881,14
3,2011-12-27,1,0,12,2,1,3,0.42,0.4242,0.82,0.3881,19
3,2011-12-27,1,0,12,2,1,3,0.44,0.4394,0.88,0.3284,46
3,2011-12-27,1,0,12,2,1,3,0.4,0.4091,0.87,0.1343,115
4,2011-12-27,1,0,12,2,1,1,0.38,0.3939,0.87,0.2836,135
4,2011-12-27,1,0,12,2,1,1,0.34,0.3333,0.87,0.1642,90
4,2011-12-27,1,0,12,2,1,1,0.32,0.3333,0.93,0.0896,69
4,2011-12-27,1,0,12,2,1,1,0.32,0.3333,0.87,0.0896,63
4,2011-12-27,1,0,12,2,1,1,0.32,0.3333,0.87,0.0896,32
4,2011-12-27,1,0,12,2,1,1,0.3,0.303,0.93,0.1343,26
1,2011-12-28,1,0,12,3,1,1,0.32,0.3182,0.87,0.1642,10
1,2011-12-28,1,0,12,3,1,1,0.32,0.3182,0.76,0.1642,12
1,2011-12-28,1,0,12,3,1,1,0.32,0.303,0.61,0.2537,7
1,2011-12-28,1,0,12,3,1,1,0.32,0.303,0.61,0.2537,4
1,2011-12-28,1,0,12,3,1,1,0.32,0.2879,0.57,0.3582,9
2,2011-12-28,1,0,12,3,1,1,0.32,0.303,0.57,0.2537,43
2,2011-12-28,1,0,12,3,1,1,0.32,0.303,0.57,0.2537,110
2,2011-12-28,1,0,12,3,1,1,0.32,0.2879,0.57,0.3582,217
2,2011-12-28,1,0,12,3,1,1,0.32,0.303,0.57,0.3284,189
2,2011-12-28,1,0,12,3,1,1,0.34,0.3182,0.57,0.2239,96
2,2011-12-28,1,0,12,3,1,1,0.36,0.3333,0.46,0.3582,111
3,2011-12-28,1,0,12,3,1,1,0.34,0.2879,0.46,0.5522,140
3,2011-12-28,1,0,12,3,1,1,0.34,0.2879,0.39,0.4627,159
3,2011-12-28,1,0,12,3,1,1,0.32,0.2879,0.39,0.3881,120
3,2011-12-28,1,0,12,3,1,1,0.32,0.2879,0.36,0.4179,117
3,2011-12-28,1,0,12,3,1,1,0.3,0.2727,0.36,0.4179,167
3,2011-12-28,1,0,12,3,1,1,0.28,0.2727,0.38,0.2537,250
4,2011-12-28,1,0,12,3,1,1,0.26,0.2273,0.38,0.3284,169
4,2011-12-28,1,0,12,3,1,1,0.24,0.2273,0.41,0.2537,151
4,2011-12-28,1,0,12,3,1,1,0.24,0.2273,0.41,0.2239,79
4,2011-12-28,1,0,12,3,1,1,0.22,0.2273,0.44,0.1343,70
4,2011-12-28,1,0,12,3,1,1,0.22,0.2424,0.44,0.1045,33
4,2011-12-28,1,0,12,3,1,1,0.22,0.2121,0.44,0.2537,39
1,2011-12-29,1,0,12,4,1,2,0.22,0.2273,0.47,0.194,28
1,2011-12-29,1,0,12,4,1,1,0.22,0.2121,0.47,0.2239,15
1,2011-12-29,1,0,12,4,1,1,0.2,0.2273,0.51,0.1045,3
1,2011-12-29,1,0,12,4,1,1,0.2,0.197,0.55,0.194,2
1,2011-12-29,1,0,12,4,1,1,0.2,0.2121,0.55,0.1642,3
1,2011-12-29,1,0,12,4,1,1,0.2,0.2273,0.55,0.1045,10
2,2011-12-29,1,0,12,4,1,1,0.2,0.2576,0.59,0.0,41
2,2011-12-29,1,0,12,4,1,1,0.18,0.2121,0.64,0.0896,106
2,2011-12-29,1,0,12,4,1,2,0.2,0.2576,0.64,0.0,210
2,2011-12-29,1,0,12,4,1,2,0.2,0.2121,0.64,0.1343,170
2,2011-12-29,1,0,12,4,1,2,0.22,0.2273,0.64,0.1642,110
2,2011-12-29,1,0,12,4,1,2,0.24,0.2576,0.6,0.0896,122
3,2011-12-29,1,0,12,4,1,2,0.26,0.2727,0.56,0.1045,130
3,2011-12-29,1,0,12,4,1,2,0.28,0.2879,0.52,0.1045,131
3,2011-12-29,1,0,12,4,1,2,0.3,0.3333,0.52,0.0,142
3,2011-12-29,1,0,12,4,1,2,0.3,0.3182,0.52,0.0896,177
3,2011-12-29,1,0,12,4,1,1,0.3,0.303,0.52,0.1642,177
3,2011-12-29,1,0,12,4,1,1,0.3,0.303,0.61,0.1642,240
4,2011-12-29,1,0,12,4,1,1,0.3,0.303,0.56,0.1343,207
4,2011-12-29,1,0,12,4,1,1,0.3,0.3182,0.56,0.1045,135
4,2011-12-29,1,0,12,4,1,1,0.28,0.2879,0.65,0.1045,96
4,2011-12-29,1,0,12,4,1,2,0.28,0.2879,0.61,0.1343,68
4,2011-12-29,1,0,12,4,1,1,0.28,0.2879,0.65,0.1343,55
4,2011-12-29,1,0,12,4,1,1,0.3,0.303,0.65,0.1642,45
1,2011-12-30,1,0,12,5,1,1,0.28,0.2879,0.7,0.1343,30
1,2011-12-30,1,0,12,5,1,1,0.26,0.2879,0.65,0.0896,20
1,2011-12-30,1,0,12,5,1,1,0.24,0.2576,0.7,0.1045,12
1,2011-12-30,1,0,12,5,1,1,0.24,0.2576,0.7,0.1045,6
1,2011-12-30,1,0,12,5,1,1,0.24,0.2576,0.7,0.0896,2
1,2011-12-30,1,0,12,5,1,1,0.22,0.2576,0.75,0.0896,10
2,2011-12-30,1,0,12,5,1,1,0.24,0.2576,0.7,0.0896,32
2,2011-12-30,1,0,12,5,1,1,0.24,0.2576,0.75,0.0896,95
2,2011-12-30,1,0,12,5,1,2,0.24,0.2576,0.75,0.0896,205
2,2011-12-30,1,0,12,5,1,1,0.26,0.303,0.75,0.0,194
2,2011-12-30,1,0,12,5,1,1,0.3,0.2879,0.65,0.2537,118
2,2011-12-30,1,0,12,5,1,1,0.32,0.3182,0.66,0.194,171
3,2011-12-30,1,0,12,5,1,1,0.32,0.3333,0.57,0.1343,197
3,2011-12-30,1,0,12,5,1,2,0.36,0.3485,0.53,0.1343,207
3,2011-12-30,1,0,12,5,1,2,0.4,0.4091,0.47,0.0896,245
3,2011-12-30,1,0,12,5,1,1,0.42,0.4242,0.44,0.0,292
3,2011-12-30,1,0,12,5,1,1,0.42,0.4242,0.47,0.194,283
3,2011-12-30,1,0,12,5,1,1,0.38,0.3939,0.54,0.1642,242
4,2011-12-30,1,0,12,5,1,1,0.36,0.3485,0.62,0.1343,182
4,2011-12-30,1,0,12,5,1,2,0.34,0.303,0.49,0.4179,112
4,2011-12-30,1,0,12,5,1,2,0.34,0.3485,0.66,0.1045,91
4,2011-12-30,1,0,12,5,1,2,0.36,0.3636,0.66,0.1045,95
4,2011-12-30,1,0,12,5,1,2,0.34,0.3333,0.71,0.1642,85
4,2011-12-30,1,0,12,5,1,2,0.36,0.3333,0.66,0.2537,73
1,2011-12-31,1,0,12,6,0,2,0.38,0.3939,0.62,0.3284,44
1,2011-12-31,1,0,12,6,0,2,0.4,0.4091,0.62,0.2836,35
1,2011-12-31,1,0,12,6,0,2,0.4,0.4091,0.62,0.2836,28
1,2011-12-31,1,0,12,6,0,2,0.4,0.4091,0.62,0.2836,18
1,2011-12-31,1,0,12,6,0,1,0.38,0.3939,0.71,0.2239,10
1,2011-12-31,1,0,12,6,0,2,0.36,0.3485,0.76,0.2239,1
2,2011-12-31,1,0,12,6,0,2,0.4,0.4091,0.71,0.0896,6
2,2011-12-31,1,0,12,6,0,3,0.38,0.3939,0.76,0.0,19
2,2011-12-31,1,0,12,6,0,1,0.34,0.3333,0.81,0.1343,49
2,2011-12-31,1,0,12,6,0,1,0.38,0.3939,0.76,0.0,90
2,2011-12-31,1,0,12,6,0,1,0.4,0.4091,0.76,0.1642,128
2,2011-12-31,1,0,12,6,0,1,0.42,0.4242,0.71,0.1642,217
3,2011-12-31,1,0,12,6,0,1,0.52,0.5,0.39,0.2985,273
3,2011-12-31,1,0,12,6,0,1,0.5,0.4848,0.42,0.4925,313
3,2011-12-31,1,0,12,6,0,1,0.46,0.4545,0.51,0.3284,300
3,2011-12-31,1,0,12,6,0,1,0.46,0.4545,0.47,0.4925,253
3,2011-12-31,1,0,12,6,0,1,0.44,0.4394,0.51,0.3881,195
3,2011-12-31,1,0,12,6,0,1,0.42,0.4242,0.54,0.194,129
4,2011-12-31,1,0,12,6,0,1,0.42,0.4242,0.54,0.1343,93
4,2011-12-31,1,0,12,6,0,1,0.42,0.4242,0.54,0.2239,92
4,2011-12-31,1,0,12,6,0,1,0.42,0.4242,0.54,0.2239,71
4,2011-12-31,1,0,12,6,0,1,0.4,0.4091,0.58,0.194,52
4,2011-12-31,1,0,12,6,0,1,0.38,0.3939,0.62,0.1343,38
4,2011-12-31,1,0,12,6,0,1,0.36,0.3788,0.66,0.0,31
1,2012-01-01,1,1,1,0,0,1,0.36,0.3788,0.66,0.0,48
1,2012-01-01,1,1,1,0,0,1,0.36,0.3485,0.66,0.1343,93
1,2012-01-01,1,1,1,0,0,1,0.32,0.3485,0.76,0.0,75
1,2012-01-01,1,1,1,0,0,1,0.3,0.3333,0.81,0.0,52
1,2012-01-01,1,1,1,0,0,1,0.28,0.303,0.81,0.0896,8
1,2012-01-01,1,1,1,0,0,1,0.28,0.2879,0.81,0.1045,5
2,2012-01-01,1,1,1,0,0,1,0.26,0.2727,0.93,0.1343,2
2,2012-01-01,1,1,1,0,0,1,0.26,0.2576,0.93,0.1642,7
2,2012-01-01,1,1,1,0,0,1,0.26,0.2727,0.87,0.1045,14
2,2012-01-01,1,1,1,0,0,1,0.26,0.2727,0.93,0.1045,40
2,2012-01-01,1,1,1,0,0,1,0.3,0.3182,0.81,0.1045,70
2,2012-01-01,1,1,1,0,0,1,0.34,0.3333,0.76,0.1343,138
3,2012-01-01,1,1,1,0,0,1,0.4,0.4091,0.62,0.2836,201
3,2012-01-01,1,1,1,0,0,1,0.42,0.4242,0.58,0.2836,223
3,2012-01-01,1,1,1,0,0,1,0.44,0.4394,0.54,0.2985,267
3,2012-01-01,1,1,1,0,0,1,0.46,0.4545,0.51,0.2985,265
3,2012-01-01,1,1,1,0,0,2,0.44,0.4394,0.54,0.2985,215
3,2012-01-01,1,1,1,0,0,2,0.48,0.4697,0.48,0.1642,111
4,2012-01-01,1,1,1,0,0,3,0.46,0.4545,0.59,0.2537,106
4,2012-01-01,1,1,1,0,0,3,0.42,0.4242,0.67,0.3881,105
4,2012-01-01,1,1,1,0,0,2,0.44,0.4394,0.62,0.2985,83
4,2012-01-01,1,1,1,0,0,2,0.44,0.4394,0.67,0.2537,71
4,2012-01-01,1,1,1,0,0,1,0.46,0.4545,0.55,0.4179,66
4,2012-01-01,1,1,1,0,0,1,0.44,0.4394,0.51,0.2985,29
1,2012-01-02,1,1,1,1,0,1,0.4,0.4091,0.4,0.4627,39
1,2012-01-02,1,1,1,1,0,1,0.36,0.3333,0.43,0.4179,12
1,2012-01-02,1,1,1,1,0,1,0.36,0.3182,0.34,0.4478,7
1,2012-01-02,1,1,1,1,0,1,0.28,0.2576,0.45,0.3284,4
1,2012-01-02,1,1,1,1,0,1,0.28,0.2576,0.45,0.3284,4
2,2012-01-02,1,1,1,1,0,1,0.26,0.2273,0.41,0.3881,14
2,2012-01-02,1,1,1,1,0,1,0.24,0.2121,0.32,0.3881,16
2,2012-01-02,1,1,1,1,0,1,0.24,0.2273,0.35,0.2537,53
2,2012-01-02,1,1,1,1,0,1,0.24,0.2576,0.35,0.0,68
2,2012-01-02,1,1,1,1,0,1,0.26,0.2424,0.35,0.2836,109
2,2012-01-02,1,1,1,1,0,1,0.26,0.2121,0.35,0.4925,175
3,2012-01-02,1,1,1,1,0,1,0.28,0.2727,0.36,0.2537,202
3,2012-01-02,1,1,1,1,0,1,0.3,0.2727,0.36,0.2985,176
3,2012-01-02,1,1,1,1,0,1,0.3,0.2727,0.36,0.4179,151
3,2012-01-02,1,1,1,1,0,1,0.28,0.2424,0.38,0.4478,168
3,2012-01-02,1,1,1,1,0,1,0.26,0.2273,0.35,0.4179,154
3,2012-01-02,1,1,1,1,0,1,0.26,0.2273,0.35,0.3881,153
4,2012-01-02,1,1,1,1,0,1,0.26,0.2424,0.33,0.2537,126
4,2012-01-02,1,1,1,1,0,1,0.24,0.2273,0.38,0.2239,93
4,2012-01-02,1,1,1,1,0,1,0.24,0.2273,0.41,0.2239,88
4,2012-01-02,1,1,1,1,0,2,0.24,0.2121,0.41,0.3284,66
4,2012-01-02,1,1,1,1,0,2,0.22,0.2121,0.44,0.2836,39
4,2012-01-02,1,1,1,1,0,1,0.22,0.2121,0.44,0.2537,34
1,2012-01-03,1,1,1,2,1,1,0.2,0.197,0.51,0.2537,13
1,2012-01-03,1,1,1,2,1,1,0.18,0.1818,0.55,0.2239,6
1,2012-01-03,1,1,1,2,1,1,0.18,0.1667,0.51,0.2537,3
1,2012-01-03,1,1,1,2,1,1,0.16,0.1364,0.55,0.2836,2
1,2012-01-03,1,1,1,2,1,1,0.16,0.1515,0.55,0.2537,5
1,2012-01-03,1,1,1,2,1,1,0.14,0.1364,0.54,0.194,12
2,2012-01-03,1,1,1,2,1,1,0.14,0.1212,0.59,0.2836,85
2,2012-01-03,1,1,1,2,1,1,0.14,0.1212,0.59,0.2537,170
2,2012-01-03,1,1,1,2,1,1,0.16,0.1364,0.55,0.2836,354
2,2012-01-03,1,1,1,2,1,1,0.16,0.1364,0.5,0.2836,153
2,2012-01-03,1,1,1,2,1,1,0.16,0.1212,0.47,0.4627,60
2,2012-01-03,1,1,1,2,1,1,0.18,0.1364,0.37,0.5224,75
3,2012-01-03,1,1,1,2,1,1,0.18,0.1364,0.37,0.5224,74
3,2012-01-03,1,1,1,2,1,1,0.18,0.1212,0.34,0.6567,73
3,2012-01-03,1,1,1,2,1,1,0.16,0.1212,0.43,0.5224,79
3,2012-01-03,1,1,1,2,1,1,0.16,0.1212,0.37,0.4179,77
3,2012-01-03,1,1,1,2,1,1,0.14,0.0909,0.39,0.5821,136
3,2012-01-03,1,1,1,2,1,1,0.14,0.1061,0.26,0.4627,245
4,2012-01-03,1,1,1,2,1,1,0.14,0.0909,0.26,0.5224,224
4,2012-01-03,1,1,1,2,1,1,0.12,0.0909,0.28,0.4179,156
4,2012-01-03,1,1,1,2,1,1,0.12,0.1212,0.33,0.2537,115
4,2012-01-03,1,1,1,2,1,1,0.1,0.1061,0.36,0.2239,68
4,2012-01-03,1,1,1,2,1,1,0.1,0.1061,0.46,0.2537,33
4,2012-01-03,1,1,1,2,1,1,0.1,0.0758,0.46,0.3881,18
1,2012-01-04,1,1,1,3,1,1,0.08,0.0606,0.42,0.3284,9
1,2012-01-04,1,1,1,3,1,1,0.04,0.0303,0.38,0.2985,3
1,2012-01-04,1,1,1,3,1,1,0.02,0.0152,0.34,0.2836,1
1,2012-01-04,1,1,1,3,1,1,0.02,0.0152,0.34,0.2836,1
1,2012-01-04,1,1,1,3,1,1,0.02,0.0455,0.41,0.194,2
1,2012-01-04,1,1,1,3,1,1,0.02,0.0455,0.41,0.194,14
2,2012-01-04,1,1,1,3,1,1,0.02,0.0455,0.41,0.1642,59
2,2012-01-04,1,1,1,3,1,1,0.02,0.0455,0.44,0.194,152
2,2012-01-04,1,1,1,3,1,1,0.02,0.0606,0.44,0.1343,315
2,2012-01-04,1,1,1,3,1,1,0.04,0.0606,0.45,0.1343,180
2,2012-01-04,1,1,1,3,1,1,0.06,0.1061,0.45,0.0,64
2,2012-01-04,1,1,1,3,1,2,0.08,0.1212,0.42,0.0896,46
3,2012-01-04,1,1,1,3,1,2,0.1,0.1061,0.46,0.194,84
3,2012-01-04,1,1,1,3,1,2,0.14,0.1212,0.43,0.2537,91
3,2012-01-04,1,1,1,3,1,2,0.14,0.1212,0.46,0.2537,75
3,2012-01-04,1,1,1,3,1,2,0.18,0.1515,0.37,0.3284,90
3,2012-01-04,1,1,1,3,1,2,0.18,0.1667,0.4,0.2836,131
3,2012-01-04,1,1,1,3,1,2,0.2,0.197,0.4,0.194,281
4,2012-01-04,1,1,1,3,1,2,0.2,0.2121,0.37,0.1343,289
4,2012-01-04,1,1,1,3,1,2,0.2,0.2273,0.4,0.1045,184
4,2012-01-04,1,1,1,3,1,2,0.2,0.197,0.4,0.194,123
4,2012-01-04,1,1,1,3,1,2,0.2,0.2576,0.44,0.0,90
4,2012-01-04,1,1,1,3,1,2,0.2,0.2273,0.47,0.0896,52
4,2012-01-04,1,1,1,3,1,2,0.2,0.2273,0.44,0.1045,32
1,2012-01-05,1,1,1,4,1,2,0.22,0.2273,0.47,0.194,14
1,2012-01-05,1,1,1,4,1,1,0.2,0.2273,0.51,0.0896,5
1,2012-01-05,1,1,1,4,1,1,0.2,0.2273,0.51,0.0896,4
1,2012-01-05,1,1,1,4,1,1,0.2,0.2576,0.61,0.0,4
1,2012-01-05,1,1,1,4,1,2,0.2,0.2273,0.59,0.0896,5
1,2012-01-05,1,1,1,4,1,2,0.2,0.2273,0.59,0.0896,26
2,2012-01-05,1,1,1,4,1,2,0.2,0.2121,0.75,0.1343,78
2,2012-01-05,1,1,1,4,1,2,0.2,0.2273,0.69,0.0896,215
2,2012-01-05,1,1,1,4,1,2,0.2,0.2576,0.75,0.0,388
2,2012-01-05,1,1,1,4,1,2,0.22,0.2727,0.69,0.0,227
2,2012-01-05,1,1,1,4,1,2,0.24,0.2576,0.52,0.0896,86
2,2012-01-05,1,1,1,4,1,1,0.3,0.3333,0.49,0.0,84
3,2012-01-05,1,1,1,4,1,1,0.3,0.2879,0.49,0.2537,120
3,2012-01-05,1,1,1,4,1,1,0.34,0.303,0.42,0.2985,118
3,2012-01-05,1,1,1,4,1,1,0.34,0.3182,0.39,0.2836,117
3,2012-01-05,1,1,1,4,1,1,0.36,0.3333,0.34,0.2836,119
3,2012-01-05,1,1,1,4,1,1,0.36,0.3333,0.34,0.2836,197
3,2012-01-05,1,1,1,4,1,2,0.36,0.3485,0.34,0.194,412
4,2012-01-05,1,1,1,4,1,1,0.34,0.3333,0.36,0.1642,383
4,2012-01-05,1,1,1,4,1,1,0.34,0.3485,0.34,0.0896,265
4,2012-01-05,1,1,1,4,1,1,0.3,0.3333,0.49,0.0,177
4,2012-01-05,1,1,1,4,1,1,0.26,0.2727,0.6,0.1343,97
4,2012-01-05,1,1,1,4,1,1,0.26,0.2576,0.6,0.1642,71
4,2012-01-05,1,1,1,4,1,1,0.24,0.2576,0.7,0.1045,60
1,2012-01-06,1,1,1,5,1,1,0.22,0.2576,0.75,0.0896,25
1,2012-01-06,1,1,1,5,1,1,0.22,0.2727,0.75,0.0,8
1,2012-01-06,1,1,1,5,1,1,0.22,0.2273,0.69,0.1642,5
1,2012-01-06,1,1,1,5,1,1,0.22,0.2424,0.69,0.1045,4
1,2012-01-06,1,1,1,5,1,1,0.22,0.2273,0.69,0.1343,3
1,2012-01-06,1,1,1,5,1,2,0.2,0.2121,0.8,0.1343,13
2,2012-01-06,1,1,1,5,1,2,0.22,0.2424,0.73,0.1045,70
2,2012-01-06,1,1,1,5,1,2,0.24,0.2879,0.65,0.0,205
2,2012-01-06,1,1,1,5,1,1,0.24,0.2424,0.7,0.1343,447
2,2012-01-06,1,1,1,5,1,1,0.24,0.2424,0.7,0.1642,241
2,2012-01-06,1,1,1,5,1,1,0.26,0.2576,0.65,0.194,116
2,2012-01-06,1,1,1,5,1,1,0.3,0.303,0.56,0.1642,138
3,2012-01-06,1,1,1,5,1,1,0.36,0.3333,0.5,0.2537,191
3,2012-01-06,1,1,1,5,1,1,0.4,0.4091,0.43,0.2836,204
3,2012-01-06,1,1,1,5,1,1,0.46,0.4545,0.36,0.194,178
3,2012-01-06,1,1,1,5,1,1,0.52,0.5,0.27,0.2537,222
3,2012-01-06,1,1,1,5,1,1,0.52,0.5,0.27,0.2836,294
3,2012-01-06,1,1,1,5,1,1,0.46,0.4545,0.36,0.2239,476
4,2012-01-06,1,1,1,5,1,1,0.5,0.4848,0.29,0.2537,419
4,2012-01-06,1,1,1,5,1,1,0.46,0.4545,0.33,0.2836,272
4,2012-01-06,1,1,1,5,1,1,0.42,0.4242,0.41,0.194,177
4,2012-01-06,1,1,1,5,1,1,0.4,0.4091,0.43,0.2239,154
4,2012-01-06,1,1,1,5,1,1,0.36,0.3485,0.5,0.194,135
4,2012-01-06,1,1,1,5,1,1,0.36,0.3788,0.5,0.0,101
1,2012-01-07,1,1,1,6,0,1,0.36,0.3485,0.5,0.1642,79
1,2012-01-07,1,1,1,6,0,1,0.38,0.3939,0.46,0.1642,62
1,2012-01-07,1,1,1,6,0,1,0.36,0.3636,0.5,0.1045,38
1,2012-01-07,1,1,1,6,0,1,0.32,0.3333,0.57,0.1045,20
1,2012-01-07,1,1,1,6,0,1,0.32,0.3333,0.57,0.0896,10
1,2012-01-07,1,1,1,6,0,1,0.26,0.2727,0.75,0.1045,9
2,2012-01-07,1,1,1,6,0,1,0.26,0.2727,0.75,0.1045,7
2,2012-01-07,1,1,1,6,0,1,0.22,0.2273,0.87,0.194,20
2,2012-01-07,1,1,1,6,0,1,0.24,0.2576,0.75,0.1045,64
2,2012-01-07,1,1,1,6,0,1,0.22,0.2273,0.8,0.1343,130
2,2012-01-07,1,1,1,6,0,1,0.28,0.303,0.75,0.0896,203
2,2012-01-07,1,1,1,6,0,1,0.34,0.3182,0.57,0.2239,324
3,2012-01-07,1,1,1,6,0,1,0.4,0.4091,0.43,0.2239,376
3,2012-01-07,1,1,1,6,0,1,0.44,0.4394,0.44,0.194,445
3,2012-01-07,1,1,1,6,0,1,0.5,0.4848,0.42,0.2836,512
3,2012-01-07,1,1,1,6,0,1,0.58,0.5455,0.37,0.2985,449
3,2012-01-07,1,1,1,6,0,2,0.56,0.5303,0.37,0.2836,401
3,2012-01-07,1,1,1,6,0,2,0.54,0.5152,0.43,0.1343,322
4,2012-01-07,1,1,1,6,0,1,0.54,0.5152,0.45,0.1343,297
4,2012-01-07,1,1,1,6,0,1,0.52,0.5,0.42,0.1045,215
4,2012-01-07,1,1,1,6,0,1,0.5,0.4848,0.39,0.2537,170
4,2012-01-07,1,1,1,6,0,1,0.44,0.4394,0.44,0.2239,140
4,2012-01-07,1,1,1,6,0,1,0.44,0.4394,0.38,0.2537,109
4,2012-01-07,1,1,1,6,0,1,0.42,0.4242,0.38,0.2239,119
1,2012-01-08,1,1,1,0,0,1,0.38,0.3939,0.4,0.2836,91
1,2012-01-08,1,1,1,0,0,1,0.34,0.3333,0.42,0.194,72
1,2012-01-08,1,1,1,0,0,1,0.36,0.3333,0.37,0.2836,67
1,2012-01-08,1,1,1,0,0,1,0.34,0.3333,0.42,0.1343,32
1,2012-01-08,1,1,1,0,0,1,0.32,0.303,0.49,0.2537,6
1,2012-01-08,1,1,1,0,0,2,0.32,0.3333,0.49,0.1045,2
2,2012-01-08,1,1,1,0,0,2,0.3,0.3333,0.52,0.0,2
2,2012-01-08,1,1,1,0,0,2,0.3,0.3333,0.52,0.0,24
2,2012-01-08,1,1,1,0,0,1,0.3,0.303,0.52,0.1343,57
2,2012-01-08,1,1,1,0,0,1,0.32,0.3333,0.53,0.1343,125
2,2012-01-08,1,1,1,0,0,1,0.34,0.3333,0.49,0.1642,208
2,2012-01-08,1,1,1,0,0,1,0.36,0.3485,0.46,0.2239,256
3,2012-01-08,1,1,1,0,0,1,0.38,0.3939,0.43,0.2239,351
3,2012-01-08,1,1,1,0,0,1,0.4,0.4091,0.37,0.2985,343
3,2012-01-08,1,1,1,0,0,1,0.4,0.4091,0.4,0.194,328
3,2012-01-08,1,1,1,0,0,1,0.4,0.4091,0.37,0.2836,330
3,2012-01-08,1,1,1,0,0,1,0.4,0.4091,0.37,0.2985,314
3,2012-01-08,1,1,1,0,0,1,0.38,0.3939,0.4,0.2239,219
4,2012-01-08,1,1,1,0,0,1,0.34,0.3182,0.46,0.2239,181
4,2012-01-08,1,1,1,0,0,1,0.32,0.3182,0.49,0.194,112
4,2012-01-08,1,1,1,0,0,1,0.3,0.303,0.52,0.1642,126
4,2012-01-08,1,1,1,0,0,1,0.28,0.2727,0.56,0.2239,91
4,2012-01-08,1,1,1,0,0,1,0.26,0.2727,0.6,0.1045,58
4,2012-01-08,1,1,1,0,0,1,0.26,0.2424,0.56,0.2537,30
1,2012-01-09,1,1,1,1,1,1,0.24,0.2273,0.6,0.2239,15
1,2012-01-09,1,1,1,1,1,1,0.24,0.2424,0.6,0.1343,5
1,2012-01-09,1,1,1,1,1,1,0.24,0.2424,0.56,0.1343,5
1,2012-01-09,1,1,1,1,1,1,0.24,0.2424,0.52,0.1642,3
1,2012-01-09,1,1,1,1,1,1,0.22,0.2424,0.64,0.1045,4
1,2012-01-09,1,1,1,1,1,2,0.2,0.2273,0.64,0.0896,21
2,2012-01-09,1,1,1,1,1,2,0.22,0.2273,0.6,0.1343,88
2,2012-01-09,1,1,1,1,1,2,0.22,0.2424,0.6,0.1045,240
2,2012-01-09,1,1,1,1,1,2,0.22,0.2576,0.55,0.0896,420
2,2012-01-09,1,1,1,1,1,2,0.22,0.2727,0.64,0.0,197
2,2012-01-09,1,1,1,1,1,1,0.24,0.2879,0.6,0.0,108
2,2012-01-09,1,1,1,1,1,2,0.26,0.2879,0.56,0.0896,88
3,2012-01-09,1,1,1,1,1,2,0.26,0.2727,0.56,0.1045,103
3,2012-01-09,1,1,1,1,1,2,0.26,0.2727,0.56,0.1045,80
3,2012-01-09,1,1,1,1,1,3,0.22,0.2273,0.75,0.1642,50
3,2012-01-09,1,1,1,1,1,3,0.22,0.2273,0.75,0.1642,69
3,2012-01-09,1,1,1,1,1,3,0.22,0.2576,0.87,0.0896,49
3,2012-01-09,1,1,1,1,1,3,0.22,0.2727,0.87,0.0,152
4,2012-01-09,1,1,1,1,1,4,0.2,0.2273,0.86,0.0896,164
4,2012-01-09,1,1,1,1,1,3,0.2,0.2273,0.93,0.0896,190
4,2012-01-09,1,1,1,1,1,2,0.2,0.2273,0.86,0.0896,132
4,2012-01-09,1,1,1,1,1,2,0.2,0.2576,0.93,0.0,79
4,2012-01-09,1,1,1,1,1,2,0.2,0.2273,0.92,0.1045,62
4,2012-01-09,1,1,1,1,1,2,0.22,0.2424,0.87,0.1045,52
1,2012-01-10,1,1,1,2,1,2,0.22,0.2424,0.87,0.1045,14
1,2012-01-10,1,1,1,2,1,2,0.22,0.2424,0.93,0.1045,5
1,2012-01-10,1,1,1,2,1,2,0.22,0.2273,0.87,0.1642,4
1,2012-01-10,1,1,1,2,1,2,0.2,0.2121,0.86,0.1642,4
1,2012-01-10,1,1,1,2,1,1,0.4,0.4091,0.47,0.2239,23
2,2012-01-10,1,1,1,2,1,2,0.18,0.1818,0.93,0.194,79
2,2012-01-10,1,1,1,2,1,2,0.18,0.197,0.93,0.1642,222
2,2012-01-10,1,1,1,2,1,2,0.18,0.197,0.93,0.1642,471
2,2012-01-10,1,1,1,2,1,2,0.18,0.197,0.93,0.1642,195
2,2012-01-10,1,1,1,2,1,2,0.18,0.197,0.93,0.1642,83
2,2012-01-10,1,1,1,2,1,1,0.42,0.4242,0.38,0.2985,101
3,2012-01-10,1,1,1,2,1,1,0.42,0.4242,0.38,0.2985,140
3,2012-01-10,1,1,1,2,1,1,0.42,0.4242,0.38,0.2985,178
3,2012-01-10,1,1,1,2,1,1,0.42,0.4242,0.38,0.2985,106
3,2012-01-10,1,1,1,2,1,1,0.42,0.4242,0.38,0.2985,136
3,2012-01-10,1,1,1,2,1,1,0.42,0.4242,0.38,0.3582,240
3,2012-01-10,1,1,1,2,1,1,0.42,0.4242,0.38,0.2537,460
4,2012-01-10,1,1,1,2,1,1,0.4,0.4091,0.4,0.1045,385
4,2012-01-10,1,1,1,2,1,1,0.38,0.3939,0.46,0.1045,281
4,2012-01-10,1,1,1,2,1,1,0.34,0.3485,0.53,0.1045,200
4,2012-01-10,1,1,1,2,1,1,0.32,0.3333,0.66,0.0896,116
4,2012-01-10,1,1,1,2,1,1,0.3,0.303,0.7,0.0896,114
4,2012-01-10,1,1,1,2,1,1,0.26,0.2727,0.81,0.1045,41
1,2012-01-11,1,1,1,3,1,1,0.26,0.303,0.81,0.0,28
1,2012-01-11,1,1,1,3,1,1,0.24,0.2576,0.87,0.0896,7
1,2012-01-11,1,1,1,3,1,1,0.2,0.2121,0.85,0.1642,5
1,2012-01-11,1,1,1,3,1,1,0.22,0.2727,0.8,0.0,4
1,2012-01-11,1,1,1,3,1,1,0.2,0.2121,0.8,0.1343,2
1,2012-01-11,1,1,1,3,1,1,0.2,0.2121,0.8,0.1343,22
2,2012-01-11,1,1,1,3,1,1,0.2,0.2121,0.86,0.1343,74
2,2012-01-11,1,1,1,3,1,1,0.2,0.2121,0.8,0.1343,256
2,2012-01-11,1,1,1,3,1,1,0.2,0.2273,0.82,0.1045,499
2,2012-01-11,1,1,1,3,1,2,0.2,0.2121,0.86,0.1343,225
2,2012-01-11,1,1,1,3,1,2,0.24,0.2424,0.87,0.1343,97
2,2012-01-11,1,1,1,3,1,2,0.26,0.2879,0.87,0.0896,99
3,2012-01-11,1,1,1,3,1,3,0.3,0.3333,0.81,0.0,55
3,2012-01-11,1,1,1,3,1,3,0.32,0.3485,0.76,0.0,65
3,2012-01-11,1,1,1,3,1,3,0.32,0.3333,0.81,0.1045,73
3,2012-01-11,1,1,1,3,1,2,0.34,0.3485,0.87,0.0896,79
3,2012-01-11,1,1,1,3,1,2,0.34,0.3182,0.87,0.2537,118
3,2012-01-11,1,1,1,3,1,3,0.34,0.3182,0.87,0.2239,134
4,2012-01-11,1,1,1,3,1,3,0.34,0.3333,0.87,0.194,98
4,2012-01-11,1,1,1,3,1,3,0.32,0.303,0.93,0.2239,93
4,2012-01-11,1,1,1,3,1,3,0.32,0.3182,0.93,0.1642,57
4,2012-01-11,1,1,1,3,1,3,0.34,0.3182,0.87,0.2239,29
4,2012-01-11,1,1,1,3,1,3,0.34,0.3333,0.87,0.194,49
4,2012-01-11,1,1,1,3,1,3,0.34,0.3182,0.87,0.2239,9
1,2012-01-12,1,1,1,4,1,3,0.34,0.3333,0.93,0.194,3
1,2012-01-12,1,1,1,4,1,3,0.36,0.3485,0.93,0.194,3
1,2012-01-12,1,1,1,4,1,3,0.36,0.3485,0.93,0.2537,2
1,2012-01-12,1,1,1,4,1,3,0.36,0.3485,0.93,0.2537,3
1,2012-01-12,1,1,1,4,1,3,0.36,0.3485,0.93,0.194,2
1,2012-01-12,1,1,1,4,1,3,0.34,0.3485,0.93,0.0896,16
2,2012-01-12,1,1,1,4,1,3,0.36,0.3485,0.93,0.1343,89
2,2012-01-12,1,1,1,4,1,2,0.34,0.3182,0.87,0.2836,220
2,2012-01-12,1,1,1,4,1,1,0.32,0.3182,0.81,0.194,508
2,2012-01-12,1,1,1,4,1,1,0.32,0.3333,0.81,0.1045,230
2,2012-01-12,1,1,1,4,1,1,0.34,0.3485,0.81,0.1045,90
2,2012-01-12,1,1,1,4,1,2,0.34,0.3485,0.81,0.1045,119
3,2012-01-12,1,1,1,4,1,2,0.34,0.3485,0.81,0.1045,144
3,2012-01-12,1,1,1,4,1,1,0.42,0.4242,0.77,0.1642,183
3,2012-01-12,1,1,1,4,1,1,0.42,0.4242,0.77,0.1642,156
3,2012-01-12,1,1,1,4,1,1,0.44,0.4394,0.72,0.1343,188
3,2012-01-12,1,1,1,4,1,1,0.46,0.4545,0.67,0.194,281
3,2012-01-12,1,1,1,4,1,1,0.46,0.4545,0.63,0.1642,495
4,2012-01-12,1,1,1,4,1,1,0.44,0.4394,0.67,0.194,421
4,2012-01-12,1,1,1,4,1,2,0.42,0.4242,0.71,0.1642,330
4,2012-01-12,1,1,1,4,1,2,0.42,0.4242,0.71,0.194,240
4,2012-01-12,1,1,1,4,1,1,0.44,0.4394,0.67,0.1343,174
4,2012-01-12,1,1,1,4,1,1,0.38,0.3939,0.76,0.2985,133
4,2012-01-12,1,1,1,4,1,1,0.4,0.4091,0.76,0.3284,67
1,2012-01-13,1,1,1,5,1,2,0.4,0.4091,0.71,0.2836,42
1,2012-01-13,1,1,1,5,1,2,0.38,0.3939,0.76,0.2985,12
1,2012-01-13,1,1,1,5,1,1,0.4,0.4091,0.76,0.3582,14
1,2012-01-13,1,1,1,5,1,1,0.36,0.3333,0.87,0.2537,7
1,2012-01-13,1,1,1,5,1,3,0.32,0.2879,0.7,0.4925,3
1,2012-01-13,1,1,1,5,1,2,0.3,0.2424,0.7,0.5522,21
2,2012-01-13,1,1,1,5,1,2,0.26,0.2576,0.75,0.2239,73
2,2012-01-13,1,1,1,5,1,1,0.26,0.2576,0.6,0.2239,177
2,2012-01-13,1,1,1,5,1,1,0.24,0.2121,0.52,0.3582,419
2,2012-01-13,1,1,1,5,1,1,0.22,0.197,0.47,0.3881,214
2,2012-01-13,1,1,1,5,1,1,0.24,0.197,0.44,0.4478,103
2,2012-01-13,1,1,1,5,1,1,0.24,0.1818,0.38,0.6119,114
3,2012-01-13,1,1,1,5,1,1,0.24,0.197,0.38,0.4925,154
3,2012-01-13,1,1,1,5,1,1,0.26,0.2121,0.33,0.5224,154
3,2012-01-13,1,1,1,5,1,1,0.26,0.2121,0.33,0.5522,129
3,2012-01-13,1,1,1,5,1,1,0.26,0.2121,0.33,0.5821,138
3,2012-01-13,1,1,1,5,1,1,0.28,0.2424,0.3,0.4627,233
3,2012-01-13,1,1,1,5,1,1,0.28,0.2424,0.33,0.4179,332
4,2012-01-13,1,1,1,5,1,1,0.26,0.2273,0.38,0.2985,301
4,2012-01-13,1,1,1,5,1,1,0.26,0.2424,0.38,0.2836,206
4,2012-01-13,1,1,1,5,1,1,0.24,0.2424,0.41,0.1642,136
4,2012-01-13,1,1,1,5,1,1,0.24,0.2121,0.41,0.2836,102
4,2012-01-13,1,1,1,5,1,1,0.2,0.1818,0.47,0.3284,65
4,2012-01-13,1,1,1,5,1,1,0.18,0.1818,0.47,0.194,65
1,2012-01-14,1,1,1,6,0,1,0.16,0.1818,0.47,0.1045,44
1,2012-01-14,1,1,1,6,0,1,0.16,0.1515,0.47,0.194,50
1,2012-01-14,1,1,1,6,0,1,0.16,0.1667,0.47,0.1642,38
1,2012-01-14,1,1,1,6,0,1,0.14,0.1667,0.54,0.1045,20
1,2012-01-14,1,1,1,6,0,1,0.14,0.1515,0.5,0.1343,3
1,2012-01-14,1,1,1,6,0,1,0.14,0.1515,0.5,0.1343,4
2,2012-01-14,1,1,1,6,0,1,0.14,0.1515,0.5,0.0,5
2,2012-01-14,1,1,1,6,0,1,0.14,0.1515,0.5,0.1343,24
2,2012-01-14,1,1,1,6,0,1,0.12,0.1515,0.54,0.1045,92
2,2012-01-14,1,1,1,6,0,1,0.14,0.1667,0.5,0.1045,81
2,2012-01-14,1,1,1,6,0,1,0.16,0.2273,0.47,0.0,149
2,2012-01-14,1,1,1,6,0,1,0.2,0.197,0.4,0.194,178
3,2012-01-14,1,1,1,6,0,1,0.22,0.2121,0.41,0.2537,219
3,2012-01-14,1,1,1,6,0,1,0.22,0.2121,0.44,0.2836,220
3,2012-01-14,1,1,1,6,0,1,0.24,0.2121,0.41,0.2985,231
3,2012-01-14,1,1,1,6,0,1,0.24,0.2121,0.38,0.2985,226
3,2012-01-14,1,1,1,6,0,1,0.24,0.2273,0.38,0.2239,206
3,2012-01-14,1,1,1,6,0,1,0.24,0.2273,0.41,0.2537,144
4,2012-01-14,1,1,1,6,0,1,0.22,0.2273,0.41,0.194,143
4,2012-01-14,1,1,1,6,0,1,0.2,0.197,0.47,0.2239,102
4,2012-01-14,1,1,1,6,0,1,0.2,0.197,0.44,0.2537,103
4,2012-01-14,1,1,1,6,0,1,0.18,0.1667,0.43,0.2537,69
4,2012-01-14,1,1,1,6,0,1,0.16,0.1364,0.47,0.3582,66
4,2012-01-14,1,1,1,6,0,1,0.16,0.1515,0.47,0.2239,76
1,2012-01-15,1,1,1,0,0,1,0.16,0.1364,0.47,0.3284,59
1,2012-01-15,1,1,1,0,0,2,0.16,0.1364,0.47,0.2985,42
1,2012-01-15,1,1,1,0,0,2,0.16,0.1364,0.47,0.2836,43
1,2012-01-15,1,1,1,0,0,2,0.16,0.1364,0.48,0.3881,25
1,2012-01-15,1,1,1,0,0,2,0.16,0.1364,0.47,0.3881,6
1,2012-01-15,1,1,1,0,0,2,0.16,0.1364,0.47,0.3284,5
2,2012-01-15,1,1,1,0,0,2,0.14,0.1212,0.5,0.2836,8
2,2012-01-15,1,1,1,0,0,1,0.12,0.1212,0.54,0.2836,17
2,2012-01-15,1,1,1,0,0,1,0.12,0.1212,0.54,0.2239,36
2,2012-01-15,1,1,1,0,0,1,0.12,0.1364,0.54,0.194,90
2,2012-01-15,1,1,1,0,0,1,0.14,0.1212,0.54,0.2836,126
2,2012-01-15,1,1,1,0,0,1,0.16,0.1515,0.47,0.2239,165
3,2012-01-15,1,1,1,0,0,1,0.18,0.1667,0.4,0.2985,234
3,2012-01-15,1,1,1,0,0,1,0.2,0.1818,0.34,0.2836,224
3,2012-01-15,1,1,1,0,0,1,0.2,0.1818,0.32,0.3582,188
3,2012-01-15,1,1,1,0,0,1,0.22,0.2273,0.27,0.194,206
3,2012-01-15,1,1,1,0,0,1,0.22,0.2121,0.29,0.2985,205
3,2012-01-15,1,1,1,0,0,1,0.22,0.2121,0.25,0.2537,146
4,2012-01-15,1,1,1,0,0,1,0.18,0.1818,0.29,0.2239,120
4,2012-01-15,1,1,1,0,0,1,0.16,0.1667,0.37,0.1642,110
4,2012-01-15,1,1,1,0,0,1,0.16,0.1818,0.37,0.1045,95
4,2012-01-15,1,1,1,0,0,1,0.16,0.1667,0.4,0.1642,72
4,2012-01-15,1,1,1,0,0,1,0.18,0.2121,0.37,0.0896,60
4,2012-01-15,1,1,1,0,0,1,0.16,0.197,0.43,0.0896,29
1,2012-01-16,1,1,1,1,0,1,0.14,0.1515,0.46,0.1343,25
1,2012-01-16,1,1,1,1,0,1,0.14,0.1667,0.43,0.1045,20
1,2012-01-16,1,1,1,1,0,1,0.14,0.2121,0.46,0.0,17
1,2012-01-16,1,1,1,1,0,1,0.12,0.197,0.5,0.0,3
1,2012-01-16,1,1,1,1,0,1,0.12,0.1515,0.58,0.1045,8
1,2012-01-16,1,1,1,1,0,1,0.12,0.1667,0.54,0.0896,6
2,2012-01-16,1,1,1,1,0,1,0.1,0.1364,0.54,0.0896,13
2,2012-01-16,1,1,1,1,0,1,0.1,0.1364,0.54,0.1045,33
2,2012-01-16,1,1,1,1,0,1,0.1,0.1212,0.58,0.1642,78
2,2012-01-16,1,1,1,1,0,1,0.1,0.1212,0.58,0.1642,96
2,2012-01-16,1,1,1,1,0,2,0.14,0.1364,0.59,0.194,126
2,2012-01-16,1,1,1,1,0,1,0.16,0.1515,0.59,0.2537,179
3,2012-01-16,1,1,1,1,0,1,0.2,0.1818,0.55,0.3284,185
3,2012-01-16,1,1,1,1,0,2,0.24,0.197,0.41,0.4179,228
3,2012-01-16,1,1,1,1,0,1,0.24,0.2121,0.44,0.3881,181
3,2012-01-16,1,1,1,1,0,1,0.26,0.2121,0.44,0.4478,192
3,2012-01-16,1,1,1,1,0,1,0.26,0.2273,0.44,0.3582,180
3,2012-01-16,1,1,1,1,0,1,0.26,0.2273,0.48,0.3284,193
4,2012-01-16,1,1,1,1,0,1,0.26,0.2273,0.52,0.3284,181
4,2012-01-16,1,1,1,1,0,1,0.26,0.2424,0.56,0.2836,144
4,2012-01-16,1,1,1,1,0,1,0.26,0.2424,0.6,0.2836,90
4,2012-01-16,1,1,1,1,0,1,0.28,0.2576,0.52,0.3284,49
4,2012-01-16,1,1,1,1,0,2,0.3,0.2727,0.49,0.3582,43
4,2012-01-16,1,1,1,1,0,3,0.26,0.2273,0.7,0.2985,28
1,2012-01-17,1,1,1,2,1,2,0.26,0.2273,0.7,0.3284,12
1,2012-01-17,1,1,1,2,1,2,0.28,0.2576,0.65,0.3582,2
1,2012-01-17,1,1,1,2,1,3,0.28,0.2727,0.75,0.2537,12
1,2012-01-17,1,1,1,2,1,3,0.32,0.303,0.66,0.3284,2
1,2012-01-17,1,1,1,2,1,3,0.32,0.303,0.66,0.3284,13
2,2012-01-17,1,1,1,2,1,3,0.3,0.2879,0.75,0.2537,57
2,2012-01-17,1,1,1,2,1,3,0.3,0.2879,0.81,0.2239,126
2,2012-01-17,1,1,1,2,1,3,0.3,0.2879,0.81,0.2836,93
2,2012-01-17,1,1,1,2,1,3,0.32,0.303,0.81,0.2537,68
2,2012-01-17,1,1,1,2,1,3,0.3,0.2879,0.87,0.2537,62
2,2012-01-17,1,1,1,2,1,2,0.34,0.3485,0.87,0.1045,75
3,2012-01-17,1,1,1,2,1,2,0.32,0.303,0.87,0.2836,86
3,2012-01-17,1,1,1,2,1,2,0.38,0.3939,0.76,0.3284,103
3,2012-01-17,1,1,1,2,1,1,0.44,0.4394,0.62,0.4925,132
3,2012-01-17,1,1,1,2,1,1,0.44,0.4394,0.62,0.4925,129
3,2012-01-17,1,1,1,2,1,1,0.46,0.4545,0.63,0.5522,219
3,2012-01-17,1,1,1,2,1,1,0.46,0.4545,0.63,0.4478,462
4,2012-01-17,1,1,1,2,1,1,0.46,0.4545,0.63,0.4478,463
4,2012-01-17,1,1,1,2,1,1,0.46,0.4545,0.63,0.4179,308
4,2012-01-17,1,1,1,2,1,1,0.46,0.4545,0.63,0.3582,180
4,2012-01-17,1,1,1,2,1,1,0.46,0.4545,0.67,0.4627,180
4,2012-01-17,1,1,1,2,1,1,0.46,0.4545,0.72,0.3881,90
4,2012-01-17,1,1,1,2,1,1,0.46,0.4545,0.72,0.3881,61
1,2012-01-18,1,1,1,3,1,2,0.46,0.4545,0.77,0.3284,17
1,2012-01-18,1,1,1,3,1,2,0.46,0.4545,0.77,0.3284,10
1,2012-01-18,1,1,1,3,1,2,0.44,0.4394,0.51,0.4925,2
1,2012-01-18,1,1,1,3,1,2,0.44,0.4394,0.51,0.4925,4
1,2012-01-18,1,1,1,3,1,1,0.34,0.2879,0.46,0.5224,1
1,2012-01-18,1,1,1,3,1,1,0.34,0.2879,0.46,0.5224,29
2,2012-01-18,1,1,1,3,1,1,0.34,0.2879,0.36,0.5224,88
2,2012-01-18,1,1,1,3,1,1,0.32,0.2879,0.42,0.3582,263
2,2012-01-18,1,1,1,3,1,1,0.3,0.2727,0.52,0.4179,489
2,2012-01-18,1,1,1,3,1,1,0.28,0.2576,0.52,0.3284,202
2,2012-01-18,1,1,1,3,1,1,0.3,0.2727,0.42,0.4627,93
2,2012-01-18,1,1,1,3,1,1,0.3,0.2727,0.42,0.3881,114
3,2012-01-18,1,1,1,3,1,1,0.3,0.2576,0.39,0.4925,161
3,2012-01-18,1,1,1,3,1,1,0.3,0.2727,0.42,0.4627,130
3,2012-01-18,1,1,1,3,1,1,0.3,0.2727,0.33,0.3881,105
3,2012-01-18,1,1,1,3,1,1,0.3,0.2576,0.33,0.5224,130
3,2012-01-18,1,1,1,3,1,1,0.28,0.2273,0.3,0.5224,176
3,2012-01-18,1,1,1,3,1,1,0.26,0.2121,0.33,0.4478,346
4,2012-01-18,1,1,1,3,1,1,0.24,0.2121,0.32,0.3582,355
4,2012-01-18,1,1,1,3,1,1,0.22,0.197,0.37,0.3881,256
4,2012-01-18,1,1,1,3,1,1,0.22,0.2121,0.37,0.2537,165
4,2012-01-18,1,1,1,3,1,1,0.2,0.1667,0.4,0.4179,124
4,2012-01-18,1,1,1,3,1,1,0.18,0.1667,0.47,0.2537,78
4,2012-01-18,1,1,1,3,1,1,0.16,0.1364,0.47,0.2985,38
1,2012-01-19,1,1,1,4,1,1,0.14,0.1364,0.5,0.194,16
1,2012-01-19,1,1,1,4,1,1,0.14,0.1515,0.5,0.1642,5
1,2012-01-19,1,1,1,4,1,1,0.14,0.1515,0.5,0.1343,3
1,2012-01-19,1,1,1,4,1,1,0.12,0.1515,0.54,0.1045,4
1,2012-01-19,1,1,1,4,1,1,0.12,0.1515,0.54,0.1045,1
1,2012-01-19,1,1,1,4,1,1,0.12,0.1212,0.55,0.2537,19
2,2012-01-19,1,1,1,4,1,1,0.12,0.1364,0.54,0.1642,86
2,2012-01-19,1,1,1,4,1,1,0.12,0.1667,0.54,0.0896,206
2,2012-01-19,1,1,1,4,1,1,0.12,0.1515,0.54,0.1045,423
2,2012-01-19,1,1,1,4,1,1,0.12,0.197,0.54,0.0,210
2,2012-01-19,1,1,1,4,1,1,0.14,0.2121,0.59,0.0,108
2,2012-01-19,1,1,1,4,1,1,0.16,0.1667,0.55,0.1642,99
3,2012-01-19,1,1,1,4,1,1,0.2,0.197,0.51,0.194,111
3,2012-01-19,1,1,1,4,1,1,0.22,0.2121,0.47,0.2836,124
3,2012-01-19,1,1,1,4,1,1,0.24,0.2273,0.44,0.194,119
3,2012-01-19,1,1,1,4,1,1,0.26,0.2273,0.44,0.2985,127
3,2012-01-19,1,1,1,4,1,1,0.26,0.2273,0.41,0.3284,193
3,2012-01-19,1,1,1,4,1,2,0.26,0.2273,0.44,0.3284,385
4,2012-01-19,1,1,1,4,1,2,0.26,0.2273,0.44,0.3284,361
4,2012-01-19,1,1,1,4,1,2,0.26,0.2273,0.48,0.2985,234
4,2012-01-19,1,1,1,4,1,1,0.26,0.2121,0.52,0.4478,191
4,2012-01-19,1,1,1,4,1,1,0.26,0.2273,0.44,0.3582,121
4,2012-01-19,1,1,1,4,1,2,0.26,0.2273,0.44,0.4179,90
4,2012-01-19,1,1,1,4,1,1,0.26,0.2273,0.48,0.3284,56
1,2012-01-20,1,1,1,5,1,2,0.26,0.2273,0.48,0.2985,27
1,2012-01-20,1,1,1,5,1,1,0.26,0.2727,0.48,0.1343,15
1,2012-01-20,1,1,1,5,1,1,0.26,0.2727,0.48,0.1343,11
1,2012-01-20,1,1,1,5,1,1,0.24,0.2576,0.52,0.1045,4
1,2012-01-20,1,1,1,5,1,1,0.22,0.2424,0.6,0.1045,3
1,2012-01-20,1,1,1,5,1,1,0.22,0.2424,0.6,0.1045,19
2,2012-01-20,1,1,1,5,1,1,0.24,0.2121,0.6,0.2836,68
2,2012-01-20,1,1,1,5,1,1,0.22,0.2121,0.69,0.2239,185
2,2012-01-20,1,1,1,5,1,1,0.22,0.2121,0.64,0.2537,425
2,2012-01-20,1,1,1,5,1,1,0.22,0.197,0.47,0.3881,263
2,2012-01-20,1,1,1,5,1,2,0.22,0.2121,0.44,0.2836,97
2,2012-01-20,1,1,1,5,1,2,0.2,0.1818,0.32,0.3582,123
3,2012-01-20,1,1,1,5,1,2,0.2,0.1818,0.34,0.3284,124
3,2012-01-20,1,1,1,5,1,1,0.22,0.2121,0.32,0.2985,156
3,2012-01-20,1,1,1,5,1,2,0.22,0.2121,0.35,0.2985,115
3,2012-01-20,1,1,1,5,1,2,0.22,0.2273,0.35,0.194,156
3,2012-01-20,1,1,1,5,1,2,0.2,0.2121,0.37,0.1642,174
3,2012-01-20,1,1,1,5,1,2,0.22,0.2576,0.32,0.0896,349
4,2012-01-20,1,1,1,5,1,2,0.2,0.2273,0.34,0.0896,301
4,2012-01-20,1,1,1,5,1,2,0.2,0.2273,0.37,0.1045,192
4,2012-01-20,1,1,1,5,1,2,0.2,0.2273,0.34,0.0896,142
4,2012-01-20,1,1,1,5,1,2,0.2,0.2273,0.37,0.0896,104
4,2012-01-20,1,1,1,5,1,2,0.2,0.197,0.37,0.2239,72
4,2012-01-20,1,1,1,5,1,3,0.16,0.1515,0.64,0.2239,38
1,2012-01-21,1,1,1,6,0,3,0.16,0.1515,0.64,0.2239,24
1,2012-01-21,1,1,1,6,0,4,0.14,0.1364,0.86,0.194,23
1,2012-01-21,1,1,1,6,0,3,0.14,0.2121,0.86,0.0,26
1,2012-01-21,1,1,1,6,0,3,0.14,0.1818,0.93,0.0896,13
1,2012-01-21,1,1,1,6,0,3,0.16,0.197,0.86,0.0896,1
1,2012-01-21,1,1,1,6,0,3,0.16,0.1818,0.86,0.1045,2
2,2012-01-21,1,1,1,6,0,3,0.16,0.1667,0.93,0.1642,1
2,2012-01-21,1,1,1,6,0,3,0.16,0.1667,0.93,0.1642,13
2,2012-01-21,1,1,1,6,0,2,0.16,0.1515,0.93,0.2537,25
2,2012-01-21,1,1,1,6,0,2,0.16,0.1515,0.93,0.2537,42
2,2012-01-21,1,1,1,6,0,3,0.16,0.1515,0.93,0.2537,45
2,2012-01-21,1,1,1,6,0,2,0.18,0.2121,0.86,0.1045,63
3,2012-01-21,1,1,1,6,0,2,0.2,0.2121,0.8,0.1642,67
3,2012-01-21,1,1,1,6,0,2,0.2,0.197,0.8,0.2537,76
3,2012-01-21,1,1,1,6,0,3,0.2,0.197,0.8,0.194,95
3,2012-01-21,1,1,1,6,0,3,0.2,0.197,0.8,0.194,119
3,2012-01-21,1,1,1,6,0,2,0.2,0.1818,0.8,0.2985,118
3,2012-01-21,1,1,1,6,0,2,0.2,0.1818,0.8,0.3881,106
4,2012-01-21,1,1,1,6,0,2,0.2,0.1818,0.75,0.3881,110
4,2012-01-21,1,1,1,6,0,2,0.18,0.1515,0.8,0.3881,85
4,2012-01-21,1,1,1,6,0,2,0.18,0.1667,0.8,0.2985,67
4,2012-01-21,1,1,1,6,0,1,0.18,0.1515,0.74,0.3284,69
4,2012-01-21,1,1,1,6,0,2,0.18,0.1667,0.74,0.2985,59
4,2012-01-21,1,1,1,6,0,2,0.16,0.1515,0.8,0.2537,52
1,2012-01-22,1,1,1,0,0,1,0.16,0.1364,0.8,0.2985,52
1,2012-01-22,1,1,1,0,0,2,0.18,0.1667,0.74,0.2985,50
1,2012-01-22,1,1,1,0,0,2,0.18,0.1667,0.74,0.2836,47
1,2012-01-22,1,1,1,0,0,2,0.18,0.1667,0.69,0.2836,21
1,2012-01-22,1,1,1,0,0,3,0.16,0.1364,0.8,0.2836,2
1,2012-01-22,1,1,1,0,0,3,0.16,0.1515,0.74,0.2239,3
2,2012-01-22,1,1,1,0,0,2,0.16,0.1515,0.74,0.2239,4
2,2012-01-22,1,1,1,0,0,2,0.16,0.1515,0.74,0.2239,13
2,2012-01-22,1,1,1,0,0,2,0.16,0.1515,0.74,0.2239,32
2,2012-01-22,1,1,1,0,0,2,0.16,0.1515,0.74,0.2239,63
2,2012-01-22,1,1,1,0,0,2,0.16,0.1364,0.74,0.2836,129
2,2012-01-22,1,1,1,0,0,3,0.16,0.1515,0.8,0.2537,133
3,2012-01-22,1,1,1,0,0,2,0.16,0.1515,0.8,0.2239,185
3,2012-01-22,1,1,1,0,0,2,0.16,0.1818,0.8,0.1343,199
3,2012-01-22,1,1,1,0,0,2,0.16,0.1667,0.8,0.1642,182
3,2012-01-22,1,1,1,0,0,2,0.16,0.1515,0.8,0.194,176
3,2012-01-22,1,1,1,0,0,2,0.16,0.1515,0.8,0.194,155
3,2012-01-22,1,1,1,0,0,2,0.16,0.1818,0.8,0.1045,108
4,2012-01-22,1,1,1,0,0,3,0.16,0.1818,0.86,0.1045,121
4,2012-01-22,1,1,1,0,0,3,0.16,0.1818,0.86,0.1045,89
4,2012-01-22,1,1,1,0,0,3,0.16,0.1667,0.86,0.1642,74
4,2012-01-22,1,1,1,0,0,3,0.16,0.1818,0.86,0.1045,44
4,2012-01-22,1,1,1,0,0,2,0.16,0.197,0.93,0.0896,58
4,2012-01-22,1,1,1,0,0,2,0.16,0.1818,0.93,0.1045,37
1,2012-01-23,1,1,1,1,1,2,0.18,0.2424,0.86,0.0,19
1,2012-01-23,1,1,1,1,1,2,0.18,0.2121,0.86,0.1045,4
1,2012-01-23,1,1,1,1,1,2,0.18,0.2121,0.86,0.1045,2
1,2012-01-23,1,1,1,1,1,2,0.18,0.2424,0.86,0.0,1
1,2012-01-23,1,1,1,1,1,2,0.2,0.2576,0.8,0.0,1
1,2012-01-23,1,1,1,1,1,2,0.2,0.2576,0.86,0.0,19
2,2012-01-23,1,1,1,1,1,2,0.2,0.2576,0.86,0.0,42
2,2012-01-23,1,1,1,1,1,3,0.2,0.2576,0.86,0.0,122
2,2012-01-23,1,1,1,1,1,3,0.2,0.2121,0.86,0.1343,272
2,2012-01-23,1,1,1,1,1,2,0.2,0.2273,0.86,0.0896,211
2,2012-01-23,1,1,1,1,1,2,0.2,0.2576,0.93,0.0,149
2,2012-01-23,1,1,1,1,1,2,0.2,0.2273,0.93,0.0896,62
3,2012-01-23,1,1,1,1,1,2,0.22,0.2727,0.93,0.0,62
3,2012-01-23,1,1,1,1,1,3,0.22,0.2576,0.93,0.0896,37
3,2012-01-23,1,1,1,1,1,3,0.22,0.2273,0.93,0.194,61
3,2012-01-23,1,1,1,1,1,2,0.22,0.2121,1.0,0.2239,74
3,2012-01-23,1,1,1,1,1,2,0.24,0.2424,0.93,0.1642,122
3,2012-01-23,1,1,1,1,1,2,0.24,0.2576,0.96,0.1045,276
4,2012-01-23,1,1,1,1,1,2,0.24,0.2424,0.93,0.1343,282
4,2012-01-23,1,1,1,1,1,2,0.26,0.2576,0.93,0.1642,220
4,2012-01-23,1,1,1,1,1,2,0.26,0.2576,1.0,0.1642,169
4,2012-01-23,1,1,1,1,1,2,0.26,0.2424,1.0,0.2836,120
4,2012-01-23,1,1,1,1,1,2,0.26,0.2424,1.0,0.2836,68
4,2012-01-23,1,1,1,1,1,2,0.28,0.2576,0.93,0.3284,37
1,2012-01-24,1,1,1,2,1,2,0.3,0.2879,1.0,0.2836,25
1,2012-01-24,1,1,1,2,1,2,0.32,0.303,0.93,0.2537,9
1,2012-01-24,1,1,1,2,1,2,0.32,0.303,0.93,0.2239,8
1,2012-01-24,1,1,1,2,1,2,0.32,0.3333,0.93,0.1343,3
1,2012-01-24,1,1,1,2,1,2,0.3,0.3182,1.0,0.0896,2
1,2012-01-24,1,1,1,2,1,2,0.3,0.3182,1.0,0.0896,26
2,2012-01-24,1,1,1,2,1,2,0.32,0.3182,0.93,0.194,89
2,2012-01-24,1,1,1,2,1,2,0.32,0.3333,0.93,0.1343,232
2,2012-01-24,1,1,1,2,1,2,0.32,0.3333,0.93,0.1343,490
2,2012-01-24,1,1,1,2,1,2,0.32,0.3333,0.87,0.0896,255
2,2012-01-24,1,1,1,2,1,1,0.32,0.3333,0.93,0.0896,116
2,2012-01-24,1,1,1,2,1,1,0.34,0.3333,0.87,0.1343,153
3,2012-01-24,1,1,1,2,1,1,0.34,0.3333,0.87,0.1642,175
3,2012-01-24,1,1,1,2,1,1,0.34,0.3333,0.87,0.1642,203
3,2012-01-24,1,1,1,2,1,1,0.36,0.3485,0.81,0.2239,173
3,2012-01-24,1,1,1,2,1,2,0.4,0.4091,0.71,0.1642,208
3,2012-01-24,1,1,1,2,1,1,0.4,0.4091,0.71,0.1343,278
3,2012-01-24,1,1,1,2,1,1,0.42,0.4242,0.67,0.0896,515
4,2012-01-24,1,1,1,2,1,1,0.4,0.4091,0.62,0.0896,423
4,2012-01-24,1,1,1,2,1,1,0.44,0.4394,0.51,0.0896,331
4,2012-01-24,1,1,1,2,1,1,0.32,0.3485,0.76,0.0,229
4,2012-01-24,1,1,1,2,1,1,0.36,0.3788,0.71,0.0,172
4,2012-01-24,1,1,1,2,1,1,0.32,0.3485,0.81,0.0,125
4,2012-01-24,1,1,1,2,1,1,0.32,0.3485,0.76,0.0,99
1,2012-01-25,1,1,1,3,1,1,0.26,0.303,0.93,0.0,31
1,2012-01-25,1,1,1,3,1,1,0.3,0.2879,0.7,0.2239,13
1,2012-01-25,1,1,1,3,1,1,0.28,0.2727,0.7,0.194,6
1,2012-01-25,1,1,1,3,1,1,0.26,0.2576,0.75,0.194,1
1,2012-01-25,1,1,1,3,1,1,0.26,0.2424,0.7,0.2836,4
1,2012-01-25,1,1,1,3,1,1,0.26,0.2424,0.7,0.2836,33
2,2012-01-25,1,1,1,3,1,1,0.24,0.2273,0.73,0.2239,88
2,2012-01-25,1,1,1,3,1,1,0.24,0.2273,0.75,0.2239,257
2,2012-01-25,1,1,1,3,1,1,0.24,0.2273,0.7,0.2537,513
2,2012-01-25,1,1,1,3,1,1,0.24,0.2273,0.7,0.2537,236
2,2012-01-25,1,1,1,3,1,2,0.26,0.2273,0.7,0.3284,141
2,2012-01-25,1,1,1,3,1,2,0.3,0.2727,0.61,0.2985,157
3,2012-01-25,1,1,1,3,1,1,0.32,0.3333,0.53,0.1343,193
3,2012-01-25,1,1,1,3,1,1,0.34,0.3333,0.49,0.1343,212
3,2012-01-25,1,1,1,3,1,1,0.34,0.3485,0.49,0.0896,160
3,2012-01-25,1,1,1,3,1,1,0.36,0.3788,0.46,0.0,155
3,2012-01-25,1,1,1,3,1,1,0.34,0.3333,0.53,0.1642,246
3,2012-01-25,1,1,1,3,1,1,0.36,0.3485,0.53,0.1642,470
4,2012-01-25,1,1,1,3,1,1,0.32,0.3333,0.66,0.1343,439
4,2012-01-25,1,1,1,3,1,2,0.34,0.3636,0.53,0.0,316
4,2012-01-25,1,1,1,3,1,1,0.32,0.3182,0.61,0.194,235
4,2012-01-25,1,1,1,3,1,1,0.3,0.3333,0.65,0.0,185
4,2012-01-25,1,1,1,3,1,1,0.3,0.3182,0.65,0.0896,113
4,2012-01-25,1,1,1,3,1,2,0.28,0.3182,0.65,0.0,66
1,2012-01-26,1,1,1,4,1,2,0.28,0.2879,0.75,0.1045,25
1,2012-01-26,1,1,1,4,1,2,0.28,0.3182,0.75,0.0,21
1,2012-01-26,1,1,1,4,1,2,0.28,0.2727,0.75,0.1642,7
1,2012-01-26,1,1,1,4,1,2,0.28,0.303,0.75,0.0896,6
1,2012-01-26,1,1,1,4,1,1,0.28,0.3182,0.75,0.0,3
1,2012-01-26,1,1,1,4,1,2,0.3,0.3182,0.75,0.1045,28
2,2012-01-26,1,1,1,4,1,2,0.28,0.3182,0.81,0.0,88
2,2012-01-26,1,1,1,4,1,2,0.28,0.303,0.81,0.0896,239
2,2012-01-26,1,1,1,4,1,2,0.28,0.303,0.81,0.0896,530
2,2012-01-26,1,1,1,4,1,2,0.3,0.3333,0.81,0.0,274
2,2012-01-26,1,1,1,4,1,2,0.3,0.303,0.81,0.1343,108
2,2012-01-26,1,1,1,4,1,2,0.3,0.3182,0.87,0.1045,111
3,2012-01-26,1,1,1,4,1,2,0.34,0.3333,0.81,0.1343,165
3,2012-01-26,1,1,1,4,1,2,0.38,0.3939,0.71,0.0,173
3,2012-01-26,1,1,1,4,1,2,0.4,0.4091,0.71,0.1045,128
3,2012-01-26,1,1,1,4,1,2,0.42,0.4242,0.71,0.1045,164
3,2012-01-26,1,1,1,4,1,2,0.4,0.4091,0.71,0.0896,224
3,2012-01-26,1,1,1,4,1,2,0.42,0.4242,0.71,0.0,413
4,2012-01-26,1,1,1,4,1,2,0.42,0.4242,0.71,0.0,406
4,2012-01-26,1,1,1,4,1,2,0.4,0.4091,0.76,0.1045,313
4,2012-01-26,1,1,1,4,1,2,0.4,0.4091,0.82,0.1343,224
4,2012-01-26,1,1,1,4,1,2,0.4,0.4091,0.76,0.1045,192
4,2012-01-26,1,1,1,4,1,1,0.38,0.3939,0.82,0.1045,142
4,2012-01-26,1,1,1,4,1,2,0.4,0.4091,0.82,0.0,91
1,2012-01-27,1,1,1,5,1,2,0.4,0.4091,0.82,0.2537,38
1,2012-01-27,1,1,1,5,1,2,0.4,0.4091,0.87,0.2239,29
1,2012-01-27,1,1,1,5,1,1,0.42,0.4242,0.94,0.1343,13
1,2012-01-27,1,1,1,5,1,2,0.42,0.4242,0.94,0.2836,8
1,2012-01-27,1,1,1,5,1,2,0.4,0.4091,1.0,0.2985,4
1,2012-01-27,1,1,1,5,1,2,0.42,0.4242,0.94,0.3284,24
2,2012-01-27,1,1,1,5,1,2,0.42,0.4242,1.0,0.3284,72
2,2012-01-27,1,1,1,5,1,2,0.42,0.4242,1.0,0.2985,134
2,2012-01-27,1,1,1,5,1,3,0.5,0.4848,0.88,0.2836,220
2,2012-01-27,1,1,1,5,1,3,0.5,0.4848,0.88,0.2836,107
2,2012-01-27,1,1,1,5,1,3,0.48,0.4697,1.0,0.1642,126
2,2012-01-27,1,1,1,5,1,2,0.48,0.4697,0.94,0.1343,105
3,2012-01-27,1,1,1,5,1,2,0.5,0.4848,0.88,0.1642,180
3,2012-01-27,1,1,1,5,1,1,0.5,0.4848,0.59,0.4627,201
3,2012-01-27,1,1,1,5,1,1,0.5,0.4848,0.55,0.5522,176
3,2012-01-27,1,1,1,5,1,1,0.48,0.4697,0.51,0.3284,197
3,2012-01-27,1,1,1,5,1,1,0.44,0.4394,0.51,0.5522,267
3,2012-01-27,1,1,1,5,1,1,0.42,0.4242,0.5,0.5821,422
4,2012-01-27,1,1,1,5,1,1,0.4,0.4091,0.5,0.4925,383
4,2012-01-27,1,1,1,5,1,1,0.36,0.3333,0.5,0.3881,251
4,2012-01-27,1,1,1,5,1,1,0.34,0.303,0.53,0.3582,159
4,2012-01-27,1,1,1,5,1,1,0.34,0.2879,0.53,0.5224,135
4,2012-01-27,1,1,1,5,1,1,0.34,0.303,0.49,0.3881,119
4,2012-01-27,1,1,1,5,1,1,0.32,0.2879,0.49,0.4179,86
1,2012-01-28,1,1,1,6,0,1,0.3,0.2879,0.52,0.2836,69
1,2012-01-28,1,1,1,6,0,1,0.3,0.303,0.52,0.1642,58
1,2012-01-28,1,1,1,6,0,1,0.26,0.303,0.6,0.0,41
1,2012-01-28,1,1,1,6,0,1,0.26,0.2879,0.6,0.0896,17
1,2012-01-28,1,1,1,6,0,1,0.26,0.2576,0.6,0.1642,8
1,2012-01-28,1,1,1,6,0,1,0.24,0.2576,0.75,0.0896,10
2,2012-01-28,1,1,1,6,0,1,0.24,0.2879,0.7,0.0,15
2,2012-01-28,1,1,1,6,0,1,0.22,0.2727,0.75,0.0,31
2,2012-01-28,1,1,1,6,0,1,0.2,0.2273,0.8,0.0896,91
2,2012-01-28,1,1,1,6,0,1,0.22,0.2727,0.8,0.0,158
2,2012-01-28,1,1,1,6,0,1,0.26,0.2727,0.7,0.1343,191
2,2012-01-28,1,1,1,6,0,1,0.3,0.303,0.56,0.1343,296
3,2012-01-28,1,1,1,6,0,1,0.3,0.2879,0.61,0.2836,314
3,2012-01-28,1,1,1,6,0,1,0.34,0.3182,0.57,0.2537,373
3,2012-01-28,1,1,1,6,0,1,0.38,0.3939,0.5,0.3881,362
3,2012-01-28,1,1,1,6,0,1,0.4,0.4091,0.47,0.3284,410
3,2012-01-28,1,1,1,6,0,1,0.42,0.4242,0.44,0.3582,407
3,2012-01-28,1,1,1,6,0,1,0.42,0.4242,0.44,0.3881,290
4,2012-01-28,1,1,1,6,0,1,0.42,0.4242,0.41,0.2239,241
4,2012-01-28,1,1,1,6,0,2,0.42,0.4242,0.41,0.5522,206
4,2012-01-28,1,1,1,6,0,1,0.4,0.4091,0.35,0.3881,120
4,2012-01-28,1,1,1,6,0,1,0.36,0.3333,0.29,0.3582,127
4,2012-01-28,1,1,1,6,0,1,0.34,0.3333,0.34,0.194,103
4,2012-01-28,1,1,1,6,0,1,0.32,0.3182,0.31,0.194,85
1,2012-01-29,1,1,1,0,0,1,0.3,0.2879,0.33,0.2239,96
1,2012-01-29,1,1,1,0,0,1,0.3,0.2727,0.28,0.3582,73
1,2012-01-29,1,1,1,0,0,1,0.28,0.2576,0.26,0.3284,51
1,2012-01-29,1,1,1,0,0,1,0.26,0.2576,0.28,0.194,21
1,2012-01-29,1,1,1,0,0,1,0.24,0.2576,0.3,0.0,5
1,2012-01-29,1,1,1,0,0,1,0.2,0.2121,0.51,0.1343,7
2,2012-01-29,1,1,1,0,0,1,0.2,0.2273,0.4,0.1045,5
2,2012-01-29,1,1,1,0,0,1,0.2,0.2121,0.37,0.1343,12
2,2012-01-29,1,1,1,0,0,1,0.18,0.197,0.4,0.1343,70
2,2012-01-29,1,1,1,0,0,1,0.18,0.197,0.43,0.1343,111
2,2012-01-29,1,1,1,0,0,1,0.24,0.2424,0.35,0.1343,191
2,2012-01-29,1,1,1,0,0,1,0.28,0.2727,0.28,0.2239,255
3,2012-01-29,1,1,1,0,0,1,0.32,0.303,0.26,0.2239,288
3,2012-01-29,1,1,1,0,0,1,0.32,0.303,0.26,0.2239,316
3,2012-01-29,1,1,1,0,0,1,0.32,0.303,0.26,0.2537,280
3,2012-01-29,1,1,1,0,0,1,0.36,0.3333,0.25,0.2836,310
3,2012-01-29,1,1,1,0,0,1,0.36,0.3333,0.21,0.4179,322
3,2012-01-29,1,1,1,0,0,1,0.36,0.3333,0.21,0.4179,234
4,2012-01-29,1,1,1,0,0,1,0.34,0.303,0.23,0.3582,168
4,2012-01-29,1,1,1,0,0,1,0.32,0.303,0.29,0.2537,159
4,2012-01-29,1,1,1,0,0,1,0.3,0.2879,0.39,0.2239,111
4,2012-01-29,1,1,1,0,0,1,0.3,0.2879,0.33,0.2836,69
4,2012-01-29,1,1,1,0,0,1,0.32,0.2879,0.26,0.3881,64
4,2012-01-29,1,1,1,0,0,1,0.3,0.2727,0.33,0.3284,25
1,2012-01-30,1,1,1,1,1,2,0.32,0.2879,0.26,0.4179,10
1,2012-01-30,1,1,1,1,1,1,0.26,0.2273,0.6,0.3582,9
1,2012-01-30,1,1,1,1,1,1,0.24,0.2121,0.48,0.3582,7
1,2012-01-30,1,1,1,1,1,1,0.24,0.2273,0.48,0.194,4
1,2012-01-30,1,1,1,1,1,1,0.2,0.2121,0.51,0.1343,5
1,2012-01-30,1,1,1,1,1,1,0.2,0.2121,0.51,0.1343,26
2,2012-01-30,1,1,1,1,1,1,0.22,0.2121,0.44,0.2537,80
2,2012-01-30,1,1,1,1,1,1,0.22,0.2121,0.44,0.2836,225
2,2012-01-30,1,1,1,1,1,1,0.2,0.197,0.47,0.2239,493
2,2012-01-30,1,1,1,1,1,1,0.2,0.197,0.47,0.2239,198
2,2012-01-30,1,1,1,1,1,1,0.22,0.2121,0.41,0.2836,85
2,2012-01-30,1,1,1,1,1,1,0.26,0.2576,0.38,0.0,99
3,2012-01-30,1,1,1,1,1,1,0.26,0.2273,0.35,0.3881,134
3,2012-01-30,1,1,1,1,1,1,0.3,0.2879,0.31,0.194,132
3,2012-01-30,1,1,1,1,1,1,0.32,0.3333,0.24,0.1343,115
3,2012-01-30,1,1,1,1,1,1,0.32,0.3182,0.24,0.194,138
3,2012-01-30,1,1,1,1,1,1,0.34,0.3333,0.25,0.194,221
3,2012-01-30,1,1,1,1,1,1,0.36,0.3485,0.21,0.194,438
4,2012-01-30,1,1,1,1,1,1,0.34,0.3333,0.23,0.1642,410
4,2012-01-30,1,1,1,1,1,1,0.3,0.3182,0.45,0.1045,306
4,2012-01-30,1,1,1,1,1,1,0.3,0.303,0.39,0.1642,181
4,2012-01-30,1,1,1,1,1,1,0.3,0.303,0.42,0.1642,162
4,2012-01-30,1,1,1,1,1,1,0.28,0.2727,0.48,0.2239,94
4,2012-01-30,1,1,1,1,1,1,0.26,0.2576,0.6,0.194,52
1,2012-01-31,1,1,1,2,1,1,0.28,0.2727,0.52,0.2537,15
1,2012-01-31,1,1,1,2,1,1,0.3,0.2727,0.42,0.2985,8
1,2012-01-31,1,1,1,2,1,1,0.3,0.2879,0.42,0.2239,2
1,2012-01-31,1,1,1,2,1,1,0.3,0.2879,0.45,0.2239,2
1,2012-01-31,1,1,1,2,1,1,0.3,0.2879,0.49,0.194,1
1,2012-01-31,1,1,1,2,1,1,0.3,0.2879,0.49,0.194,22
2,2012-01-31,1,1,1,2,1,1,0.28,0.2727,0.52,0.1642,104
2,2012-01-31,1,1,1,2,1,1,0.26,0.2576,0.6,0.194,279
2,2012-01-31,1,1,1,2,1,1,0.26,0.2727,0.6,0.1045,512
2,2012-01-31,1,1,1,2,1,1,0.3,0.2879,0.52,0.194,261
2,2012-01-31,1,1,1,2,1,2,0.32,0.3182,0.57,0.194,144
2,2012-01-31,1,1,1,2,1,1,0.4,0.4091,0.37,0.2836,139
3,2012-01-31,1,1,1,2,1,1,0.4,0.4091,0.43,0.2985,194
3,2012-01-31,1,1,1,2,1,1,0.46,0.4545,0.36,0.2239,198
3,2012-01-31,1,1,1,2,1,1,0.5,0.4848,0.29,0.3284,160
3,2012-01-31,1,1,1,2,1,1,0.54,0.5152,0.26,0.4478,177
3,2012-01-31,1,1,1,2,1,1,0.54,0.5152,0.26,0.4478,307
3,2012-01-31,1,1,1,2,1,1,0.54,0.5152,0.26,0.4179,559
4,2012-01-31,1,1,1,2,1,1,0.54,0.5152,0.24,0.3582,502
4,2012-01-31,1,1,1,2,1,1,0.5,0.4848,0.29,0.2836,328
4,2012-01-31,1,1,1,2,1,1,0.4,0.4091,0.58,0.1045,238
4,2012-01-31,1,1,1,2,1,1,0.46,0.4545,0.33,0.2985,165
4,2012-01-31,1,1,1,2,1,1,0.44,0.4394,0.35,0.2985,129
4,2012-01-31,1,1,1,2,1,1,0.44,0.4394,0.38,0.2537,63
1,2012-02-01,1,1,2,3,1,1,0.44,0.4394,0.38,0.2836,31
1,2012-02-01,1,1,2,3,1,1,0.44,0.4394,0.41,0.2836,4
1,2012-02-01,1,1,2,3,1,1,0.44,0.4394,0.44,0.2836,7
1,2012-02-01,1,1,2,3,1,1,0.44,0.4394,0.44,0.194,3
1,2012-02-01,1,1,2,3,1,1,0.4,0.4091,0.5,0.1642,1
1,2012-02-01,1,1,2,3,1,1,0.4,0.4091,0.5,0.1642,18
2,2012-02-01,1,1,2,3,1,3,0.4,0.4091,0.54,0.1642,67
2,2012-02-01,1,1,2,3,1,3,0.38,0.3939,0.62,0.0896,208
2,2012-02-01,1,1,2,3,1,3,0.36,0.3636,0.73,0.1045,520
2,2012-02-01,1,1,2,3,1,2,0.36,0.3485,0.71,0.194,276
2,2012-02-01,1,1,2,3,1,1,0.4,0.4091,0.62,0.1343,133
2,2012-02-01,1,1,2,3,1,1,0.4,0.4091,0.58,0.1642,143
3,2012-02-01,1,1,2,3,1,1,0.44,0.4394,0.54,0.1045,179
3,2012-02-01,1,1,2,3,1,1,0.46,0.4545,0.47,0.2239,186
3,2012-02-01,1,1,2,3,1,1,0.62,0.6212,0.33,0.2239,192
3,2012-02-01,1,1,2,3,1,1,0.6,0.6212,0.35,0.2836,194
3,2012-02-01,1,1,2,3,1,1,0.6,0.6212,0.4,0.2239,283
3,2012-02-01,1,1,2,3,1,1,0.58,0.5455,0.43,0.194,539
4,2012-02-01,1,1,2,3,1,1,0.56,0.5303,0.46,0.1642,526
4,2012-02-01,1,1,2,3,1,1,0.54,0.5152,0.52,0.2836,335
4,2012-02-01,1,1,2,3,1,1,0.52,0.5,0.52,0.1642,264
4,2012-02-01,1,1,2,3,1,1,0.52,0.5,0.52,0.1642,233
4,2012-02-01,1,1,2,3,1,1,0.5,0.4848,0.55,0.194,140
4,2012-02-01,1,1,2,3,1,1,0.46,0.4545,0.63,0.0896,97
1,2012-02-02,1,1,2,4,1,1,0.46,0.4545,0.59,0.1343,31
1,2012-02-02,1,1,2,4,1,2,0.46,0.4545,0.55,0.0,17
1,2012-02-02,1,1,2,4,1,2,0.42,0.4242,0.67,0.1343,9
1,2012-02-02,1,1,2,4,1,2,0.42,0.4242,0.67,0.1343,2
1,2012-02-02,1,1,2,4,1,3,0.4,0.4091,0.82,0.0896,1
1,2012-02-02,1,1,2,4,1,3,0.4,0.4091,0.82,0.0,19
2,2012-02-02,1,1,2,4,1,3,0.36,0.3788,0.9,0.0,74
2,2012-02-02,1,1,2,4,1,3,0.36,0.3788,0.93,0.0,205
2,2012-02-02,1,1,2,4,1,3,0.4,0.4091,0.87,0.0,445
2,2012-02-02,1,1,2,4,1,3,0.38,0.3939,0.87,0.0,228
2,2012-02-02,1,1,2,4,1,3,0.42,0.4242,0.77,0.1045,78
2,2012-02-02,1,1,2,4,1,3,0.4,0.4091,0.82,0.2537,105
3,2012-02-02,1,1,2,4,1,1,0.42,0.4242,0.82,0.0,148
3,2012-02-02,1,1,2,4,1,2,0.42,0.4242,0.77,0.0,137
3,2012-02-02,1,1,2,4,1,1,0.4,0.4091,0.76,0.1045,141
3,2012-02-02,1,1,2,4,1,1,0.46,0.4545,0.67,0.1642,174
3,2012-02-02,1,1,2,4,1,1,0.46,0.4545,0.55,0.2836,229
3,2012-02-02,1,1,2,4,1,1,0.42,0.4242,0.54,0.4925,450
4,2012-02-02,1,1,2,4,1,1,0.4,0.4091,0.43,0.4627,410
4,2012-02-02,1,1,2,4,1,1,0.38,0.3939,0.43,0.5224,327
4,2012-02-02,1,1,2,4,1,1,0.36,0.3182,0.46,0.5224,213
4,2012-02-02,1,1,2,4,1,1,0.34,0.303,0.46,0.4179,148
4,2012-02-02,1,1,2,4,1,1,0.32,0.2879,0.49,0.4179,109
4,2012-02-02,1,1,2,4,1,1,0.32,0.303,0.49,0.2537,61
1,2012-02-03,1,1,2,5,1,1,0.32,0.2879,0.53,0.3881,38
1,2012-02-03,1,1,2,5,1,1,0.3,0.2727,0.56,0.3284,22
1,2012-02-03,1,1,2,5,1,1,0.3,0.2879,0.52,0.2239,6
1,2012-02-03,1,1,2,5,1,1,0.28,0.2576,0.56,0.2985,4
1,2012-02-03,1,1,2,5,1,1,0.26,0.2576,0.6,0.2239,2
1,2012-02-03,1,1,2,5,1,1,0.26,0.2576,0.6,0.2239,17
2,2012-02-03,1,1,2,5,1,1,0.24,0.2424,0.65,0.1642,88
2,2012-02-03,1,1,2,5,1,1,0.24,0.2273,0.65,0.2239,226
2,2012-02-03,1,1,2,5,1,1,0.24,0.2273,0.65,0.2239,441
2,2012-02-03,1,1,2,5,1,1,0.24,0.2273,0.65,0.194,270
2,2012-02-03,1,1,2,5,1,1,0.28,0.2576,0.56,0.2836,129
2,2012-02-03,1,1,2,5,1,1,0.32,0.303,0.53,0.2985,164
3,2012-02-03,1,1,2,5,1,1,0.34,0.3333,0.46,0.1343,216
3,2012-02-03,1,1,2,5,1,1,0.36,0.3636,0.46,0.0,198
3,2012-02-03,1,1,2,5,1,1,0.36,0.3485,0.46,0.2239,170
3,2012-02-03,1,1,2,5,1,1,0.38,0.3939,0.4,0.0,216
3,2012-02-03,1,1,2,5,1,1,0.4,0.4091,0.37,0.1045,311
3,2012-02-03,1,1,2,5,1,1,0.4,0.4091,0.37,0.0896,488
4,2012-02-03,1,1,2,5,1,1,0.38,0.3939,0.4,0.1343,385
4,2012-02-03,1,1,2,5,1,1,0.34,0.3485,0.49,0.1045,267
4,2012-02-03,1,1,2,5,1,1,0.34,0.3485,0.49,0.1045,163
4,2012-02-03,1,1,2,5,1,1,0.34,0.3485,0.49,0.1045,134
4,2012-02-03,1,1,2,5,1,1,0.34,0.3485,0.49,0.1045,119
4,2012-02-03,1,1,2,5,1,1,0.26,0.2727,0.7,0.1045,77
1,2012-02-04,1,1,2,6,0,1,0.26,0.2727,0.7,0.1045,86
1,2012-02-04,1,1,2,6,0,1,0.26,0.2727,0.7,0.1045,43
1,2012-02-04,1,1,2,6,0,1,0.24,0.2576,0.7,0.0896,44
1,2012-02-04,1,1,2,6,0,1,0.24,0.2879,0.75,0.0,18
1,2012-02-04,1,1,2,6,0,1,0.24,0.2576,0.81,0.0896,6
1,2012-02-04,1,1,2,6,0,1,0.24,0.2576,0.81,0.0896,4
2,2012-02-04,1,1,2,6,0,1,0.22,0.2273,0.87,0.1343,5
2,2012-02-04,1,1,2,6,0,2,0.24,0.2424,0.87,0.1343,28
2,2012-02-04,1,1,2,6,0,1,0.24,0.2879,0.87,0.0,90
2,2012-02-04,1,1,2,6,0,1,0.24,0.2424,0.81,0.1343,157
2,2012-02-04,1,1,2,6,0,1,0.24,0.2576,0.87,0.1045,224
2,2012-02-04,1,1,2,6,0,1,0.3,0.3333,0.7,0.0,270
3,2012-02-04,1,1,2,6,0,2,0.3,0.3182,0.7,0.0896,300
3,2012-02-04,1,1,2,6,0,2,0.3,0.2879,0.7,0.194,302
3,2012-02-04,1,1,2,6,0,2,0.32,0.303,0.66,0.2239,276
3,2012-02-04,1,1,2,6,0,2,0.32,0.303,0.66,0.2239,305
3,2012-02-04,1,1,2,6,0,2,0.34,0.3333,0.61,0.1642,143
3,2012-02-04,1,1,2,6,0,3,0.3,0.2879,0.7,0.194,67
4,2012-02-04,1,1,2,6,0,3,0.28,0.2727,0.75,0.1642,64
4,2012-02-04,1,1,2,6,0,3,0.26,0.2727,0.87,0.1343,80
4,2012-02-04,1,1,2,6,0,3,0.24,0.2273,0.93,0.194,77
4,2012-02-04,1,1,2,6,0,3,0.24,0.2424,0.93,0.1343,78
4,2012-02-04,1,1,2,6,0,2,0.24,0.2576,0.87,0.0896,95
4,2012-02-04,1,1,2,6,0,2,0.24,0.2424,0.87,0.1343,70
1,2012-02-05,1,1,2,0,0,2,0.24,0.2424,0.87,0.1343,61
1,2012-02-05,1,1,2,0,0,2,0.24,0.2576,0.93,0.1045,51
1,2012-02-05,1,1,2,0,0,2,0.24,0.2576,0.93,0.1045,63
1,2012-02-05,1,1,2,0,0,3,0.24,0.2576,0.87,0.0896,17
1,2012-02-05,1,1,2,0,0,2,0.24,0.2424,0.87,0.1343,9
1,2012-02-05,1,1,2,0,0,3,0.26,0.2576,0.81,0.194,4
2,2012-02-05,1,1,2,0,0,2,0.26,0.2424,0.7,0.2537,4
2,2012-02-05,1,1,2,0,0,2,0.24,0.2424,0.75,0.1642,16
2,2012-02-05,1,1,2,0,0,2,0.24,0.2424,0.75,0.1642,62
2,2012-02-05,1,1,2,0,0,2,0.24,0.2273,0.7,0.2239,92
2,2012-02-05,1,1,2,0,0,2,0.26,0.2424,0.65,0.2836,148
2,2012-02-05,1,1,2,0,0,2,0.26,0.2576,0.7,0.194,182
3,2012-02-05,1,1,2,0,0,2,0.26,0.2576,0.65,0.194,248
3,2012-02-05,1,1,2,0,0,2,0.28,0.2727,0.61,0.1642,274
3,2012-02-05,1,1,2,0,0,1,0.3,0.303,0.61,0.1642,243
3,2012-02-05,1,1,2,0,0,2,0.3,0.2879,0.56,0.2537,272
3,2012-02-05,1,1,2,0,0,1,0.3,0.2879,0.56,0.2239,296
3,2012-02-05,1,1,2,0,0,1,0.32,0.3182,0.53,0.1642,306
4,2012-02-05,1,1,2,0,0,1,0.3,0.2879,0.52,0.2537,181
4,2012-02-05,1,1,2,0,0,1,0.3,0.2879,0.52,0.2239,69
4,2012-02-05,1,1,2,0,0,1,0.28,0.2727,0.56,0.194,50
4,2012-02-05,1,1,2,0,0,1,0.28,0.2879,0.56,0.1045,66
4,2012-02-05,1,1,2,0,0,1,0.26,0.2727,0.6,0.1045,191
4,2012-02-05,1,1,2,0,0,1,0.24,0.2424,0.7,0.1343,42
1,2012-02-06,1,1,2,1,1,1,0.24,0.2424,0.65,0.1343,21
1,2012-02-06,1,1,2,1,1,1,0.22,0.2576,0.75,0.0896,6
1,2012-02-06,1,1,2,1,1,1,0.22,0.2727,0.75,0.0,3
1,2012-02-06,1,1,2,1,1,1,0.18,0.2121,0.8,0.1045,2
1,2012-02-06,1,1,2,1,1,1,0.18,0.2121,0.8,0.1045,17
2,2012-02-06,1,1,2,1,1,1,0.16,0.1818,0.86,0.1045,72
2,2012-02-06,1,1,2,1,1,1,0.16,0.1818,0.86,0.1045,234
2,2012-02-06,1,1,2,1,1,1,0.16,0.1818,0.86,0.1343,444
2,2012-02-06,1,1,2,1,1,1,0.18,0.2121,0.8,0.1045,277
2,2012-02-06,1,1,2,1,1,1,0.22,0.2424,0.75,0.1045,116
2,2012-02-06,1,1,2,1,1,1,0.26,0.2727,0.7,0.1343,116
3,2012-02-06,1,1,2,1,1,1,0.32,0.3182,0.61,0.1642,150
3,2012-02-06,1,1,2,1,1,1,0.38,0.3939,0.4,0.2239,141
3,2012-02-06,1,1,2,1,1,1,0.4,0.4091,0.35,0.1642,140
3,2012-02-06,1,1,2,1,1,1,0.42,0.4242,0.32,0.2836,171
3,2012-02-06,1,1,2,1,1,1,0.4,0.4091,0.43,0.2537,228
3,2012-02-06,1,1,2,1,1,1,0.4,0.4091,0.43,0.2537,430
4,2012-02-06,1,1,2,1,1,1,0.38,0.3939,0.43,0.2239,437
4,2012-02-06,1,1,2,1,1,1,0.36,0.3333,0.43,0.2537,291
4,2012-02-06,1,1,2,1,1,1,0.34,0.3333,0.46,0.1642,201
4,2012-02-06,1,1,2,1,1,1,0.32,0.3182,0.57,0.1642,154
4,2012-02-06,1,1,2,1,1,1,0.3,0.303,0.65,0.1343,87
4,2012-02-06,1,1,2,1,1,1,0.3,0.303,0.65,0.1343,46
1,2012-02-07,1,1,2,2,1,1,0.3,0.2879,0.7,0.194,23
1,2012-02-07,1,1,2,2,1,1,0.28,0.2879,0.61,0.1343,14
1,2012-02-07,1,1,2,2,1,1,0.3,0.3333,0.61,0.0,4
1,2012-02-07,1,1,2,2,1,2,0.3,0.3333,0.7,0.0,2
1,2012-02-07,1,1,2,2,1,2,0.3,0.3333,0.7,0.0,3
1,2012-02-07,1,1,2,2,1,1,0.32,0.3333,0.49,0.0896,15
2,2012-02-07,1,1,2,2,1,1,0.32,0.303,0.45,0.2985,100
2,2012-02-07,1,1,2,2,1,1,0.32,0.3485,0.45,0.0,299
2,2012-02-07,1,1,2,2,1,1,0.3,0.3182,0.49,0.0,529
2,2012-02-07,1,1,2,2,1,1,0.32,0.3333,0.49,0.0,289
2,2012-02-07,1,1,2,2,1,1,0.34,0.3333,0.46,0.1642,116
2,2012-02-07,1,1,2,2,1,1,0.36,0.3485,0.46,0.194,129
3,2012-02-07,1,1,2,2,1,1,0.4,0.4091,0.4,0.3284,172
3,2012-02-07,1,1,2,2,1,1,0.44,0.4394,0.38,0.2537,184
3,2012-02-07,1,1,2,2,1,1,0.44,0.4394,0.38,0.2537,138
3,2012-02-07,1,1,2,2,1,1,0.44,0.4394,0.38,0.194,146
3,2012-02-07,1,1,2,2,1,1,0.44,0.4394,0.35,0.2537,276
3,2012-02-07,1,1,2,2,1,1,0.44,0.4394,0.35,0.194,509
4,2012-02-07,1,1,2,2,1,1,0.42,0.4242,0.38,0.194,518
4,2012-02-07,1,1,2,2,1,1,0.38,0.3939,0.43,0.2239,338
4,2012-02-07,1,1,2,2,1,1,0.36,0.3485,0.5,0.1343,212
4,2012-02-07,1,1,2,2,1,1,0.34,0.3485,0.61,0.1045,190
4,2012-02-07,1,1,2,2,1,1,0.32,0.3182,0.57,0.194,118
4,2012-02-07,1,1,2,2,1,1,0.32,0.3333,0.57,0.1343,51
1,2012-02-08,1,1,2,3,1,1,0.3,0.2879,0.56,0.2239,23
1,2012-02-08,1,1,2,3,1,1,0.28,0.2727,0.61,0.1642,10
1,2012-02-08,1,1,2,3,1,1,0.26,0.303,0.65,0.0,1
1,2012-02-08,1,1,2,3,1,1,0.26,0.303,0.65,0.0,1
1,2012-02-08,1,1,2,3,1,1,0.24,0.2576,0.7,0.0896,1
1,2012-02-08,1,1,2,3,1,1,0.24,0.2576,0.7,0.0896,20
2,2012-02-08,1,1,2,3,1,2,0.24,0.2879,0.7,0.0,98
2,2012-02-08,1,1,2,3,1,2,0.24,0.2576,0.7,0.1045,281
2,2012-02-08,1,1,2,3,1,2,0.24,0.2273,0.7,0.2239,508
2,2012-02-08,1,1,2,3,1,2,0.24,0.2576,0.7,0.1642,253
2,2012-02-08,1,1,2,3,1,2,0.26,0.2576,0.7,0.2239,108
2,2012-02-08,1,1,2,3,1,2,0.26,0.2576,0.65,0.2239,102
3,2012-02-08,1,1,2,3,1,2,0.28,0.2576,0.65,0.2836,138
3,2012-02-08,1,1,2,3,1,2,0.28,0.2879,0.61,0.1045,126
3,2012-02-08,1,1,2,3,1,2,0.3,0.303,0.56,0.1642,108
3,2012-02-08,1,1,2,3,1,3,0.3,0.3182,0.61,0.1045,54
3,2012-02-08,1,1,2,3,1,3,0.26,0.2727,0.81,0.1045,75
3,2012-02-08,1,1,2,3,1,3,0.24,0.2576,0.87,0.1045,155
4,2012-02-08,1,1,2,3,1,3,0.24,0.2576,0.87,0.1045,167
4,2012-02-08,1,1,2,3,1,3,0.24,0.2576,0.87,0.1045,161
4,2012-02-08,1,1,2,3,1,3,0.24,0.2424,0.87,0.1343,125
4,2012-02-08,1,1,2,3,1,3,0.24,0.2273,0.87,0.194,129
4,2012-02-08,1,1,2,3,1,2,0.24,0.2424,0.87,0.1343,98
4,2012-02-08,1,1,2,3,1,2,0.24,0.2424,0.87,0.1642,60
1,2012-02-09,1,1,2,4,1,2,0.24,0.2424,0.87,0.1642,26
1,2012-02-09,1,1,2,4,1,2,0.24,0.2424,0.87,0.1343,12
1,2012-02-09,1,1,2,4,1,1,0.22,0.2273,0.8,0.1343,2
1,2012-02-09,1,1,2,4,1,1,0.22,0.2121,0.8,0.2836,4
1,2012-02-09,1,1,2,4,1,2,0.22,0.197,0.75,0.4478,1
1,2012-02-09,1,1,2,4,1,1,0.2,0.1818,0.75,0.2836,18
2,2012-02-09,1,1,2,4,1,1,0.2,0.1818,0.75,0.2836,76
2,2012-02-09,1,1,2,4,1,1,0.2,0.197,0.69,0.2537,267
2,2012-02-09,1,1,2,4,1,1,0.2,0.197,0.64,0.2537,484
2,2012-02-09,1,1,2,4,1,1,0.2,0.197,0.59,0.2239,238
2,2012-02-09,1,1,2,4,1,1,0.22,0.2121,0.51,0.2239,97
2,2012-02-09,1,1,2,4,1,1,0.24,0.2273,0.52,0.2239,99
3,2012-02-09,1,1,2,4,1,1,0.26,0.2273,0.48,0.3284,158
3,2012-02-09,1,1,2,4,1,1,0.3,0.2727,0.42,0.3284,154
3,2012-02-09,1,1,2,4,1,1,0.32,0.303,0.39,0.2985,144
3,2012-02-09,1,1,2,4,1,1,0.32,0.303,0.36,0.2985,134
3,2012-02-09,1,1,2,4,1,1,0.34,0.3333,0.36,0.0,238
3,2012-02-09,1,1,2,4,1,1,0.34,0.3333,0.34,0.1343,399
4,2012-02-09,1,1,2,4,1,1,0.34,0.3333,0.31,0.1642,417
4,2012-02-09,1,1,2,4,1,1,0.32,0.3333,0.33,0.1045,295
4,2012-02-09,1,1,2,4,1,1,0.32,0.3485,0.36,0.0,199
4,2012-02-09,1,1,2,4,1,1,0.3,0.3182,0.52,0.0896,177
4,2012-02-09,1,1,2,4,1,2,0.3,0.3333,0.56,0.0,107
4,2012-02-09,1,1,2,4,1,2,0.3,0.3333,0.52,0.0,84
1,2012-02-10,1,1,2,5,1,2,0.28,0.303,0.65,0.0896,43
1,2012-02-10,1,1,2,5,1,2,0.28,0.303,0.61,0.0896,13
1,2012-02-10,1,1,2,5,1,1,0.26,0.2879,0.52,0.0896,16
1,2012-02-10,1,1,2,5,1,1,0.26,0.2879,0.56,0.0896,5
1,2012-02-10,1,1,2,5,1,1,0.26,0.2879,0.56,0.0896,2
1,2012-02-10,1,1,2,5,1,1,0.24,0.2273,0.52,0.2239,17
2,2012-02-10,1,1,2,5,1,1,0.2,0.197,0.59,0.194,64
2,2012-02-10,1,1,2,5,1,1,0.2,0.2121,0.59,0.1642,230
2,2012-02-10,1,1,2,5,1,1,0.2,0.2121,0.59,0.1642,448
2,2012-02-10,1,1,2,5,1,1,0.22,0.2273,0.55,0.1642,275
2,2012-02-10,1,1,2,5,1,2,0.26,0.2727,0.48,0.1343,124
2,2012-02-10,1,1,2,5,1,2,0.28,0.2879,0.45,0.1045,153
3,2012-02-10,1,1,2,5,1,2,0.3,0.303,0.42,0.1343,176
3,2012-02-10,1,1,2,5,1,2,0.3,0.3182,0.42,0.0896,192
3,2012-02-10,1,1,2,5,1,2,0.32,0.3333,0.39,0.0896,146
3,2012-02-10,1,1,2,5,1,2,0.32,0.3333,0.45,0.1343,191
3,2012-02-10,1,1,2,5,1,2,0.34,0.3182,0.42,0.2537,268
3,2012-02-10,1,1,2,5,1,2,0.34,0.3333,0.42,0.194,396
4,2012-02-10,1,1,2,5,1,3,0.3,0.303,0.61,0.1343,359
4,2012-02-10,1,1,2,5,1,2,0.32,0.3485,0.57,0.0,262
4,2012-02-10,1,1,2,5,1,2,0.32,0.3485,0.57,0.0,151
4,2012-02-10,1,1,2,5,1,2,0.32,0.3333,0.66,0.0896,122
4,2012-02-10,1,1,2,5,1,2,0.32,0.3485,0.66,0.0,113
4,2012-02-10,1,1,2,5,1,2,0.3,0.3182,0.7,0.0896,65
1,2012-02-11,1,1,2,6,0,2,0.3,0.303,0.7,0.1343,53
1,2012-02-11,1,1,2,6,0,3,0.28,0.2879,0.81,0.1343,45
1,2012-02-11,1,1,2,6,0,3,0.26,0.2576,0.81,0.194,26
1,2012-02-11,1,1,2,6,0,3,0.24,0.2273,0.87,0.2239,9
1,2012-02-11,1,1,2,6,0,3,0.24,0.2273,0.87,0.2239,4
1,2012-02-11,1,1,2,6,0,3,0.22,0.2273,0.93,0.1642,2
2,2012-02-11,1,1,2,6,0,3,0.22,0.2273,0.93,0.1343,9
2,2012-02-11,1,1,2,6,0,3,0.22,0.2273,0.93,0.1343,19
2,2012-02-11,1,1,2,6,0,3,0.22,0.2273,0.93,0.1343,78
2,2012-02-11,1,1,2,6,0,3,0.22,0.2424,0.93,0.1045,90
2,2012-02-11,1,1,2,6,0,3,0.22,0.2424,0.93,0.1045,166
2,2012-02-11,1,1,2,6,0,2,0.24,0.2576,0.81,0.1045,183
3,2012-02-11,1,1,2,6,0,2,0.26,0.2576,0.81,0.1642,221
3,2012-02-11,1,1,2,6,0,2,0.26,0.2424,0.81,0.2836,235
3,2012-02-11,1,1,2,6,0,2,0.26,0.2424,0.81,0.2537,243
3,2012-02-11,1,1,2,6,0,2,0.3,0.2727,0.61,0.2985,124
3,2012-02-11,1,1,2,6,0,3,0.22,0.197,0.75,0.4179,146
3,2012-02-11,1,1,2,6,0,3,0.22,0.1818,0.69,0.4627,144
4,2012-02-11,1,1,2,6,0,2,0.22,0.1818,0.47,0.6567,108
4,2012-02-11,1,1,2,6,0,2,0.2,0.1515,0.4,0.5522,87
4,2012-02-11,1,1,2,6,0,2,0.16,0.1212,0.43,0.5522,63
4,2012-02-11,1,1,2,6,0,1,0.14,0.0758,0.43,0.6418,48
4,2012-02-11,1,1,2,6,0,2,0.14,0.1061,0.39,0.3881,46
4,2012-02-11,1,1,2,6,0,3,0.12,0.0758,0.5,0.4925,20
1,2012-02-12,1,1,2,0,0,3,0.1,0.0758,0.68,0.3881,21
1,2012-02-12,1,1,2,0,0,3,0.08,0.0455,0.79,0.4627,24
1,2012-02-12,1,1,2,0,0,2,0.1,0.0606,0.58,0.5821,27
1,2012-02-12,1,1,2,0,0,2,0.1,0.0455,0.46,0.6866,14
1,2012-02-12,1,1,2,0,0,2,0.1,0.0455,0.46,0.7164,1
1,2012-02-12,1,1,2,0,0,1,0.1,0.0758,0.49,0.3881,3
2,2012-02-12,1,1,2,0,0,1,0.1,0.0758,0.49,0.3881,2
2,2012-02-12,1,1,2,0,0,1,0.08,0.0909,0.53,0.194,18
2,2012-02-12,1,1,2,0,0,1,0.08,0.0758,0.53,0.2537,26
2,2012-02-12,1,1,2,0,0,1,0.1,0.0909,0.49,0.2985,63
2,2012-02-12,1,1,2,0,0,1,0.12,0.1061,0.42,0.3582,91
2,2012-02-12,1,1,2,0,0,1,0.12,0.1061,0.42,0.2985,124
3,2012-02-12,1,1,2,0,0,1,0.14,0.0758,0.39,0.6418,140
3,2012-02-12,1,1,2,0,0,1,0.16,0.1212,0.4,0.4478,138
3,2012-02-12,1,1,2,0,0,1,0.16,0.1212,0.4,0.5224,111
3,2012-02-12,1,1,2,0,0,1,0.16,0.1212,0.4,0.5522,155
3,2012-02-12,1,1,2,0,0,1,0.2,0.1667,0.34,0.4627,164
3,2012-02-12,1,1,2,0,0,1,0.18,0.1515,0.37,0.4179,87
4,2012-02-12,1,1,2,0,0,1,0.16,0.1212,0.4,0.4627,96
4,2012-02-12,1,1,2,0,0,1,0.16,0.1364,0.4,0.2836,80
4,2012-02-12,1,1,2,0,0,1,0.14,0.1212,0.42,0.3284,57
4,2012-02-12,1,1,2,0,0,1,0.14,0.1212,0.43,0.2985,36
4,2012-02-12,1,1,2,0,0,1,0.14,0.1515,0.43,0.1642,28
4,2012-02-12,1,1,2,0,0,1,0.14,0.1364,0.43,0.2239,23
1,2012-02-13,1,1,2,1,1,1,0.14,0.1364,0.46,0.2239,9
1,2012-02-13,1,1,2,1,1,1,0.12,0.1212,0.5,0.2239,6
1,2012-02-13,1,1,2,1,1,1,0.14,0.1364,0.46,0.194,4
1,2012-02-13,1,1,2,1,1,1,0.12,0.1515,0.54,0.1045,1
1,2012-02-13,1,1,2,1,1,1,0.12,0.1667,0.54,0.0896,2
1,2012-02-13,1,1,2,1,1,1,0.1,0.1212,0.58,0.1343,17
2,2012-02-13,1,1,2,1,1,1,0.1,0.1061,0.54,0.2239,72
2,2012-02-13,1,1,2,1,1,1,0.1,0.1061,0.54,0.194,195
2,2012-02-13,1,1,2,1,1,1,0.1,0.1212,0.54,0.1343,417
2,2012-02-13,1,1,2,1,1,1,0.12,0.1364,0.5,0.194,205
2,2012-02-13,1,1,2,1,1,1,0.14,0.1515,0.5,0.1343,71
2,2012-02-13,1,1,2,1,1,1,0.22,0.2273,0.37,0.194,90
3,2012-02-13,1,1,2,1,1,1,0.28,0.2576,0.28,0.3284,118
3,2012-02-13,1,1,2,1,1,1,0.32,0.303,0.22,0.2239,140
3,2012-02-13,1,1,2,1,1,1,0.34,0.3485,0.23,0.1045,135
3,2012-02-13,1,1,2,1,1,1,0.36,0.3485,0.27,0.1343,155
3,2012-02-13,1,1,2,1,1,1,0.36,0.3485,0.23,0.194,211
3,2012-02-13,1,1,2,1,1,1,0.36,0.3485,0.23,0.194,407
4,2012-02-13,1,1,2,1,1,1,0.34,0.3182,0.25,0.2537,405
4,2012-02-13,1,1,2,1,1,1,0.34,0.3333,0.25,0.1343,263
4,2012-02-13,1,1,2,1,1,1,0.3,0.303,0.42,0.1642,214
4,2012-02-13,1,1,2,1,1,1,0.28,0.2879,0.45,0.1343,147
4,2012-02-13,1,1,2,1,1,1,0.26,0.2727,0.56,0.1045,102
4,2012-02-13,1,1,2,1,1,1,0.28,0.3182,0.41,0.0,36
1,2012-02-14,1,1,2,2,1,2,0.26,0.303,0.6,0.0,14
1,2012-02-14,1,1,2,2,1,2,0.26,0.303,0.56,0.0,6
1,2012-02-14,1,1,2,2,1,2,0.28,0.3182,0.41,0.0,3
1,2012-02-14,1,1,2,2,1,2,0.26,0.303,0.52,0.0,3
1,2012-02-14,1,1,2,2,1,2,0.26,0.2727,0.65,0.1045,2
1,2012-02-14,1,1,2,2,1,2,0.26,0.2727,0.65,0.1045,22
2,2012-02-14,1,1,2,2,1,2,0.26,0.303,0.56,0.0,90
2,2012-02-14,1,1,2,2,1,2,0.24,0.2576,0.6,0.0896,280
2,2012-02-14,1,1,2,2,1,2,0.24,0.2879,0.7,0.0,513
2,2012-02-14,1,1,2,2,1,2,0.26,0.2879,0.56,0.0896,262
2,2012-02-14,1,1,2,2,1,2,0.26,0.2727,0.6,0.1343,98
2,2012-02-14,1,1,2,2,1,2,0.3,0.303,0.45,0.1642,112
3,2012-02-14,1,1,2,2,1,2,0.3,0.2879,0.52,0.2239,172
3,2012-02-14,1,1,2,2,1,2,0.36,0.3333,0.4,0.2537,173
3,2012-02-14,1,1,2,2,1,1,0.4,0.4091,0.4,0.2239,124
3,2012-02-14,1,1,2,2,1,2,0.42,0.4242,0.38,0.4478,145
3,2012-02-14,1,1,2,2,1,1,0.42,0.4242,0.35,0.2985,266
3,2012-02-14,1,1,2,2,1,1,0.42,0.4242,0.38,0.3582,523
4,2012-02-14,1,1,2,2,1,2,0.38,0.3939,0.46,0.2985,406
4,2012-02-14,1,1,2,2,1,2,0.36,0.3485,0.5,0.1642,281
4,2012-02-14,1,1,2,2,1,2,0.38,0.3939,0.46,0.1343,184
4,2012-02-14,1,1,2,2,1,2,0.36,0.3636,0.5,0.1045,109
4,2012-02-14,1,1,2,2,1,2,0.36,0.3636,0.5,0.1045,77
4,2012-02-14,1,1,2,2,1,2,0.36,0.3636,0.5,0.0896,57
1,2012-02-15,1,1,2,3,1,1,0.32,0.3485,0.57,0.0,22
1,2012-02-15,1,1,2,3,1,1,0.34,0.3636,0.53,0.0,5
1,2012-02-15,1,1,2,3,1,1,0.3,0.3333,0.61,0.0,4
1,2012-02-15,1,1,2,3,1,1,0.28,0.3182,0.75,0.0,3
1,2012-02-15,1,1,2,3,1,1,0.28,0.2879,0.7,0.1045,1
1,2012-02-15,1,1,2,3,1,1,0.28,0.2879,0.7,0.1045,25
2,2012-02-15,1,1,2,3,1,1,0.3,0.303,0.61,0.1343,95
2,2012-02-15,1,1,2,3,1,2,0.3,0.2879,0.65,0.194,321
2,2012-02-15,1,1,2,3,1,1,0.32,0.2879,0.61,0.3582,515
2,2012-02-15,1,1,2,3,1,1,0.32,0.303,0.61,0.3284,231
2,2012-02-15,1,1,2,3,1,1,0.34,0.303,0.57,0.2985,120
2,2012-02-15,1,1,2,3,1,1,0.36,0.3333,0.53,0.2836,138
3,2012-02-15,1,1,2,3,1,1,0.38,0.3939,0.46,0.3881,163
3,2012-02-15,1,1,2,3,1,1,0.4,0.4091,0.43,0.2836,170
3,2012-02-15,1,1,2,3,1,1,0.42,0.4242,0.41,0.3582,134
3,2012-02-15,1,1,2,3,1,1,0.42,0.4242,0.41,0.2239,171
3,2012-02-15,1,1,2,3,1,1,0.42,0.4242,0.38,0.194,231
3,2012-02-15,1,1,2,3,1,1,0.42,0.4242,0.38,0.194,487
4,2012-02-15,1,1,2,3,1,1,0.4,0.4091,0.4,0.2239,468
4,2012-02-15,1,1,2,3,1,1,0.38,0.3939,0.43,0.1642,311
4,2012-02-15,1,1,2,3,1,1,0.36,0.3485,0.46,0.1642,211
4,2012-02-15,1,1,2,3,1,1,0.34,0.3333,0.53,0.1642,178
4,2012-02-15,1,1,2,3,1,1,0.34,0.3485,0.49,0.1045,107
4,2012-02-15,1,1,2,3,1,1,0.34,0.3485,0.53,0.0896,58
1,2012-02-16,1,1,2,4,1,2,0.3,0.303,0.7,0.1343,23
1,2012-02-16,1,1,2,4,1,2,0.3,0.3333,0.7,0.0,5
1,2012-02-16,1,1,2,4,1,2,0.3,0.3182,0.7,0.0896,7
1,2012-02-16,1,1,2,4,1,2,0.3,0.3333,0.61,0.0,1
1,2012-02-16,1,1,2,4,1,3,0.3,0.3182,0.7,0.0896,3
1,2012-02-16,1,1,2,4,1,2,0.3,0.3333,0.7,0.0,20
2,2012-02-16,1,1,2,4,1,2,0.3,0.3182,0.7,0.0896,87
2,2012-02-16,1,1,2,4,1,2,0.3,0.303,0.7,0.1343,288
2,2012-02-16,1,1,2,4,1,2,0.3,0.3182,0.7,0.0896,498
2,2012-02-16,1,1,2,4,1,2,0.3,0.303,0.7,0.1642,202
2,2012-02-16,1,1,2,4,1,3,0.32,0.3333,0.7,0.1343,44
2,2012-02-16,1,1,2,4,1,3,0.32,0.3333,0.7,0.1045,71
3,2012-02-16,1,1,2,4,1,3,0.32,0.3333,0.76,0.0896,45
3,2012-02-16,1,1,2,4,1,3,0.34,0.3182,0.71,0.2537,64
3,2012-02-16,1,1,2,4,1,3,0.32,0.3182,0.81,0.194,31
3,2012-02-16,1,1,2,4,1,3,0.34,0.3636,0.76,0.0,53
3,2012-02-16,1,1,2,4,1,3,0.34,0.3636,0.81,0.0,118
3,2012-02-16,1,1,2,4,1,3,0.34,0.3636,0.87,0.0,289
4,2012-02-16,1,1,2,4,1,3,0.34,0.3333,0.87,0.1343,353
4,2012-02-16,1,1,2,4,1,2,0.32,0.3182,0.87,0.1642,258
4,2012-02-16,1,1,2,4,1,2,0.32,0.3333,0.87,0.1343,216
4,2012-02-16,1,1,2,4,1,2,0.34,0.3485,0.81,0.1045,145
4,2012-02-16,1,1,2,4,1,2,0.32,0.3485,0.81,0.0,111
4,2012-02-16,1,1,2,4,1,1,0.32,0.3333,0.81,0.0896,73
1,2012-02-17,1,1,2,5,1,2,0.3,0.3333,0.87,0.0,34
1,2012-02-17,1,1,2,5,1,2,0.3,0.3333,0.93,0.0,18
1,2012-02-17,1,1,2,5,1,2,0.3,0.3182,0.93,0.1045,12
1,2012-02-17,1,1,2,5,1,2,0.28,0.2879,0.93,0.1045,1
1,2012-02-17,1,1,2,5,1,2,0.28,0.2727,0.93,0.194,1
1,2012-02-17,1,1,2,5,1,2,0.28,0.2727,0.93,0.1642,16
2,2012-02-17,1,1,2,5,1,2,0.28,0.2879,0.96,0.1343,71
2,2012-02-17,1,1,2,5,1,2,0.28,0.2879,0.93,0.1045,226
2,2012-02-17,1,1,2,5,1,2,0.26,0.303,1.0,0.0,520
2,2012-02-17,1,1,2,5,1,2,0.26,0.303,1.0,0.0,283
2,2012-02-17,1,1,2,5,1,1,0.34,0.3182,0.71,0.2836,116
2,2012-02-17,1,1,2,5,1,1,0.36,0.3333,0.62,0.4179,142
3,2012-02-17,1,1,2,5,1,1,0.38,0.3939,0.46,0.3881,198
3,2012-02-17,1,1,2,5,1,1,0.4,0.4091,0.43,0.3582,205
3,2012-02-17,1,1,2,5,1,1,0.4,0.4091,0.37,0.3582,170
3,2012-02-17,1,1,2,5,1,1,0.42,0.4242,0.35,0.4179,221
3,2012-02-17,1,1,2,5,1,1,0.42,0.4242,0.32,0.2985,307
3,2012-02-17,1,1,2,5,1,1,0.42,0.4242,0.32,0.3284,465
4,2012-02-17,1,1,2,5,1,1,0.4,0.4091,0.35,0.2537,377
4,2012-02-17,1,1,2,5,1,1,0.38,0.3939,0.37,0.2239,282
4,2012-02-17,1,1,2,5,1,1,0.4,0.4091,0.35,0.194,171
4,2012-02-17,1,1,2,5,1,1,0.38,0.3939,0.37,0.194,129
4,2012-02-17,1,1,2,5,1,1,0.36,0.3485,0.4,0.2239,107
4,2012-02-17,1,1,2,5,1,1,0.36,0.3485,0.4,0.194,82
1,2012-02-18,1,1,2,6,0,1,0.34,0.3333,0.42,0.1642,86
1,2012-02-18,1,1,2,6,0,1,0.32,0.3182,0.49,0.1642,45
1,2012-02-18,1,1,2,6,0,1,0.3,0.2879,0.61,0.2537,45
1,2012-02-18,1,1,2,6,0,1,0.28,0.2879,0.65,0.1045,18
1,2012-02-18,1,1,2,6,0,1,0.26,0.303,0.7,0.0,7
1,2012-02-18,1,1,2,6,0,1,0.24,0.2576,0.7,0.0896,1
2,2012-02-18,1,1,2,6,0,1,0.24,0.2879,0.7,0.0,9
2,2012-02-18,1,1,2,6,0,1,0.24,0.2879,0.7,0.0,41
2,2012-02-18,1,1,2,6,0,1,0.22,0.2727,0.87,0.0,102
2,2012-02-18,1,1,2,6,0,1,0.22,0.2424,0.8,0.1045,138
2,2012-02-18,1,1,2,6,0,1,0.26,0.2727,0.81,0.1045,205
2,2012-02-18,1,1,2,6,0,1,0.32,0.3333,0.57,0.1343,286
3,2012-02-18,1,1,2,6,0,1,0.36,0.3485,0.43,0.194,369
3,2012-02-18,1,1,2,6,0,1,0.4,0.4091,0.43,0.2836,384
3,2012-02-18,1,1,2,6,0,1,0.44,0.4394,0.35,0.3582,427
3,2012-02-18,1,1,2,6,0,1,0.42,0.4242,0.41,0.2537,499
3,2012-02-18,1,1,2,6,0,1,0.44,0.4394,0.44,0.3284,404
3,2012-02-18,1,1,2,6,0,1,0.48,0.4697,0.36,0.2836,364
4,2012-02-18,1,1,2,6,0,1,0.46,0.4545,0.38,0.2985,246
4,2012-02-18,1,1,2,6,0,1,0.44,0.4394,0.44,0.1642,188
4,2012-02-18,1,1,2,6,0,1,0.44,0.4394,0.44,0.1642,148
4,2012-02-18,1,1,2,6,0,1,0.44,0.4394,0.33,0.2985,114
4,2012-02-18,1,1,2,6,0,1,0.4,0.4091,0.4,0.4478,118
4,2012-02-18,1,1,2,6,0,2,0.36,0.3333,0.4,0.3881,74
1,2012-02-19,1,1,2,0,0,2,0.34,0.303,0.39,0.3582,74
1,2012-02-19,1,1,2,0,0,2,0.32,0.303,0.39,0.2537,72
1,2012-02-19,1,1,2,0,0,2,0.3,0.2879,0.36,0.2836,48
1,2012-02-19,1,1,2,0,0,2,0.3,0.2879,0.36,0.2239,15
1,2012-02-19,1,1,2,0,0,2,0.28,0.2576,0.41,0.3881,3
1,2012-02-19,1,1,2,0,0,2,0.26,0.2273,0.48,0.2985,2
2,2012-02-19,1,1,2,0,0,1,0.24,0.2121,0.52,0.3284,5
2,2012-02-19,1,1,2,0,0,2,0.24,0.2121,0.52,0.2836,14
2,2012-02-19,1,1,2,0,0,2,0.24,0.2273,0.56,0.194,56
2,2012-02-19,1,1,2,0,0,2,0.24,0.2273,0.56,0.2537,93
2,2012-02-19,1,1,2,0,0,2,0.26,0.2424,0.52,0.2537,191
2,2012-02-19,1,1,2,0,0,2,0.26,0.2273,0.56,0.3284,226
3,2012-02-19,1,1,2,0,0,2,0.28,0.2727,0.52,0.2537,255
3,2012-02-19,1,1,2,0,0,1,0.3,0.303,0.49,0.1642,261
3,2012-02-19,1,1,2,0,0,2,0.32,0.3182,0.45,0.194,237
3,2012-02-19,1,1,2,0,0,2,0.3,0.2879,0.49,0.194,253
3,2012-02-19,1,1,2,0,0,2,0.32,0.303,0.45,0.2836,212
3,2012-02-19,1,1,2,0,0,2,0.3,0.2879,0.49,0.2537,157
4,2012-02-19,1,1,2,0,0,2,0.3,0.2727,0.49,0.3284,167
4,2012-02-19,1,1,2,0,0,2,0.3,0.2879,0.52,0.2537,119
4,2012-02-19,1,1,2,0,0,2,0.3,0.2879,0.52,0.2836,103
4,2012-02-19,1,1,2,0,0,3,0.26,0.2576,0.65,0.1642,36
4,2012-02-19,1,1,2,0,0,3,0.24,0.2576,0.75,0.0896,55
4,2012-02-19,1,1,2,0,0,2,0.22,0.2273,0.93,0.1642,35
1,2012-02-20,1,1,2,1,0,2,0.24,0.2576,0.87,0.0896,41
1,2012-02-20,1,1,2,1,0,2,0.24,0.2576,0.87,0.0896,15
1,2012-02-20,1,1,2,1,0,2,0.24,0.2576,0.87,0.0896,20
1,2012-02-20,1,1,2,1,0,2,0.24,0.2273,0.81,0.194,8
1,2012-02-20,1,1,2,1,0,2,0.24,0.2121,0.6,0.3582,6
2,2012-02-20,1,1,2,1,0,1,0.24,0.197,0.52,0.4179,10
2,2012-02-20,1,1,2,1,0,2,0.22,0.197,0.55,0.3284,44
2,2012-02-20,1,1,2,1,0,1,0.2,0.1818,0.59,0.3582,120
2,2012-02-20,1,1,2,1,0,1,0.2,0.1818,0.59,0.3582,110
2,2012-02-20,1,1,2,1,0,1,0.22,0.197,0.55,0.4478,143
2,2012-02-20,1,1,2,1,0,1,0.26,0.2273,0.48,0.3582,208
3,2012-02-20,1,1,2,1,0,1,0.28,0.2727,0.45,0.2239,281
3,2012-02-20,1,1,2,1,0,1,0.3,0.2879,0.42,0.2836,312
3,2012-02-20,1,1,2,1,0,1,0.32,0.3182,0.36,0.194,263
3,2012-02-20,1,1,2,1,0,1,0.34,0.3182,0.34,0.2239,289
3,2012-02-20,1,1,2,1,0,1,0.36,0.3788,0.29,0.1045,280
3,2012-02-20,1,1,2,1,0,1,0.38,0.3939,0.27,0.2537,253
4,2012-02-20,1,1,2,1,0,1,0.34,0.3182,0.34,0.2239,242
4,2012-02-20,1,1,2,1,0,1,0.34,0.3182,0.34,0.2239,172
4,2012-02-20,1,1,2,1,0,1,0.34,0.3333,0.34,0.194,126
4,2012-02-20,1,1,2,1,0,1,0.3,0.303,0.39,0.1642,98
4,2012-02-20,1,1,2,1,0,1,0.3,0.3182,0.45,0.0896,62
4,2012-02-20,1,1,2,1,0,1,0.3,0.3333,0.39,0.0,26
1,2012-02-21,1,1,2,2,1,1,0.26,0.303,0.65,0.0,12
1,2012-02-21,1,1,2,2,1,1,0.26,0.303,0.56,0.0,7
1,2012-02-21,1,1,2,2,1,1,0.24,0.2879,0.6,0.0,3
1,2012-02-21,1,1,2,2,1,1,0.22,0.2727,0.64,0.0,2
1,2012-02-21,1,1,2,2,1,1,0.2,0.2576,0.69,0.0,15
2,2012-02-21,1,1,2,2,1,1,0.2,0.2576,0.75,0.0,86
2,2012-02-21,1,1,2,2,1,1,0.22,0.2727,0.64,0.0,279
2,2012-02-21,1,1,2,2,1,1,0.2,0.2273,0.69,0.0896,464
2,2012-02-21,1,1,2,2,1,1,0.2,0.2273,0.75,0.1045,217
2,2012-02-21,1,1,2,2,1,1,0.24,0.2273,0.7,0.194,85
2,2012-02-21,1,1,2,2,1,2,0.26,0.2424,0.7,0.2836,86
3,2012-02-21,1,1,2,2,1,2,0.3,0.2727,0.56,0.3881,163
3,2012-02-21,1,1,2,2,1,1,0.34,0.303,0.49,0.4179,131
3,2012-02-21,1,1,2,2,1,2,0.32,0.2879,0.53,0.3881,124
3,2012-02-21,1,1,2,2,1,1,0.34,0.303,0.49,0.4179,160
3,2012-02-21,1,1,2,2,1,1,0.36,0.3333,0.46,0.4179,254
3,2012-02-21,1,1,2,2,1,1,0.38,0.3939,0.4,0.4478,432
4,2012-02-21,1,1,2,2,1,1,0.38,0.3939,0.4,0.4478,425
4,2012-02-21,1,1,2,2,1,1,0.36,0.3333,0.46,0.2985,304
4,2012-02-21,1,1,2,2,1,1,0.34,0.3182,0.53,0.2537,227
4,2012-02-21,1,1,2,2,1,1,0.34,0.3333,0.61,0.1642,154
4,2012-02-21,1,1,2,2,1,2,0.34,0.3333,0.71,0.194,100
4,2012-02-21,1,1,2,2,1,1,0.32,0.303,0.66,0.2239,47
1,2012-02-22,1,1,2,3,1,1,0.32,0.303,0.66,0.2239,24
1,2012-02-22,1,1,2,3,1,1,0.32,0.3333,0.7,0.1343,7
1,2012-02-22,1,1,2,3,1,1,0.34,0.3182,0.66,0.2836,6
1,2012-02-22,1,1,2,3,1,2,0.34,0.3182,0.71,0.2239,4
1,2012-02-22,1,1,2,3,1,1,0.34,0.3333,0.71,0.1642,2
1,2012-02-22,1,1,2,3,1,1,0.32,0.3333,0.7,0.1045,30
2,2012-02-22,1,1,2,3,1,1,0.32,0.3182,0.76,0.1642,90
2,2012-02-22,1,1,2,3,1,1,0.32,0.3333,0.76,0.0896,302
2,2012-02-22,1,1,2,3,1,1,0.3,0.3182,0.75,0.0896,576
2,2012-02-22,1,1,2,3,1,1,0.32,0.3333,0.7,0.0896,252
2,2012-02-22,1,1,2,3,1,1,0.34,0.3485,0.71,0.0896,139
2,2012-02-22,1,1,2,3,1,1,0.36,0.3485,0.66,0.1642,171
3,2012-02-22,1,1,2,3,1,1,0.4,0.4091,0.62,0.2836,207
3,2012-02-22,1,1,2,3,1,1,0.42,0.4242,0.54,0.2985,190
3,2012-02-22,1,1,2,3,1,1,0.44,0.4394,0.54,0.3284,177
3,2012-02-22,1,1,2,3,1,1,0.5,0.4848,0.31,0.4179,195
3,2012-02-22,1,1,2,3,1,1,0.52,0.5,0.29,0.4627,298
3,2012-02-22,1,1,2,3,1,1,0.52,0.5,0.32,0.3881,529
4,2012-02-22,1,1,2,3,1,2,0.48,0.4697,0.41,0.3284,525
4,2012-02-22,1,1,2,3,1,2,0.46,0.4545,0.44,0.2836,327
4,2012-02-22,1,1,2,3,1,2,0.44,0.4394,0.47,0.194,274
4,2012-02-22,1,1,2,3,1,2,0.48,0.4697,0.33,0.2836,239
4,2012-02-22,1,1,2,3,1,2,0.44,0.4394,0.47,0.2537,147
4,2012-02-22,1,1,2,3,1,2,0.46,0.4545,0.41,0.2836,62
1,2012-02-23,1,1,2,4,1,2,0.44,0.4394,0.47,0.2537,42
1,2012-02-23,1,1,2,4,1,2,0.44,0.4394,0.58,0.2836,15
1,2012-02-23,1,1,2,4,1,2,0.44,0.4394,0.62,0.2239,9
1,2012-02-23,1,1,2,4,1,3,0.44,0.4394,0.67,0.194,6
1,2012-02-23,1,1,2,4,1,1,0.4,0.4091,0.76,0.2239,1
1,2012-02-23,1,1,2,4,1,1,0.4,0.4091,0.76,0.2239,32
2,2012-02-23,1,1,2,4,1,1,0.36,0.3485,0.87,0.194,91
2,2012-02-23,1,1,2,4,1,1,0.36,0.3485,0.81,0.2239,326
2,2012-02-23,1,1,2,4,1,1,0.34,0.3333,0.87,0.194,560
2,2012-02-23,1,1,2,4,1,1,0.36,0.3333,0.81,0.2537,242
2,2012-02-23,1,1,2,4,1,1,0.42,0.4242,0.67,0.194,148
2,2012-02-23,1,1,2,4,1,1,0.48,0.4697,0.48,0.2836,182
3,2012-02-23,1,1,2,4,1,1,0.5,0.4848,0.42,0.2537,224
3,2012-02-23,1,1,2,4,1,1,0.52,0.5,0.39,0.194,218
3,2012-02-23,1,1,2,4,1,1,0.54,0.5152,0.37,0.2537,192
3,2012-02-23,1,1,2,4,1,1,0.54,0.5152,0.33,0.1343,217
3,2012-02-23,1,1,2,4,1,1,0.56,0.5303,0.32,0.0,343
3,2012-02-23,1,1,2,4,1,1,0.54,0.5152,0.32,0.1642,610
4,2012-02-23,1,1,2,4,1,1,0.54,0.5152,0.37,0.1343,522
4,2012-02-23,1,1,2,4,1,1,0.5,0.4848,0.39,0.0896,369
4,2012-02-23,1,1,2,4,1,1,0.46,0.4545,0.44,0.1343,269
4,2012-02-23,1,1,2,4,1,1,0.44,0.4394,0.51,0.2239,222
4,2012-02-23,1,1,2,4,1,1,0.44,0.4394,0.54,0.2537,137
4,2012-02-23,1,1,2,4,1,1,0.44,0.4394,0.54,0.0,85
1,2012-02-24,1,1,2,5,1,2,0.44,0.4394,0.58,0.0896,46
1,2012-02-24,1,1,2,5,1,1,0.44,0.4394,0.62,0.194,18
1,2012-02-24,1,1,2,5,1,3,0.42,0.4242,0.77,0.2836,5
1,2012-02-24,1,1,2,5,1,1,0.42,0.4242,0.82,0.1343,5
1,2012-02-24,1,1,2,5,1,1,0.4,0.4091,0.87,0.1343,2
1,2012-02-24,1,1,2,5,1,2,0.4,0.4091,0.87,0.194,26
2,2012-02-24,1,1,2,5,1,2,0.4,0.4091,0.87,0.1642,82
2,2012-02-24,1,1,2,5,1,2,0.4,0.4091,0.76,0.2239,272
2,2012-02-24,1,1,2,5,1,2,0.38,0.3939,0.76,0.3284,469
2,2012-02-24,1,1,2,5,1,3,0.36,0.3333,0.81,0.2537,244
2,2012-02-24,1,1,2,5,1,3,0.36,0.3485,0.81,0.1642,141
2,2012-02-24,1,1,2,5,1,2,0.36,0.3636,0.81,0.1045,163
3,2012-02-24,1,1,2,5,1,2,0.4,0.4091,0.76,0.1343,228
3,2012-02-24,1,1,2,5,1,2,0.42,0.4242,0.71,0.1045,183
3,2012-02-24,1,1,2,5,1,2,0.46,0.4545,0.67,0.1045,31
3,2012-02-24,1,1,2,5,1,3,0.4,0.4091,0.87,0.194,94
3,2012-02-24,1,1,2,5,1,3,0.4,0.4091,0.87,0.194,178
3,2012-02-24,1,1,2,5,1,3,0.42,0.4242,0.94,0.1045,256
4,2012-02-24,1,1,2,5,1,2,0.42,0.4242,0.94,0.0,300
4,2012-02-24,1,1,2,5,1,2,0.44,0.4394,0.88,0.1045,233
4,2012-02-24,1,1,2,5,1,1,0.44,0.4394,0.62,0.4179,167
4,2012-02-24,1,1,2,5,1,1,0.42,0.4242,0.35,0.806,152
4,2012-02-24,1,1,2,5,1,1,0.4,0.4091,0.37,0.5821,106
4,2012-02-24,1,1,2,5,1,1,0.38,0.3939,0.37,0.6866,86
1,2012-02-25,1,1,2,6,0,1,0.36,0.3333,0.43,0.3881,61
1,2012-02-25,1,1,2,6,0,1,0.34,0.303,0.42,0.3582,46
1,2012-02-25,1,1,2,6,0,1,0.32,0.303,0.45,0.2537,38
1,2012-02-25,1,1,2,6,0,1,0.3,0.2727,0.45,0.2985,7
1,2012-02-25,1,1,2,6,0,1,0.3,0.2727,0.42,0.3284,2
1,2012-02-25,1,1,2,6,0,2,0.3,0.2727,0.42,0.2985,3
2,2012-02-25,1,1,2,6,0,2,0.3,0.2727,0.42,0.2985,13
2,2012-02-25,1,1,2,6,0,1,0.28,0.2424,0.45,0.4478,23
2,2012-02-25,1,1,2,6,0,1,0.26,0.2273,0.48,0.2985,93
2,2012-02-25,1,1,2,6,0,3,0.22,0.197,0.75,0.3284,122
2,2012-02-25,1,1,2,6,0,1,0.26,0.2273,0.6,0.3582,183
2,2012-02-25,1,1,2,6,0,1,0.3,0.2576,0.39,0.6119,210
3,2012-02-25,1,1,2,6,0,1,0.32,0.2727,0.29,0.6567,258
3,2012-02-25,1,1,2,6,0,1,0.32,0.2879,0.31,0.4925,226
3,2012-02-25,1,1,2,6,0,1,0.32,0.2727,0.29,0.5522,216
3,2012-02-25,1,1,2,6,0,1,0.32,0.2879,0.29,0.4179,232
3,2012-02-25,1,1,2,6,0,1,0.32,0.2727,0.26,0.5821,195
3,2012-02-25,1,1,2,6,0,1,0.3,0.2727,0.33,0.3582,159
4,2012-02-25,1,1,2,6,0,1,0.3,0.2576,0.28,0.5821,133
4,2012-02-25,1,1,2,6,0,1,0.26,0.2121,0.33,0.4478,149
4,2012-02-25,1,1,2,6,0,1,0.26,0.2121,0.3,0.5522,105
4,2012-02-25,1,1,2,6,0,1,0.24,0.2121,0.35,0.3284,85
4,2012-02-25,1,1,2,6,0,1,0.24,0.197,0.38,0.4627,82
4,2012-02-25,1,1,2,6,0,1,0.24,0.197,0.41,0.4179,91
1,2012-02-26,1,1,2,0,0,1,0.24,0.2121,0.41,0.3582,70
1,2012-02-26,1,1,2,0,0,1,0.24,0.2121,0.44,0.3284,55
1,2012-02-26,1,1,2,0,0,1,0.24,0.2121,0.44,0.3284,42
1,2012-02-26,1,1,2,0,0,1,0.24,0.2273,0.41,0.194,21
1,2012-02-26,1,1,2,0,0,1,0.24,0.2273,0.41,0.194,6
1,2012-02-26,1,1,2,0,0,1,0.22,0.2121,0.44,0.2239,5
2,2012-02-26,1,1,2,0,0,1,0.22,0.197,0.44,0.3284,2
2,2012-02-26,1,1,2,0,0,1,0.2,0.1818,0.51,0.2985,22
2,2012-02-26,1,1,2,0,0,1,0.2,0.197,0.51,0.2537,59
2,2012-02-26,1,1,2,0,0,1,0.22,0.2121,0.47,0.2239,87
2,2012-02-26,1,1,2,0,0,1,0.26,0.2576,0.41,0.1642,188
2,2012-02-26,1,1,2,0,0,1,0.28,0.2576,0.41,0.2836,227
3,2012-02-26,1,1,2,0,0,1,0.3,0.303,0.39,0.1343,305
3,2012-02-26,1,1,2,0,0,1,0.32,0.3333,0.36,0.0,325
3,2012-02-26,1,1,2,0,0,1,0.34,0.3485,0.31,0.0,331
3,2012-02-26,1,1,2,0,0,1,0.36,0.3485,0.29,0.0,353
3,2012-02-26,1,1,2,0,0,1,0.36,0.3333,0.32,0.2537,339
3,2012-02-26,1,1,2,0,0,1,0.36,0.3485,0.32,0.2239,287
4,2012-02-26,1,1,2,0,0,1,0.34,0.3182,0.36,0.2836,216
4,2012-02-26,1,1,2,0,0,1,0.34,0.3333,0.34,0.1642,143
4,2012-02-26,1,1,2,0,0,1,0.32,0.3182,0.42,0.1642,88
4,2012-02-26,1,1,2,0,0,1,0.3,0.303,0.45,0.1343,83
4,2012-02-26,1,1,2,0,0,1,0.3,0.2879,0.42,0.2239,71
4,2012-02-26,1,1,2,0,0,1,0.26,0.2576,0.56,0.1642,64
1,2012-02-27,1,1,2,1,1,1,0.26,0.2424,0.6,0.2537,29
1,2012-02-27,1,1,2,1,1,1,0.26,0.2576,0.65,0.2239,6
1,2012-02-27,1,1,2,1,1,1,0.26,0.2273,0.7,0.2985,4
1,2012-02-27,1,1,2,1,1,1,0.24,0.2424,0.75,0.1642,2
1,2012-02-27,1,1,2,1,1,1,0.22,0.2273,0.8,0.1343,1
1,2012-02-27,1,1,2,1,1,1,0.22,0.2273,0.8,0.1343,16
2,2012-02-27,1,1,2,1,1,1,0.24,0.2273,0.7,0.2537,90
2,2012-02-27,1,1,2,1,1,1,0.24,0.2273,0.6,0.2239,280
2,2012-02-27,1,1,2,1,1,1,0.24,0.2424,0.6,0.0,528
2,2012-02-27,1,1,2,1,1,1,0.26,0.2576,0.6,0.194,230
2,2012-02-27,1,1,2,1,1,1,0.32,0.303,0.45,0.2537,104
2,2012-02-27,1,1,2,1,1,1,0.36,0.3333,0.43,0.2537,103
3,2012-02-27,1,1,2,1,1,1,0.4,0.4091,0.37,0.2985,177
3,2012-02-27,1,1,2,1,1,1,0.4,0.4091,0.43,0.2836,182
3,2012-02-27,1,1,2,1,1,1,0.46,0.4545,0.36,0.2836,158
3,2012-02-27,1,1,2,1,1,1,0.52,0.5,0.25,0.4179,174
3,2012-02-27,1,1,2,1,1,1,0.54,0.5152,0.26,0.4478,286
3,2012-02-27,1,1,2,1,1,1,0.54,0.5152,0.24,0.4478,529
4,2012-02-27,1,1,2,1,1,1,0.52,0.5,0.27,0.4179,527
4,2012-02-27,1,1,2,1,1,1,0.5,0.4848,0.29,0.3881,334
4,2012-02-27,1,1,2,1,1,1,0.48,0.4697,0.33,0.3582,219
4,2012-02-27,1,1,2,1,1,1,0.46,0.4545,0.36,0.2836,195
4,2012-02-27,1,1,2,1,1,1,0.44,0.4394,0.44,0.2537,92
4,2012-02-27,1,1,2,1,1,1,0.42,0.4242,0.5,0.1642,56
1,2012-02-28,1,1,2,2,1,1,0.42,0.4242,0.54,0.1343,10
1,2012-02-28,1,1,2,2,1,1,0.38,0.3939,0.62,0.1642,6
1,2012-02-28,1,1,2,2,1,1,0.4,0.4091,0.54,0.1045,3
1,2012-02-28,1,1,2,2,1,1,0.4,0.4091,0.32,0.3582,6
1,2012-02-28,1,1,2,2,1,1,0.32,0.2879,0.42,0.3582,2
1,2012-02-28,1,1,2,2,1,1,0.32,0.2879,0.42,0.3582,21
2,2012-02-28,1,1,2,2,1,1,0.3,0.2727,0.45,0.3284,101
2,2012-02-28,1,1,2,2,1,1,0.28,0.2576,0.45,0.2985,325
2,2012-02-28,1,1,2,2,1,1,0.26,0.2424,0.48,0.2836,559
2,2012-02-28,1,1,2,2,1,1,0.28,0.2576,0.45,0.3582,232
2,2012-02-28,1,1,2,2,1,1,0.3,0.2727,0.42,0.2985,132
2,2012-02-28,1,1,2,2,1,1,0.34,0.3182,0.36,0.2537,163
3,2012-02-28,1,1,2,2,1,1,0.36,0.3485,0.34,0.1343,183
3,2012-02-28,1,1,2,2,1,1,0.36,0.3636,0.32,0.1045,190
3,2012-02-28,1,1,2,2,1,1,0.4,0.4091,0.28,0.1045,134
3,2012-02-28,1,1,2,2,1,1,0.42,0.4242,0.26,0.0896,166
3,2012-02-28,1,1,2,2,1,1,0.42,0.4242,0.28,0.0896,287
3,2012-02-28,1,1,2,2,1,1,0.42,0.4242,0.26,0.0896,530
4,2012-02-28,1,1,2,2,1,1,0.42,0.4242,0.28,0.1642,449
4,2012-02-28,1,1,2,2,1,1,0.42,0.4242,0.26,0.0,306
4,2012-02-28,1,1,2,2,1,1,0.4,0.4091,0.3,0.1343,204
4,2012-02-28,1,1,2,2,1,1,0.34,0.3485,0.46,0.1045,188
4,2012-02-28,1,1,2,2,1,1,0.34,0.3485,0.46,0.1045,101
4,2012-02-28,1,1,2,2,1,1,0.32,0.303,0.53,0.2239,65
1,2012-02-29,1,1,2,3,1,1,0.32,0.3333,0.53,0.1045,32
1,2012-02-29,1,1,2,3,1,1,0.32,0.3333,0.49,0.1045,6
1,2012-02-29,1,1,2,3,1,1,0.3,0.2879,0.56,0.2239,4
1,2012-02-29,1,1,2,3,1,1,0.28,0.303,0.7,0.0896,2
1,2012-02-29,1,1,2,3,1,1,0.26,0.2879,0.75,0.0896,29
2,2012-02-29,1,1,2,3,1,2,0.28,0.303,0.75,0.0896,104
2,2012-02-29,1,1,2,3,1,2,0.26,0.2727,0.81,0.1343,253
2,2012-02-29,1,1,2,3,1,2,0.28,0.2879,0.75,0.1045,116
2,2012-02-29,1,1,2,3,1,3,0.3,0.303,0.81,0.1642,38
2,2012-02-29,1,1,2,3,1,3,0.3,0.303,0.81,0.1642,10
2,2012-02-29,1,1,2,3,1,3,0.3,0.2879,0.87,0.194,10
3,2012-02-29,1,1,2,3,1,3,0.32,0.303,0.93,0.3284,70
3,2012-02-29,1,1,2,3,1,2,0.36,0.3333,0.93,0.3582,76
3,2012-02-29,1,1,2,3,1,2,0.36,0.3333,0.93,0.3582,56
3,2012-02-29,1,1,2,3,1,2,0.4,0.4091,0.82,0.2836,90
3,2012-02-29,1,1,2,3,1,3,0.4,0.4091,0.82,0.2239,167
3,2012-02-29,1,1,2,3,1,2,0.4,0.4091,0.87,0.1642,253
4,2012-02-29,1,1,2,3,1,3,0.4,0.4091,0.87,0.0,192
4,2012-02-29,1,1,2,3,1,2,0.4,0.4091,0.87,0.1045,102
4,2012-02-29,1,1,2,3,1,3,0.42,0.4242,0.88,0.1642,97
4,2012-02-29,1,1,2,3,1,3,0.42,0.4242,0.88,0.1642,39
4,2012-02-29,1,1,2,3,1,3,0.42,0.4242,0.94,0.2537,55
4,2012-02-29,1,1,2,3,1,3,0.42,0.4242,0.94,0.2537,33
1,2012-03-01,1,1,3,4,1,2,0.42,0.4242,0.94,0.0,11
1,2012-03-01,1,1,3,4,1,3,0.46,0.4545,0.94,0.1045,12
1,2012-03-01,1,1,3,4,1,2,0.46,0.4545,0.94,0.2836,6
1,2012-03-01,1,1,3,4,1,1,0.46,0.4545,0.94,0.2239,3
1,2012-03-01,1,1,3,4,1,1,0.48,0.4697,0.88,0.194,5
1,2012-03-01,1,1,3,4,1,1,0.48,0.4697,0.88,0.1642,18
2,2012-03-01,1,1,3,4,1,2,0.42,0.4242,0.94,0.0,109
2,2012-03-01,1,1,3,4,1,2,0.44,0.4394,0.94,0.1343,304
2,2012-03-01,1,1,3,4,1,1,0.42,0.4242,0.94,0.1343,594
2,2012-03-01,1,1,3,4,1,1,0.46,0.4545,0.77,0.2537,286
2,2012-03-01,1,1,3,4,1,1,0.52,0.5,0.55,0.1642,133
2,2012-03-01,1,1,3,4,1,1,0.56,0.5303,0.43,0.194,168
3,2012-03-01,1,1,3,4,1,1,0.56,0.5303,0.37,0.2239,220
3,2012-03-01,1,1,3,4,1,1,0.58,0.5455,0.32,0.2537,211
3,2012-03-01,1,1,3,4,1,1,0.58,0.5455,0.35,0.2239,211
3,2012-03-01,1,1,3,4,1,1,0.6,0.6212,0.31,0.2537,223
3,2012-03-01,1,1,3,4,1,1,0.58,0.5455,0.32,0.2985,361
3,2012-03-01,1,1,3,4,1,1,0.56,0.5303,0.35,0.2985,600
4,2012-03-01,1,1,3,4,1,1,0.54,0.5152,0.34,0.3582,525
4,2012-03-01,1,1,3,4,1,1,0.48,0.4697,0.41,0.3284,328
4,2012-03-01,1,1,3,4,1,1,0.44,0.4394,0.44,0.4179,254
4,2012-03-01,1,1,3,4,1,1,0.42,0.4242,0.47,0.4627,197
4,2012-03-01,1,1,3,4,1,1,0.38,0.3939,0.5,0.2537,126
4,2012-03-01,1,1,3,4,1,1,0.36,0.3485,0.5,0.2239,85
1,2012-03-02,1,1,3,5,1,1,0.34,0.3333,0.53,0.1642,46
1,2012-03-02,1,1,3,5,1,1,0.34,0.3182,0.49,0.2239,20
1,2012-03-02,1,1,3,5,1,1,0.34,0.3182,0.53,0.2836,6
1,2012-03-02,1,1,3,5,1,1,0.32,0.3182,0.57,0.194,3
1,2012-03-02,1,1,3,5,1,1,0.32,0.3485,0.61,0.0,2
1,2012-03-02,1,1,3,5,1,1,0.3,0.3333,0.7,0.0,24
2,2012-03-02,1,1,3,5,1,1,0.3,0.3333,0.7,0.0,92
2,2012-03-02,1,1,3,5,1,1,0.3,0.3333,0.7,0.0,262
2,2012-03-02,1,1,3,5,1,1,0.28,0.303,0.75,0.0896,549
2,2012-03-02,1,1,3,5,1,1,0.3,0.3333,0.81,0.0,314
2,2012-03-02,1,1,3,5,1,1,0.36,0.3485,0.5,0.1642,132
2,2012-03-02,1,1,3,5,1,1,0.38,0.3939,0.46,0.194,194
3,2012-03-02,1,1,3,5,1,1,0.4,0.4091,0.43,0.1642,234
3,2012-03-02,1,1,3,5,1,1,0.42,0.4242,0.44,0.2239,222
3,2012-03-02,1,1,3,5,1,2,0.44,0.4394,0.44,0.2836,205
3,2012-03-02,1,1,3,5,1,2,0.42,0.4242,0.5,0.2985,78
3,2012-03-02,1,1,3,5,1,3,0.4,0.4091,0.58,0.2985,50
3,2012-03-02,1,1,3,5,1,3,0.36,0.3485,0.81,0.2239,128
4,2012-03-02,1,1,3,5,1,3,0.36,0.3485,0.87,0.194,160
4,2012-03-02,1,1,3,5,1,3,0.36,0.3485,0.87,0.194,174
4,2012-03-02,1,1,3,5,1,2,0.36,0.3485,0.87,0.194,100
4,2012-03-02,1,1,3,5,1,3,0.36,0.3636,0.87,0.0896,101
4,2012-03-02,1,1,3,5,1,2,0.36,0.3788,0.87,0.0,75
4,2012-03-02,1,1,3,5,1,2,0.36,0.3788,0.87,0.0,23
1,2012-03-03,1,1,3,6,0,3,0.36,0.3636,0.93,0.0896,22
1,2012-03-03,1,1,3,6,0,3,0.36,0.3788,0.93,0.0,44
1,2012-03-03,1,1,3,6,0,3,0.36,0.3636,0.93,0.0896,38
1,2012-03-03,1,1,3,6,0,2,0.36,0.3485,0.93,0.1642,21
1,2012-03-03,1,1,3,6,0,2,0.36,0.3485,0.93,0.194,2
1,2012-03-03,1,1,3,6,0,2,0.36,0.3636,0.93,0.0896,2
2,2012-03-03,1,1,3,6,0,2,0.36,0.3636,0.93,0.0896,7
2,2012-03-03,1,1,3,6,0,2,0.36,0.3485,0.93,0.1343,16
2,2012-03-03,1,1,3,6,0,3,0.36,0.3788,0.93,0.0,48
2,2012-03-03,1,1,3,6,0,3,0.38,0.3939,0.87,0.0896,94
2,2012-03-03,1,1,3,6,0,2,0.4,0.4091,0.87,0.0,168
2,2012-03-03,1,1,3,6,0,2,0.4,0.4091,0.87,0.0896,214
3,2012-03-03,1,1,3,6,0,2,0.42,0.4242,0.67,0.2537,299
3,2012-03-03,1,1,3,6,0,1,0.44,0.4394,0.51,0.2836,339
3,2012-03-03,1,1,3,6,0,2,0.46,0.4545,0.44,0.3582,430
3,2012-03-03,1,1,3,6,0,1,0.48,0.4697,0.29,0.2985,399
3,2012-03-03,1,1,3,6,0,1,0.5,0.4848,0.27,0.2985,467
3,2012-03-03,1,1,3,6,0,1,0.5,0.4848,0.23,0.3284,385
4,2012-03-03,1,1,3,6,0,1,0.5,0.4848,0.25,0.2537,303
4,2012-03-03,1,1,3,6,0,1,0.46,0.4545,0.33,0.1642,225
4,2012-03-03,1,1,3,6,0,1,0.44,0.4394,0.3,0.1343,149
4,2012-03-03,1,1,3,6,0,1,0.46,0.4545,0.19,0.3284,154
4,2012-03-03,1,1,3,6,0,1,0.44,0.4394,0.21,0.1343,134
4,2012-03-03,1,1,3,6,0,1,0.42,0.4242,0.24,0.0,106
1,2012-03-04,1,1,3,0,0,2,0.4,0.4091,0.3,0.3582,72
1,2012-03-04,1,1,3,0,0,2,0.38,0.3939,0.34,0.194,76
1,2012-03-04,1,1,3,0,0,2,0.36,0.3485,0.4,0.1642,80
1,2012-03-04,1,1,3,0,0,2,0.36,0.3485,0.43,0.1343,26
1,2012-03-04,1,1,3,0,0,2,0.34,0.3333,0.46,0.194,14
1,2012-03-04,1,1,3,0,0,2,0.34,0.3182,0.46,0.2239,5
2,2012-03-04,1,1,3,0,0,2,0.3,0.2727,0.52,0.2985,5
2,2012-03-04,1,1,3,0,0,2,0.3,0.2727,0.52,0.2985,23
2,2012-03-04,1,1,3,0,0,1,0.3,0.2727,0.52,0.3284,66
2,2012-03-04,1,1,3,0,0,1,0.3,0.2727,0.49,0.4478,118
2,2012-03-04,1,1,3,0,0,1,0.3,0.2727,0.49,0.3284,192
2,2012-03-04,1,1,3,0,0,1,0.32,0.2879,0.45,0.3881,256
3,2012-03-04,1,1,3,0,0,1,0.34,0.303,0.42,0.3582,327
3,2012-03-04,1,1,3,0,0,1,0.36,0.3333,0.37,0.3582,364
3,2012-03-04,1,1,3,0,0,1,0.36,0.3333,0.34,0.3582,332
3,2012-03-04,1,1,3,0,0,1,0.36,0.3182,0.32,0.5224,334
3,2012-03-04,1,1,3,0,0,1,0.36,0.3182,0.29,0.4925,299
3,2012-03-04,1,1,3,0,0,1,0.34,0.2879,0.31,0.5522,263
4,2012-03-04,1,1,3,0,0,1,0.32,0.2727,0.33,0.6119,184
4,2012-03-04,1,1,3,0,0,1,0.3,0.2576,0.36,0.4925,132
4,2012-03-04,1,1,3,0,0,1,0.28,0.2727,0.38,0.2537,88
4,2012-03-04,1,1,3,0,0,1,0.28,0.2727,0.36,0.2239,79
4,2012-03-04,1,1,3,0,0,1,0.26,0.2424,0.41,0.2537,62
4,2012-03-04,1,1,3,0,0,1,0.26,0.2576,0.41,0.194,26
1,2012-03-05,1,1,3,1,1,1,0.24,0.2273,0.44,0.194,17
1,2012-03-05,1,1,3,1,1,1,0.24,0.2424,0.48,0.1343,6
1,2012-03-05,1,1,3,1,1,1,0.24,0.2424,0.48,0.1343,4
1,2012-03-05,1,1,3,1,1,1,0.22,0.2273,0.51,0.1642,1
1,2012-03-05,1,1,3,1,1,1,0.2,0.2273,0.55,0.0896,1
1,2012-03-05,1,1,3,1,1,1,0.2,0.2273,0.55,0.0896,18
2,2012-03-05,1,1,3,1,1,1,0.18,0.197,0.59,0.1343,91
2,2012-03-05,1,1,3,1,1,1,0.18,0.197,0.59,0.1343,260
2,2012-03-05,1,1,3,1,1,1,0.2,0.2273,0.59,0.1045,428
2,2012-03-05,1,1,3,1,1,2,0.22,0.2576,0.6,0.0896,197
2,2012-03-05,1,1,3,1,1,2,0.24,0.2576,0.6,0.0,86
2,2012-03-05,1,1,3,1,1,2,0.26,0.2727,0.56,0.1343,103
3,2012-03-05,1,1,3,1,1,2,0.26,0.303,0.52,0.0,137
3,2012-03-05,1,1,3,1,1,2,0.26,0.2576,0.55,0.2985,120
3,2012-03-05,1,1,3,1,1,2,0.28,0.2576,0.57,0.3582,128
3,2012-03-05,1,1,3,1,1,2,0.3,0.2879,0.53,0.194,130
3,2012-03-05,1,1,3,1,1,1,0.3,0.2727,0.45,0.2985,210
3,2012-03-05,1,1,3,1,1,3,0.3,0.2727,0.45,0.2985,387
4,2012-03-05,1,1,3,1,1,3,0.28,0.2273,0.55,0.6567,375
4,2012-03-05,1,1,3,1,1,1,0.26,0.2576,0.53,0.2239,226
4,2012-03-05,1,1,3,1,1,1,0.26,0.2273,0.37,0.4627,179
4,2012-03-05,1,1,3,1,1,1,0.26,0.2273,0.37,0.3881,120
4,2012-03-05,1,1,3,1,1,1,0.24,0.2121,0.35,0.3284,78
4,2012-03-05,1,1,3,1,1,1,0.22,0.1818,0.37,0.5821,31
1,2012-03-06,1,1,3,2,1,1,0.22,0.2121,0.37,0.2985,8
1,2012-03-06,1,1,3,2,1,1,0.2,0.197,0.44,0.2537,6
1,2012-03-06,1,1,3,2,1,1,0.2,0.197,0.44,0.2239,4
1,2012-03-06,1,1,3,2,1,1,0.18,0.1667,0.51,0.2836,1
1,2012-03-06,1,1,3,2,1,1,0.18,0.1667,0.51,0.2985,3
1,2012-03-06,1,1,3,2,1,1,0.18,0.1818,0.51,0.2239,25
2,2012-03-06,1,1,3,2,1,1,0.18,0.2121,0.51,0.1045,102
2,2012-03-06,1,1,3,2,1,1,0.16,0.1818,0.55,0.1343,275
2,2012-03-06,1,1,3,2,1,1,0.16,0.1818,0.59,0.1045,501
2,2012-03-06,1,1,3,2,1,1,0.22,0.2727,0.47,0.0,233
2,2012-03-06,1,1,3,2,1,1,0.24,0.2576,0.44,0.0,129
2,2012-03-06,1,1,3,2,1,1,0.26,0.2576,0.41,0.1642,130
3,2012-03-06,1,1,3,2,1,1,0.26,0.2727,0.41,0.1045,138
3,2012-03-06,1,1,3,2,1,1,0.3,0.303,0.39,0.1343,164
3,2012-03-06,1,1,3,2,1,1,0.32,0.303,0.36,0.2239,136
3,2012-03-06,1,1,3,2,1,1,0.34,0.303,0.36,0.2985,166
3,2012-03-06,1,1,3,2,1,1,0.36,0.3333,0.32,0.2836,250
3,2012-03-06,1,1,3,2,1,1,0.36,0.3333,0.34,0.2836,446
4,2012-03-06,1,1,3,2,1,1,0.34,0.303,0.42,0.3284,457
4,2012-03-06,1,1,3,2,1,1,0.34,0.303,0.46,0.2985,287
4,2012-03-06,1,1,3,2,1,1,0.32,0.3182,0.49,0.194,187
4,2012-03-06,1,1,3,2,1,1,0.32,0.3182,0.49,0.194,148
4,2012-03-06,1,1,3,2,1,1,0.28,0.2727,0.56,0.1642,106
4,2012-03-06,1,1,3,2,1,1,0.28,0.2727,0.61,0.2239,54
1,2012-03-07,1,1,3,3,1,1,0.28,0.2576,0.65,0.2836,15
1,2012-03-07,1,1,3,3,1,1,0.3,0.2727,0.61,0.2985,5
1,2012-03-07,1,1,3,3,1,1,0.3,0.2879,0.56,0.2836,4
1,2012-03-07,1,1,3,3,1,1,0.3,0.2727,0.56,0.3582,3
1,2012-03-07,1,1,3,3,1,1,0.28,0.2576,0.61,0.3284,3
1,2012-03-07,1,1,3,3,1,1,0.28,0.2576,0.56,0.2985,18
2,2012-03-07,1,1,3,3,1,1,0.28,0.2576,0.61,0.3881,108
2,2012-03-07,1,1,3,3,1,1,0.26,0.2273,0.65,0.3881,344
2,2012-03-07,1,1,3,3,1,1,0.28,0.2576,0.61,0.2985,566
2,2012-03-07,1,1,3,3,1,1,0.3,0.2727,0.61,0.3284,264
2,2012-03-07,1,1,3,3,1,1,0.36,0.3333,0.5,0.2985,147
2,2012-03-07,1,1,3,3,1,1,0.42,0.4242,0.38,0.2985,161
3,2012-03-07,1,1,3,3,1,1,0.44,0.4394,0.38,0.3881,215
3,2012-03-07,1,1,3,3,1,1,0.5,0.4848,0.34,0.4179,205
3,2012-03-07,1,1,3,3,1,1,0.52,0.5,0.36,0.3284,175
3,2012-03-07,1,1,3,3,1,1,0.54,0.5152,0.37,0.4478,209
3,2012-03-07,1,1,3,3,1,1,0.56,0.5303,0.37,0.4179,288
3,2012-03-07,1,1,3,3,1,1,0.56,0.5303,0.43,0.4925,612
4,2012-03-07,1,1,3,3,1,1,0.56,0.5303,0.4,0.4627,544
4,2012-03-07,1,1,3,3,1,1,0.54,0.5152,0.42,0.3582,361
4,2012-03-07,1,1,3,3,1,1,0.5,0.4848,0.51,0.2537,260
4,2012-03-07,1,1,3,3,1,1,0.44,0.4394,0.62,0.2537,188
4,2012-03-07,1,1,3,3,1,1,0.46,0.4545,0.59,0.2985,159
4,2012-03-07,1,1,3,3,1,1,0.44,0.4394,0.62,0.3284,62
1,2012-03-08,1,1,3,4,1,1,0.44,0.4394,0.62,0.3284,46
1,2012-03-08,1,1,3,4,1,1,0.46,0.4545,0.63,0.3284,21
1,2012-03-08,1,1,3,4,1,1,0.46,0.4545,0.63,0.3881,11
1,2012-03-08,1,1,3,4,1,1,0.46,0.4545,0.63,0.3881,3
1,2012-03-08,1,1,3,4,1,1,0.44,0.4394,0.72,0.2836,2
1,2012-03-08,1,1,3,4,1,1,0.42,0.4242,0.77,0.2239,29
2,2012-03-08,1,1,3,4,1,1,0.42,0.4242,0.77,0.2537,109
2,2012-03-08,1,1,3,4,1,1,0.42,0.4242,0.77,0.3582,334
2,2012-03-08,1,1,3,4,1,1,0.44,0.4394,0.77,0.3881,585
2,2012-03-08,1,1,3,4,1,1,0.46,0.4545,0.72,0.4627,301
2,2012-03-08,1,1,3,4,1,1,0.5,0.4848,0.68,0.4627,138
2,2012-03-08,1,1,3,4,1,2,0.54,0.5152,0.6,0.4627,204
3,2012-03-08,1,1,3,4,1,2,0.56,0.5303,0.6,0.4478,251
3,2012-03-08,1,1,3,4,1,2,0.6,0.6212,0.49,0.6418,233
3,2012-03-08,1,1,3,4,1,2,0.62,0.6212,0.43,0.6418,203
3,2012-03-08,1,1,3,4,1,1,0.64,0.6212,0.38,0.6866,185
3,2012-03-08,1,1,3,4,1,2,0.62,0.6212,0.41,0.6418,342
3,2012-03-08,1,1,3,4,1,1,0.62,0.6212,0.38,0.6567,597
4,2012-03-08,1,1,3,4,1,2,0.62,0.6212,0.38,0.5522,590
4,2012-03-08,1,1,3,4,1,2,0.6,0.6212,0.4,0.4478,416
4,2012-03-08,1,1,3,4,1,2,0.6,0.6212,0.43,0.3881,302
4,2012-03-08,1,1,3,4,1,1,0.6,0.6212,0.43,0.3881,233
4,2012-03-08,1,1,3,4,1,1,0.56,0.5303,0.49,0.3284,153
4,2012-03-08,1,1,3,4,1,2,0.56,0.5303,0.49,0.4478,94
1,2012-03-09,1,1,3,5,1,2,0.58,0.5455,0.49,0.4627,54
1,2012-03-09,1,1,3,5,1,3,0.56,0.5303,0.52,0.4925,26
1,2012-03-09,1,1,3,5,1,3,0.48,0.4697,0.77,0.4179,11
1,2012-03-09,1,1,3,5,1,1,0.46,0.4545,0.77,0.5224,7
1,2012-03-09,1,1,3,5,1,3,0.4,0.4091,0.66,0.2836,1
1,2012-03-09,1,1,3,5,1,3,0.4,0.4091,0.66,0.2836,29
2,2012-03-09,1,1,3,5,1,2,0.4,0.4091,0.5,0.3582,85
2,2012-03-09,1,1,3,5,1,2,0.38,0.3939,0.4,0.2985,268
2,2012-03-09,1,1,3,5,1,2,0.34,0.2879,0.42,0.5224,501
2,2012-03-09,1,1,3,5,1,2,0.34,0.2879,0.42,0.5224,284
2,2012-03-09,1,1,3,5,1,2,0.34,0.2879,0.36,0.4925,159
2,2012-03-09,1,1,3,5,1,2,0.36,0.3333,0.34,0.3582,187
3,2012-03-09,1,1,3,5,1,1,0.36,0.3333,0.34,0.4179,201
3,2012-03-09,1,1,3,5,1,2,0.38,0.3939,0.29,0.3881,224
3,2012-03-09,1,1,3,5,1,1,0.42,0.4242,0.28,0.4627,178
3,2012-03-09,1,1,3,5,1,1,0.46,0.4545,0.24,0.2537,238
3,2012-03-09,1,1,3,5,1,1,0.48,0.4697,0.23,0.4179,343
3,2012-03-09,1,1,3,5,1,1,0.46,0.4545,0.24,0.3881,566
4,2012-03-09,1,1,3,5,1,1,0.44,0.4394,0.26,0.5224,470
4,2012-03-09,1,1,3,5,1,1,0.42,0.4242,0.28,0.6119,244
4,2012-03-09,1,1,3,5,1,1,0.38,0.3939,0.32,0.3582,159
4,2012-03-09,1,1,3,5,1,1,0.36,0.3333,0.34,0.3284,141
4,2012-03-09,1,1,3,5,1,1,0.34,0.2879,0.31,0.4925,107
4,2012-03-09,1,1,3,5,1,1,0.32,0.303,0.33,0.2985,86
1,2012-03-10,1,1,3,6,0,1,0.3,0.2727,0.36,0.3582,77
1,2012-03-10,1,1,3,6,0,1,0.3,0.2879,0.36,0.2537,51
1,2012-03-10,1,1,3,6,0,1,0.26,0.2424,0.41,0.2537,42
1,2012-03-10,1,1,3,6,0,1,0.26,0.2273,0.41,0.2985,16
1,2012-03-10,1,1,3,6,0,1,0.24,0.2121,0.41,0.3582,4
1,2012-03-10,1,1,3,6,0,1,0.22,0.2121,0.42,0.2836,10
2,2012-03-10,1,1,3,6,0,1,0.22,0.2121,0.44,0.2836,12
2,2012-03-10,1,1,3,6,0,1,0.22,0.2121,0.44,0.2537,40
2,2012-03-10,1,1,3,6,0,1,0.22,0.2121,0.44,0.2985,111
2,2012-03-10,1,1,3,6,0,1,0.24,0.2121,0.41,0.3284,148
2,2012-03-10,1,1,3,6,0,1,0.26,0.2273,0.35,0.4179,223
2,2012-03-10,1,1,3,6,0,1,0.3,0.2727,0.33,0.3284,274
3,2012-03-10,1,1,3,6,0,1,0.3,0.2727,0.33,0.3284,329
3,2012-03-10,1,1,3,6,0,1,0.32,0.303,0.29,0.2836,357
3,2012-03-10,1,1,3,6,0,1,0.34,0.3182,0.27,0.2836,379
3,2012-03-10,1,1,3,6,0,1,0.34,0.3636,0.25,0.0,406
3,2012-03-10,1,1,3,6,0,1,0.36,0.3636,0.23,0.0,390
3,2012-03-10,1,1,3,6,0,1,0.36,0.3788,0.23,0.0,354
4,2012-03-10,1,1,3,6,0,1,0.36,0.3636,0.21,0.0896,297
4,2012-03-10,1,1,3,6,0,1,0.34,0.3636,0.25,0.0,184
4,2012-03-10,1,1,3,6,0,1,0.32,0.3333,0.33,0.1343,121
4,2012-03-10,1,1,3,6,0,1,0.3,0.2879,0.39,0.2239,110
4,2012-03-10,1,1,3,6,0,1,0.26,0.2576,0.44,0.1642,100
4,2012-03-10,1,1,3,6,0,1,0.26,0.2576,0.41,0.194,83
1,2012-03-11,1,1,3,0,0,1,0.26,0.2879,0.44,0.0896,69
1,2012-03-11,1,1,3,0,0,1,0.24,0.2424,0.52,0.1642,61
1,2012-03-11,1,1,3,0,0,1,0.24,0.2424,0.6,0.1343,66
1,2012-03-11,1,1,3,0,0,1,0.24,0.2424,0.6,0.1343,22
1,2012-03-11,1,1,3,0,0,1,0.24,0.2424,0.6,0.1642,7
2,2012-03-11,1,1,3,0,0,1,0.24,0.2424,0.7,0.1642,10
2,2012-03-11,1,1,3,0,0,1,0.22,0.2273,0.69,0.1343,17
2,2012-03-11,1,1,3,0,0,1,0.22,0.2273,0.69,0.1343,72
2,2012-03-11,1,1,3,0,0,1,0.26,0.2576,0.6,0.2239,90
2,2012-03-11,1,1,3,0,0,1,0.32,0.303,0.49,0.2836,218
2,2012-03-11,1,1,3,0,0,1,0.36,0.3333,0.43,0.2836,299
3,2012-03-11,1,1,3,0,0,1,0.4,0.4091,0.37,0.2985,410
3,2012-03-11,1,1,3,0,0,1,0.42,0.4242,0.41,0.2985,464
3,2012-03-11,1,1,3,0,0,1,0.46,0.4545,0.31,0.2836,501
3,2012-03-11,1,1,3,0,0,1,0.5,0.4848,0.29,0.2985,487
3,2012-03-11,1,1,3,0,0,1,0.5,0.4848,0.31,0.3582,509
3,2012-03-11,1,1,3,0,0,1,0.52,0.5,0.27,0.2985,498
4,2012-03-11,1,1,3,0,0,1,0.52,0.5,0.29,0.2836,389
4,2012-03-11,1,1,3,0,0,1,0.5,0.4848,0.31,0.2836,258
4,2012-03-11,1,1,3,0,0,1,0.44,0.4394,0.47,0.2239,171
4,2012-03-11,1,1,3,0,0,1,0.42,0.4242,0.54,0.2239,147
4,2012-03-11,1,1,3,0,0,1,0.4,0.4091,0.54,0.194,94
4,2012-03-11,1,1,3,0,0,1,0.4,0.4091,0.5,0.1642,52
1,2012-03-12,1,1,3,1,1,1,0.38,0.3939,0.54,0.194,24
1,2012-03-12,1,1,3,1,1,1,0.38,0.3939,0.5,0.1343,10
1,2012-03-12,1,1,3,1,1,1,0.38,0.3939,0.54,0.1045,9
1,2012-03-12,1,1,3,1,1,1,0.36,0.3485,0.5,0.1343,2
1,2012-03-12,1,1,3,1,1,1,0.34,0.3333,0.61,0.194,3
1,2012-03-12,1,1,3,1,1,1,0.34,0.3333,0.61,0.194,16
2,2012-03-12,1,1,3,1,1,1,0.34,0.3485,0.57,0.1045,88
2,2012-03-12,1,1,3,1,1,1,0.34,0.3485,0.53,0.1045,268
2,2012-03-12,1,1,3,1,1,1,0.34,0.3333,0.61,0.1343,564
2,2012-03-12,1,1,3,1,1,1,0.38,0.3939,0.54,0.1642,281
2,2012-03-12,1,1,3,1,1,1,0.4,0.4091,0.5,0.2239,137
2,2012-03-12,1,1,3,1,1,1,0.44,0.4394,0.44,0.2239,150
3,2012-03-12,1,1,3,1,1,1,0.48,0.4697,0.39,0.2239,221
3,2012-03-12,1,1,3,1,1,2,0.54,0.5152,0.32,0.2537,250
3,2012-03-12,1,1,3,1,1,2,0.58,0.5455,0.32,0.2836,221
3,2012-03-12,1,1,3,1,1,1,0.56,0.5303,0.4,0.1343,233
3,2012-03-12,1,1,3,1,1,1,0.62,0.6212,0.35,0.4478,332
3,2012-03-12,1,1,3,1,1,2,0.62,0.6212,0.38,0.4179,644
4,2012-03-12,1,1,3,1,1,2,0.6,0.6212,0.43,0.194,712
4,2012-03-12,1,1,3,1,1,2,0.56,0.5303,0.49,0.2239,446
4,2012-03-12,1,1,3,1,1,2,0.56,0.5303,0.49,0.2239,286
4,2012-03-12,1,1,3,1,1,2,0.54,0.5152,0.56,0.2239,205
4,2012-03-12,1,1,3,1,1,2,0.56,0.5303,0.56,0.2239,133
4,2012-03-12,1,1,3,1,1,1,0.56,0.5303,0.56,0.2239,63
1,2012-03-13,1,1,3,2,1,2,0.56,0.5303,0.52,0.194,26
1,2012-03-13,1,1,3,2,1,2,0.52,0.5,0.59,0.2239,16
1,2012-03-13,1,1,3,2,1,3,0.52,0.5,0.72,0.2985,1
1,2012-03-13,1,1,3,2,1,3,0.52,0.5,0.72,0.2985,2
1,2012-03-13,1,1,3,2,1,2,0.46,0.4545,0.82,0.194,1
1,2012-03-13,1,1,3,2,1,2,0.46,0.4545,0.82,0.194,24
2,2012-03-13,1,1,3,2,1,3,0.46,0.4545,0.82,0.194,113
2,2012-03-13,1,1,3,2,1,2,0.46,0.4545,0.82,0.2836,308
2,2012-03-13,1,1,3,2,1,1,0.46,0.4545,0.82,0.2836,593
2,2012-03-13,1,1,3,2,1,1,0.48,0.4697,0.82,0.2836,342
2,2012-03-13,1,1,3,2,1,1,0.52,0.5,0.77,0.2239,143
2,2012-03-13,1,1,3,2,1,1,0.54,0.5152,0.73,0.2836,219
3,2012-03-13,1,1,3,2,1,1,0.6,0.6061,0.6,0.2836,244
3,2012-03-13,1,1,3,2,1,1,0.6,0.6061,0.6,0.3881,233
3,2012-03-13,1,1,3,2,1,1,0.64,0.6212,0.53,0.3284,212
3,2012-03-13,1,1,3,2,1,1,0.7,0.6364,0.39,0.2239,264
3,2012-03-13,1,1,3,2,1,1,0.72,0.6515,0.34,0.3881,365
3,2012-03-13,1,1,3,2,1,1,0.7,0.6364,0.37,0.1045,676
4,2012-03-13,1,1,3,2,1,1,0.7,0.6364,0.34,0.2985,734
4,2012-03-13,1,1,3,2,1,1,0.64,0.6212,0.47,0.2239,479
4,2012-03-13,1,1,3,2,1,1,0.6,0.6212,0.49,0.1642,351
4,2012-03-13,1,1,3,2,1,1,0.58,0.5455,0.56,0.1045,244
4,2012-03-13,1,1,3,2,1,1,0.56,0.5303,0.6,0.0896,170
4,2012-03-13,1,1,3,2,1,1,0.56,0.5303,0.56,0.1343,87
1,2012-03-14,1,1,3,3,1,1,0.54,0.5152,0.6,0.1045,39
1,2012-03-14,1,1,3,3,1,1,0.52,0.5,0.63,0.0896,27
1,2012-03-14,1,1,3,3,1,1,0.5,0.4848,0.68,0.194,2
1,2012-03-14,1,1,3,3,1,1,0.48,0.4697,0.72,0.194,4
1,2012-03-14,1,1,3,3,1,1,0.48,0.4697,0.67,0.0896,5
1,2012-03-14,1,1,3,3,1,1,0.44,0.4394,0.82,0.1343,27
2,2012-03-14,1,1,3,3,1,1,0.44,0.4394,0.82,0.0896,121
2,2012-03-14,1,1,3,3,1,1,0.44,0.4394,0.82,0.1045,368
2,2012-03-14,1,1,3,3,1,1,0.44,0.4394,0.82,0.0,662
2,2012-03-14,1,1,3,3,1,1,0.52,0.5,0.68,0.0,351
2,2012-03-14,1,1,3,3,1,1,0.56,0.5303,0.56,0.1045,188
2,2012-03-14,1,1,3,3,1,2,0.62,0.6212,0.41,0.1642,220
3,2012-03-14,1,1,3,3,1,2,0.64,0.6212,0.29,0.0,267
3,2012-03-14,1,1,3,3,1,1,0.66,0.6212,0.27,0.2239,254
3,2012-03-14,1,1,3,3,1,1,0.7,0.6364,0.23,0.3284,224
3,2012-03-14,1,1,3,3,1,1,0.7,0.6364,0.24,0.0,283
3,2012-03-14,1,1,3,3,1,1,0.72,0.6364,0.25,0.194,356
3,2012-03-14,1,1,3,3,1,1,0.7,0.6364,0.28,0.0896,782
4,2012-03-14,1,1,3,3,1,1,0.7,0.6364,0.32,0.0,749
4,2012-03-14,1,1,3,3,1,1,0.64,0.6212,0.33,0.1642,472
4,2012-03-14,1,1,3,3,1,1,0.62,0.6212,0.35,0.1045,330
4,2012-03-14,1,1,3,3,1,1,0.6,0.6212,0.4,0.0896,288
4,2012-03-14,1,1,3,3,1,1,0.52,0.5,0.55,0.1343,202
4,2012-03-14,1,1,3,3,1,1,0.56,0.5303,0.43,0.1642,91
1,2012-03-15,1,1,3,4,1,1,0.54,0.5152,0.49,0.1343,60
1,2012-03-15,1,1,3,4,1,1,0.5,0.4848,0.59,0.1045,23
1,2012-03-15,1,1,3,4,1,1,0.5,0.4848,0.59,0.0,19
1,2012-03-15,1,1,3,4,1,1,0.5,0.4848,0.63,0.0,7
1,2012-03-15,1,1,3,4,1,1,0.44,0.4394,0.77,0.1045,14
1,2012-03-15,1,1,3,4,1,1,0.46,0.4545,0.67,0.0,26
2,2012-03-15,1,1,3,4,1,1,0.44,0.4394,0.72,0.0896,117
2,2012-03-15,1,1,3,4,1,1,0.44,0.4394,0.72,0.0896,381
2,2012-03-15,1,1,3,4,1,1,0.44,0.4394,0.77,0.1045,623
2,2012-03-15,1,1,3,4,1,1,0.48,0.4697,0.77,0.0896,315
2,2012-03-15,1,1,3,4,1,1,0.52,0.5,0.68,0.1045,164
2,2012-03-15,1,1,3,4,1,1,0.56,0.5303,0.6,0.1343,211
3,2012-03-15,1,1,3,4,1,2,0.62,0.6212,0.5,0.1343,265
3,2012-03-15,1,1,3,4,1,2,0.66,0.6212,0.41,0.0896,273
3,2012-03-15,1,1,3,4,1,2,0.72,0.6515,0.3,0.1045,258
3,2012-03-15,1,1,3,4,1,1,0.72,0.6515,0.32,0.2239,287
3,2012-03-15,1,1,3,4,1,1,0.72,0.6515,0.37,0.3881,426
3,2012-03-15,1,1,3,4,1,1,0.7,0.6364,0.39,0.2537,713
4,2012-03-15,1,1,3,4,1,1,0.66,0.6212,0.44,0.2836,746
4,2012-03-15,1,1,3,4,1,2,0.64,0.6212,0.5,0.194,425
4,2012-03-15,1,1,3,4,1,2,0.58,0.5455,0.6,0.3582,330
4,2012-03-15,1,1,3,4,1,1,0.54,0.5152,0.68,0.2836,243
4,2012-03-15,1,1,3,4,1,1,0.52,0.5,0.68,0.1343,169
4,2012-03-15,1,1,3,4,1,1,0.48,0.4697,0.72,0.194,97
1,2012-03-16,1,1,3,5,1,1,0.44,0.4394,0.77,0.2537,57
1,2012-03-16,1,1,3,5,1,2,0.42,0.4242,0.82,0.3284,26
1,2012-03-16,1,1,3,5,1,2,0.42,0.4242,0.82,0.194,4
1,2012-03-16,1,1,3,5,1,2,0.4,0.4091,0.87,0.2836,3
1,2012-03-16,1,1,3,5,1,2,0.4,0.4091,0.87,0.2537,3
1,2012-03-16,1,1,3,5,1,2,0.4,0.4091,0.87,0.2239,32
2,2012-03-16,1,1,3,5,1,2,0.4,0.4091,0.87,0.1642,99
2,2012-03-16,1,1,3,5,1,2,0.4,0.4091,0.87,0.194,278
2,2012-03-16,1,1,3,5,1,2,0.4,0.4091,0.87,0.2239,562
2,2012-03-16,1,1,3,5,1,2,0.42,0.4242,0.82,0.0,312
2,2012-03-16,1,1,3,5,1,2,0.4,0.4091,0.87,0.0896,180
2,2012-03-16,1,1,3,5,1,2,0.44,0.4394,0.77,0.0,207
3,2012-03-16,1,1,3,5,1,2,0.44,0.4394,0.82,0.1343,294
3,2012-03-16,1,1,3,5,1,2,0.46,0.4545,0.77,0.0896,260
3,2012-03-16,1,1,3,5,1,2,0.48,0.4697,0.72,0.0,202
3,2012-03-16,1,1,3,5,1,3,0.46,0.4545,0.82,0.1045,107
3,2012-03-16,1,1,3,5,1,3,0.48,0.4697,0.77,0.0,129
3,2012-03-16,1,1,3,5,1,3,0.48,0.4697,0.82,0.0896,258
4,2012-03-16,1,1,3,5,1,3,0.48,0.4697,0.82,0.0896,408
4,2012-03-16,1,1,3,5,1,2,0.46,0.4545,0.88,0.0,296
4,2012-03-16,1,1,3,5,1,1,0.46,0.4545,0.88,0.0,235
4,2012-03-16,1,1,3,5,1,2,0.44,0.4394,0.94,0.0,152
4,2012-03-16,1,1,3,5,1,2,0.44,0.4394,0.94,0.0,148
4,2012-03-16,1,1,3,5,1,2,0.44,0.4394,0.94,0.0,126
1,2012-03-17,1,1,3,6,0,2,0.44,0.4394,0.94,0.0896,100
1,2012-03-17,1,1,3,6,0,2,0.44,0.4394,0.94,0.0,69
1,2012-03-17,1,1,3,6,0,2,0.44,0.4394,0.88,0.0,42
1,2012-03-17,1,1,3,6,0,2,0.44,0.4394,0.88,0.0,26
1,2012-03-17,1,1,3,6,0,2,0.42,0.4242,0.94,0.0,2
1,2012-03-17,1,1,3,6,0,2,0.42,0.4242,0.94,0.0896,8
2,2012-03-17,1,1,3,6,0,2,0.42,0.4242,0.94,0.194,30
2,2012-03-17,1,1,3,6,0,2,0.4,0.4091,1.0,0.1343,86
2,2012-03-17,1,1,3,6,0,2,0.42,0.4242,0.94,0.1045,218
2,2012-03-17,1,1,3,6,0,2,0.44,0.4394,0.88,0.0896,321
2,2012-03-17,1,1,3,6,0,2,0.5,0.4848,0.77,0.0896,443
2,2012-03-17,1,1,3,6,0,2,0.52,0.5,0.77,0.1343,585
3,2012-03-17,1,1,3,6,0,1,0.56,0.5303,0.68,0.1642,651
3,2012-03-17,1,1,3,6,0,1,0.6,0.6061,0.6,0.1045,686
3,2012-03-17,1,1,3,6,0,1,0.62,0.6212,0.53,0.0896,690
3,2012-03-17,1,1,3,6,0,1,0.64,0.6212,0.53,0.1343,679
3,2012-03-17,1,1,3,6,0,1,0.64,0.6212,0.5,0.0,685
3,2012-03-17,1,1,3,6,0,1,0.64,0.6212,0.5,0.1343,648
4,2012-03-17,1,1,3,6,0,1,0.62,0.6212,0.57,0.2985,560
4,2012-03-17,1,1,3,6,0,1,0.58,0.5455,0.64,0.2836,417
4,2012-03-17,1,1,3,6,0,1,0.56,0.5303,0.64,0.194,271
4,2012-03-17,1,1,3,6,0,1,0.54,0.5152,0.68,0.1642,223
4,2012-03-17,1,1,3,6,0,1,0.54,0.5152,0.68,0.0,211
4,2012-03-17,1,1,3,6,0,1,0.5,0.4848,0.77,0.1642,185
1,2012-03-18,1,1,3,0,0,1,0.46,0.4545,0.88,0.194,107
1,2012-03-18,1,1,3,0,0,1,0.46,0.4545,0.82,0.1343,113
1,2012-03-18,1,1,3,0,0,2,0.46,0.4545,0.82,0.1045,56
1,2012-03-18,1,1,3,0,0,2,0.44,0.4394,0.88,0.1343,18
1,2012-03-18,1,1,3,0,0,2,0.42,0.4242,0.94,0.1642,14
1,2012-03-18,1,1,3,0,0,2,0.4,0.4091,0.94,0.1045,6
2,2012-03-18,1,1,3,0,0,2,0.4,0.4091,0.94,0.1045,11
2,2012-03-18,1,1,3,0,0,3,0.42,0.4242,0.88,0.1642,42
2,2012-03-18,1,1,3,0,0,2,0.42,0.4242,0.88,0.1045,96
2,2012-03-18,1,1,3,0,0,2,0.42,0.4242,0.88,0.0896,178
2,2012-03-18,1,1,3,0,0,2,0.42,0.4242,0.88,0.1045,351
2,2012-03-18,1,1,3,0,0,2,0.44,0.4394,0.82,0.1642,368
3,2012-03-18,1,1,3,0,0,2,0.44,0.4394,0.88,0.1343,503
3,2012-03-18,1,1,3,0,0,2,0.46,0.4545,0.82,0.1642,544
3,2012-03-18,1,1,3,0,0,2,0.5,0.4848,0.77,0.0896,521
3,2012-03-18,1,1,3,0,0,1,0.54,0.5152,0.68,0.0896,554
3,2012-03-18,1,1,3,0,0,1,0.54,0.5152,0.73,0.0896,541
3,2012-03-18,1,1,3,0,0,1,0.56,0.5303,0.64,0.0896,541
4,2012-03-18,1,1,3,0,0,1,0.56,0.5303,0.64,0.1642,459
4,2012-03-18,1,1,3,0,0,1,0.56,0.5303,0.64,0.1642,352
4,2012-03-18,1,1,3,0,0,1,0.52,0.5,0.77,0.1343,198
4,2012-03-18,1,1,3,0,0,1,0.52,0.5,0.72,0.0896,173
4,2012-03-18,1,1,3,0,0,1,0.5,0.4848,0.77,0.1045,100
4,2012-03-18,1,1,3,0,0,1,0.48,0.4697,0.82,0.1642,46
1,2012-03-19,1,1,3,1,1,1,0.48,0.4697,0.82,0.1045,23
1,2012-03-19,1,1,3,1,1,1,0.46,0.4545,0.88,0.1045,15
1,2012-03-19,1,1,3,1,1,1,0.46,0.4545,0.88,0.1642,8
1,2012-03-19,1,1,3,1,1,1,0.46,0.4545,0.88,0.0896,2
1,2012-03-19,1,1,3,1,1,1,0.44,0.4394,0.94,0.0,3
1,2012-03-19,1,1,3,1,1,1,0.44,0.4394,0.94,0.0,31
2,2012-03-19,1,1,3,1,1,1,0.46,0.4545,0.88,0.1343,120
2,2012-03-19,1,1,3,1,1,1,0.46,0.4545,0.88,0.194,354
2,2012-03-19,1,1,3,1,1,1,0.46,0.4545,0.88,0.1045,579
2,2012-03-19,1,1,3,1,1,1,0.5,0.4848,0.72,0.1642,331
2,2012-03-19,1,1,3,1,1,1,0.52,0.5,0.72,0.1343,184
2,2012-03-19,1,1,3,1,1,1,0.56,0.5303,0.68,0.1642,201
3,2012-03-19,1,1,3,1,1,1,0.6,0.6061,0.64,0.2537,282
3,2012-03-19,1,1,3,1,1,1,0.62,0.6061,0.61,0.2537,263
3,2012-03-19,1,1,3,1,1,2,0.64,0.6212,0.57,0.194,260
3,2012-03-19,1,1,3,1,1,1,0.64,0.6212,0.57,0.2239,286
3,2012-03-19,1,1,3,1,1,1,0.66,0.6212,0.5,0.2239,385
3,2012-03-19,1,1,3,1,1,1,0.64,0.6212,0.53,0.2239,721
4,2012-03-19,1,1,3,1,1,1,0.64,0.6212,0.57,0.2537,801
4,2012-03-19,1,1,3,1,1,1,0.62,0.6061,0.61,0.2239,549
4,2012-03-19,1,1,3,1,1,1,0.6,0.6061,0.64,0.2239,330
4,2012-03-19,1,1,3,1,1,1,0.6,0.6061,0.64,0.1642,223
4,2012-03-19,1,1,3,1,1,2,0.56,0.5303,0.73,0.1642,148
4,2012-03-19,1,1,3,1,1,2,0.56,0.5303,0.78,0.1343,54
1,2012-03-20,1,1,3,2,1,2,0.56,0.5303,0.78,0.0896,29
1,2012-03-20,1,1,3,2,1,1,0.54,0.5152,0.88,0.0,15
1,2012-03-20,1,1,3,2,1,1,0.54,0.5152,0.88,0.0896,10
1,2012-03-20,1,1,3,2,1,2,0.54,0.5152,0.88,0.0,3
1,2012-03-20,1,1,3,2,1,2,0.52,0.5,0.88,0.1343,6
1,2012-03-20,1,1,3,2,1,2,0.52,0.5,0.94,0.0,20
2,2012-03-20,1,1,3,2,1,2,0.52,0.5,0.94,0.1642,100
2,2012-03-20,1,1,3,2,1,3,0.52,0.5,0.94,0.2239,170
2,2012-03-20,1,1,3,2,1,2,0.52,0.5,0.88,0.1045,516
2,2012-03-20,1,1,3,2,1,2,0.54,0.5152,0.88,0.1642,325
2,2012-03-20,1,1,3,2,1,1,0.54,0.5152,0.88,0.194,163
2,2012-03-20,1,1,3,2,1,1,0.58,0.5455,0.83,0.1343,230
3,2012-03-20,1,1,3,2,1,1,0.6,0.5758,0.78,0.2537,261
3,2012-03-20,1,1,3,2,1,1,0.6,0.5758,0.78,0.194,284
3,2012-03-20,1,1,3,2,1,2,0.6,0.5909,0.73,0.1642,248
3,2012-03-20,1,1,3,2,1,2,0.62,0.6061,0.69,0.1045,244
3,2012-03-20,1,1,3,2,1,1,0.62,0.6061,0.66,0.2239,431
3,2012-03-20,1,1,3,2,1,1,0.6,0.5909,0.73,0.194,750
4,2012-03-20,1,1,3,2,1,1,0.6,0.5909,0.69,0.2537,801
4,2012-03-20,1,1,3,2,1,1,0.58,0.5455,0.73,0.1343,555
4,2012-03-20,1,1,3,2,1,1,0.58,0.5455,0.68,0.0896,377
4,2012-03-20,1,1,3,2,1,1,0.56,0.5303,0.73,0.0,277
4,2012-03-20,1,1,3,2,1,1,0.54,0.5152,0.77,0.0,188
4,2012-03-20,1,1,3,2,1,1,0.52,0.5,0.83,0.0,90
1,2012-03-21,2,1,3,3,1,1,0.52,0.5,0.88,0.0,33
1,2012-03-21,2,1,3,3,1,1,0.52,0.5,0.83,0.0896,26
1,2012-03-21,2,1,3,3,1,1,0.5,0.4848,0.88,0.1343,10
1,2012-03-21,2,1,3,3,1,2,0.5,0.4848,0.88,0.194,8
1,2012-03-21,2,1,3,3,1,2,0.5,0.4848,0.88,0.1343,4
1,2012-03-21,2,1,3,3,1,2,0.5,0.4848,0.88,0.1343,39
2,2012-03-21,2,1,3,3,1,2,0.48,0.4697,0.94,0.2239,149
2,2012-03-21,2,1,3,3,1,3,0.48,0.4697,0.94,0.194,372
2,2012-03-21,2,1,3,3,1,3,0.48,0.4697,0.94,0.1045,535
2,2012-03-21,2,1,3,3,1,2,0.5,0.4848,0.88,0.1642,293
2,2012-03-21,2,1,3,3,1,2,0.52,0.5,0.83,0.1642,154
2,2012-03-21,2,1,3,3,1,2,0.52,0.5,0.83,0.1642,192
3,2012-03-21,2,1,3,3,1,2,0.54,0.5152,0.77,0.0,229
3,2012-03-21,2,1,3,3,1,2,0.54,0.5152,0.83,0.0,303
3,2012-03-21,2,1,3,3,1,2,0.56,0.5303,0.78,0.0,225
3,2012-03-21,2,1,3,3,1,2,0.56,0.5303,0.78,0.0,243
3,2012-03-21,2,1,3,3,1,1,0.58,0.5455,0.73,0.0,378
3,2012-03-21,2,1,3,3,1,1,0.6,0.5909,0.69,0.0896,729
4,2012-03-21,2,1,3,3,1,1,0.6,0.5909,0.69,0.0,779
4,2012-03-21,2,1,3,3,1,1,0.6,0.6061,0.64,0.0,582
4,2012-03-21,2,1,3,3,1,1,0.56,0.5303,0.78,0.0896,374
4,2012-03-21,2,1,3,3,1,1,0.54,0.5152,0.83,0.1045,251
4,2012-03-21,2,1,3,3,1,1,0.52,0.5,0.83,0.1642,197
4,2012-03-21,2,1,3,3,1,1,0.54,0.5152,0.77,0.0,125
1,2012-03-22,2,1,3,4,1,1,0.52,0.5,0.83,0.0896,41
1,2012-03-22,2,1,3,4,1,1,0.52,0.5,0.83,0.0896,30
1,2012-03-22,2,1,3,4,1,1,0.52,0.5,0.83,0.0896,6
1,2012-03-22,2,1,3,4,1,1,0.52,0.5,0.83,0.0896,7
1,2012-03-22,2,1,3,4,1,2,0.48,0.4697,1.0,0.0896,6
1,2012-03-22,2,1,3,4,1,2,0.48,0.4697,1.0,0.0896,34
2,2012-03-22,2,1,3,4,1,2,0.48,0.4697,1.0,0.0896,136
2,2012-03-22,2,1,3,4,1,2,0.48,0.4697,1.0,0.0896,361
2,2012-03-22,2,1,3,4,1,2,0.5,0.4848,0.94,0.0896,649
2,2012-03-22,2,1,3,4,1,2,0.5,0.4848,0.94,0.0896,318
2,2012-03-22,2,1,3,4,1,2,0.5,0.4848,1.0,0.0896,142
2,2012-03-22,2,1,3,4,1,2,0.52,0.5,0.94,0.0,219
3,2012-03-22,2,1,3,4,1,2,0.54,0.5152,0.88,0.194,272
3,2012-03-22,2,1,3,4,1,1,0.58,0.5455,0.78,0.0896,298
3,2012-03-22,2,1,3,4,1,1,0.6,0.5909,0.73,0.1045,257
3,2012-03-22,2,1,3,4,1,1,0.62,0.6061,0.69,0.194,304
3,2012-03-22,2,1,3,4,1,1,0.64,0.6061,0.65,0.194,425
3,2012-03-22,2,1,3,4,1,1,0.66,0.6212,0.65,0.1642,810
4,2012-03-22,2,1,3,4,1,1,0.66,0.6212,0.65,0.1642,801
4,2012-03-22,2,1,3,4,1,1,0.66,0.6212,0.61,0.0,586
4,2012-03-22,2,1,3,4,1,1,0.62,0.5909,0.73,0.2836,424
4,2012-03-22,2,1,3,4,1,1,0.58,0.5455,0.78,0.1642,374
4,2012-03-22,2,1,3,4,1,1,0.56,0.5303,0.83,0.194,220
4,2012-03-22,2,1,3,4,1,1,0.56,0.5303,0.83,0.0896,151
1,2012-03-23,2,1,3,5,1,1,0.56,0.5303,0.83,0.0,95
1,2012-03-23,2,1,3,5,1,1,0.54,0.5152,0.88,0.0,50
1,2012-03-23,2,1,3,5,1,1,0.54,0.5152,0.88,0.0896,32
1,2012-03-23,2,1,3,5,1,1,0.52,0.5,0.88,0.1045,10
1,2012-03-23,2,1,3,5,1,2,0.5,0.4848,0.94,0.1045,3
1,2012-03-23,2,1,3,5,1,2,0.5,0.4848,0.94,0.0,34
2,2012-03-23,2,1,3,5,1,2,0.5,0.4848,0.88,0.0,116
2,2012-03-23,2,1,3,5,1,2,0.5,0.4848,0.93,0.1343,346
2,2012-03-23,2,1,3,5,1,2,0.5,0.4848,0.94,0.1343,662
2,2012-03-23,2,1,3,5,1,2,0.52,0.5,0.9,0.0896,380
2,2012-03-23,2,1,3,5,1,2,0.56,0.5303,0.88,0.1045,275
2,2012-03-23,2,1,3,5,1,2,0.62,0.5909,0.73,0.1045,318
3,2012-03-23,2,1,3,5,1,2,0.66,0.6212,0.61,0.2239,471
3,2012-03-23,2,1,3,5,1,2,0.7,0.6515,0.48,0.0,428
3,2012-03-23,2,1,3,5,1,2,0.72,0.6515,0.42,0.1045,432
3,2012-03-23,2,1,3,5,1,2,0.72,0.6515,0.42,0.1343,472
3,2012-03-23,2,1,3,5,1,2,0.72,0.6515,0.42,0.1642,589
3,2012-03-23,2,1,3,5,1,2,0.72,0.6515,0.42,0.1642,957
4,2012-03-23,2,1,3,5,1,1,0.7,0.6364,0.45,0.1642,830
4,2012-03-23,2,1,3,5,1,1,0.66,0.6212,0.5,0.194,686
4,2012-03-23,2,1,3,5,1,1,0.66,0.6212,0.47,0.1343,445
4,2012-03-23,2,1,3,5,1,1,0.62,0.6212,0.53,0.1045,284
4,2012-03-23,2,1,3,5,1,1,0.6,0.6061,0.64,0.2836,271
4,2012-03-23,2,1,3,5,1,1,0.6,0.5909,0.69,0.2537,176
1,2012-03-24,2,1,3,6,0,1,0.58,0.5455,0.68,0.0,156
1,2012-03-24,2,1,3,6,0,1,0.56,0.5303,0.73,0.0896,128
1,2012-03-24,2,1,3,6,0,1,0.54,0.5152,0.77,0.1045,69
1,2012-03-24,2,1,3,6,0,1,0.54,0.5152,0.77,0.1045,32
1,2012-03-24,2,1,3,6,0,1,0.52,0.5,0.83,0.0896,7
1,2012-03-24,2,1,3,6,0,2,0.52,0.5,0.83,0.1642,4
2,2012-03-24,2,1,3,6,0,2,0.52,0.5,0.83,0.1642,28
2,2012-03-24,2,1,3,6,0,2,0.5,0.4848,0.88,0.1343,70
2,2012-03-24,2,1,3,6,0,2,0.5,0.4848,0.94,0.194,154
2,2012-03-24,2,1,3,6,0,2,0.52,0.5,0.83,0.1343,249
2,2012-03-24,2,1,3,6,0,2,0.52,0.5,0.88,0.194,345
2,2012-03-24,2,1,3,6,0,2,0.5,0.4848,0.94,0.194,273
3,2012-03-24,2,1,3,6,0,3,0.52,0.5,0.94,0.2239,183
3,2012-03-24,2,1,3,6,0,3,0.52,0.5,0.94,0.2537,196
3,2012-03-24,2,1,3,6,0,3,0.52,0.5,0.88,0.3582,223
3,2012-03-24,2,1,3,6,0,3,0.5,0.4848,0.94,0.4179,290
3,2012-03-24,2,1,3,6,0,3,0.5,0.4848,0.94,0.2985,177
3,2012-03-24,2,1,3,6,0,3,0.5,0.4848,0.88,0.2239,115
4,2012-03-24,2,1,3,6,0,3,0.46,0.4545,0.94,0.2239,137
4,2012-03-24,2,1,3,6,0,3,0.46,0.4545,0.94,0.1343,133
4,2012-03-24,2,1,3,6,0,3,0.44,0.4394,1.0,0.194,111
4,2012-03-24,2,1,3,6,0,3,0.44,0.4394,1.0,0.194,104
4,2012-03-24,2,1,3,6,0,3,0.44,0.4394,1.0,0.2537,83
4,2012-03-24,2,1,3,6,0,2,0.44,0.4394,0.94,0.2836,105
1,2012-03-25,2,1,3,0,0,2,0.44,0.4394,0.94,0.2836,80
1,2012-03-25,2,1,3,0,0,2,0.42,0.4242,1.0,0.2537,89
1,2012-03-25,2,1,3,0,0,3,0.42,0.4242,1.0,0.2985,35
1,2012-03-25,2,1,3,0,0,3,0.42,0.4242,0.94,0.2985,18
1,2012-03-25,2,1,3,0,0,2,0.42,0.4242,0.94,0.3284,8
1,2012-03-25,2,1,3,0,0,2,0.4,0.4091,1.0,0.2537,6
2,2012-03-25,2,1,3,0,0,2,0.4,0.4091,1.0,0.2537,18
2,2012-03-25,2,1,3,0,0,2,0.4,0.4091,0.94,0.3284,39
2,2012-03-25,2,1,3,0,0,2,0.4,0.4091,0.94,0.3284,89
2,2012-03-25,2,1,3,0,0,2,0.4,0.4091,0.94,0.2537,118
2,2012-03-25,2,1,3,0,0,2,0.4,0.4091,0.87,0.3284,250
2,2012-03-25,2,1,3,0,0,2,0.4,0.4091,0.94,0.2537,323
3,2012-03-25,2,1,3,0,0,2,0.4,0.4091,0.94,0.2239,360
3,2012-03-25,2,1,3,0,0,2,0.42,0.4242,0.88,0.1642,367
3,2012-03-25,2,1,3,0,0,2,0.44,0.4394,0.88,0.1642,414
3,2012-03-25,2,1,3,0,0,2,0.44,0.4394,0.88,0.194,421
3,2012-03-25,2,1,3,0,0,1,0.48,0.4697,0.77,0.0,492
3,2012-03-25,2,1,3,0,0,1,0.5,0.4848,0.72,0.0896,419
4,2012-03-25,2,1,3,0,0,1,0.5,0.4848,0.72,0.0896,491
4,2012-03-25,2,1,3,0,0,1,0.5,0.4848,0.72,0.2537,375
4,2012-03-25,2,1,3,0,0,1,0.48,0.4697,0.77,0.2239,259
4,2012-03-25,2,1,3,0,0,1,0.48,0.4697,0.77,0.1642,149
4,2012-03-25,2,1,3,0,0,1,0.46,0.4545,0.82,0.1343,111
4,2012-03-25,2,1,3,0,0,1,0.48,0.4697,0.82,0.1343,65
1,2012-03-26,2,1,3,1,1,2,0.48,0.4697,0.82,0.1642,33
1,2012-03-26,2,1,3,1,1,1,0.48,0.4697,0.82,0.2537,28
1,2012-03-26,2,1,3,1,1,1,0.46,0.4545,0.88,0.2239,20
1,2012-03-26,2,1,3,1,1,1,0.46,0.4545,0.82,0.194,1
1,2012-03-26,2,1,3,1,1,1,0.44,0.4394,0.82,0.1642,4
1,2012-03-26,2,1,3,1,1,1,0.44,0.4394,0.77,0.1642,36
2,2012-03-26,2,1,3,1,1,1,0.42,0.4242,0.82,0.194,117
2,2012-03-26,2,1,3,1,1,1,0.44,0.4394,0.72,0.194,370
2,2012-03-26,2,1,3,1,1,1,0.44,0.4394,0.62,0.2239,657
2,2012-03-26,2,1,3,1,1,1,0.46,0.4545,0.47,0.2836,282
2,2012-03-26,2,1,3,1,1,1,0.5,0.4848,0.36,0.5821,153
2,2012-03-26,2,1,3,1,1,1,0.48,0.4697,0.31,0.5821,178
3,2012-03-26,2,1,3,1,1,1,0.48,0.4697,0.33,0.5224,279
3,2012-03-26,2,1,3,1,1,1,0.48,0.4697,0.29,0.6866,301
3,2012-03-26,2,1,3,1,1,1,0.48,0.4697,0.33,0.4478,217
3,2012-03-26,2,1,3,1,1,1,0.48,0.4697,0.29,0.6119,223
3,2012-03-26,2,1,3,1,1,1,0.48,0.4697,0.25,0.6418,305
3,2012-03-26,2,1,3,1,1,1,0.46,0.4545,0.24,0.4478,664
4,2012-03-26,2,1,3,1,1,1,0.44,0.4394,0.26,0.4478,684
4,2012-03-26,2,1,3,1,1,1,0.42,0.4242,0.24,0.3582,458
4,2012-03-26,2,1,3,1,1,1,0.4,0.4091,0.26,0.5224,221
4,2012-03-26,2,1,3,1,1,1,0.38,0.3939,0.25,0.4925,186
4,2012-03-26,2,1,3,1,1,1,0.36,0.3333,0.25,0.3582,93
4,2012-03-26,2,1,3,1,1,1,0.34,0.2879,0.25,0.5224,48
1,2012-03-27,2,1,3,2,1,1,0.32,0.2879,0.26,0.5224,10
1,2012-03-27,2,1,3,2,1,1,0.3,0.2727,0.26,0.4627,5
1,2012-03-27,2,1,3,2,1,1,0.26,0.2273,0.3,0.2985,7
1,2012-03-27,2,1,3,2,1,1,0.26,0.2273,0.3,0.3284,4
1,2012-03-27,2,1,3,2,1,1,0.24,0.2121,0.32,0.3582,3
1,2012-03-27,2,1,3,2,1,1,0.22,0.2121,0.37,0.2836,17
2,2012-03-27,2,1,3,2,1,1,0.22,0.2273,0.37,0.194,101
2,2012-03-27,2,1,3,2,1,1,0.22,0.2273,0.37,0.194,286
2,2012-03-27,2,1,3,2,1,1,0.22,0.2121,0.37,0.2985,581
2,2012-03-27,2,1,3,2,1,1,0.24,0.2273,0.38,0.194,267
2,2012-03-27,2,1,3,2,1,1,0.26,0.2576,0.35,0.2239,138
2,2012-03-27,2,1,3,2,1,1,0.3,0.303,0.31,0.1642,175
3,2012-03-27,2,1,3,2,1,1,0.32,0.3182,0.31,0.1642,220
3,2012-03-27,2,1,3,2,1,1,0.36,0.3485,0.27,0.0,211
3,2012-03-27,2,1,3,2,1,1,0.4,0.4091,0.24,0.1343,184
3,2012-03-27,2,1,3,2,1,1,0.42,0.4242,0.2,0.0,200
3,2012-03-27,2,1,3,2,1,1,0.42,0.4242,0.2,0.0,305
3,2012-03-27,2,1,3,2,1,1,0.44,0.4394,0.16,0.0,614
4,2012-03-27,2,1,3,2,1,1,0.42,0.4242,0.17,0.0896,644
4,2012-03-27,2,1,3,2,1,1,0.42,0.4242,0.17,0.0,417
4,2012-03-27,2,1,3,2,1,1,0.42,0.4242,0.17,0.0896,294
4,2012-03-27,2,1,3,2,1,1,0.36,0.3485,0.37,0.1642,221
4,2012-03-27,2,1,3,2,1,1,0.36,0.3485,0.37,0.1343,134
4,2012-03-27,2,1,3,2,1,1,0.36,0.3485,0.37,0.194,64
1,2012-03-28,2,1,3,3,1,1,0.36,0.3333,0.4,0.2836,30
1,2012-03-28,2,1,3,3,1,1,0.36,0.3333,0.46,0.2985,8
1,2012-03-28,2,1,3,3,1,1,0.34,0.303,0.49,0.2985,3
1,2012-03-28,2,1,3,3,1,1,0.34,0.303,0.42,0.3284,5
1,2012-03-28,2,1,3,3,1,1,0.36,0.3333,0.43,0.2985,1
1,2012-03-28,2,1,3,3,1,1,0.36,0.3333,0.43,0.2985,40
2,2012-03-28,2,1,3,3,1,1,0.36,0.3333,0.46,0.3582,115
2,2012-03-28,2,1,3,3,1,1,0.36,0.3333,0.46,0.3284,358
2,2012-03-28,2,1,3,3,1,1,0.38,0.3939,0.46,0.3582,658
2,2012-03-28,2,1,3,3,1,1,0.4,0.4091,0.43,0.4478,314
2,2012-03-28,2,1,3,3,1,1,0.46,0.4545,0.41,0.4179,173
2,2012-03-28,2,1,3,3,1,1,0.5,0.4848,0.42,0.3881,222
3,2012-03-28,2,1,3,3,1,2,0.54,0.5152,0.39,0.3582,268
3,2012-03-28,2,1,3,3,1,1,0.56,0.5303,0.43,0.3284,273
3,2012-03-28,2,1,3,3,1,1,0.62,0.6212,0.38,0.3582,221
3,2012-03-28,2,1,3,3,1,2,0.62,0.6212,0.41,0.2985,199
3,2012-03-28,2,1,3,3,1,3,0.62,0.6212,0.43,0.0896,221
3,2012-03-28,2,1,3,3,1,1,0.6,0.6061,0.6,0.2239,604
4,2012-03-28,2,1,3,3,1,1,0.6,0.6061,0.6,0.2239,641
4,2012-03-28,2,1,3,3,1,1,0.6,0.6212,0.56,0.194,456
4,2012-03-28,2,1,3,3,1,1,0.6,0.6212,0.56,0.2985,362
4,2012-03-28,2,1,3,3,1,1,0.58,0.5455,0.6,0.2537,261
4,2012-03-28,2,1,3,3,1,1,0.56,0.5303,0.64,0.1343,172
4,2012-03-28,2,1,3,3,1,1,0.54,0.5152,0.68,0.1343,93
1,2012-03-29,2,1,3,4,1,1,0.54,0.5152,0.68,0.194,48
1,2012-03-29,2,1,3,4,1,1,0.56,0.5303,0.6,0.1343,33
1,2012-03-29,2,1,3,4,1,1,0.6,0.6061,0.28,0.2985,6
1,2012-03-29,2,1,3,4,1,1,0.58,0.5455,0.28,0.2537,5
1,2012-03-29,2,1,3,4,1,1,0.52,0.5,0.36,0.2537,9
1,2012-03-29,2,1,3,4,1,1,0.5,0.4848,0.45,0.2239,32
2,2012-03-29,2,1,3,4,1,1,0.46,0.4545,0.59,0.2537,117
2,2012-03-29,2,1,3,4,1,1,0.46,0.4545,0.51,0.3582,367
2,2012-03-29,2,1,3,4,1,1,0.46,0.4545,0.47,0.4179,654
2,2012-03-29,2,1,3,4,1,1,0.48,0.4697,0.48,0.4179,321
2,2012-03-29,2,1,3,4,1,1,0.46,0.4545,0.47,0.4478,166
2,2012-03-29,2,1,3,4,1,1,0.5,0.4848,0.45,0.4179,220
3,2012-03-29,2,1,3,4,1,1,0.5,0.4848,0.42,0.4925,292
3,2012-03-29,2,1,3,4,1,1,0.46,0.4545,0.44,0.3284,273
3,2012-03-29,2,1,3,4,1,1,0.5,0.4848,0.42,0.3582,238
3,2012-03-29,2,1,3,4,1,1,0.52,0.5,0.39,0.3582,307
3,2012-03-29,2,1,3,4,1,1,0.52,0.5,0.36,0.3284,388
3,2012-03-29,2,1,3,4,1,1,0.52,0.5,0.38,0.3881,703
4,2012-03-29,2,1,3,4,1,1,0.5,0.4848,0.39,0.2985,681
4,2012-03-29,2,1,3,4,1,1,0.48,0.4697,0.39,0.2836,468
4,2012-03-29,2,1,3,4,1,1,0.46,0.4545,0.38,0.2985,335
4,2012-03-29,2,1,3,4,1,1,0.44,0.4394,0.44,0.2836,224
4,2012-03-29,2,1,3,4,1,1,0.42,0.4242,0.44,0.2836,152
4,2012-03-29,2,1,3,4,1,1,0.42,0.4242,0.47,0.2985,94
1,2012-03-30,2,1,3,5,1,1,0.4,0.4091,0.47,0.2985,59
1,2012-03-30,2,1,3,5,1,1,0.38,0.3939,0.5,0.2836,27
1,2012-03-30,2,1,3,5,1,1,0.36,0.3333,0.53,0.2985,7
1,2012-03-30,2,1,3,5,1,1,0.34,0.3333,0.61,0.1343,7
1,2012-03-30,2,1,3,5,1,1,0.34,0.3485,0.53,0.0896,2
1,2012-03-30,2,1,3,5,1,1,0.32,0.3333,0.61,0.0896,26
2,2012-03-30,2,1,3,5,1,1,0.32,0.3333,0.57,0.1343,86
2,2012-03-30,2,1,3,5,1,1,0.32,0.3182,0.57,0.1642,289
2,2012-03-30,2,1,3,5,1,1,0.32,0.3182,0.66,0.1642,593
2,2012-03-30,2,1,3,5,1,1,0.34,0.3333,0.57,0.1642,321
2,2012-03-30,2,1,3,5,1,2,0.36,0.3636,0.57,0.1045,187
2,2012-03-30,2,1,3,5,1,2,0.36,0.3788,0.53,0.0,201
3,2012-03-30,2,1,3,5,1,2,0.38,0.3939,0.54,0.0,270
3,2012-03-30,2,1,3,5,1,3,0.4,0.4091,0.5,0.0,242
3,2012-03-30,2,1,3,5,1,3,0.4,0.4091,0.54,0.0,229
3,2012-03-30,2,1,3,5,1,3,0.42,0.4242,0.54,0.0,280
3,2012-03-30,2,1,3,5,1,3,0.4,0.4091,0.62,0.2836,367
3,2012-03-30,2,1,3,5,1,2,0.4,0.4091,0.62,0.2239,606
4,2012-03-30,2,1,3,5,1,1,0.42,0.4242,0.54,0.194,560
4,2012-03-30,2,1,3,5,1,1,0.4,0.4091,0.62,0.2239,395
4,2012-03-30,2,1,3,5,1,1,0.4,0.4091,0.62,0.1642,209
4,2012-03-30,2,1,3,5,1,1,0.38,0.3939,0.66,0.1343,220
4,2012-03-30,2,1,3,5,1,1,0.36,0.3485,0.71,0.1642,153
4,2012-03-30,2,1,3,5,1,1,0.36,0.3788,0.71,0.0,123
1,2012-03-31,2,1,3,6,0,1,0.38,0.3939,0.82,0.194,92
1,2012-03-31,2,1,3,6,0,2,0.4,0.4091,0.76,0.194,82
1,2012-03-31,2,1,3,6,0,2,0.42,0.4242,0.77,0.2537,69
1,2012-03-31,2,1,3,6,0,1,0.4,0.4091,0.82,0.2537,31
1,2012-03-31,2,1,3,6,0,1,0.42,0.4242,0.77,0.4179,8
1,2012-03-31,2,1,3,6,0,1,0.4,0.4091,0.82,0.2239,5
2,2012-03-31,2,1,3,6,0,2,0.36,0.3485,0.87,0.1642,23
2,2012-03-31,2,1,3,6,0,2,0.36,0.3485,0.87,0.1642,44
2,2012-03-31,2,1,3,6,0,2,0.36,0.3485,0.87,0.194,145
2,2012-03-31,2,1,3,6,0,2,0.4,0.4091,0.76,0.194,223
2,2012-03-31,2,1,3,6,0,2,0.4,0.4091,0.76,0.1343,313
2,2012-03-31,2,1,3,6,0,1,0.46,0.4545,0.72,0.1343,463
3,2012-03-31,2,1,3,6,0,1,0.48,0.4697,0.67,0.0,621
3,2012-03-31,2,1,3,6,0,1,0.54,0.5152,0.6,0.1343,638
3,2012-03-31,2,1,3,6,0,2,0.5,0.4848,0.63,0.2537,551
3,2012-03-31,2,1,3,6,0,2,0.52,0.5,0.59,0.2836,605
3,2012-03-31,2,1,3,6,0,2,0.5,0.4848,0.63,0.2985,535
3,2012-03-31,2,1,3,6,0,1,0.48,0.4697,0.67,0.4179,543
4,2012-03-31,2,1,3,6,0,2,0.44,0.4394,0.72,0.4627,341
4,2012-03-31,2,1,3,6,0,1,0.42,0.4242,0.71,0.4478,284
4,2012-03-31,2,1,3,6,0,2,0.4,0.4091,0.71,0.3284,208
4,2012-03-31,2,1,3,6,0,2,0.4,0.4091,0.71,0.3284,143
4,2012-03-31,2,1,3,6,0,2,0.38,0.3939,0.71,0.2537,156
4,2012-03-31,2,1,3,6,0,2,0.36,0.3333,0.76,0.2836,112
1,2012-04-01,2,1,4,0,0,2,0.36,0.3333,0.76,0.2537,67
1,2012-04-01,2,1,4,0,0,2,0.36,0.3485,0.76,0.1642,62
1,2012-04-01,2,1,4,0,0,2,0.36,0.3485,0.76,0.1642,81
1,2012-04-01,2,1,4,0,0,2,0.34,0.3333,0.81,0.1343,25
1,2012-04-01,2,1,4,0,0,2,0.34,0.3485,0.81,0.0896,12
1,2012-04-01,2,1,4,0,0,2,0.34,0.3485,0.81,0.0896,18
2,2012-04-01,2,1,4,0,0,2,0.36,0.3485,0.76,0.1343,97
2,2012-04-01,2,1,4,0,0,2,0.36,0.3485,0.71,0.1343,84
2,2012-04-01,2,1,4,0,0,2,0.36,0.3636,0.76,0.0896,125
2,2012-04-01,2,1,4,0,0,2,0.36,0.3485,0.81,0.1343,275
2,2012-04-01,2,1,4,0,0,2,0.4,0.4091,0.71,0.1045,360
2,2012-04-01,2,1,4,0,0,2,0.4,0.4091,0.71,0.194,451
3,2012-04-01,2,1,4,0,0,2,0.42,0.4242,0.67,0.2239,445
3,2012-04-01,2,1,4,0,0,2,0.44,0.4394,0.62,0.194,464
3,2012-04-01,2,1,4,0,0,2,0.48,0.4697,0.55,0.2239,561
3,2012-04-01,2,1,4,0,0,1,0.5,0.4848,0.55,0.2537,573
3,2012-04-01,2,1,4,0,0,1,0.52,0.5,0.52,0.2537,511
3,2012-04-01,2,1,4,0,0,1,0.52,0.5,0.55,0.2836,555
4,2012-04-01,2,1,4,0,0,1,0.52,0.5,0.52,0.2985,432
4,2012-04-01,2,1,4,0,0,1,0.52,0.5,0.55,0.2239,346
4,2012-04-01,2,1,4,0,0,2,0.5,0.4848,0.59,0.2239,232
4,2012-04-01,2,1,4,0,0,2,0.5,0.4848,0.59,0.1642,134
4,2012-04-01,2,1,4,0,0,3,0.5,0.4848,0.63,0.1045,68
4,2012-04-01,2,1,4,0,0,3,0.46,0.4545,0.72,0.0,63
1,2012-04-02,2,1,4,1,1,3,0.44,0.4394,0.82,0.1045,17
1,2012-04-02,2,1,4,1,1,3,0.42,0.4242,0.88,0.0896,5
1,2012-04-02,2,1,4,1,1,3,0.44,0.4394,0.94,0.1343,5
1,2012-04-02,2,1,4,1,1,1,0.4,0.4091,0.76,0.4925,4
1,2012-04-02,2,1,4,1,1,1,0.4,0.4091,0.76,0.4925,24
2,2012-04-02,2,1,4,1,1,1,0.36,0.3182,0.71,0.4627,110
2,2012-04-02,2,1,4,1,1,1,0.34,0.303,0.66,0.3881,306
2,2012-04-02,2,1,4,1,1,1,0.36,0.3333,0.57,0.3284,589
2,2012-04-02,2,1,4,1,1,1,0.38,0.3939,0.54,0.3582,317
2,2012-04-02,2,1,4,1,1,1,0.4,0.4091,0.5,0.5224,204
2,2012-04-02,2,1,4,1,1,1,0.42,0.4242,0.47,0.4478,209
3,2012-04-02,2,1,4,1,1,1,0.44,0.4394,0.44,0.4478,281
3,2012-04-02,2,1,4,1,1,1,0.46,0.4545,0.36,0.2985,281
3,2012-04-02,2,1,4,1,1,1,0.46,0.4545,0.31,0.4179,268
3,2012-04-02,2,1,4,1,1,1,0.48,0.4697,0.33,0.4179,324
3,2012-04-02,2,1,4,1,1,1,0.5,0.4848,0.34,0.3284,395
3,2012-04-02,2,1,4,1,1,1,0.5,0.4848,0.29,0.2836,729
4,2012-04-02,2,1,4,1,1,1,0.5,0.4848,0.27,0.2537,618
4,2012-04-02,2,1,4,1,1,1,0.5,0.4848,0.27,0.2537,494
4,2012-04-02,2,1,4,1,1,1,0.46,0.4545,0.31,0.1642,329
4,2012-04-02,2,1,4,1,1,1,0.46,0.4545,0.28,0.1343,238
4,2012-04-02,2,1,4,1,1,1,0.42,0.4242,0.44,0.194,123
4,2012-04-02,2,1,4,1,1,1,0.44,0.4394,0.35,0.1642,66
1,2012-04-03,2,1,4,2,1,1,0.4,0.4091,0.43,0.1343,33
1,2012-04-03,2,1,4,2,1,1,0.38,0.3939,0.46,0.2239,11
1,2012-04-03,2,1,4,2,1,1,0.36,0.3485,0.53,0.1642,5
1,2012-04-03,2,1,4,2,1,1,0.38,0.3939,0.46,0.0,3
1,2012-04-03,2,1,4,2,1,1,0.32,0.3333,0.66,0.0896,1
1,2012-04-03,2,1,4,2,1,1,0.32,0.3333,0.66,0.0896,27
2,2012-04-03,2,1,4,2,1,1,0.3,0.3182,0.61,0.0896,100
2,2012-04-03,2,1,4,2,1,1,0.32,0.3333,0.66,0.0896,341
2,2012-04-03,2,1,4,2,1,1,0.34,0.3636,0.57,0.0,604
2,2012-04-03,2,1,4,2,1,1,0.42,0.4242,0.38,0.0896,408
2,2012-04-03,2,1,4,2,1,1,0.44,0.4394,0.33,0.0,219
2,2012-04-03,2,1,4,2,1,1,0.48,0.4697,0.23,0.0,258
3,2012-04-03,2,1,4,2,1,1,0.52,0.5,0.25,0.0,331
3,2012-04-03,2,1,4,2,1,1,0.56,0.5303,0.19,0.2537,345
3,2012-04-03,2,1,4,2,1,1,0.56,0.5303,0.21,0.2239,311
3,2012-04-03,2,1,4,2,1,1,0.6,0.5909,0.2,0.194,316
3,2012-04-03,2,1,4,2,1,1,0.62,0.6061,0.21,0.1642,485
3,2012-04-03,2,1,4,2,1,1,0.62,0.6061,0.17,0.194,757
4,2012-04-03,2,1,4,2,1,1,0.6,0.6061,0.26,0.1642,800
4,2012-04-03,2,1,4,2,1,1,0.56,0.5303,0.26,0.1045,558
4,2012-04-03,2,1,4,2,1,1,0.56,0.5303,0.24,0.1343,379
4,2012-04-03,2,1,4,2,1,1,0.54,0.5152,0.45,0.0,243
4,2012-04-03,2,1,4,2,1,1,0.5,0.4848,0.51,0.0,158
4,2012-04-03,2,1,4,2,1,1,0.5,0.4848,0.59,0.0,79
1,2012-04-04,2,1,4,3,1,1,0.48,0.4697,0.48,0.0,41
1,2012-04-04,2,1,4,3,1,1,0.46,0.4545,0.59,0.0,11
1,2012-04-04,2,1,4,3,1,1,0.46,0.4545,0.51,0.0,5
1,2012-04-04,2,1,4,3,1,1,0.44,0.4394,0.58,0.0896,3
1,2012-04-04,2,1,4,3,1,1,0.42,0.4242,0.67,0.0896,1
1,2012-04-04,2,1,4,3,1,1,0.42,0.4242,0.67,0.0896,27
2,2012-04-04,2,1,4,3,1,2,0.42,0.4242,0.58,0.0,126
2,2012-04-04,2,1,4,3,1,2,0.44,0.4394,0.62,0.0,366
2,2012-04-04,2,1,4,3,1,2,0.44,0.4394,0.72,0.1045,684
2,2012-04-04,2,1,4,3,1,2,0.48,0.4697,0.55,0.1343,363
2,2012-04-04,2,1,4,3,1,2,0.54,0.5152,0.45,0.1343,167
2,2012-04-04,2,1,4,3,1,2,0.6,0.6212,0.43,0.3582,213
3,2012-04-04,2,1,4,3,1,2,0.6,0.6212,0.46,0.4179,283
3,2012-04-04,2,1,4,3,1,2,0.6,0.6212,0.46,0.2537,251
3,2012-04-04,2,1,4,3,1,2,0.62,0.6212,0.46,0.194,258
3,2012-04-04,2,1,4,3,1,2,0.64,0.6212,0.44,0.2836,268
3,2012-04-04,2,1,4,3,1,2,0.64,0.6212,0.44,0.2836,390
3,2012-04-04,2,1,4,3,1,1,0.66,0.6212,0.41,0.2985,744
4,2012-04-04,2,1,4,3,1,1,0.66,0.6212,0.41,0.2537,759
4,2012-04-04,2,1,4,3,1,1,0.66,0.6212,0.39,0.2239,494
4,2012-04-04,2,1,4,3,1,1,0.64,0.6212,0.27,0.2239,372
4,2012-04-04,2,1,4,3,1,1,0.6,0.6061,0.23,0.3284,298
4,2012-04-04,2,1,4,3,1,1,0.56,0.5303,0.22,0.1642,181
4,2012-04-04,2,1,4,3,1,1,0.52,0.5,0.23,0.4179,131
1,2012-04-05,2,1,4,4,1,1,0.52,0.5,0.23,0.4179,45
1,2012-04-05,2,1,4,4,1,1,0.48,0.4697,0.27,0.3284,13
1,2012-04-05,2,1,4,4,1,1,0.46,0.4545,0.33,0.4478,18
1,2012-04-05,2,1,4,4,1,1,0.42,0.4242,0.41,0.2985,5
1,2012-04-05,2,1,4,4,1,1,0.38,0.3939,0.43,0.2836,1
1,2012-04-05,2,1,4,4,1,1,0.38,0.3939,0.43,0.2836,29
2,2012-04-05,2,1,4,4,1,1,0.36,0.3333,0.46,0.3284,126
2,2012-04-05,2,1,4,4,1,1,0.34,0.3333,0.49,0.194,354
2,2012-04-05,2,1,4,4,1,1,0.36,0.3485,0.46,0.2239,638
2,2012-04-05,2,1,4,4,1,1,0.4,0.4091,0.37,0.2537,351
2,2012-04-05,2,1,4,4,1,1,0.42,0.4242,0.35,0.2836,246
2,2012-04-05,2,1,4,4,1,2,0.42,0.4242,0.38,0.2239,268
3,2012-04-05,2,1,4,4,1,1,0.44,0.4394,0.33,0.0,276
3,2012-04-05,2,1,4,4,1,1,0.46,0.4545,0.31,0.0,291
3,2012-04-05,2,1,4,4,1,1,0.46,0.4545,0.33,0.1642,287
3,2012-04-05,2,1,4,4,1,1,0.5,0.4848,0.31,0.1045,269
3,2012-04-05,2,1,4,4,1,1,0.5,0.4848,0.31,0.194,402
3,2012-04-05,2,1,4,4,1,1,0.5,0.4848,0.31,0.1642,822
4,2012-04-05,2,1,4,4,1,1,0.5,0.4848,0.31,0.1045,698
4,2012-04-05,2,1,4,4,1,1,0.48,0.4697,0.31,0.2537,487
4,2012-04-05,2,1,4,4,1,1,0.44,0.4394,0.41,0.194,312
4,2012-04-05,2,1,4,4,1,1,0.42,0.4242,0.47,0.194,234
4,2012-04-05,2,1,4,4,1,1,0.4,0.4091,0.47,0.194,149
4,2012-04-05,2,1,4,4,1,1,0.4,0.4091,0.5,0.1343,136
1,2012-04-06,2,1,4,5,1,1,0.4,0.4091,0.43,0.0,61
1,2012-04-06,2,1,4,5,1,1,0.36,0.3485,0.62,0.1343,38
1,2012-04-06,2,1,4,5,1,1,0.36,0.3333,0.5,0.3881,11
1,2012-04-06,2,1,4,5,1,1,0.34,0.303,0.53,0.3284,8
1,2012-04-06,2,1,4,5,1,1,0.34,0.3182,0.49,0.2537,5
1,2012-04-06,2,1,4,5,1,1,0.32,0.303,0.53,0.3284,23
2,2012-04-06,2,1,4,5,1,1,0.3,0.2727,0.49,0.3881,80
2,2012-04-06,2,1,4,5,1,1,0.3,0.2879,0.49,0.2836,246
2,2012-04-06,2,1,4,5,1,1,0.3,0.2727,0.49,0.3284,508
2,2012-04-06,2,1,4,5,1,1,0.34,0.303,0.42,0.3284,376
2,2012-04-06,2,1,4,5,1,1,0.36,0.3333,0.4,0.3284,238
2,2012-04-06,2,1,4,5,1,1,0.4,0.4091,0.37,0.2985,291
3,2012-04-06,2,1,4,5,1,1,0.42,0.4242,0.35,0.2985,337
3,2012-04-06,2,1,4,5,1,1,0.44,0.4394,0.33,0.3284,411
3,2012-04-06,2,1,4,5,1,1,0.48,0.4697,0.29,0.3881,490
3,2012-04-06,2,1,4,5,1,1,0.5,0.4848,0.27,0.2836,537
3,2012-04-06,2,1,4,5,1,1,0.5,0.4848,0.22,0.4179,536
3,2012-04-06,2,1,4,5,1,1,0.52,0.5,0.23,0.4179,655
4,2012-04-06,2,1,4,5,1,1,0.5,0.4848,0.22,0.4627,484
4,2012-04-06,2,1,4,5,1,1,0.48,0.4697,0.23,0.2985,412
4,2012-04-06,2,1,4,5,1,1,0.46,0.4545,0.24,0.2836,252
4,2012-04-06,2,1,4,5,1,1,0.44,0.4394,0.26,0.1343,190
4,2012-04-06,2,1,4,5,1,1,0.4,0.4091,0.35,0.2239,158
4,2012-04-06,2,1,4,5,1,1,0.42,0.4242,0.3,0.2836,113
1,2012-04-07,2,1,4,6,0,1,0.42,0.4242,0.26,0.2985,94
1,2012-04-07,2,1,4,6,0,1,0.4,0.4091,0.28,0.2537,69
1,2012-04-07,2,1,4,6,0,1,0.36,0.3333,0.29,0.3582,36
1,2012-04-07,2,1,4,6,0,1,0.36,0.3333,0.32,0.2537,28
1,2012-04-07,2,1,4,6,0,1,0.32,0.3182,0.36,0.1642,7
1,2012-04-07,2,1,4,6,0,1,0.32,0.3182,0.33,0.1642,2
2,2012-04-07,2,1,4,6,0,1,0.32,0.3182,0.36,0.194,19
2,2012-04-07,2,1,4,6,0,1,0.32,0.303,0.33,0.2836,54
2,2012-04-07,2,1,4,6,0,1,0.34,0.3182,0.34,0.2537,123
2,2012-04-07,2,1,4,6,0,1,0.4,0.4091,0.3,0.2537,276
2,2012-04-07,2,1,4,6,0,1,0.42,0.4242,0.28,0.2537,363
2,2012-04-07,2,1,4,6,0,1,0.44,0.4394,0.24,0.2985,495
3,2012-04-07,2,1,4,6,0,1,0.46,0.4545,0.23,0.3881,590
3,2012-04-07,2,1,4,6,0,1,0.5,0.4848,0.22,0.194,643
3,2012-04-07,2,1,4,6,0,1,0.5,0.4848,0.22,0.2985,578
3,2012-04-07,2,1,4,6,0,1,0.52,0.5,0.19,0.4179,626
3,2012-04-07,2,1,4,6,0,1,0.54,0.5152,0.19,0.3881,615
3,2012-04-07,2,1,4,6,0,1,0.54,0.5152,0.19,0.4179,567
4,2012-04-07,2,1,4,6,0,1,0.54,0.5152,0.18,0.2985,517
4,2012-04-07,2,1,4,6,0,1,0.54,0.5152,0.16,0.3284,413
4,2012-04-07,2,1,4,6,0,1,0.5,0.4848,0.2,0.2239,208
4,2012-04-07,2,1,4,6,0,1,0.5,0.4848,0.2,0.194,234
4,2012-04-07,2,1,4,6,0,1,0.48,0.4697,0.2,0.194,182
4,2012-04-07,2,1,4,6,0,1,0.46,0.4545,0.23,0.2239,118
1,2012-04-08,2,1,4,0,0,1,0.44,0.4394,0.24,0.2239,85
1,2012-04-08,2,1,4,0,0,1,0.44,0.4394,0.24,0.2239,64
1,2012-04-08,2,1,4,0,0,1,0.44,0.4394,0.24,0.2239,32
1,2012-04-08,2,1,4,0,0,1,0.42,0.4242,0.26,0.1343,26
1,2012-04-08,2,1,4,0,0,1,0.4,0.4091,0.4,0.0,7
1,2012-04-08,2,1,4,0,0,1,0.38,0.3939,0.46,0.0,12
2,2012-04-08,2,1,4,0,0,1,0.36,0.3788,0.37,0.0,28
2,2012-04-08,2,1,4,0,0,1,0.38,0.3939,0.27,0.1642,37
2,2012-04-08,2,1,4,0,0,1,0.4,0.4091,0.3,0.194,84
2,2012-04-08,2,1,4,0,0,1,0.44,0.4394,0.26,0.2239,179
2,2012-04-08,2,1,4,0,0,1,0.5,0.4848,0.25,0.2239,299
2,2012-04-08,2,1,4,0,0,1,0.5,0.4848,0.25,0.2836,404
3,2012-04-08,2,1,4,0,0,1,0.54,0.5152,0.24,0.2537,457
3,2012-04-08,2,1,4,0,0,1,0.58,0.5455,0.23,0.1642,483
3,2012-04-08,2,1,4,0,0,1,0.6,0.5909,0.18,0.4478,503
3,2012-04-08,2,1,4,0,0,1,0.62,0.6061,0.17,0.3582,486
3,2012-04-08,2,1,4,0,0,1,0.64,0.6061,0.19,0.3284,476
3,2012-04-08,2,1,4,0,0,1,0.62,0.6061,0.22,0.2985,411
4,2012-04-08,2,1,4,0,0,1,0.62,0.6061,0.25,0.3284,310
4,2012-04-08,2,1,4,0,0,1,0.6,0.6061,0.23,0.3881,276
4,2012-04-08,2,1,4,0,0,1,0.56,0.5303,0.28,0.4179,211
4,2012-04-08,2,1,4,0,0,1,0.52,0.5,0.34,0.2239,130
4,2012-04-08,2,1,4,0,0,1,0.5,0.4848,0.36,0.2239,118
4,2012-04-08,2,1,4,0,0,1,0.5,0.4848,0.39,0.2537,51
1,2012-04-09,2,1,4,1,1,1,0.48,0.4697,0.39,0.2836,37
1,2012-04-09,2,1,4,1,1,1,0.46,0.4545,0.41,0.1343,16
1,2012-04-09,2,1,4,1,1,1,0.46,0.4545,0.31,0.194,6
1,2012-04-09,2,1,4,1,1,1,0.44,0.4394,0.3,0.1642,3
1,2012-04-09,2,1,4,1,1,1,0.44,0.4394,0.24,0.194,5
1,2012-04-09,2,1,4,1,1,1,0.44,0.4394,0.24,0.194,32
2,2012-04-09,2,1,4,1,1,1,0.42,0.4242,0.26,0.2239,111
2,2012-04-09,2,1,4,1,1,1,0.42,0.4242,0.28,0.194,331
2,2012-04-09,2,1,4,1,1,1,0.44,0.4394,0.3,0.194,617
2,2012-04-09,2,1,4,1,1,1,0.46,0.4545,0.31,0.3582,286
2,2012-04-09,2,1,4,1,1,1,0.5,0.4848,0.27,0.4925,178
2,2012-04-09,2,1,4,1,1,1,0.52,0.5,0.27,0.4179,223
3,2012-04-09,2,1,4,1,1,1,0.54,0.5152,0.28,0.7164,280
3,2012-04-09,2,1,4,1,1,1,0.54,0.5152,0.28,0.5821,281
3,2012-04-09,2,1,4,1,1,1,0.56,0.5303,0.28,0.5522,218
3,2012-04-09,2,1,4,1,1,1,0.58,0.5455,0.28,0.5522,255
3,2012-04-09,2,1,4,1,1,1,0.56,0.5303,0.3,0.4179,391
3,2012-04-09,2,1,4,1,1,1,0.54,0.5152,0.32,0.4179,632
4,2012-04-09,2,1,4,1,1,1,0.54,0.5152,0.34,0.2985,646
4,2012-04-09,2,1,4,1,1,1,0.52,0.5,0.34,0.3582,421
4,2012-04-09,2,1,4,1,1,1,0.5,0.4848,0.36,0.4478,276
4,2012-04-09,2,1,4,1,1,3,0.48,0.4697,0.41,0.4179,165
4,2012-04-09,2,1,4,1,1,2,0.46,0.4545,0.41,0.4925,108
4,2012-04-09,2,1,4,1,1,1,0.44,0.4394,0.44,0.2985,67
1,2012-04-10,2,1,4,2,1,2,0.44,0.4394,0.47,0.2836,26
1,2012-04-10,2,1,4,2,1,1,0.42,0.4242,0.5,0.2239,9
1,2012-04-10,2,1,4,2,1,1,0.36,0.3485,0.71,0.1343,2
1,2012-04-10,2,1,4,2,1,1,0.36,0.3485,0.71,0.1343,2
1,2012-04-10,2,1,4,2,1,1,0.34,0.3333,0.71,0.1343,2
1,2012-04-10,2,1,4,2,1,1,0.34,0.3333,0.71,0.1343,24
2,2012-04-10,2,1,4,2,1,1,0.34,0.3485,0.71,0.1045,103
2,2012-04-10,2,1,4,2,1,1,0.34,0.3485,0.71,0.1045,384
2,2012-04-10,2,1,4,2,1,1,0.38,0.3939,0.62,0.1343,692
2,2012-04-10,2,1,4,2,1,1,0.42,0.4242,0.67,0.194,319
2,2012-04-10,2,1,4,2,1,1,0.46,0.4545,0.47,0.1642,181
2,2012-04-10,2,1,4,2,1,1,0.5,0.4848,0.36,0.0,239
3,2012-04-10,2,1,4,2,1,1,0.54,0.5152,0.22,0.2836,259
3,2012-04-10,2,1,4,2,1,1,0.52,0.5,0.23,0.1642,283
3,2012-04-10,2,1,4,2,1,1,0.54,0.5152,0.24,0.194,224
3,2012-04-10,2,1,4,2,1,1,0.56,0.5303,0.21,0.2985,203
3,2012-04-10,2,1,4,2,1,1,0.58,0.5455,0.21,0.2537,362
3,2012-04-10,2,1,4,2,1,1,0.56,0.5303,0.21,0.5224,744
4,2012-04-10,2,1,4,2,1,1,0.54,0.5152,0.22,0.4179,704
4,2012-04-10,2,1,4,2,1,1,0.52,0.5,0.2,0.3582,479
4,2012-04-10,2,1,4,2,1,1,0.46,0.4545,0.28,0.3881,282
4,2012-04-10,2,1,4,2,1,1,0.44,0.4394,0.3,0.4478,206
4,2012-04-10,2,1,4,2,1,1,0.4,0.4091,0.37,0.4925,127
4,2012-04-10,2,1,4,2,1,1,0.36,0.3333,0.4,0.4179,62
1,2012-04-11,2,1,4,3,1,1,0.34,0.303,0.36,0.4179,30
1,2012-04-11,2,1,4,3,1,1,0.34,0.3182,0.39,0.2836,12
1,2012-04-11,2,1,4,3,1,1,0.32,0.303,0.45,0.2836,2
1,2012-04-11,2,1,4,3,1,1,0.3,0.2879,0.49,0.2239,2
1,2012-04-11,2,1,4,3,1,1,0.28,0.2727,0.56,0.194,27
2,2012-04-11,2,1,4,3,1,1,0.28,0.2879,0.56,0.1045,106
2,2012-04-11,2,1,4,3,1,1,0.28,0.2879,0.52,0.1343,321
2,2012-04-11,2,1,4,3,1,1,0.3,0.2879,0.49,0.2239,595
2,2012-04-11,2,1,4,3,1,2,0.32,0.303,0.49,0.2985,302
2,2012-04-11,2,1,4,3,1,2,0.34,0.303,0.49,0.3284,153
2,2012-04-11,2,1,4,3,1,2,0.38,0.3939,0.43,0.3284,180
3,2012-04-11,2,1,4,3,1,2,0.36,0.3333,0.46,0.3881,182
3,2012-04-11,2,1,4,3,1,2,0.4,0.4091,0.4,0.3582,163
3,2012-04-11,2,1,4,3,1,1,0.36,0.3485,0.57,0.194,135
3,2012-04-11,2,1,4,3,1,3,0.38,0.3939,0.46,0.2239,202
3,2012-04-11,2,1,4,3,1,1,0.44,0.4394,0.33,0.2985,307
3,2012-04-11,2,1,4,3,1,1,0.42,0.4242,0.35,0.3881,579
4,2012-04-11,2,1,4,3,1,3,0.4,0.4091,0.43,0.4179,585
4,2012-04-11,2,1,4,3,1,1,0.4,0.4091,0.4,0.3582,384
4,2012-04-11,2,1,4,3,1,1,0.36,0.3333,0.46,0.3284,235
4,2012-04-11,2,1,4,3,1,1,0.34,0.303,0.57,0.3881,165
4,2012-04-11,2,1,4,3,1,1,0.34,0.303,0.57,0.3284,134
4,2012-04-11,2,1,4,3,1,1,0.34,0.303,0.57,0.2985,61
1,2012-04-12,2,1,4,4,1,1,0.32,0.303,0.66,0.2836,23
1,2012-04-12,2,1,4,4,1,1,0.32,0.303,0.66,0.2239,9
1,2012-04-12,2,1,4,4,1,1,0.32,0.303,0.61,0.2836,4
1,2012-04-12,2,1,4,4,1,1,0.32,0.303,0.61,0.2537,5
1,2012-04-12,2,1,4,4,1,1,0.3,0.2879,0.61,0.2239,1
1,2012-04-12,2,1,4,4,1,1,0.3,0.2879,0.61,0.2239,21
2,2012-04-12,2,1,4,4,1,1,0.3,0.2879,0.65,0.2537,96
2,2012-04-12,2,1,4,4,1,1,0.3,0.2727,0.65,0.3284,306
2,2012-04-12,2,1,4,4,1,1,0.32,0.303,0.66,0.3284,624
2,2012-04-12,2,1,4,4,1,1,0.36,0.3333,0.57,0.3582,287
2,2012-04-12,2,1,4,4,1,1,0.4,0.4091,0.5,0.2985,141
2,2012-04-12,2,1,4,4,1,1,0.42,0.4242,0.47,0.2985,224
3,2012-04-12,2,1,4,4,1,1,0.46,0.4545,0.41,0.4478,259
3,2012-04-12,2,1,4,4,1,1,0.48,0.4697,0.36,0.4478,203
3,2012-04-12,2,1,4,4,1,1,0.5,0.4848,0.31,0.3284,224
3,2012-04-12,2,1,4,4,1,1,0.48,0.4697,0.31,0.2537,211
3,2012-04-12,2,1,4,4,1,1,0.48,0.4697,0.31,0.2836,353
3,2012-04-12,2,1,4,4,1,1,0.5,0.4848,0.27,0.3881,656
4,2012-04-12,2,1,4,4,1,1,0.5,0.4848,0.27,0.3881,610
4,2012-04-12,2,1,4,4,1,1,0.46,0.4545,0.31,0.2985,433
4,2012-04-12,2,1,4,4,1,1,0.44,0.4394,0.33,0.2537,280
4,2012-04-12,2,1,4,4,1,1,0.42,0.4242,0.35,0.1343,187
4,2012-04-12,2,1,4,4,1,1,0.42,0.4242,0.35,0.194,158
4,2012-04-12,2,1,4,4,1,1,0.42,0.4242,0.35,0.194,94
1,2012-04-13,2,1,4,5,1,1,0.4,0.4091,0.37,0.2537,55
1,2012-04-13,2,1,4,5,1,1,0.36,0.3485,0.46,0.194,30
1,2012-04-13,2,1,4,5,1,1,0.34,0.3333,0.49,0.194,11
1,2012-04-13,2,1,4,5,1,1,0.34,0.3333,0.61,0.1642,11
1,2012-04-13,2,1,4,5,1,2,0.34,0.3333,0.53,0.1343,5
1,2012-04-13,2,1,4,5,1,2,0.34,0.3333,0.53,0.1642,21
2,2012-04-13,2,1,4,5,1,1,0.32,0.3182,0.57,0.1642,84
2,2012-04-13,2,1,4,5,1,1,0.34,0.3182,0.61,0.2239,296
2,2012-04-13,2,1,4,5,1,1,0.38,0.3939,0.46,0.1642,563
2,2012-04-13,2,1,4,5,1,1,0.42,0.4242,0.41,0.1642,330
2,2012-04-13,2,1,4,5,1,1,0.44,0.4394,0.38,0.194,192
2,2012-04-13,2,1,4,5,1,1,0.46,0.4545,0.36,0.1343,233
3,2012-04-13,2,1,4,5,1,1,0.5,0.4848,0.31,0.0,322
3,2012-04-13,2,1,4,5,1,1,0.52,0.5,0.27,0.2836,358
3,2012-04-13,2,1,4,5,1,1,0.52,0.5,0.27,0.0,348
3,2012-04-13,2,1,4,5,1,1,0.54,0.5152,0.28,0.2537,352
3,2012-04-13,2,1,4,5,1,1,0.56,0.5303,0.26,0.2537,463
3,2012-04-13,2,1,4,5,1,1,0.56,0.5303,0.24,0.1642,738
4,2012-04-13,2,1,4,5,1,1,0.54,0.5152,0.26,0.1343,671
4,2012-04-13,2,1,4,5,1,1,0.54,0.5152,0.24,0.1642,427
4,2012-04-13,2,1,4,5,1,1,0.5,0.4848,0.29,0.1343,286
4,2012-04-13,2,1,4,5,1,1,0.5,0.4848,0.36,0.0,189
4,2012-04-13,2,1,4,5,1,1,0.44,0.4394,0.62,0.1045,215
4,2012-04-13,2,1,4,5,1,1,0.42,0.4242,0.62,0.0896,198
1,2012-04-14,2,1,4,6,0,1,0.4,0.4091,0.58,0.1343,96
1,2012-04-14,2,1,4,6,0,1,0.4,0.4091,0.58,0.1343,70
1,2012-04-14,2,1,4,6,0,1,0.38,0.3939,0.66,0.1343,56
1,2012-04-14,2,1,4,6,0,1,0.36,0.3636,0.66,0.0896,32
1,2012-04-14,2,1,4,6,0,1,0.36,0.3636,0.71,0.1045,14
1,2012-04-14,2,1,4,6,0,1,0.36,0.3636,0.66,0.1045,7
2,2012-04-14,2,1,4,6,0,1,0.34,0.3333,0.76,0.1642,21
2,2012-04-14,2,1,4,6,0,1,0.36,0.3636,0.71,0.1045,64
2,2012-04-14,2,1,4,6,0,1,0.36,0.3485,0.71,0.1343,160
2,2012-04-14,2,1,4,6,0,1,0.42,0.4242,0.54,0.1343,265
2,2012-04-14,2,1,4,6,0,1,0.46,0.4545,0.51,0.1642,406
2,2012-04-14,2,1,4,6,0,1,0.52,0.5,0.45,0.194,564
3,2012-04-14,2,1,4,6,0,1,0.58,0.5455,0.35,0.2537,678
3,2012-04-14,2,1,4,6,0,1,0.62,0.6212,0.33,0.2985,678
3,2012-04-14,2,1,4,6,0,2,0.64,0.6212,0.27,0.4478,660
3,2012-04-14,2,1,4,6,0,2,0.64,0.6212,0.27,0.3582,658
3,2012-04-14,2,1,4,6,0,2,0.64,0.6212,0.27,0.3582,582
3,2012-04-14,2,1,4,6,0,2,0.62,0.6212,0.33,0.2537,560
4,2012-04-14,2,1,4,6,0,2,0.62,0.6212,0.35,0.2239,481
4,2012-04-14,2,1,4,6,0,2,0.6,0.6212,0.4,0.1642,459
4,2012-04-14,2,1,4,6,0,2,0.56,0.5303,0.46,0.1343,321
4,2012-04-14,2,1,4,6,0,2,0.56,0.5303,0.43,0.1343,220
4,2012-04-14,2,1,4,6,0,2,0.54,0.5152,0.52,0.1642,212
4,2012-04-14,2,1,4,6,0,2,0.54,0.5152,0.56,0.194,196
1,2012-04-15,2,1,4,0,0,2,0.54,0.5152,0.56,0.194,124
1,2012-04-15,2,1,4,0,0,2,0.54,0.5152,0.56,0.1642,106
1,2012-04-15,2,1,4,0,0,2,0.54,0.5152,0.56,0.1045,74
1,2012-04-15,2,1,4,0,0,2,0.52,0.5,0.59,0.1343,45
1,2012-04-15,2,1,4,0,0,2,0.54,0.5152,0.52,0.0,12
1,2012-04-15,2,1,4,0,0,1,0.5,0.4848,0.68,0.1642,10
2,2012-04-15,2,1,4,0,0,1,0.5,0.4848,0.63,0.1343,16
2,2012-04-15,2,1,4,0,0,1,0.5,0.4848,0.63,0.1045,46
2,2012-04-15,2,1,4,0,0,1,0.52,0.5,0.59,0.0,97
2,2012-04-15,2,1,4,0,0,1,0.54,0.5152,0.56,0.2239,251
2,2012-04-15,2,1,4,0,0,1,0.58,0.5455,0.53,0.2239,421
2,2012-04-15,2,1,4,0,0,1,0.62,0.6212,0.46,0.2985,528
3,2012-04-15,2,1,4,0,0,1,0.64,0.6212,0.44,0.2836,635
3,2012-04-15,2,1,4,0,0,1,0.66,0.6212,0.44,0.2836,681
3,2012-04-15,2,1,4,0,0,1,0.7,0.6364,0.39,0.2836,628
3,2012-04-15,2,1,4,0,0,1,0.7,0.6364,0.39,0.3881,617
3,2012-04-15,2,1,4,0,0,1,0.72,0.6515,0.39,0.3582,616
3,2012-04-15,2,1,4,0,0,1,0.7,0.6364,0.42,0.3284,623
4,2012-04-15,2,1,4,0,0,1,0.7,0.6364,0.42,0.2537,479
4,2012-04-15,2,1,4,0,0,1,0.7,0.6364,0.42,0.2537,379
4,2012-04-15,2,1,4,0,0,1,0.64,0.6212,0.5,0.2239,291
4,2012-04-15,2,1,4,0,0,1,0.62,0.6212,0.57,0.2537,229
4,2012-04-15,2,1,4,0,0,1,0.68,0.6364,0.44,0.3582,134
4,2012-04-15,2,1,4,0,0,1,0.66,0.6212,0.5,0.3881,90
1,2012-04-16,2,1,4,1,0,1,0.64,0.6212,0.53,0.3284,41
1,2012-04-16,2,1,4,1,0,1,0.62,0.6061,0.61,0.3582,28
1,2012-04-16,2,1,4,1,0,1,0.6,0.6061,0.64,0.2537,14
1,2012-04-16,2,1,4,1,0,1,0.58,0.5455,0.68,0.194,8
1,2012-04-16,2,1,4,1,0,1,0.54,0.5152,0.77,0.2239,6
1,2012-04-16,2,1,4,1,0,1,0.54,0.5152,0.77,0.2239,38
2,2012-04-16,2,1,4,1,0,1,0.52,0.5,0.83,0.1642,133
2,2012-04-16,2,1,4,1,0,1,0.52,0.5,0.83,0.1343,387
2,2012-04-16,2,1,4,1,0,2,0.56,0.5303,0.83,0.1642,597
2,2012-04-16,2,1,4,1,0,1,0.62,0.6061,0.69,0.2239,297
2,2012-04-16,2,1,4,1,0,1,0.62,0.6061,0.69,0.2537,224
2,2012-04-16,2,1,4,1,0,1,0.64,0.6061,0.65,0.2537,251
3,2012-04-16,2,1,4,1,0,1,0.68,0.6364,0.57,0.2537,271
3,2012-04-16,2,1,4,1,0,1,0.74,0.6667,0.45,0.2985,263
3,2012-04-16,2,1,4,1,0,1,0.76,0.6818,0.45,0.3284,288
3,2012-04-16,2,1,4,1,0,1,0.8,0.697,0.33,0.4478,275
3,2012-04-16,2,1,4,1,0,1,0.8,0.697,0.33,0.4627,358
3,2012-04-16,2,1,4,1,0,1,0.8,0.697,0.33,0.3881,712
4,2012-04-16,2,1,4,1,0,1,0.8,0.697,0.31,0.3881,676
4,2012-04-16,2,1,4,1,0,1,0.76,0.6667,0.35,0.3881,522
4,2012-04-16,2,1,4,1,0,1,0.74,0.6515,0.37,0.2985,375
4,2012-04-16,2,1,4,1,0,1,0.68,0.6364,0.51,0.2537,271
4,2012-04-16,2,1,4,1,0,1,0.68,0.6364,0.51,0.2537,214
4,2012-04-16,2,1,4,1,0,1,0.7,0.6364,0.45,0.2985,121
1,2012-04-17,2,1,4,2,1,1,0.66,0.6212,0.54,0.194,43
1,2012-04-17,2,1,4,2,1,1,0.64,0.6212,0.57,0.1642,11
1,2012-04-17,2,1,4,2,1,1,0.56,0.5303,0.83,0.1045,4
1,2012-04-17,2,1,4,2,1,1,0.56,0.5303,0.83,0.0896,6
1,2012-04-17,2,1,4,2,1,1,0.66,0.6212,0.44,0.2239,9
1,2012-04-17,2,1,4,2,1,1,0.6,0.6212,0.53,0.2537,30
2,2012-04-17,2,1,4,2,1,1,0.6,0.6212,0.46,0.2537,144
2,2012-04-17,2,1,4,2,1,1,0.6,0.6212,0.43,0.2537,461
2,2012-04-17,2,1,4,2,1,1,0.6,0.6212,0.43,0.2239,673
2,2012-04-17,2,1,4,2,1,1,0.6,0.6212,0.38,0.4925,400
2,2012-04-17,2,1,4,2,1,1,0.6,0.6212,0.38,0.4179,217
2,2012-04-17,2,1,4,2,1,1,0.6,0.6212,0.33,0.4179,239
3,2012-04-17,2,1,4,2,1,1,0.6,0.6212,0.33,0.3582,244
3,2012-04-17,2,1,4,2,1,1,0.62,0.6212,0.29,0.2537,239
3,2012-04-17,2,1,4,2,1,1,0.64,0.6212,0.27,0.2836,257
3,2012-04-17,2,1,4,2,1,1,0.66,0.6212,0.24,0.3284,308
3,2012-04-17,2,1,4,2,1,1,0.68,0.6212,0.22,0.3582,370
3,2012-04-17,2,1,4,2,1,1,0.64,0.6061,0.25,0.2985,781
4,2012-04-17,2,1,4,2,1,1,0.64,0.6061,0.25,0.2836,775
4,2012-04-17,2,1,4,2,1,1,0.6,0.6061,0.26,0.2537,537
4,2012-04-17,2,1,4,2,1,1,0.6,0.6061,0.23,0.2836,402
4,2012-04-17,2,1,4,2,1,1,0.56,0.5303,0.26,0.2985,297
4,2012-04-17,2,1,4,2,1,1,0.54,0.5152,0.3,0.2537,162
4,2012-04-17,2,1,4,2,1,1,0.54,0.5152,0.32,0.2239,82
1,2012-04-18,2,1,4,3,1,1,0.54,0.5152,0.32,0.1642,38
1,2012-04-18,2,1,4,3,1,1,0.52,0.5,0.34,0.194,14
1,2012-04-18,2,1,4,3,1,2,0.5,0.4848,0.42,0.194,9
1,2012-04-18,2,1,4,3,1,2,0.5,0.4848,0.42,0.2239,6
1,2012-04-18,2,1,4,3,1,2,0.5,0.4848,0.42,0.2836,7
1,2012-04-18,2,1,4,3,1,2,0.5,0.4848,0.39,0.2836,34
2,2012-04-18,2,1,4,3,1,2,0.5,0.4848,0.39,0.2836,134
2,2012-04-18,2,1,4,3,1,2,0.5,0.4848,0.39,0.194,418
2,2012-04-18,2,1,4,3,1,3,0.5,0.4848,0.39,0.194,576
2,2012-04-18,2,1,4,3,1,3,0.48,0.4697,0.44,0.2985,265
2,2012-04-18,2,1,4,3,1,3,0.48,0.4697,0.47,0.2239,147
2,2012-04-18,2,1,4,3,1,3,0.46,0.4545,0.47,0.2537,119
3,2012-04-18,2,1,4,3,1,3,0.46,0.4545,0.51,0.1045,110
3,2012-04-18,2,1,4,3,1,3,0.46,0.4545,0.59,0.0,64
3,2012-04-18,2,1,4,3,1,3,0.44,0.4394,0.72,0.1045,51
3,2012-04-18,2,1,4,3,1,3,0.42,0.4242,0.77,0.194,98
3,2012-04-18,2,1,4,3,1,2,0.42,0.4242,0.77,0.2239,235
3,2012-04-18,2,1,4,3,1,2,0.42,0.4242,0.77,0.194,488
4,2012-04-18,2,1,4,3,1,2,0.42,0.4242,0.77,0.0,505
4,2012-04-18,2,1,4,3,1,2,0.42,0.4242,0.77,0.1343,368
4,2012-04-18,2,1,4,3,1,2,0.42,0.4242,0.77,0.1045,260
4,2012-04-18,2,1,4,3,1,2,0.42,0.4242,0.82,0.0896,189
4,2012-04-18,2,1,4,3,1,2,0.42,0.4242,0.77,0.0896,162
4,2012-04-18,2,1,4,3,1,2,0.42,0.4242,0.77,0.0,70
1,2012-04-19,2,1,4,4,1,3,0.42,0.4242,0.77,0.0,25
1,2012-04-19,2,1,4,4,1,3,0.42,0.4242,0.77,0.1045,13
1,2012-04-19,2,1,4,4,1,2,0.42,0.4242,0.77,0.0,6
1,2012-04-19,2,1,4,4,1,2,0.42,0.4242,0.77,0.0,4
1,2012-04-19,2,1,4,4,1,2,0.42,0.4242,0.71,0.0,4
1,2012-04-19,2,1,4,4,1,1,0.4,0.4091,0.82,0.0,30
2,2012-04-19,2,1,4,4,1,2,0.4,0.4091,0.82,0.1045,120
2,2012-04-19,2,1,4,4,1,2,0.4,0.4091,0.82,0.1343,406
2,2012-04-19,2,1,4,4,1,2,0.42,0.4242,0.82,0.1045,677
2,2012-04-19,2,1,4,4,1,2,0.46,0.4545,0.72,0.0,301
2,2012-04-19,2,1,4,4,1,1,0.48,0.4697,0.63,0.0896,189
2,2012-04-19,2,1,4,4,1,1,0.52,0.5,0.48,0.0,229
3,2012-04-19,2,1,4,4,1,1,0.54,0.5152,0.49,0.0,264
3,2012-04-19,2,1,4,4,1,1,0.56,0.5303,0.46,0.0,238
3,2012-04-19,2,1,4,4,1,1,0.58,0.5455,0.43,0.0,237
3,2012-04-19,2,1,4,4,1,1,0.6,0.6212,0.43,0.0,262
3,2012-04-19,2,1,4,4,1,1,0.62,0.6212,0.41,0.1045,387
3,2012-04-19,2,1,4,4,1,1,0.6,0.6212,0.43,0.0896,748
4,2012-04-19,2,1,4,4,1,1,0.6,0.6212,0.43,0.0896,776
4,2012-04-19,2,1,4,4,1,1,0.58,0.5455,0.46,0.1343,586
4,2012-04-19,2,1,4,4,1,1,0.56,0.5303,0.49,0.2239,404
4,2012-04-19,2,1,4,4,1,1,0.52,0.5,0.55,0.1045,267
4,2012-04-19,2,1,4,4,1,1,0.52,0.5,0.59,0.194,248
4,2012-04-19,2,1,4,4,1,1,0.5,0.4848,0.63,0.1045,144
1,2012-04-20,2,1,4,5,1,1,0.48,0.4697,0.67,0.1045,64
1,2012-04-20,2,1,4,5,1,1,0.46,0.4545,0.82,0.194,25
1,2012-04-20,2,1,4,5,1,1,0.44,0.4394,0.88,0.194,21
1,2012-04-20,2,1,4,5,1,1,0.44,0.4394,0.88,0.1045,10
1,2012-04-20,2,1,4,5,1,1,0.42,0.4242,0.94,0.1045,3
1,2012-04-20,2,1,4,5,1,1,0.42,0.4242,0.94,0.0,25
2,2012-04-20,2,1,4,5,1,1,0.42,0.4242,0.88,0.0,113
2,2012-04-20,2,1,4,5,1,1,0.42,0.4242,0.94,0.0,359
2,2012-04-20,2,1,4,5,1,1,0.44,0.4394,0.94,0.0,700
2,2012-04-20,2,1,4,5,1,1,0.46,0.4545,0.88,0.0896,359
2,2012-04-20,2,1,4,5,1,1,0.5,0.4848,0.77,0.194,237
2,2012-04-20,2,1,4,5,1,1,0.54,0.5152,0.68,0.1642,254
3,2012-04-20,2,1,4,5,1,1,0.58,0.5455,0.53,0.194,362
3,2012-04-20,2,1,4,5,1,1,0.62,0.6212,0.43,0.194,381
3,2012-04-20,2,1,4,5,1,1,0.64,0.6212,0.44,0.2239,394
3,2012-04-20,2,1,4,5,1,1,0.64,0.6212,0.47,0.194,407
3,2012-04-20,2,1,4,5,1,1,0.66,0.6212,0.44,0.194,580
3,2012-04-20,2,1,4,5,1,1,0.64,0.6212,0.47,0.2836,819
4,2012-04-20,2,1,4,5,1,1,0.62,0.6212,0.5,0.2836,668
4,2012-04-20,2,1,4,5,1,1,0.6,0.6212,0.53,0.194,492
4,2012-04-20,2,1,4,5,1,1,0.58,0.5455,0.56,0.1642,341
4,2012-04-20,2,1,4,5,1,1,0.56,0.5303,0.68,0.1343,287
4,2012-04-20,2,1,4,5,1,1,0.54,0.5152,0.68,0.2537,202
4,2012-04-20,2,1,4,5,1,1,0.52,0.5,0.72,0.1343,187
1,2012-04-21,2,1,4,6,0,1,0.52,0.5,0.77,0.2239,142
1,2012-04-21,2,1,4,6,0,1,0.52,0.5,0.77,0.2239,88
1,2012-04-21,2,1,4,6,0,1,0.52,0.5,0.77,0.1343,81
1,2012-04-21,2,1,4,6,0,1,0.5,0.4848,0.82,0.2239,29
1,2012-04-21,2,1,4,6,0,1,0.5,0.4848,0.82,0.2537,9
1,2012-04-21,2,1,4,6,0,1,0.5,0.4848,0.82,0.2537,1
2,2012-04-21,2,1,4,6,0,1,0.5,0.4848,0.82,0.2239,31
2,2012-04-21,2,1,4,6,0,1,0.5,0.4848,0.82,0.2836,76
2,2012-04-21,2,1,4,6,0,1,0.52,0.5,0.81,0.2537,201
2,2012-04-21,2,1,4,6,0,1,0.54,0.5152,0.77,0.1642,331
2,2012-04-21,2,1,4,6,0,1,0.6,0.6061,0.64,0.2836,482
2,2012-04-21,2,1,4,6,0,1,0.62,0.6061,0.61,0.3284,608
3,2012-04-21,2,1,4,6,0,1,0.64,0.6212,0.57,0.2239,640
3,2012-04-21,2,1,4,6,0,1,0.66,0.6212,0.54,0.2239,649
3,2012-04-21,2,1,4,6,0,1,0.7,0.6364,0.45,0.2836,609
3,2012-04-21,2,1,4,6,0,1,0.72,0.6515,0.39,0.2537,628
3,2012-04-21,2,1,4,6,0,1,0.7,0.6364,0.42,0.3284,639
3,2012-04-21,2,1,4,6,0,2,0.74,0.6515,0.3,0.3881,568
4,2012-04-21,2,1,4,6,0,2,0.68,0.6364,0.47,0.4925,416
4,2012-04-21,2,1,4,6,0,3,0.56,0.5303,0.73,0.4925,54
4,2012-04-21,2,1,4,6,0,3,0.5,0.4848,0.82,0.2985,39
4,2012-04-21,2,1,4,6,0,3,0.5,0.4848,0.82,0.3881,102
4,2012-04-21,2,1,4,6,0,1,0.48,0.4697,0.82,0.2985,110
4,2012-04-21,2,1,4,6,0,2,0.46,0.4545,0.82,0.2836,91
1,2012-04-22,2,1,4,0,0,2,0.46,0.4545,0.82,0.194,117
1,2012-04-22,2,1,4,0,0,2,0.46,0.4545,0.82,0.3284,73
1,2012-04-22,2,1,4,0,0,1,0.46,0.4545,0.72,0.2836,56
1,2012-04-22,2,1,4,0,0,2,0.44,0.4394,0.82,0.1642,40
1,2012-04-22,2,1,4,0,0,2,0.44,0.4394,0.77,0.1642,7
1,2012-04-22,2,1,4,0,0,2,0.44,0.4394,0.77,0.2239,6
2,2012-04-22,2,1,4,0,0,2,0.44,0.4394,0.72,0.3284,12
2,2012-04-22,2,1,4,0,0,3,0.42,0.4242,0.77,0.3881,24
2,2012-04-22,2,1,4,0,0,3,0.4,0.4091,0.82,0.2537,51
2,2012-04-22,2,1,4,0,0,3,0.4,0.4091,0.82,0.2537,79
2,2012-04-22,2,1,4,0,0,3,0.38,0.3939,0.82,0.3284,68
2,2012-04-22,2,1,4,0,0,3,0.38,0.3939,0.87,0.2985,77
3,2012-04-22,2,1,4,0,0,3,0.38,0.3939,0.87,0.3284,61
3,2012-04-22,2,1,4,0,0,3,0.38,0.3939,0.82,0.3582,52
3,2012-04-22,2,1,4,0,0,3,0.38,0.3939,0.87,0.3284,53
3,2012-04-22,2,1,4,0,0,3,0.38,0.3939,0.87,0.3881,38
3,2012-04-22,2,1,4,0,0,3,0.38,0.3939,0.87,0.4478,36
3,2012-04-22,2,1,4,0,0,3,0.36,0.3182,0.93,0.4478,27
4,2012-04-22,2,1,4,0,0,3,0.36,0.3182,0.93,0.4478,39
4,2012-04-22,2,1,4,0,0,3,0.36,0.3182,0.87,0.5224,35
4,2012-04-22,2,1,4,0,0,3,0.36,0.3333,0.93,0.4179,35
4,2012-04-22,2,1,4,0,0,3,0.36,0.3333,0.87,0.3881,11
4,2012-04-22,2,1,4,0,0,3,0.34,0.2879,0.87,0.5224,13
4,2012-04-22,2,1,4,0,0,3,0.36,0.3182,0.81,0.4627,17
1,2012-04-23,2,1,4,1,1,3,0.36,0.3333,0.81,0.4179,6
1,2012-04-23,2,1,4,1,1,3,0.34,0.303,0.87,0.3582,2
1,2012-04-23,2,1,4,1,1,2,0.32,0.303,0.87,0.3284,4
1,2012-04-23,2,1,4,1,1,2,0.32,0.303,0.81,0.2836,1
1,2012-04-23,2,1,4,1,1,3,0.3,0.2879,0.81,0.2836,3
1,2012-04-23,2,1,4,1,1,3,0.3,0.2879,0.81,0.2836,14
2,2012-04-23,2,1,4,1,1,2,0.3,0.2727,0.81,0.2985,45
2,2012-04-23,2,1,4,1,1,3,0.3,0.2879,0.81,0.2537,207
2,2012-04-23,2,1,4,1,1,2,0.3,0.2727,0.75,0.3284,482
2,2012-04-23,2,1,4,1,1,2,0.3,0.2727,0.75,0.3881,272
2,2012-04-23,2,1,4,1,1,2,0.32,0.303,0.7,0.3284,100
2,2012-04-23,2,1,4,1,1,2,0.32,0.2879,0.7,0.3582,101
3,2012-04-23,2,1,4,1,1,3,0.34,0.303,0.71,0.3582,129
3,2012-04-23,2,1,4,1,1,3,0.34,0.303,0.66,0.3881,107
3,2012-04-23,2,1,4,1,1,3,0.36,0.3182,0.62,0.4478,114
3,2012-04-23,2,1,4,1,1,2,0.36,0.3333,0.62,0.3881,112
3,2012-04-23,2,1,4,1,1,3,0.3,0.2727,0.81,0.3582,103
3,2012-04-23,2,1,4,1,1,3,0.3,0.2727,0.82,0.3284,232
4,2012-04-23,2,1,4,1,1,3,0.32,0.3333,0.81,0.1343,379
4,2012-04-23,2,1,4,1,1,2,0.34,0.3182,0.76,0.2239,298
4,2012-04-23,2,1,4,1,1,2,0.32,0.3182,0.76,0.1642,203
4,2012-04-23,2,1,4,1,1,2,0.32,0.303,0.81,0.2239,152
4,2012-04-23,2,1,4,1,1,1,0.32,0.3182,0.76,0.194,89
4,2012-04-23,2,1,4,1,1,1,0.32,0.3182,0.76,0.1642,59
1,2012-04-24,2,1,4,2,1,2,0.32,0.3333,0.76,0.1343,13
1,2012-04-24,2,1,4,2,1,2,0.32,0.3333,0.81,0.1343,7
1,2012-04-24,2,1,4,2,1,1,0.32,0.3182,0.81,0.194,3
1,2012-04-24,2,1,4,2,1,1,0.32,0.303,0.81,0.2239,2
1,2012-04-24,2,1,4,2,1,1,0.3,0.2879,0.7,0.194,3
1,2012-04-24,2,1,4,2,1,1,0.3,0.2879,0.7,0.194,22
2,2012-04-24,2,1,4,2,1,1,0.3,0.2879,0.7,0.2239,120
2,2012-04-24,2,1,4,2,1,1,0.32,0.303,0.66,0.2836,390
2,2012-04-24,2,1,4,2,1,1,0.34,0.3182,0.61,0.2537,611
2,2012-04-24,2,1,4,2,1,1,0.4,0.4091,0.47,0.3582,308
2,2012-04-24,2,1,4,2,1,1,0.42,0.4242,0.47,0.2985,162
2,2012-04-24,2,1,4,2,1,1,0.46,0.4545,0.31,0.3881,184
3,2012-04-24,2,1,4,2,1,1,0.48,0.4697,0.29,0.3881,224
3,2012-04-24,2,1,4,2,1,1,0.5,0.4848,0.29,0.3881,224
3,2012-04-24,2,1,4,2,1,1,0.5,0.4848,0.25,0.3881,216
3,2012-04-24,2,1,4,2,1,1,0.5,0.4848,0.23,0.4179,236
3,2012-04-24,2,1,4,2,1,1,0.5,0.4848,0.23,0.194,362
3,2012-04-24,2,1,4,2,1,1,0.52,0.5,0.22,0.3881,691
4,2012-04-24,2,1,4,2,1,1,0.5,0.4848,0.18,0.0,632
4,2012-04-24,2,1,4,2,1,1,0.5,0.4848,0.18,0.2537,482
4,2012-04-24,2,1,4,2,1,1,0.48,0.4697,0.21,0.3284,285
4,2012-04-24,2,1,4,2,1,2,0.46,0.4545,0.28,0.1642,226
4,2012-04-24,2,1,4,2,1,1,0.44,0.4394,0.35,0.1045,157
4,2012-04-24,2,1,4,2,1,1,0.42,0.4242,0.38,0.0896,73
1,2012-04-25,2,1,4,3,1,1,0.44,0.4394,0.38,0.0,36
1,2012-04-25,2,1,4,3,1,1,0.42,0.4242,0.41,0.0,25
1,2012-04-25,2,1,4,3,1,1,0.36,0.3788,0.62,0.0,7
1,2012-04-25,2,1,4,3,1,1,0.32,0.3333,0.7,0.0896,3
1,2012-04-25,2,1,4,3,1,1,0.34,0.3485,0.66,0.0896,6
1,2012-04-25,2,1,4,3,1,1,0.34,0.3636,0.66,0.0,24
2,2012-04-25,2,1,4,3,1,1,0.34,0.3636,0.66,0.0,106
2,2012-04-25,2,1,4,3,1,1,0.34,0.3636,0.71,0.0,389
2,2012-04-25,2,1,4,3,1,1,0.36,0.3636,0.76,0.0896,654
2,2012-04-25,2,1,4,3,1,1,0.42,0.4242,0.54,0.0,321
2,2012-04-25,2,1,4,3,1,1,0.52,0.5,0.34,0.0,182
2,2012-04-25,2,1,4,3,1,1,0.52,0.5,0.32,0.1343,219
3,2012-04-25,2,1,4,3,1,1,0.54,0.5152,0.28,0.2836,269
3,2012-04-25,2,1,4,3,1,1,0.56,0.5303,0.26,0.2239,228
3,2012-04-25,2,1,4,3,1,1,0.56,0.5303,0.22,0.3582,223
3,2012-04-25,2,1,4,3,1,1,0.58,0.5455,0.19,0.1642,229
3,2012-04-25,2,1,4,3,1,1,0.6,0.5909,0.2,0.3284,376
3,2012-04-25,2,1,4,3,1,1,0.6,0.5909,0.2,0.2985,732
4,2012-04-25,2,1,4,3,1,1,0.6,0.5909,0.2,0.2836,709
4,2012-04-25,2,1,4,3,1,1,0.6,0.5909,0.2,0.194,543
4,2012-04-25,2,1,4,3,1,1,0.56,0.5303,0.22,0.0896,380
4,2012-04-25,2,1,4,3,1,1,0.52,0.5,0.52,0.1343,239
4,2012-04-25,2,1,4,3,1,1,0.5,0.4848,0.51,0.0,192
4,2012-04-25,2,1,4,3,1,2,0.5,0.4848,0.51,0.0896,104
1,2012-04-26,2,1,4,4,1,2,0.48,0.4697,0.63,0.0,43
1,2012-04-26,2,1,4,4,1,2,0.48,0.4697,0.48,0.0896,23
1,2012-04-26,2,1,4,4,1,2,0.48,0.4697,0.55,0.1045,13
1,2012-04-26,2,1,4,4,1,2,0.48,0.4697,0.55,0.0896,6
1,2012-04-26,2,1,4,4,1,2,0.48,0.4697,0.59,0.0896,3
1,2012-04-26,2,1,4,4,1,2,0.48,0.4697,0.63,0.1343,17
2,2012-04-26,2,1,4,4,1,2,0.48,0.4697,0.63,0.2537,127
2,2012-04-26,2,1,4,4,1,3,0.46,0.4545,0.82,0.3582,225
2,2012-04-26,2,1,4,4,1,3,0.46,0.4545,0.82,0.194,362
2,2012-04-26,2,1,4,4,1,3,0.46,0.4545,0.88,0.1642,201
2,2012-04-26,2,1,4,4,1,2,0.46,0.4545,0.94,0.1642,139
2,2012-04-26,2,1,4,4,1,2,0.46,0.4545,0.94,0.2239,151
3,2012-04-26,2,1,4,4,1,2,0.52,0.5,0.83,0.1343,204
3,2012-04-26,2,1,4,4,1,2,0.5,0.4848,0.82,0.1642,197
3,2012-04-26,2,1,4,4,1,2,0.54,0.5152,0.77,0.194,169
3,2012-04-26,2,1,4,4,1,2,0.52,0.5,0.83,0.3284,204
3,2012-04-26,2,1,4,4,1,2,0.52,0.5,0.83,0.2239,318
3,2012-04-26,2,1,4,4,1,1,0.54,0.5152,0.77,0.1642,614
4,2012-04-26,2,1,4,4,1,2,0.54,0.5152,0.77,0.194,664
4,2012-04-26,2,1,4,4,1,2,0.54,0.5152,0.77,0.2239,464
4,2012-04-26,2,1,4,4,1,1,0.54,0.5152,0.77,0.194,337
4,2012-04-26,2,1,4,4,1,1,0.52,0.5,0.83,0.2239,250
4,2012-04-26,2,1,4,4,1,1,0.52,0.5,0.83,0.1642,183
4,2012-04-26,2,1,4,4,1,1,0.5,0.4848,0.88,0.1642,112
1,2012-04-27,2,1,4,5,1,1,0.54,0.5152,0.68,0.5522,73
1,2012-04-27,2,1,4,5,1,1,0.5,0.4848,0.59,0.4478,35
1,2012-04-27,2,1,4,5,1,1,0.48,0.4697,0.59,0.4179,22
1,2012-04-27,2,1,4,5,1,1,0.44,0.4394,0.47,0.4925,3
1,2012-04-27,2,1,4,5,1,1,0.42,0.4242,0.44,0.2537,6
1,2012-04-27,2,1,4,5,1,1,0.42,0.4242,0.44,0.3582,19
2,2012-04-27,2,1,4,5,1,1,0.4,0.4091,0.43,0.2537,120
2,2012-04-27,2,1,4,5,1,1,0.38,0.3939,0.5,0.2836,315
2,2012-04-27,2,1,4,5,1,1,0.4,0.4091,0.5,0.0,592
2,2012-04-27,2,1,4,5,1,1,0.42,0.4242,0.44,0.4925,334
2,2012-04-27,2,1,4,5,1,1,0.44,0.4394,0.38,0.4179,236
2,2012-04-27,2,1,4,5,1,1,0.44,0.4394,0.38,0.3284,233
3,2012-04-27,2,1,4,5,1,1,0.46,0.4545,0.36,0.3582,307
3,2012-04-27,2,1,4,5,1,1,0.46,0.4545,0.33,0.3881,306
3,2012-04-27,2,1,4,5,1,1,0.46,0.4545,0.33,0.3284,300
3,2012-04-27,2,1,4,5,1,1,0.52,0.5,0.29,0.4925,324
3,2012-04-27,2,1,4,5,1,1,0.52,0.5,0.29,0.2537,440
3,2012-04-27,2,1,4,5,1,1,0.54,0.5152,0.24,0.3881,702
4,2012-04-27,2,1,4,5,1,1,0.52,0.5,0.25,0.3582,654
4,2012-04-27,2,1,4,5,1,1,0.5,0.4848,0.27,0.3881,441
4,2012-04-27,2,1,4,5,1,1,0.46,0.4545,0.31,0.2836,289
4,2012-04-27,2,1,4,5,1,1,0.44,0.4394,0.33,0.2985,208
4,2012-04-27,2,1,4,5,1,1,0.42,0.4242,0.38,0.2537,158
4,2012-04-27,2,1,4,5,1,1,0.4,0.4091,0.4,0.2537,116
1,2012-04-28,2,1,4,6,0,1,0.38,0.3939,0.43,0.1642,103
1,2012-04-28,2,1,4,6,0,1,0.36,0.3333,0.5,0.2985,67
1,2012-04-28,2,1,4,6,0,1,0.36,0.3485,0.43,0.1642,57
1,2012-04-28,2,1,4,6,0,1,0.34,0.3182,0.49,0.2239,26
1,2012-04-28,2,1,4,6,0,1,0.34,0.3333,0.49,0.1642,2
1,2012-04-28,2,1,4,6,0,1,0.34,0.3333,0.46,0.1343,5
2,2012-04-28,2,1,4,6,0,1,0.34,0.3333,0.49,0.194,28
2,2012-04-28,2,1,4,6,0,1,0.34,0.3333,0.49,0.1642,55
2,2012-04-28,2,1,4,6,0,1,0.38,0.3939,0.4,0.1343,158
2,2012-04-28,2,1,4,6,0,2,0.38,0.3939,0.37,0.0,214
2,2012-04-28,2,1,4,6,0,2,0.38,0.3939,0.4,0.1642,291
2,2012-04-28,2,1,4,6,0,2,0.38,0.3939,0.4,0.1045,358
3,2012-04-28,2,1,4,6,0,2,0.38,0.3939,0.43,0.0,381
3,2012-04-28,2,1,4,6,0,2,0.4,0.4091,0.37,0.0,389
3,2012-04-28,2,1,4,6,0,1,0.42,0.4242,0.38,0.1045,440
3,2012-04-28,2,1,4,6,0,1,0.42,0.4242,0.41,0.2239,408
3,2012-04-28,2,1,4,6,0,2,0.44,0.4394,0.38,0.194,376
3,2012-04-28,2,1,4,6,0,2,0.42,0.4242,0.41,0.1343,322
4,2012-04-28,2,1,4,6,0,3,0.4,0.4091,0.47,0.0,90
4,2012-04-28,2,1,4,6,0,3,0.36,0.3485,0.71,0.1343,139
4,2012-04-28,2,1,4,6,0,2,0.38,0.3939,0.66,0.0,102
4,2012-04-28,2,1,4,6,0,3,0.36,0.3485,0.71,0.194,84
4,2012-04-28,2,1,4,6,0,2,0.36,0.3485,0.71,0.1343,83
4,2012-04-28,2,1,4,6,0,2,0.38,0.3939,0.76,0.0896,42
1,2012-04-29,2,1,4,0,0,3,0.36,0.3485,0.81,0.1343,36
1,2012-04-29,2,1,4,0,0,2,0.36,0.3485,0.81,0.1343,42
1,2012-04-29,2,1,4,0,0,2,0.36,0.3636,0.87,0.1045,40
1,2012-04-29,2,1,4,0,0,2,0.36,0.3485,0.87,0.194,16
1,2012-04-29,2,1,4,0,0,2,0.36,0.3485,0.87,0.1343,4
1,2012-04-29,2,1,4,0,0,1,0.34,0.3636,0.87,0.0,6
2,2012-04-29,2,1,4,0,0,1,0.34,0.3333,0.87,0.1343,7
2,2012-04-29,2,1,4,0,0,2,0.34,0.3333,0.87,0.1343,27
2,2012-04-29,2,1,4,0,0,1,0.38,0.3939,0.76,0.1343,107
2,2012-04-29,2,1,4,0,0,1,0.4,0.4091,0.71,0.1343,185
2,2012-04-29,2,1,4,0,0,1,0.42,0.4242,0.67,0.0896,380
2,2012-04-29,2,1,4,0,0,1,0.46,0.4545,0.51,0.0,411
3,2012-04-29,2,1,4,0,0,1,0.48,0.4697,0.44,0.1045,584
3,2012-04-29,2,1,4,0,0,1,0.5,0.4848,0.45,0.1045,595
3,2012-04-29,2,1,4,0,0,1,0.54,0.5152,0.34,0.0,653
3,2012-04-29,2,1,4,0,0,1,0.56,0.5303,0.37,0.1343,603
3,2012-04-29,2,1,4,0,0,1,0.6,0.6061,0.28,0.194,587
3,2012-04-29,2,1,4,0,0,1,0.62,0.6061,0.27,0.2985,522
4,2012-04-29,2,1,4,0,0,1,0.6,0.6061,0.26,0.2836,487
4,2012-04-29,2,1,4,0,0,1,0.56,0.5303,0.35,0.1343,375
4,2012-04-29,2,1,4,0,0,1,0.56,0.5303,0.32,0.0896,243
4,2012-04-29,2,1,4,0,0,1,0.52,0.5,0.48,0.1343,204
4,2012-04-29,2,1,4,0,0,1,0.5,0.4848,0.45,0.0,108
4,2012-04-29,2,1,4,0,0,1,0.48,0.4697,0.59,0.0,82
1,2012-04-30,2,1,4,1,1,1,0.44,0.4394,0.72,0.1045,48
1,2012-04-30,2,1,4,1,1,1,0.42,0.4242,0.77,0.0896,24
1,2012-04-30,2,1,4,1,1,1,0.42,0.4242,0.71,0.1343,8
1,2012-04-30,2,1,4,1,1,1,0.4,0.4091,0.76,0.1642,4
1,2012-04-30,2,1,4,1,1,1,0.38,0.3939,0.62,0.2537,2
1,2012-04-30,2,1,4,1,1,1,0.38,0.3939,0.62,0.2537,20
2,2012-04-30,2,1,4,1,1,1,0.4,0.4091,0.47,0.194,123
2,2012-04-30,2,1,4,1,1,1,0.4,0.4091,0.5,0.194,349
2,2012-04-30,2,1,4,1,1,1,0.4,0.4091,0.43,0.194,596
2,2012-04-30,2,1,4,1,1,2,0.4,0.4091,0.43,0.194,268
2,2012-04-30,2,1,4,1,1,2,0.42,0.4242,0.41,0.1642,157
2,2012-04-30,2,1,4,1,1,2,0.44,0.4394,0.44,0.1045,163
3,2012-04-30,2,1,4,1,1,2,0.44,0.4394,0.47,0.1343,225
3,2012-04-30,2,1,4,1,1,2,0.48,0.4697,0.51,0.0896,247
3,2012-04-30,2,1,4,1,1,2,0.5,0.4848,0.55,0.1343,218
3,2012-04-30,2,1,4,1,1,2,0.52,0.5,0.55,0.1045,231
3,2012-04-30,2,1,4,1,1,1,0.56,0.5303,0.6,0.194,347
3,2012-04-30,2,1,4,1,1,1,0.56,0.5303,0.6,0.1642,683
4,2012-04-30,2,1,4,1,1,2,0.56,0.5303,0.6,0.2239,664
4,2012-04-30,2,1,4,1,1,2,0.54,0.5152,0.64,0.2537,471
4,2012-04-30,2,1,4,1,1,2,0.52,0.5,0.59,0.194,309
4,2012-04-30,2,1,4,1,1,2,0.52,0.5,0.59,0.194,221
4,2012-04-30,2,1,4,1,1,2,0.52,0.5,0.55,0.1642,134
4,2012-04-30,2,1,4,1,1,2,0.52,0.5,0.55,0.2239,60
1,2012-05-01,2,1,5,2,1,2,0.5,0.4848,0.59,0.194,35
1,2012-05-01,2,1,5,2,1,2,0.5,0.4848,0.63,0.1343,21
1,2012-05-01,2,1,5,2,1,2,0.5,0.4848,0.72,0.0896,8
1,2012-05-01,2,1,5,2,1,2,0.5,0.4848,0.77,0.0,3
1,2012-05-01,2,1,5,2,1,2,0.52,0.5,0.72,0.0896,8
1,2012-05-01,2,1,5,2,1,2,0.52,0.5,0.72,0.0896,17
2,2012-05-01,2,1,5,2,1,3,0.52,0.5,0.77,0.1045,26
2,2012-05-01,2,1,5,2,1,2,0.5,0.4848,0.94,0.2537,169
2,2012-05-01,2,1,5,2,1,2,0.52,0.5,0.94,0.2836,557
2,2012-05-01,2,1,5,2,1,2,0.54,0.5152,0.88,0.194,349
2,2012-05-01,2,1,5,2,1,1,0.62,0.5909,0.78,0.2537,174
2,2012-05-01,2,1,5,2,1,2,0.66,0.6212,0.65,0.2836,229
3,2012-05-01,2,1,5,2,1,2,0.7,0.6515,0.58,0.2239,269
3,2012-05-01,2,1,5,2,1,2,0.72,0.6667,0.51,0.2239,249
3,2012-05-01,2,1,5,2,1,2,0.74,0.6667,0.48,0.2537,204
3,2012-05-01,2,1,5,2,1,2,0.74,0.6667,0.45,0.2239,234
3,2012-05-01,2,1,5,2,1,1,0.74,0.6667,0.45,0.194,354
3,2012-05-01,2,1,5,2,1,1,0.74,0.6667,0.48,0.0896,681
4,2012-05-01,2,1,5,2,1,1,0.7,0.6515,0.54,0.1343,743
4,2012-05-01,2,1,5,2,1,1,0.7,0.6515,0.54,0.1343,487
4,2012-05-01,2,1,5,2,1,1,0.66,0.6212,0.61,0.1642,335
4,2012-05-01,2,1,5,2,1,1,0.64,0.6061,0.65,0.1343,282
4,2012-05-01,2,1,5,2,1,1,0.64,0.6061,0.65,0.0,211
4,2012-05-01,2,1,5,2,1,1,0.6,0.5758,0.78,0.0,95
1,2012-05-02,2,1,5,3,1,1,0.6,0.5758,0.78,0.1045,47
1,2012-05-02,2,1,5,3,1,1,0.56,0.5303,0.83,0.0,15
1,2012-05-02,2,1,5,3,1,1,0.56,0.5303,0.83,0.0,16
1,2012-05-02,2,1,5,3,1,1,0.56,0.5303,0.83,0.0896,6
1,2012-05-02,2,1,5,3,1,1,0.54,0.5152,0.88,0.0,4
1,2012-05-02,2,1,5,3,1,1,0.54,0.5152,0.9,0.1343,33
2,2012-05-02,2,1,5,3,1,3,0.56,0.5303,0.84,0.0,120
2,2012-05-02,2,1,5,3,1,2,0.54,0.5152,0.88,0.194,358
2,2012-05-02,2,1,5,3,1,2,0.56,0.5303,0.88,0.0,666
2,2012-05-02,2,1,5,3,1,2,0.56,0.5303,0.88,0.0,315
2,2012-05-02,2,1,5,3,1,2,0.58,0.5455,0.83,0.1045,175
2,2012-05-02,2,1,5,3,1,2,0.58,0.5455,0.81,0.1343,184
3,2012-05-02,2,1,5,3,1,2,0.58,0.5455,0.83,0.2239,245
3,2012-05-02,2,1,5,3,1,2,0.58,0.5455,0.78,0.194,228
3,2012-05-02,2,1,5,3,1,1,0.62,0.6061,0.69,0.0896,240
3,2012-05-02,2,1,5,3,1,1,0.64,0.6061,0.65,0.194,256
3,2012-05-02,2,1,5,3,1,1,0.64,0.6061,0.65,0.1642,367
3,2012-05-02,2,1,5,3,1,1,0.6,0.5909,0.73,0.2537,729
4,2012-05-02,2,1,5,3,1,1,0.56,0.5303,0.73,0.2239,813
4,2012-05-02,2,1,5,3,1,1,0.54,0.5152,0.77,0.2537,504
4,2012-05-02,2,1,5,3,1,1,0.52,0.5,0.77,0.2537,338
4,2012-05-02,2,1,5,3,1,1,0.52,0.5,0.77,0.2239,239
4,2012-05-02,2,1,5,3,1,1,0.5,0.4848,0.82,0.2239,173
4,2012-05-02,2,1,5,3,1,2,0.5,0.4848,0.77,0.2537,98
1,2012-05-03,2,1,5,4,1,2,0.48,0.4697,0.82,0.2239,90
1,2012-05-03,2,1,5,4,1,2,0.46,0.4545,0.88,0.1045,24
1,2012-05-03,2,1,5,4,1,2,0.46,0.4545,0.88,0.1343,17
1,2012-05-03,2,1,5,4,1,2,0.46,0.4545,0.88,0.0,6
1,2012-05-03,2,1,5,4,1,2,0.46,0.4545,0.88,0.2537,2
1,2012-05-03,2,1,5,4,1,2,0.46,0.4545,0.88,0.2537,21
2,2012-05-03,2,1,5,4,1,2,0.46,0.4545,0.88,0.1642,136
2,2012-05-03,2,1,5,4,1,3,0.44,0.4394,0.94,0.1045,384
2,2012-05-03,2,1,5,4,1,3,0.46,0.4545,0.88,0.194,627
2,2012-05-03,2,1,5,4,1,2,0.48,0.4697,0.88,0.1045,304
2,2012-05-03,2,1,5,4,1,2,0.52,0.5,0.77,0.0,168
2,2012-05-03,2,1,5,4,1,1,0.54,0.5152,0.77,0.0,201
3,2012-05-03,2,1,5,4,1,1,0.56,0.5303,0.73,0.1343,301
3,2012-05-03,2,1,5,4,1,1,0.6,0.5909,0.69,0.194,265
3,2012-05-03,2,1,5,4,1,1,0.64,0.6061,0.65,0.194,204
3,2012-05-03,2,1,5,4,1,1,0.66,0.6212,0.61,0.194,283
3,2012-05-03,2,1,5,4,1,1,0.68,0.6364,0.57,0.1642,370
3,2012-05-03,2,1,5,4,1,1,0.72,0.6667,0.54,0.1343,704
4,2012-05-03,2,1,5,4,1,1,0.72,0.6667,0.58,0.1343,706
4,2012-05-03,2,1,5,4,1,1,0.7,0.6515,0.61,0.194,522
4,2012-05-03,2,1,5,4,1,1,0.64,0.6061,0.73,0.194,420
4,2012-05-03,2,1,5,4,1,1,0.62,0.5909,0.78,0.1343,299
4,2012-05-03,2,1,5,4,1,1,0.62,0.5909,0.78,0.0,246
4,2012-05-03,2,1,5,4,1,1,0.6,0.5606,0.83,0.0,121
1,2012-05-04,2,1,5,5,1,1,0.6,0.5758,0.78,0.3284,89
1,2012-05-04,2,1,5,5,1,1,0.6,0.5758,0.78,0.1045,48
1,2012-05-04,2,1,5,5,1,1,0.58,0.5455,0.83,0.1343,11
1,2012-05-04,2,1,5,5,1,1,0.56,0.5303,0.88,0.2239,14
1,2012-05-04,2,1,5,5,1,1,0.56,0.5303,0.88,0.194,4
1,2012-05-04,2,1,5,5,1,1,0.56,0.5303,0.88,0.194,24
2,2012-05-04,2,1,5,5,1,1,0.54,0.5152,0.94,0.1045,135
2,2012-05-04,2,1,5,5,1,1,0.56,0.5303,0.88,0.0,356
2,2012-05-04,2,1,5,5,1,1,0.56,0.5303,0.88,0.0,618
2,2012-05-04,2,1,5,5,1,1,0.6,0.5758,0.78,0.0,294
2,2012-05-04,2,1,5,5,1,2,0.62,0.5909,0.73,0.1343,199
2,2012-05-04,2,1,5,5,1,2,0.7,0.6515,0.61,0.0,258
3,2012-05-04,2,1,5,5,1,3,0.62,0.5909,0.78,0.3582,171
3,2012-05-04,2,1,5,5,1,2,0.64,0.6061,0.73,0.0,278
3,2012-05-04,2,1,5,5,1,2,0.66,0.6212,0.74,0.2836,242
3,2012-05-04,2,1,5,5,1,2,0.72,0.6818,0.62,0.1045,343
3,2012-05-04,2,1,5,5,1,1,0.76,0.6818,0.48,0.1642,440
3,2012-05-04,2,1,5,5,1,1,0.7,0.6515,0.54,0.4627,643
4,2012-05-04,2,1,5,5,1,1,0.7,0.6515,0.54,0.4627,641
4,2012-05-04,2,1,5,5,1,1,0.7,0.6515,0.51,0.1343,452
4,2012-05-04,2,1,5,5,1,1,0.68,0.6364,0.51,0.1045,313
4,2012-05-04,2,1,5,5,1,1,0.64,0.6061,0.69,0.194,235
4,2012-05-04,2,1,5,5,1,1,0.6,0.5606,0.83,0.1343,232
4,2012-05-04,2,1,5,5,1,1,0.6,0.5606,0.83,0.0896,256
1,2012-05-05,2,1,5,6,0,1,0.6,0.5606,0.83,0.0,153
1,2012-05-05,2,1,5,6,0,1,0.6,0.5606,0.83,0.0,107
1,2012-05-05,2,1,5,6,0,1,0.58,0.5455,0.88,0.0,75
1,2012-05-05,2,1,5,6,0,1,0.58,0.5455,0.83,0.0,32
1,2012-05-05,2,1,5,6,0,1,0.56,0.5303,0.88,0.1045,9
1,2012-05-05,2,1,5,6,0,1,0.56,0.5303,0.88,0.0896,22
2,2012-05-05,2,1,5,6,0,2,0.54,0.5152,0.94,0.0,42
2,2012-05-05,2,1,5,6,0,1,0.56,0.5303,0.88,0.0,87
2,2012-05-05,2,1,5,6,0,1,0.58,0.5455,0.83,0.0896,197
2,2012-05-05,2,1,5,6,0,1,0.62,0.5909,0.78,0.1045,284
2,2012-05-05,2,1,5,6,0,1,0.66,0.6212,0.65,0.1343,432
2,2012-05-05,2,1,5,6,0,1,0.7,0.6515,0.58,0.0896,575
3,2012-05-05,2,1,5,6,0,1,0.72,0.6667,0.58,0.1045,550
3,2012-05-05,2,1,5,6,0,1,0.74,0.6818,0.55,0.1343,524
3,2012-05-05,2,1,5,6,0,3,0.7,0.6515,0.61,0.2985,428
3,2012-05-05,2,1,5,6,0,3,0.66,0.6212,0.74,0.194,541
3,2012-05-05,2,1,5,6,0,2,0.68,0.6364,0.65,0.3881,540
3,2012-05-05,2,1,5,6,0,2,0.68,0.6364,0.65,0.2985,502
4,2012-05-05,2,1,5,6,0,2,0.66,0.6212,0.69,0.3582,434
4,2012-05-05,2,1,5,6,0,2,0.62,0.5909,0.73,0.3284,405
4,2012-05-05,2,1,5,6,0,1,0.6,0.5758,0.78,0.2537,309
4,2012-05-05,2,1,5,6,0,2,0.58,0.5455,0.78,0.2239,269
4,2012-05-05,2,1,5,6,0,2,0.58,0.5455,0.78,0.194,217
4,2012-05-05,2,1,5,6,0,2,0.56,0.5303,0.83,0.2836,149
1,2012-05-06,2,1,5,0,0,2,0.56,0.5303,0.83,0.1343,134
1,2012-05-06,2,1,5,0,0,2,0.54,0.5152,0.83,0.2239,121
1,2012-05-06,2,1,5,0,0,2,0.54,0.5152,0.83,0.2836,93
1,2012-05-06,2,1,5,0,0,2,0.54,0.5152,0.83,0.194,28
1,2012-05-06,2,1,5,0,0,3,0.52,0.5,0.83,0.1642,16
1,2012-05-06,2,1,5,0,0,3,0.52,0.5,0.83,0.1642,11
2,2012-05-06,2,1,5,0,0,3,0.52,0.5,0.83,0.2239,17
2,2012-05-06,2,1,5,0,0,3,0.52,0.5,0.83,0.1642,36
2,2012-05-06,2,1,5,0,0,2,0.5,0.4848,0.88,0.1343,114
2,2012-05-06,2,1,5,0,0,2,0.52,0.5,0.83,0.1642,191
2,2012-05-06,2,1,5,0,0,2,0.54,0.5152,0.77,0.1045,333
2,2012-05-06,2,1,5,0,0,1,0.56,0.5303,0.73,0.1045,414
3,2012-05-06,2,1,5,0,0,2,0.6,0.6061,0.64,0.0896,558
3,2012-05-06,2,1,5,0,0,2,0.6,0.6061,0.64,0.0,565
3,2012-05-06,2,1,5,0,0,2,0.6,0.6061,0.64,0.1045,518
3,2012-05-06,2,1,5,0,0,2,0.62,0.6061,0.61,0.1045,571
3,2012-05-06,2,1,5,0,0,2,0.62,0.6061,0.61,0.0,544
3,2012-05-06,2,1,5,0,0,2,0.62,0.6061,0.65,0.1343,511
4,2012-05-06,2,1,5,0,0,2,0.62,0.6061,0.61,0.194,463
4,2012-05-06,2,1,5,0,0,2,0.6,0.6061,0.64,0.1642,383
4,2012-05-06,2,1,5,0,0,1,0.6,0.6061,0.64,0.194,276
4,2012-05-06,2,1,5,0,0,1,0.56,0.5303,0.73,0.194,203
4,2012-05-06,2,1,5,0,0,1,0.56,0.5303,0.73,0.1642,157
4,2012-05-06,2,1,5,0,0,1,0.52,0.5,0.77,0.194,102
1,2012-05-07,2,1,5,1,1,2,0.52,0.5,0.77,0.1343,34
1,2012-05-07,2,1,5,1,1,2,0.52,0.5,0.77,0.194,9
1,2012-05-07,2,1,5,1,1,1,0.5,0.4848,0.77,0.194,6
1,2012-05-07,2,1,5,1,1,1,0.5,0.4848,0.77,0.194,5
1,2012-05-07,2,1,5,1,1,2,0.46,0.4545,0.88,0.1343,2
1,2012-05-07,2,1,5,1,1,1,0.46,0.4545,0.88,0.1045,23
2,2012-05-07,2,1,5,1,1,1,0.46,0.4545,0.88,0.1045,142
2,2012-05-07,2,1,5,1,1,2,0.48,0.4697,0.82,0.1045,385
2,2012-05-07,2,1,5,1,1,2,0.5,0.4848,0.82,0.194,639
2,2012-05-07,2,1,5,1,1,2,0.5,0.4848,0.82,0.2239,350
2,2012-05-07,2,1,5,1,1,2,0.52,0.5,0.77,0.194,190
2,2012-05-07,2,1,5,1,1,2,0.54,0.5152,0.73,0.194,213
3,2012-05-07,2,1,5,1,1,2,0.56,0.5303,0.68,0.2239,263
3,2012-05-07,2,1,5,1,1,2,0.6,0.6212,0.53,0.3284,272
3,2012-05-07,2,1,5,1,1,2,0.62,0.6212,0.5,0.3582,239
3,2012-05-07,2,1,5,1,1,2,0.62,0.6212,0.53,0.2985,262
3,2012-05-07,2,1,5,1,1,2,0.6,0.6212,0.53,0.3881,388
3,2012-05-07,2,1,5,1,1,2,0.6,0.6212,0.53,0.3284,769
4,2012-05-07,2,1,5,1,1,2,0.6,0.6212,0.53,0.3582,680
4,2012-05-07,2,1,5,1,1,1,0.58,0.5455,0.56,0.3284,546
4,2012-05-07,2,1,5,1,1,1,0.54,0.5152,0.52,0.2836,323
4,2012-05-07,2,1,5,1,1,2,0.54,0.5152,0.45,0.2239,247
4,2012-05-07,2,1,5,1,1,2,0.54,0.5152,0.45,0.2537,173
4,2012-05-07,2,1,5,1,1,2,0.54,0.5152,0.45,0.194,113
1,2012-05-08,2,1,5,2,1,2,0.52,0.5,0.52,0.2537,38
1,2012-05-08,2,1,5,2,1,2,0.52,0.5,0.59,0.2239,9
1,2012-05-08,2,1,5,2,1,2,0.52,0.5,0.63,0.2985,16
1,2012-05-08,2,1,5,2,1,2,0.52,0.5,0.68,0.2836,6
1,2012-05-08,2,1,5,2,1,2,0.52,0.5,0.68,0.3284,5
1,2012-05-08,2,1,5,2,1,2,0.52,0.5,0.72,0.2836,20
2,2012-05-08,2,1,5,2,1,1,0.5,0.4848,0.77,0.2985,165
2,2012-05-08,2,1,5,2,1,1,0.52,0.5,0.72,0.2836,463
2,2012-05-08,2,1,5,2,1,2,0.54,0.5152,0.73,0.2985,641
2,2012-05-08,2,1,5,2,1,2,0.56,0.5303,0.68,0.3582,295
2,2012-05-08,2,1,5,2,1,2,0.58,0.5455,0.68,0.4179,157
2,2012-05-08,2,1,5,2,1,2,0.6,0.6061,0.64,0.3881,217
3,2012-05-08,2,1,5,2,1,2,0.62,0.6061,0.65,0.3284,263
3,2012-05-08,2,1,5,2,1,3,0.64,0.6061,0.65,0.2537,219
3,2012-05-08,2,1,5,2,1,3,0.62,0.6061,0.69,0.3284,71
3,2012-05-08,2,1,5,2,1,3,0.62,0.5909,0.73,0.2537,134
3,2012-05-08,2,1,5,2,1,3,0.64,0.6061,0.73,0.2239,389
3,2012-05-08,2,1,5,2,1,2,0.64,0.6061,0.69,0.2836,717
4,2012-05-08,2,1,5,2,1,2,0.64,0.6061,0.69,0.2836,710
4,2012-05-08,2,1,5,2,1,2,0.64,0.6061,0.69,0.2836,458
4,2012-05-08,2,1,5,2,1,2,0.64,0.6061,0.69,0.2836,302
4,2012-05-08,2,1,5,2,1,2,0.64,0.6061,0.65,0.2836,223
4,2012-05-08,2,1,5,2,1,3,0.6,0.5758,0.78,0.2537,147
4,2012-05-08,2,1,5,2,1,3,0.6,0.5758,0.78,0.3284,63
1,2012-05-09,2,1,5,3,1,2,0.58,0.5455,0.83,0.194,35
1,2012-05-09,2,1,5,3,1,2,0.6,0.5758,0.78,0.2537,14
1,2012-05-09,2,1,5,3,1,3,0.56,0.5303,0.88,0.4478,1
1,2012-05-09,2,1,5,3,1,3,0.56,0.5303,0.88,0.1642,2
1,2012-05-09,2,1,5,3,1,3,0.56,0.5303,0.88,0.2239,5
1,2012-05-09,2,1,5,3,1,2,0.56,0.5303,0.88,0.1343,28
2,2012-05-09,2,1,5,3,1,2,0.56,0.5303,0.88,0.1045,126
2,2012-05-09,2,1,5,3,1,2,0.56,0.5303,0.94,0.194,418
2,2012-05-09,2,1,5,3,1,2,0.6,0.5606,0.83,0.1343,622
2,2012-05-09,2,1,5,3,1,2,0.6,0.5606,0.83,0.0,325
2,2012-05-09,2,1,5,3,1,2,0.62,0.6061,0.65,0.2537,153
2,2012-05-09,2,1,5,3,1,2,0.62,0.6212,0.59,0.2985,201
3,2012-05-09,2,1,5,3,1,2,0.62,0.6212,0.57,0.2239,280
3,2012-05-09,2,1,5,3,1,2,0.64,0.6212,0.53,0.2537,266
3,2012-05-09,2,1,5,3,1,2,0.64,0.6212,0.53,0.2537,243
3,2012-05-09,2,1,5,3,1,2,0.64,0.6212,0.53,0.1045,259
3,2012-05-09,2,1,5,3,1,2,0.66,0.6212,0.5,0.194,357
3,2012-05-09,2,1,5,3,1,2,0.64,0.6212,0.53,0.1343,705
4,2012-05-09,2,1,5,3,1,3,0.52,0.5,0.77,0.5821,372
4,2012-05-09,2,1,5,3,1,3,0.5,0.4848,0.77,0.3582,98
4,2012-05-09,2,1,5,3,1,3,0.5,0.4848,0.82,0.2239,51
4,2012-05-09,2,1,5,3,1,3,0.5,0.4848,0.82,0.1642,34
4,2012-05-09,2,1,5,3,1,3,0.48,0.4697,0.82,0.1045,67
4,2012-05-09,2,1,5,3,1,3,0.48,0.4697,0.82,0.194,55
1,2012-05-10,2,1,5,4,1,3,0.5,0.4848,0.77,0.1642,33
1,2012-05-10,2,1,5,4,1,2,0.48,0.4697,0.88,0.1343,11
1,2012-05-10,2,1,5,4,1,2,0.48,0.4697,0.88,0.1045,3
1,2012-05-10,2,1,5,4,1,1,0.46,0.4545,0.88,0.2239,3
1,2012-05-10,2,1,5,4,1,1,0.46,0.4545,0.77,0.194,2
1,2012-05-10,2,1,5,4,1,1,0.46,0.4545,0.72,0.2985,24
2,2012-05-10,2,1,5,4,1,1,0.44,0.4394,0.72,0.2239,139
2,2012-05-10,2,1,5,4,1,1,0.44,0.4394,0.72,0.2985,401
2,2012-05-10,2,1,5,4,1,1,0.46,0.4545,0.67,0.3582,630
2,2012-05-10,2,1,5,4,1,1,0.5,0.4848,0.59,0.4627,361
2,2012-05-10,2,1,5,4,1,1,0.5,0.4848,0.51,0.4179,154
2,2012-05-10,2,1,5,4,1,1,0.52,0.5,0.48,0.5224,256
3,2012-05-10,2,1,5,4,1,1,0.52,0.5,0.48,0.4179,272
3,2012-05-10,2,1,5,4,1,1,0.54,0.5152,0.39,0.4478,318
3,2012-05-10,2,1,5,4,1,1,0.56,0.5303,0.37,0.4179,247
3,2012-05-10,2,1,5,4,1,1,0.54,0.5152,0.37,0.3881,271
3,2012-05-10,2,1,5,4,1,1,0.58,0.5455,0.3,0.4627,421
3,2012-05-10,2,1,5,4,1,1,0.6,0.6212,0.31,0.3881,732
4,2012-05-10,2,1,5,4,1,1,0.56,0.5303,0.35,0.5224,770
4,2012-05-10,2,1,5,4,1,1,0.54,0.5152,0.37,0.3582,553
4,2012-05-10,2,1,5,4,1,1,0.52,0.5,0.4,0.3284,374
4,2012-05-10,2,1,5,4,1,1,0.5,0.4848,0.42,0.194,230
4,2012-05-10,2,1,5,4,1,1,0.5,0.4848,0.42,0.1045,232
4,2012-05-10,2,1,5,4,1,1,0.48,0.4697,0.48,0.1045,135
1,2012-05-11,2,1,5,5,1,1,0.46,0.4545,0.55,0.1045,64
1,2012-05-11,2,1,5,5,1,1,0.46,0.4545,0.51,0.1343,46
1,2012-05-11,2,1,5,5,1,1,0.46,0.4545,0.44,0.1642,31
1,2012-05-11,2,1,5,5,1,1,0.46,0.4545,0.41,0.2836,13
1,2012-05-11,2,1,5,5,1,1,0.42,0.4242,0.5,0.194,9
1,2012-05-11,2,1,5,5,1,1,0.42,0.4242,0.47,0.1642,26
2,2012-05-11,2,1,5,5,1,1,0.42,0.4242,0.5,0.2537,135
2,2012-05-11,2,1,5,5,1,1,0.42,0.4242,0.5,0.2537,351
2,2012-05-11,2,1,5,5,1,1,0.46,0.4545,0.44,0.2537,620
2,2012-05-11,2,1,5,5,1,1,0.48,0.4697,0.41,0.2985,322
2,2012-05-11,2,1,5,5,1,1,0.52,0.5,0.36,0.3284,210
2,2012-05-11,2,1,5,5,1,1,0.56,0.5303,0.35,0.2537,291
3,2012-05-11,2,1,5,5,1,1,0.56,0.5303,0.28,0.4179,348
3,2012-05-11,2,1,5,5,1,1,0.6,0.6061,0.26,0.3881,363
3,2012-05-11,2,1,5,5,1,1,0.62,0.6061,0.23,0.2239,334
3,2012-05-11,2,1,5,5,1,1,0.62,0.6061,0.25,0.194,439
3,2012-05-11,2,1,5,5,1,1,0.62,0.6061,0.25,0.3284,525
3,2012-05-11,2,1,5,5,1,1,0.64,0.6061,0.23,0.2537,779
4,2012-05-11,2,1,5,5,1,1,0.64,0.6061,0.23,0.2836,596
4,2012-05-11,2,1,5,5,1,1,0.64,0.6061,0.23,0.2537,503
4,2012-05-11,2,1,5,5,1,1,0.62,0.6061,0.25,0.1343,341
4,2012-05-11,2,1,5,5,1,1,0.6,0.6061,0.28,0.1045,270
4,2012-05-11,2,1,5,5,1,1,0.56,0.5303,0.35,0.2239,234
4,2012-05-11,2,1,5,5,1,1,0.54,0.5152,0.37,0.194,180
1,2012-05-12,2,1,5,6,0,1,0.52,0.5,0.42,0.1642,136
1,2012-05-12,2,1,5,6,0,1,0.5,0.4848,0.48,0.0,93
1,2012-05-12,2,1,5,6,0,1,0.46,0.4545,0.59,0.1343,56
1,2012-05-12,2,1,5,6,0,1,0.48,0.4697,0.59,0.0,34
1,2012-05-12,2,1,5,6,0,1,0.44,0.4394,0.67,0.1045,9
1,2012-05-12,2,1,5,6,0,1,0.42,0.4242,0.67,0.1343,13
2,2012-05-12,2,1,5,6,0,1,0.42,0.4242,0.67,0.0896,33
2,2012-05-12,2,1,5,6,0,1,0.42,0.4242,0.71,0.1343,67
2,2012-05-12,2,1,5,6,0,1,0.52,0.5,0.48,0.0,178
2,2012-05-12,2,1,5,6,0,1,0.54,0.5152,0.49,0.0,335
2,2012-05-12,2,1,5,6,0,1,0.56,0.5303,0.49,0.0896,411
2,2012-05-12,2,1,5,6,0,1,0.62,0.6212,0.41,0.0896,522
3,2012-05-12,2,1,5,6,0,1,0.64,0.6212,0.36,0.1642,559
3,2012-05-12,2,1,5,6,0,1,0.64,0.6212,0.36,0.194,659
3,2012-05-12,2,1,5,6,0,1,0.66,0.6212,0.36,0.194,615
3,2012-05-12,2,1,5,6,0,1,0.68,0.6212,0.24,0.194,590
3,2012-05-12,2,1,5,6,0,2,0.7,0.6364,0.21,0.194,591
3,2012-05-12,2,1,5,6,0,2,0.66,0.6212,0.36,0.194,576
4,2012-05-12,2,1,5,6,0,2,0.66,0.6212,0.31,0.194,546
4,2012-05-12,2,1,5,6,0,2,0.64,0.6212,0.36,0.1642,439
4,2012-05-12,2,1,5,6,0,1,0.62,0.6212,0.46,0.1642,287
4,2012-05-12,2,1,5,6,0,2,0.6,0.6061,0.6,0.1343,230
4,2012-05-12,2,1,5,6,0,1,0.56,0.5303,0.68,0.1343,274
4,2012-05-12,2,1,5,6,0,1,0.58,0.5455,0.56,0.0896,176
1,2012-05-13,2,1,5,0,0,1,0.56,0.5303,0.64,0.1642,98
1,2012-05-13,2,1,5,0,0,2,0.54,0.5152,0.68,0.1343,94
1,2012-05-13,2,1,5,0,0,2,0.54,0.5152,0.68,0.1642,82
1,2012-05-13,2,1,5,0,0,2,0.54,0.5152,0.64,0.1343,28
1,2012-05-13,2,1,5,0,0,2,0.54,0.5152,0.68,0.194,9
1,2012-05-13,2,1,5,0,0,1,0.52,0.5,0.72,0.194,12
2,2012-05-13,2,1,5,0,0,1,0.52,0.5,0.68,0.1642,21
2,2012-05-13,2,1,5,0,0,1,0.52,0.5,0.68,0.1642,60
2,2012-05-13,2,1,5,0,0,1,0.56,0.5303,0.64,0.1642,156
2,2012-05-13,2,1,5,0,0,1,0.6,0.6212,0.56,0.1343,222
2,2012-05-13,2,1,5,0,0,1,0.6,0.6061,0.6,0.2537,350
2,2012-05-13,2,1,5,0,0,1,0.62,0.6212,0.57,0.2537,428
3,2012-05-13,2,1,5,0,0,1,0.64,0.6212,0.57,0.2239,531
3,2012-05-13,2,1,5,0,0,1,0.68,0.6364,0.54,0.2537,602
3,2012-05-13,2,1,5,0,0,1,0.7,0.6515,0.48,0.1343,552
3,2012-05-13,2,1,5,0,0,1,0.72,0.6515,0.45,0.3582,499
3,2012-05-13,2,1,5,0,0,1,0.72,0.6515,0.42,0.2537,564
3,2012-05-13,2,1,5,0,0,1,0.7,0.6364,0.45,0.4179,478
4,2012-05-13,2,1,5,0,0,2,0.68,0.6364,0.44,0.3582,389
4,2012-05-13,2,1,5,0,0,2,0.66,0.6212,0.5,0.4179,339
4,2012-05-13,2,1,5,0,0,2,0.66,0.6212,0.5,0.2836,230
4,2012-05-13,2,1,5,0,0,2,0.64,0.6212,0.53,0.194,169
4,2012-05-13,2,1,5,0,0,2,0.62,0.6061,0.61,0.1642,131
4,2012-05-13,2,1,5,0,0,2,0.62,0.6212,0.57,0.2239,74
1,2012-05-14,2,1,5,1,1,2,0.6,0.6212,0.56,0.2537,35
1,2012-05-14,2,1,5,1,1,2,0.6,0.6061,0.6,0.2836,11
1,2012-05-14,2,1,5,1,1,1,0.6,0.6061,0.6,0.2985,2
1,2012-05-14,2,1,5,1,1,2,0.58,0.5455,0.68,0.3284,2
1,2012-05-14,2,1,5,1,1,2,0.54,0.5152,0.77,0.2239,6
1,2012-05-14,2,1,5,1,1,2,0.54,0.5152,0.77,0.1642,26
2,2012-05-14,2,1,5,1,1,3,0.52,0.5,0.94,0.2985,65
2,2012-05-14,2,1,5,1,1,3,0.52,0.5,0.94,0.194,75
2,2012-05-14,2,1,5,1,1,3,0.54,0.5152,0.88,0.2239,156
2,2012-05-14,2,1,5,1,1,3,0.54,0.5152,0.88,0.2836,110
2,2012-05-14,2,1,5,1,1,3,0.54,0.5152,0.88,0.2537,59
2,2012-05-14,2,1,5,1,1,2,0.56,0.5303,0.83,0.2239,79
3,2012-05-14,2,1,5,1,1,2,0.56,0.5303,0.88,0.2836,185
3,2012-05-14,2,1,5,1,1,2,0.62,0.5909,0.73,0.2239,176
3,2012-05-14,2,1,5,1,1,2,0.62,0.5909,0.73,0.2537,171
3,2012-05-14,2,1,5,1,1,2,0.62,0.5909,0.73,0.1642,196
3,2012-05-14,2,1,5,1,1,3,0.62,0.6061,0.69,0.2836,111
3,2012-05-14,2,1,5,1,1,3,0.56,0.5303,0.88,0.2537,229
4,2012-05-14,2,1,5,1,1,2,0.58,0.5455,0.83,0.0,300
4,2012-05-14,2,1,5,1,1,3,0.58,0.5455,0.88,0.1343,304
4,2012-05-14,2,1,5,1,1,2,0.58,0.5455,0.88,0.194,189
4,2012-05-14,2,1,5,1,1,2,0.58,0.5455,0.83,0.0896,152
4,2012-05-14,2,1,5,1,1,2,0.58,0.5455,0.78,0.0896,129
4,2012-05-14,2,1,5,1,1,2,0.58,0.5455,0.78,0.1045,75
1,2012-05-15,2,1,5,2,1,2,0.56,0.5303,0.88,0.1343,32
1,2012-05-15,2,1,5,2,1,3,0.56,0.5303,0.88,0.1343,19
1,2012-05-15,2,1,5,2,1,2,0.56,0.5303,0.88,0.1343,4
1,2012-05-15,2,1,5,2,1,3,0.58,0.5455,0.83,0.1343,6
1,2012-05-15,2,1,5,2,1,3,0.56,0.5303,0.94,0.0,5
1,2012-05-15,2,1,5,2,1,3,0.56,0.5303,0.94,0.2239,8
2,2012-05-15,2,1,5,2,1,3,0.56,0.5303,0.94,0.2239,24
2,2012-05-15,2,1,5,2,1,3,0.56,0.5303,0.94,0.1343,92
2,2012-05-15,2,1,5,2,1,2,0.58,0.5455,0.88,0.0896,409
2,2012-05-15,2,1,5,2,1,2,0.58,0.5455,0.88,0.0896,355
2,2012-05-15,2,1,5,2,1,1,0.62,0.5909,0.78,0.1045,171
2,2012-05-15,2,1,5,2,1,1,0.64,0.5909,0.78,0.194,224
3,2012-05-15,2,1,5,2,1,1,0.64,0.6061,0.73,0.194,264
3,2012-05-15,2,1,5,2,1,3,0.64,0.6061,0.73,0.194,239
3,2012-05-15,2,1,5,2,1,2,0.64,0.6061,0.73,0.194,184
3,2012-05-15,2,1,5,2,1,2,0.7,0.6515,0.61,0.0896,256
3,2012-05-15,2,1,5,2,1,1,0.68,0.6364,0.65,0.1642,374
3,2012-05-15,2,1,5,2,1,1,0.68,0.6364,0.65,0.1045,678
4,2012-05-15,2,1,5,2,1,1,0.7,0.6515,0.61,0.0896,733
4,2012-05-15,2,1,5,2,1,1,0.66,0.6212,0.69,0.1642,512
4,2012-05-15,2,1,5,2,1,3,0.64,0.6061,0.73,0.1343,263
4,2012-05-15,2,1,5,2,1,3,0.64,0.6061,0.73,0.2836,109
4,2012-05-15,2,1,5,2,1,1,0.58,0.5455,0.78,0.2239,83
4,2012-05-15,2,1,5,2,1,3,0.56,0.5303,0.88,0.1045,71
1,2012-05-16,2,1,5,3,1,2,0.58,0.5455,0.88,0.0,39
1,2012-05-16,2,1,5,3,1,2,0.58,0.5455,0.88,0.1343,21
1,2012-05-16,2,1,5,3,1,1,0.56,0.5303,0.94,0.194,19
1,2012-05-16,2,1,5,3,1,1,0.56,0.5303,0.88,0.1045,6
1,2012-05-16,2,1,5,3,1,1,0.54,0.5152,0.94,0.1343,4
1,2012-05-16,2,1,5,3,1,1,0.54,0.5152,0.94,0.1045,38
2,2012-05-16,2,1,5,3,1,1,0.54,0.5152,0.94,0.0896,158
2,2012-05-16,2,1,5,3,1,1,0.56,0.5303,0.83,0.0,440
2,2012-05-16,2,1,5,3,1,1,0.58,0.5455,0.83,0.0,650
2,2012-05-16,2,1,5,3,1,2,0.6,0.5758,0.78,0.1343,347
2,2012-05-16,2,1,5,3,1,1,0.66,0.6212,0.61,0.0,192
2,2012-05-16,2,1,5,3,1,1,0.7,0.6515,0.54,0.1343,267
3,2012-05-16,2,1,5,3,1,1,0.7,0.6515,0.54,0.194,330
3,2012-05-16,2,1,5,3,1,1,0.72,0.6515,0.42,0.0,350
3,2012-05-16,2,1,5,3,1,1,0.72,0.6515,0.42,0.0896,263
3,2012-05-16,2,1,5,3,1,2,0.72,0.6667,0.48,0.1045,274
3,2012-05-16,2,1,5,3,1,1,0.72,0.6515,0.45,0.1045,446
3,2012-05-16,2,1,5,3,1,1,0.72,0.6667,0.51,0.194,873
4,2012-05-16,2,1,5,3,1,1,0.72,0.6667,0.51,0.2239,846
4,2012-05-16,2,1,5,3,1,1,0.7,0.6515,0.54,0.2836,590
4,2012-05-16,2,1,5,3,1,1,0.66,0.6212,0.65,0.2537,459
4,2012-05-16,2,1,5,3,1,1,0.64,0.6061,0.73,0.194,393
4,2012-05-16,2,1,5,3,1,1,0.64,0.6061,0.73,0.1642,286
4,2012-05-16,2,1,5,3,1,1,0.62,0.5909,0.78,0.1045,133
1,2012-05-17,2,1,5,4,1,1,0.6,0.5758,0.78,0.1343,79
1,2012-05-17,2,1,5,4,1,1,0.6,0.5606,0.83,0.1642,28
1,2012-05-17,2,1,5,4,1,1,0.6,0.5758,0.78,0.1642,16
1,2012-05-17,2,1,5,4,1,1,0.6,0.5909,0.73,0.2537,3
1,2012-05-17,2,1,5,4,1,1,0.6,0.6061,0.64,0.3284,16
1,2012-05-17,2,1,5,4,1,1,0.56,0.5303,0.68,0.3284,35
2,2012-05-17,2,1,5,4,1,1,0.54,0.5152,0.73,0.3582,159
2,2012-05-17,2,1,5,4,1,1,0.54,0.5152,0.73,0.3881,474
2,2012-05-17,2,1,5,4,1,1,0.52,0.5,0.55,0.4478,634
2,2012-05-17,2,1,5,4,1,1,0.54,0.5152,0.52,0.4179,346
2,2012-05-17,2,1,5,4,1,1,0.56,0.5303,0.52,0.2537,205
2,2012-05-17,2,1,5,4,1,1,0.58,0.5455,0.49,0.2239,279
3,2012-05-17,2,1,5,4,1,1,0.6,0.6212,0.43,0.194,348
3,2012-05-17,2,1,5,4,1,1,0.62,0.6212,0.41,0.194,327
3,2012-05-17,2,1,5,4,1,1,0.64,0.6212,0.38,0.194,270
3,2012-05-17,2,1,5,4,1,1,0.64,0.6212,0.36,0.2537,316
3,2012-05-17,2,1,5,4,1,1,0.66,0.6212,0.31,0.194,430
3,2012-05-17,2,1,5,4,1,1,0.66,0.6212,0.31,0.1343,852
4,2012-05-17,2,1,5,4,1,1,0.66,0.6212,0.27,0.1642,868
4,2012-05-17,2,1,5,4,1,1,0.64,0.6212,0.31,0.194,537
4,2012-05-17,2,1,5,4,1,1,0.6,0.6212,0.4,0.194,446
4,2012-05-17,2,1,5,4,1,1,0.58,0.5455,0.4,0.1045,299
4,2012-05-17,2,1,5,4,1,1,0.56,0.5303,0.43,0.0896,251
4,2012-05-17,2,1,5,4,1,1,0.54,0.5152,0.49,0.1343,166
1,2012-05-18,2,1,5,5,1,1,0.52,0.5,0.59,0.1045,70
1,2012-05-18,2,1,5,5,1,1,0.5,0.4848,0.59,0.0896,49
1,2012-05-18,2,1,5,5,1,1,0.48,0.4697,0.67,0.1343,21
1,2012-05-18,2,1,5,5,1,1,0.46,0.4545,0.72,0.0896,14
1,2012-05-18,2,1,5,5,1,1,0.46,0.4545,0.77,0.1642,11
1,2012-05-18,2,1,5,5,1,1,0.46,0.4545,0.77,0.1045,34
2,2012-05-18,2,1,5,5,1,1,0.44,0.4394,0.77,0.1343,182
2,2012-05-18,2,1,5,5,1,1,0.46,0.4545,0.82,0.1045,515
2,2012-05-18,2,1,5,5,1,1,0.52,0.5,0.59,0.1343,745
2,2012-05-18,2,1,5,5,1,1,0.56,0.5303,0.56,0.1045,361
2,2012-05-18,2,1,5,5,1,1,0.6,0.6212,0.46,0.1343,255
2,2012-05-18,2,1,5,5,1,1,0.62,0.6212,0.43,0.0,334
3,2012-05-18,2,1,5,5,1,1,0.62,0.6212,0.41,0.194,360
3,2012-05-18,2,1,5,5,1,1,0.64,0.6212,0.36,0.1642,395
3,2012-05-18,2,1,5,5,1,1,0.66,0.6212,0.34,0.1343,350
3,2012-05-18,2,1,5,5,1,1,0.66,0.6212,0.36,0.194,391
3,2012-05-18,2,1,5,5,1,1,0.66,0.6212,0.34,0.2537,568
3,2012-05-18,2,1,5,5,1,1,0.66,0.6212,0.34,0.1343,812
4,2012-05-18,2,1,5,5,1,1,0.64,0.6212,0.38,0.2239,669
4,2012-05-18,2,1,5,5,1,1,0.62,0.6212,0.41,0.194,483
4,2012-05-18,2,1,5,5,1,1,0.62,0.6212,0.41,0.1642,337
4,2012-05-18,2,1,5,5,1,1,0.6,0.6212,0.4,0.0,258
4,2012-05-18,2,1,5,5,1,1,0.56,0.5303,0.52,0.3284,251
4,2012-05-18,2,1,5,5,1,1,0.52,0.5,0.55,0.0,174
1,2012-05-19,2,1,5,6,0,1,0.52,0.5,0.48,0.1045,148
1,2012-05-19,2,1,5,6,0,1,0.5,0.4848,0.48,0.0,104
1,2012-05-19,2,1,5,6,0,1,0.5,0.4848,0.51,0.1045,69
1,2012-05-19,2,1,5,6,0,1,0.5,0.4848,0.48,0.1045,33
1,2012-05-19,2,1,5,6,0,1,0.48,0.4697,0.59,0.0896,14
1,2012-05-19,2,1,5,6,0,1,0.46,0.4545,0.67,0.0,12
2,2012-05-19,2,1,5,6,0,1,0.44,0.4394,0.72,0.0896,50
2,2012-05-19,2,1,5,6,0,1,0.46,0.4545,0.67,0.1045,95
2,2012-05-19,2,1,5,6,0,1,0.52,0.5,0.52,0.1642,195
2,2012-05-19,2,1,5,6,0,1,0.56,0.5303,0.43,0.1642,292
2,2012-05-19,2,1,5,6,0,1,0.56,0.5303,0.43,0.0,452
2,2012-05-19,2,1,5,6,0,1,0.62,0.6212,0.38,0.0896,586
3,2012-05-19,2,1,5,6,0,1,0.66,0.6212,0.36,0.0,642
3,2012-05-19,2,1,5,6,0,1,0.7,0.6364,0.37,0.1343,704
3,2012-05-19,2,1,5,6,0,1,0.72,0.6515,0.3,0.0896,730
3,2012-05-19,2,1,5,6,0,1,0.72,0.6515,0.3,0.1045,672
3,2012-05-19,2,1,5,6,0,1,0.74,0.6515,0.3,0.1045,642
3,2012-05-19,2,1,5,6,0,1,0.74,0.6515,0.3,0.0896,626
4,2012-05-19,2,1,5,6,0,1,0.74,0.6515,0.33,0.0896,645
4,2012-05-19,2,1,5,6,0,1,0.7,0.6364,0.39,0.1343,432
4,2012-05-19,2,1,5,6,0,1,0.68,0.6364,0.41,0.0896,315
4,2012-05-19,2,1,5,6,0,1,0.64,0.6212,0.5,0.0,259
4,2012-05-19,2,1,5,6,0,1,0.64,0.6212,0.47,0.0,338
4,2012-05-19,2,1,5,6,0,1,0.6,0.6212,0.56,0.1642,239
1,2012-05-20,2,1,5,0,0,1,0.58,0.5455,0.53,0.1045,170
1,2012-05-20,2,1,5,0,0,1,0.56,0.5303,0.52,0.0,130
1,2012-05-20,2,1,5,0,0,1,0.56,0.5303,0.52,0.0,98
1,2012-05-20,2,1,5,0,0,1,0.54,0.5152,0.56,0.0896,66
1,2012-05-20,2,1,5,0,0,1,0.52,0.5,0.68,0.0896,16
1,2012-05-20,2,1,5,0,0,1,0.5,0.4848,0.72,0.1045,8
2,2012-05-20,2,1,5,0,0,1,0.5,0.4848,0.63,0.1343,25
2,2012-05-20,2,1,5,0,0,1,0.52,0.5,0.68,0.194,90
2,2012-05-20,2,1,5,0,0,1,0.56,0.5303,0.56,0.1642,171
2,2012-05-20,2,1,5,0,0,1,0.62,0.6212,0.32,0.2537,313
2,2012-05-20,2,1,5,0,0,1,0.66,0.6212,0.34,0.2985,432
2,2012-05-20,2,1,5,0,0,1,0.66,0.6212,0.36,0.3284,581
3,2012-05-20,2,1,5,0,0,1,0.68,0.6364,0.36,0.3284,637
3,2012-05-20,2,1,5,0,0,1,0.7,0.6364,0.37,0.2836,607
3,2012-05-20,2,1,5,0,0,1,0.72,0.6515,0.39,0.3881,543
3,2012-05-20,2,1,5,0,0,2,0.7,0.6364,0.39,0.4179,502
3,2012-05-20,2,1,5,0,0,1,0.72,0.6515,0.42,0.3582,577
3,2012-05-20,2,1,5,0,0,1,0.72,0.6515,0.45,0.3284,549
4,2012-05-20,2,1,5,0,0,1,0.7,0.6515,0.51,0.3284,474
4,2012-05-20,2,1,5,0,0,1,0.66,0.6212,0.61,0.4179,402
4,2012-05-20,2,1,5,0,0,1,0.66,0.6212,0.61,0.4179,274
4,2012-05-20,2,1,5,0,0,1,0.64,0.6061,0.69,0.3881,233
4,2012-05-20,2,1,5,0,0,1,0.62,0.5909,0.73,0.3284,145
4,2012-05-20,2,1,5,0,0,3,0.6,0.5758,0.78,0.3582,86
1,2012-05-21,2,1,5,1,1,3,0.58,0.5455,0.88,0.2985,40
1,2012-05-21,2,1,5,1,1,3,0.58,0.5455,0.88,0.3582,15
1,2012-05-21,2,1,5,1,1,3,0.56,0.5303,0.94,0.2537,11
1,2012-05-21,2,1,5,1,1,2,0.56,0.5303,0.88,0.2985,2
1,2012-05-21,2,1,5,1,1,3,0.56,0.5303,0.88,0.2985,7
1,2012-05-21,2,1,5,1,1,3,0.56,0.5303,0.88,0.2985,15
2,2012-05-21,2,1,5,1,1,3,0.56,0.5303,0.88,0.2985,79
2,2012-05-21,2,1,5,1,1,3,0.56,0.5303,0.88,0.2985,153
2,2012-05-21,2,1,5,1,1,3,0.56,0.5303,0.88,0.2537,270
2,2012-05-21,2,1,5,1,1,3,0.56,0.5303,0.88,0.2239,186
2,2012-05-21,2,1,5,1,1,3,0.58,0.5455,0.88,0.2836,99
2,2012-05-21,2,1,5,1,1,2,0.6,0.5606,0.83,0.1642,106
3,2012-05-21,2,1,5,1,1,2,0.6,0.5606,0.83,0.2537,170
3,2012-05-21,2,1,5,1,1,3,0.6,0.5606,0.83,0.2537,184
3,2012-05-21,2,1,5,1,1,3,0.6,0.5606,0.83,0.194,180
3,2012-05-21,2,1,5,1,1,2,0.64,0.6061,0.73,0.194,225
3,2012-05-21,2,1,5,1,1,2,0.64,0.6061,0.73,0.2537,315
3,2012-05-21,2,1,5,1,1,2,0.66,0.6212,0.69,0.2537,508
4,2012-05-21,2,1,5,1,1,1,0.64,0.6061,0.73,0.1045,530
4,2012-05-21,2,1,5,1,1,1,0.66,0.6212,0.69,0.0896,448
4,2012-05-21,2,1,5,1,1,1,0.64,0.6061,0.69,0.1343,336
4,2012-05-21,2,1,5,1,1,1,0.62,0.6061,0.69,0.0896,241
4,2012-05-21,2,1,5,1,1,2,0.62,0.5909,0.73,0.1642,142
4,2012-05-21,2,1,5,1,1,1,0.62,0.5909,0.73,0.2836,97
1,2012-05-22,2,1,5,2,1,1,0.58,0.5455,0.83,0.2537,36
1,2012-05-22,2,1,5,2,1,2,0.58,0.5455,0.83,0.1343,27
1,2012-05-22,2,1,5,2,1,2,0.58,0.5455,0.83,0.1045,11
1,2012-05-22,2,1,5,2,1,2,0.58,0.5455,0.83,0.1045,5
1,2012-05-22,2,1,5,2,1,2,0.56,0.5303,0.88,0.1642,7
1,2012-05-22,2,1,5,2,1,3,0.56,0.5303,0.88,0.194,17
2,2012-05-22,2,1,5,2,1,3,0.56,0.5303,0.88,0.1045,137
2,2012-05-22,2,1,5,2,1,3,0.56,0.5303,0.88,0.1045,324
2,2012-05-22,2,1,5,2,1,2,0.56,0.5303,0.88,0.1343,590
2,2012-05-22,2,1,5,2,1,2,0.6,0.5606,0.83,0.1045,333
2,2012-05-22,2,1,5,2,1,2,0.6,0.5758,0.78,0.0896,200
2,2012-05-22,2,1,5,2,1,2,0.6,0.5758,0.78,0.0,189
3,2012-05-22,2,1,5,2,1,2,0.62,0.5909,0.78,0.1045,254
3,2012-05-22,2,1,5,2,1,2,0.64,0.6061,0.73,0.0,243
3,2012-05-22,2,1,5,2,1,2,0.64,0.6061,0.73,0.1045,222
3,2012-05-22,2,1,5,2,1,1,0.7,0.6515,0.61,0.0896,245
3,2012-05-22,2,1,5,2,1,1,0.68,0.6364,0.61,0.1045,386
3,2012-05-22,2,1,5,2,1,1,0.72,0.6667,0.54,0.0,785
4,2012-05-22,2,1,5,2,1,1,0.68,0.6364,0.61,0.1343,785
4,2012-05-22,2,1,5,2,1,1,0.66,0.6212,0.69,0.2239,364
4,2012-05-22,2,1,5,2,1,1,0.64,0.6061,0.73,0.2537,373
4,2012-05-22,2,1,5,2,1,1,0.62,0.5909,0.78,0.1343,261
4,2012-05-22,2,1,5,2,1,1,0.62,0.5909,0.73,0.0896,174
4,2012-05-22,2,1,5,2,1,1,0.62,0.5909,0.73,0.1045,105
1,2012-05-23,2,1,5,3,1,1,0.62,0.5909,0.78,0.1343,47
1,2012-05-23,2,1,5,3,1,1,0.6,0.5606,0.83,0.1642,32
1,2012-05-23,2,1,5,3,1,2,0.6,0.5606,0.83,0.1642,12
1,2012-05-23,2,1,5,3,1,1,0.6,0.5758,0.78,0.1045,5
1,2012-05-23,2,1,5,3,1,3,0.58,0.5455,0.83,0.194,3
1,2012-05-23,2,1,5,3,1,3,0.56,0.5303,0.88,0.2537,35
2,2012-05-23,2,1,5,3,1,1,0.56,0.5303,0.88,0.1045,160
2,2012-05-23,2,1,5,3,1,1,0.58,0.5455,0.83,0.0,468
2,2012-05-23,2,1,5,3,1,1,0.58,0.5455,0.83,0.0,719
2,2012-05-23,2,1,5,3,1,2,0.62,0.5909,0.78,0.0,297
2,2012-05-23,2,1,5,3,1,1,0.62,0.5909,0.78,0.0896,191
2,2012-05-23,2,1,5,3,1,1,0.64,0.6061,0.73,0.0,197
3,2012-05-23,2,1,5,3,1,2,0.66,0.6212,0.69,0.0896,248
3,2012-05-23,2,1,5,3,1,2,0.66,0.6212,0.74,0.1642,270
3,2012-05-23,2,1,5,3,1,1,0.68,0.6364,0.65,0.1343,248
3,2012-05-23,2,1,5,3,1,2,0.7,0.6515,0.61,0.0,257
3,2012-05-23,2,1,5,3,1,3,0.7,0.6515,0.61,0.0896,278
3,2012-05-23,2,1,5,3,1,3,0.64,0.6061,0.69,0.1045,285
4,2012-05-23,2,1,5,3,1,3,0.64,0.6061,0.69,0.1045,327
4,2012-05-23,2,1,5,3,1,2,0.62,0.5758,0.83,0.1642,376
4,2012-05-23,2,1,5,3,1,2,0.62,0.5758,0.83,0.0896,295
4,2012-05-23,2,1,5,3,1,2,0.62,0.5758,0.83,0.0,245
4,2012-05-23,2,1,5,3,1,2,0.62,0.5758,0.83,0.1642,159
4,2012-05-23,2,1,5,3,1,1,0.6,0.5606,0.83,0.1343,106
1,2012-05-24,2,1,5,4,1,1,0.6,0.5606,0.83,0.0896,56
1,2012-05-24,2,1,5,4,1,1,0.6,0.5455,0.88,0.0896,30
1,2012-05-24,2,1,5,4,1,1,0.6,0.5455,0.88,0.0,16
1,2012-05-24,2,1,5,4,1,2,0.6,0.5455,0.88,0.1045,4
1,2012-05-24,2,1,5,4,1,2,0.6,0.5455,0.88,0.1642,5
1,2012-05-24,2,1,5,4,1,2,0.6,0.5455,0.88,0.1642,30
2,2012-05-24,2,1,5,4,1,2,0.6,0.5455,0.88,0.1642,156
2,2012-05-24,2,1,5,4,1,1,0.6,0.5606,0.83,0.1045,415
2,2012-05-24,2,1,5,4,1,1,0.62,0.5909,0.73,0.1343,692
2,2012-05-24,2,1,5,4,1,1,0.62,0.5909,0.73,0.1642,301
2,2012-05-24,2,1,5,4,1,1,0.64,0.6061,0.65,0.1343,185
2,2012-05-24,2,1,5,4,1,1,0.66,0.6212,0.65,0.1343,221
3,2012-05-24,2,1,5,4,1,1,0.7,0.6515,0.58,0.1045,289
3,2012-05-24,2,1,5,4,1,1,0.72,0.6667,0.54,0.1642,302
3,2012-05-24,2,1,5,4,1,1,0.74,0.6818,0.55,0.2239,252
3,2012-05-24,2,1,5,4,1,1,0.74,0.6818,0.55,0.2537,291
3,2012-05-24,2,1,5,4,1,1,0.74,0.6818,0.55,0.3582,390
3,2012-05-24,2,1,5,4,1,1,0.74,0.6818,0.55,0.2836,798
4,2012-05-24,2,1,5,4,1,1,0.72,0.6667,0.54,0.3284,752
4,2012-05-24,2,1,5,4,1,1,0.7,0.6515,0.61,0.2985,492
4,2012-05-24,2,1,5,4,1,2,0.66,0.6212,0.69,0.2836,398
4,2012-05-24,2,1,5,4,1,3,0.64,0.5909,0.78,0.1642,285
4,2012-05-24,2,1,5,4,1,2,0.64,0.5909,0.78,0.1045,243
4,2012-05-24,2,1,5,4,1,2,0.64,0.5909,0.78,0.1343,167
1,2012-05-25,2,1,5,5,1,1,0.62,0.5758,0.83,0.1343,73
1,2012-05-25,2,1,5,5,1,1,0.62,0.5758,0.83,0.0896,42
1,2012-05-25,2,1,5,5,1,2,0.62,0.5758,0.83,0.0,23
1,2012-05-25,2,1,5,5,1,2,0.62,0.5606,0.88,0.1045,14
1,2012-05-25,2,1,5,5,1,2,0.62,0.5606,0.88,0.0,9
1,2012-05-25,2,1,5,5,1,2,0.62,0.5606,0.88,0.0896,30
2,2012-05-25,2,1,5,5,1,2,0.62,0.5606,0.88,0.1045,113
2,2012-05-25,2,1,5,5,1,2,0.62,0.5606,0.88,0.1642,359
2,2012-05-25,2,1,5,5,1,2,0.64,0.5758,0.89,0.1045,583
2,2012-05-25,2,1,5,5,1,2,0.64,0.5758,0.89,0.1343,340
2,2012-05-25,2,1,5,5,1,1,0.68,0.6364,0.79,0.1642,232
2,2012-05-25,2,1,5,5,1,1,0.68,0.6364,0.79,0.1343,283
3,2012-05-25,2,1,5,5,1,1,0.72,0.6818,0.66,0.1045,321
3,2012-05-25,2,1,5,5,1,1,0.74,0.6818,0.62,0.1343,333
3,2012-05-25,2,1,5,5,1,1,0.74,0.6818,0.58,0.1343,367
3,2012-05-25,2,1,5,5,1,1,0.76,0.7121,0.62,0.194,466
3,2012-05-25,2,1,5,5,1,1,0.78,0.7121,0.52,0.2239,584
3,2012-05-25,2,1,5,5,1,1,0.76,0.7121,0.62,0.2836,653
4,2012-05-25,2,1,5,5,1,1,0.76,0.7121,0.62,0.194,522
4,2012-05-25,2,1,5,5,1,1,0.74,0.6818,0.62,0.2537,404
4,2012-05-25,2,1,5,5,1,1,0.7,0.6515,0.65,0.1642,350
4,2012-05-25,2,1,5,5,1,1,0.7,0.6515,0.65,0.1343,255
4,2012-05-25,2,1,5,5,1,1,0.66,0.6212,0.74,0.1045,212
4,2012-05-25,2,1,5,5,1,1,0.66,0.6061,0.78,0.2239,166
1,2012-05-26,2,1,5,6,0,1,0.64,0.5758,0.83,0.1642,116
1,2012-05-26,2,1,5,6,0,1,0.64,0.5758,0.83,0.1343,82
1,2012-05-26,2,1,5,6,0,1,0.64,0.5758,0.89,0.1343,64
1,2012-05-26,2,1,5,6,0,1,0.62,0.5606,0.88,0.1045,31
1,2012-05-26,2,1,5,6,0,1,0.62,0.5606,0.88,0.1343,2
1,2012-05-26,2,1,5,6,0,1,0.62,0.5758,0.83,0.2537,10
2,2012-05-26,2,1,5,6,0,1,0.62,0.5606,0.88,0.194,31
2,2012-05-26,2,1,5,6,0,2,0.62,0.5606,0.88,0.1642,54
2,2012-05-26,2,1,5,6,0,1,0.64,0.5909,0.78,0.1343,141
2,2012-05-26,2,1,5,6,0,1,0.64,0.5758,0.83,0.194,289
2,2012-05-26,2,1,5,6,0,1,0.68,0.6364,0.79,0.2239,437
2,2012-05-26,2,1,5,6,0,1,0.7,0.6667,0.74,0.194,520
3,2012-05-26,2,1,5,6,0,1,0.74,0.697,0.66,0.2239,529
3,2012-05-26,2,1,5,6,0,1,0.76,0.7273,0.66,0.194,539
3,2012-05-26,2,1,5,6,0,1,0.76,0.7273,0.66,0.2239,564
3,2012-05-26,2,1,5,6,0,1,0.76,0.7273,0.66,0.2836,513
3,2012-05-26,2,1,5,6,0,1,0.78,0.7273,0.55,0.2537,504
3,2012-05-26,2,1,5,6,0,2,0.78,0.7121,0.52,0.2537,462
4,2012-05-26,2,1,5,6,0,2,0.76,0.697,0.52,0.194,415
4,2012-05-26,2,1,5,6,0,2,0.74,0.697,0.66,0.2239,373
4,2012-05-26,2,1,5,6,0,2,0.74,0.6818,0.55,0.194,255
4,2012-05-26,2,1,5,6,0,2,0.72,0.6818,0.62,0.194,251
4,2012-05-26,2,1,5,6,0,1,0.7,0.6667,0.74,0.2537,204
4,2012-05-26,2,1,5,6,0,1,0.7,0.6667,0.74,0.2537,150
1,2012-05-27,2,1,5,0,0,2,0.68,0.6364,0.69,0.1642,137
1,2012-05-27,2,1,5,0,0,1,0.66,0.6212,0.74,0.2239,78
1,2012-05-27,2,1,5,0,0,1,0.64,0.6061,0.73,0.2239,61
1,2012-05-27,2,1,5,0,0,1,0.64,0.6061,0.73,0.1642,36
1,2012-05-27,2,1,5,0,0,1,0.62,0.5758,0.83,0.194,11
1,2012-05-27,2,1,5,0,0,1,0.62,0.5758,0.83,0.194,7
2,2012-05-27,2,1,5,0,0,1,0.62,0.5758,0.83,0.1642,22
2,2012-05-27,2,1,5,0,0,1,0.62,0.5606,0.88,0.1642,52
2,2012-05-27,2,1,5,0,0,1,0.64,0.5758,0.83,0.194,151
2,2012-05-27,2,1,5,0,0,1,0.66,0.6061,0.83,0.2239,270
2,2012-05-27,2,1,5,0,0,1,0.68,0.6364,0.74,0.2537,424
2,2012-05-27,2,1,5,0,0,1,0.72,0.6818,0.66,0.2239,519
3,2012-05-27,2,1,5,0,0,1,0.74,0.697,0.66,0.2537,570
3,2012-05-27,2,1,5,0,0,1,0.76,0.7121,0.58,0.194,498
3,2012-05-27,2,1,5,0,0,1,0.76,0.7121,0.58,0.2537,547
3,2012-05-27,2,1,5,0,0,1,0.78,0.7121,0.52,0.2836,535
3,2012-05-27,2,1,5,0,0,1,0.78,0.7121,0.52,0.2836,501
3,2012-05-27,2,1,5,0,0,1,0.78,0.7121,0.49,0.2985,522
4,2012-05-27,2,1,5,0,0,1,0.76,0.7121,0.58,0.2985,518
4,2012-05-27,2,1,5,0,0,1,0.76,0.7121,0.58,0.194,442
4,2012-05-27,2,1,5,0,0,1,0.74,0.6818,0.55,0.1642,392
4,2012-05-27,2,1,5,0,0,3,0.66,0.6212,0.69,0.4179,143
4,2012-05-27,2,1,5,0,0,3,0.62,0.5758,0.83,0.0,59
4,2012-05-27,2,1,5,0,0,3,0.62,0.5758,0.83,0.1343,96
1,2012-05-28,2,1,5,1,0,1,0.62,0.5758,0.83,0.2239,65
1,2012-05-28,2,1,5,1,0,2,0.62,0.5909,0.78,0.2985,59
1,2012-05-28,2,1,5,1,0,1,0.6,0.5606,0.83,0.2239,48
1,2012-05-28,2,1,5,1,0,1,0.62,0.5909,0.73,0.1642,18
1,2012-05-28,2,1,5,1,0,1,0.6,0.5758,0.78,0.1343,6
1,2012-05-28,2,1,5,1,0,1,0.6,0.5758,0.78,0.1343,9
2,2012-05-28,2,1,5,1,0,1,0.62,0.5909,0.73,0.1642,20
2,2012-05-28,2,1,5,1,0,1,0.62,0.5909,0.78,0.1045,67
2,2012-05-28,2,1,5,1,0,1,0.66,0.6212,0.69,0.0,155
2,2012-05-28,2,1,5,1,0,1,0.7,0.6515,0.61,0.0,263
2,2012-05-28,2,1,5,1,0,1,0.7,0.6515,0.61,0.0,364
2,2012-05-28,2,1,5,1,0,1,0.72,0.6818,0.66,0.1343,476
3,2012-05-28,2,1,5,1,0,1,0.76,0.7121,0.62,0.1343,525
3,2012-05-28,2,1,5,1,0,1,0.8,0.7879,0.63,0.2836,556
3,2012-05-28,2,1,5,1,0,1,0.8,0.7879,0.63,0.2836,465
3,2012-05-28,2,1,5,1,0,1,0.82,0.7879,0.56,0.2985,460
3,2012-05-28,2,1,5,1,0,1,0.82,0.7879,0.56,0.3284,501
3,2012-05-28,2,1,5,1,0,1,0.82,0.7879,0.56,0.2985,405
4,2012-05-28,2,1,5,1,0,1,0.8,0.7727,0.59,0.2985,383
4,2012-05-28,2,1,5,1,0,1,0.8,0.7576,0.55,0.2985,395
4,2012-05-28,2,1,5,1,0,1,0.78,0.7424,0.62,0.2985,317
4,2012-05-28,2,1,5,1,0,1,0.76,0.7273,0.66,0.2836,247
4,2012-05-28,2,1,5,1,0,1,0.74,0.697,0.7,0.1642,157
4,2012-05-28,2,1,5,1,0,1,0.72,0.697,0.74,0.1642,82
1,2012-05-29,2,1,5,2,1,1,0.7,0.6667,0.79,0.194,45
1,2012-05-29,2,1,5,2,1,1,0.7,0.6667,0.79,0.194,14
1,2012-05-29,2,1,5,2,1,1,0.68,0.6364,0.83,0.1343,8
1,2012-05-29,2,1,5,2,1,1,0.68,0.6364,0.79,0.2836,3
1,2012-05-29,2,1,5,2,1,1,0.66,0.6061,0.78,0.2239,5
1,2012-05-29,2,1,5,2,1,1,0.66,0.6061,0.78,0.2239,33
2,2012-05-29,2,1,5,2,1,1,0.66,0.6061,0.78,0.2239,154
2,2012-05-29,2,1,5,2,1,1,0.66,0.6061,0.78,0.2239,450
2,2012-05-29,2,1,5,2,1,1,0.7,0.6667,0.74,0.194,634
2,2012-05-29,2,1,5,2,1,1,0.72,0.6818,0.7,0.2537,257
2,2012-05-29,2,1,5,2,1,1,0.74,0.697,0.7,0.2985,183
2,2012-05-29,2,1,5,2,1,1,0.76,0.7121,0.62,0.2985,197
3,2012-05-29,2,1,5,2,1,1,0.8,0.7576,0.55,0.3284,237
3,2012-05-29,2,1,5,2,1,1,0.82,0.7727,0.52,0.3881,239
3,2012-05-29,2,1,5,2,1,1,0.82,0.7727,0.52,0.4179,238
3,2012-05-29,2,1,5,2,1,1,0.82,0.7727,0.49,0.3881,256
3,2012-05-29,2,1,5,2,1,1,0.82,0.7727,0.49,0.4925,393
3,2012-05-29,2,1,5,2,1,1,0.82,0.7576,0.46,0.4179,781
4,2012-05-29,2,1,5,2,1,1,0.8,0.7424,0.49,0.4925,710
4,2012-05-29,2,1,5,2,1,1,0.78,0.7121,0.52,0.3582,526
4,2012-05-29,2,1,5,2,1,3,0.7,0.6515,0.61,0.5224,204
4,2012-05-29,2,1,5,2,1,3,0.6,0.5455,0.88,0.4478,71
4,2012-05-29,2,1,5,2,1,2,0.62,0.5606,0.88,0.0896,55
4,2012-05-29,2,1,5,2,1,3,0.62,0.5455,0.94,0.0,50
1,2012-05-30,2,1,5,3,1,3,0.64,0.5758,0.89,0.1045,36
1,2012-05-30,2,1,5,3,1,3,0.64,0.5758,0.89,0.194,4
1,2012-05-30,2,1,5,3,1,3,0.62,0.5455,0.94,0.0896,5
1,2012-05-30,2,1,5,3,1,3,0.62,0.5606,0.88,0.1343,5
1,2012-05-30,2,1,5,3,1,2,0.62,0.5606,0.88,0.1343,6
1,2012-05-30,2,1,5,3,1,2,0.62,0.5909,0.78,0.1343,41
2,2012-05-30,2,1,5,3,1,2,0.6,0.5758,0.78,0.1045,144
2,2012-05-30,2,1,5,3,1,3,0.6,0.5758,0.78,0.194,483
2,2012-05-30,2,1,5,3,1,2,0.6,0.5909,0.73,0.1642,671
2,2012-05-30,2,1,5,3,1,2,0.62,0.6061,0.69,0.194,305
2,2012-05-30,2,1,5,3,1,2,0.62,0.6061,0.69,0.2836,177
2,2012-05-30,2,1,5,3,1,2,0.66,0.6212,0.65,0.194,208
3,2012-05-30,2,1,5,3,1,1,0.7,0.6515,0.54,0.0,253
3,2012-05-30,2,1,5,3,1,1,0.7,0.6515,0.51,0.0,289
3,2012-05-30,2,1,5,3,1,1,0.72,0.6515,0.42,0.1343,252
3,2012-05-30,2,1,5,3,1,1,0.72,0.6667,0.51,0.1343,275
3,2012-05-30,2,1,5,3,1,1,0.72,0.6667,0.51,0.1642,398
3,2012-05-30,2,1,5,3,1,1,0.74,0.6667,0.48,0.0896,839
4,2012-05-30,2,1,5,3,1,1,0.74,0.6667,0.48,0.1642,796
4,2012-05-30,2,1,5,3,1,1,0.72,0.6667,0.54,0.1642,556
4,2012-05-30,2,1,5,3,1,2,0.54,0.5152,0.6,0.1343,431
4,2012-05-30,2,1,5,3,1,1,0.68,0.6364,0.57,0.1045,304
4,2012-05-30,2,1,5,3,1,1,0.66,0.6212,0.69,0.1045,217
4,2012-05-30,2,1,5,3,1,1,0.66,0.6212,0.65,0.1045,160
1,2012-05-31,2,1,5,4,1,1,0.64,0.6061,0.69,0.1343,61
1,2012-05-31,2,1,5,4,1,1,0.64,0.6061,0.69,0.0896,26
1,2012-05-31,2,1,5,4,1,1,0.64,0.6061,0.65,0.0896,14
1,2012-05-31,2,1,5,4,1,1,0.62,0.6061,0.69,0.0896,8
1,2012-05-31,2,1,5,4,1,1,0.62,0.6061,0.69,0.0,8
1,2012-05-31,2,1,5,4,1,1,0.62,0.6061,0.69,0.2537,33
2,2012-05-31,2,1,5,4,1,1,0.6,0.5909,0.73,0.2239,178
2,2012-05-31,2,1,5,4,1,1,0.6,0.6061,0.64,0.2836,507
2,2012-05-31,2,1,5,4,1,1,0.62,0.6212,0.57,0.2537,693
2,2012-05-31,2,1,5,4,1,1,0.66,0.6212,0.47,0.2537,311
2,2012-05-31,2,1,5,4,1,1,0.7,0.6364,0.39,0.3881,220
2,2012-05-31,2,1,5,4,1,1,0.72,0.6515,0.37,0.2836,218
3,2012-05-31,2,1,5,4,1,1,0.72,0.6515,0.37,0.194,292
3,2012-05-31,2,1,5,4,1,1,0.74,0.6515,0.35,0.1343,293
3,2012-05-31,2,1,5,4,1,1,0.76,0.6667,0.31,0.194,254
3,2012-05-31,2,1,5,4,1,1,0.76,0.6667,0.33,0.2985,290
3,2012-05-31,2,1,5,4,1,1,0.76,0.6667,0.33,0.2836,487
3,2012-05-31,2,1,5,4,1,1,0.76,0.6667,0.31,0.1642,827
4,2012-05-31,2,1,5,4,1,1,0.74,0.6515,0.3,0.194,785
4,2012-05-31,2,1,5,4,1,1,0.72,0.6515,0.34,0.1642,591
4,2012-05-31,2,1,5,4,1,1,0.68,0.6364,0.44,0.1642,479
4,2012-05-31,2,1,5,4,1,1,0.68,0.6364,0.44,0.1642,359
4,2012-05-31,2,1,5,4,1,1,0.66,0.6212,0.5,0.1642,264
4,2012-05-31,2,1,5,4,1,1,0.66,0.6212,0.54,0.2239,140
1,2012-06-01,2,1,6,5,1,1,0.66,0.6212,0.5,0.2537,86
1,2012-06-01,2,1,6,5,1,1,0.64,0.6212,0.53,0.2239,34
1,2012-06-01,2,1,6,5,1,1,0.64,0.6212,0.57,0.2239,16
1,2012-06-01,2,1,6,5,1,2,0.62,0.5909,0.73,0.0896,4
1,2012-06-01,2,1,6,5,1,2,0.62,0.5909,0.73,0.0896,6
1,2012-06-01,2,1,6,5,1,2,0.62,0.5909,0.78,0.0896,45
2,2012-06-01,2,1,6,5,1,3,0.62,0.5606,0.88,0.1343,141
2,2012-06-01,2,1,6,5,1,2,0.64,0.5758,0.89,0.194,402
2,2012-06-01,2,1,6,5,1,2,0.64,0.5758,0.89,0.194,694
2,2012-06-01,2,1,6,5,1,2,0.64,0.5758,0.83,0.2239,298
2,2012-06-01,2,1,6,5,1,2,0.66,0.6061,0.78,0.2836,204
2,2012-06-01,2,1,6,5,1,2,0.7,0.6667,0.74,0.2836,235
3,2012-06-01,2,1,6,5,1,2,0.7,0.6667,0.74,0.3582,310
3,2012-06-01,2,1,6,5,1,1,0.72,0.6818,0.7,0.2985,316
3,2012-06-01,2,1,6,5,1,3,0.72,0.6818,0.66,0.2836,254
3,2012-06-01,2,1,6,5,1,3,0.72,0.6818,0.66,0.2836,258
3,2012-06-01,2,1,6,5,1,3,0.74,0.6818,0.58,0.4478,222
3,2012-06-01,2,1,6,5,1,3,0.7,0.6515,0.7,0.2537,227
4,2012-06-01,2,1,6,5,1,3,0.62,0.5606,0.88,0.3582,110
4,2012-06-01,2,1,6,5,1,3,0.62,0.5606,0.88,0.3582,45
4,2012-06-01,2,1,6,5,1,3,0.62,0.5455,0.94,0.2537,39
4,2012-06-01,2,1,6,5,1,3,0.64,0.5909,0.78,0.2537,85
4,2012-06-01,2,1,6,5,1,3,0.6,0.5455,0.88,0.1343,23
4,2012-06-01,2,1,6,5,1,3,0.6,0.5455,0.88,0.1343,73
1,2012-06-02,2,1,6,6,0,2,0.56,0.5303,0.83,0.1343,86
1,2012-06-02,2,1,6,6,0,2,0.56,0.5303,0.83,0.1045,76
1,2012-06-02,2,1,6,6,0,2,0.54,0.5152,0.88,0.0,41
1,2012-06-02,2,1,6,6,0,1,0.56,0.5303,0.73,0.2537,26
1,2012-06-02,2,1,6,6,0,1,0.54,0.5152,0.68,0.2836,13
1,2012-06-02,2,1,6,6,0,1,0.5,0.4848,0.72,0.194,12
2,2012-06-02,2,1,6,6,0,2,0.5,0.4848,0.77,0.194,36
2,2012-06-02,2,1,6,6,0,1,0.52,0.5,0.72,0.1045,86
2,2012-06-02,2,1,6,6,0,1,0.54,0.5152,0.64,0.1642,210
2,2012-06-02,2,1,6,6,0,1,0.56,0.5303,0.6,0.2537,332
2,2012-06-02,2,1,6,6,0,1,0.6,0.6212,0.53,0.2985,493
2,2012-06-02,2,1,6,6,0,1,0.58,0.5455,0.46,0.2836,536
3,2012-06-02,2,1,6,6,0,1,0.62,0.6212,0.43,0.3582,668
3,2012-06-02,2,1,6,6,0,1,0.62,0.6212,0.41,0.2537,679
3,2012-06-02,2,1,6,6,0,1,0.64,0.6212,0.38,0.2985,647
3,2012-06-02,2,1,6,6,0,1,0.64,0.6212,0.38,0.2537,702
3,2012-06-02,2,1,6,6,0,1,0.64,0.6212,0.38,0.2537,644
3,2012-06-02,2,1,6,6,0,1,0.64,0.6212,0.36,0.0,586
4,2012-06-02,2,1,6,6,0,1,0.64,0.6212,0.36,0.0,512
4,2012-06-02,2,1,6,6,0,1,0.64,0.6212,0.36,0.1642,554
4,2012-06-02,2,1,6,6,0,1,0.62,0.6212,0.35,0.2836,399
4,2012-06-02,2,1,6,6,0,1,0.6,0.6212,0.4,0.1045,316
4,2012-06-02,2,1,6,6,0,1,0.58,0.5455,0.46,0.1343,228
4,2012-06-02,2,1,6,6,0,1,0.56,0.5303,0.52,0.1045,238
1,2012-06-03,2,1,6,0,0,1,0.54,0.5152,0.6,0.1642,169
1,2012-06-03,2,1,6,0,0,1,0.54,0.5152,0.56,0.1343,121
1,2012-06-03,2,1,6,0,0,1,0.52,0.5,0.59,0.1045,89
1,2012-06-03,2,1,6,0,0,1,0.52,0.5,0.63,0.1045,50
1,2012-06-03,2,1,6,0,0,1,0.5,0.4848,0.72,0.0896,13
1,2012-06-03,2,1,6,0,0,1,0.5,0.4848,0.68,0.0,12
2,2012-06-03,2,1,6,0,0,1,0.46,0.4545,0.82,0.1045,22
2,2012-06-03,2,1,6,0,0,1,0.5,0.4848,0.68,0.1045,35
2,2012-06-03,2,1,6,0,0,1,0.54,0.5152,0.6,0.0896,140
2,2012-06-03,2,1,6,0,0,1,0.6,0.6212,0.46,0.194,300
2,2012-06-03,2,1,6,0,0,1,0.62,0.6212,0.43,0.2239,404
2,2012-06-03,2,1,6,0,0,1,0.64,0.6212,0.41,0.2537,511
3,2012-06-03,2,1,6,0,0,1,0.66,0.6212,0.39,0.2985,684
3,2012-06-03,2,1,6,0,0,1,0.68,0.6364,0.36,0.2836,686
3,2012-06-03,2,1,6,0,0,1,0.68,0.6364,0.36,0.3284,678
3,2012-06-03,2,1,6,0,0,1,0.7,0.6364,0.34,0.0,644
3,2012-06-03,2,1,6,0,0,1,0.7,0.6364,0.34,0.2985,662
3,2012-06-03,2,1,6,0,0,1,0.7,0.6364,0.34,0.2537,578
4,2012-06-03,2,1,6,0,0,1,0.7,0.6364,0.34,0.2537,496
4,2012-06-03,2,1,6,0,0,1,0.68,0.6364,0.34,0.2836,453
4,2012-06-03,2,1,6,0,0,1,0.66,0.6212,0.39,0.194,314
4,2012-06-03,2,1,6,0,0,1,0.62,0.6212,0.43,0.1642,246
4,2012-06-03,2,1,6,0,0,1,0.62,0.6212,0.5,0.3881,226
4,2012-06-03,2,1,6,0,0,1,0.58,0.5455,0.53,0.1045,108
1,2012-06-04,2,1,6,1,1,1,0.58,0.5455,0.53,0.0,49
1,2012-06-04,2,1,6,1,1,3,0.56,0.5303,0.6,0.1642,14
1,2012-06-04,2,1,6,1,1,1,0.56,0.5303,0.6,0.2239,11
1,2012-06-04,2,1,6,1,1,2,0.56,0.5303,0.6,0.1642,5
1,2012-06-04,2,1,6,1,1,1,0.54,0.5152,0.64,0.0896,8
1,2012-06-04,2,1,6,1,1,1,0.52,0.5,0.68,0.0,35
2,2012-06-04,2,1,6,1,1,1,0.52,0.5,0.68,0.0,139
2,2012-06-04,2,1,6,1,1,1,0.56,0.5303,0.6,0.2239,517
2,2012-06-04,2,1,6,1,1,1,0.6,0.6212,0.49,0.2239,665
2,2012-06-04,2,1,6,1,1,1,0.62,0.6212,0.43,0.2836,282
2,2012-06-04,2,1,6,1,1,1,0.64,0.6212,0.41,0.4627,187
2,2012-06-04,2,1,6,1,1,1,0.64,0.6212,0.38,0.4925,239
3,2012-06-04,2,1,6,1,1,1,0.64,0.6212,0.41,0.4478,282
3,2012-06-04,2,1,6,1,1,1,0.64,0.6212,0.41,0.3582,274
3,2012-06-04,2,1,6,1,1,1,0.62,0.6212,0.41,0.4925,270
3,2012-06-04,2,1,6,1,1,1,0.66,0.6212,0.39,0.2985,292
3,2012-06-04,2,1,6,1,1,1,0.66,0.6212,0.39,0.4627,448
3,2012-06-04,2,1,6,1,1,1,0.64,0.6212,0.38,0.4478,834
4,2012-06-04,2,1,6,1,1,1,0.64,0.6212,0.38,0.3881,822
4,2012-06-04,2,1,6,1,1,1,0.62,0.6212,0.38,0.4179,645
4,2012-06-04,2,1,6,1,1,1,0.6,0.6212,0.4,0.3582,461
4,2012-06-04,2,1,6,1,1,1,0.58,0.5455,0.49,0.2537,265
4,2012-06-04,2,1,6,1,1,1,0.56,0.5303,0.52,0.2836,168
4,2012-06-04,2,1,6,1,1,1,0.58,0.5455,0.49,0.2985,86
1,2012-06-05,2,1,6,2,1,1,0.54,0.5152,0.68,0.4179,34
1,2012-06-05,2,1,6,2,1,2,0.52,0.5,0.77,0.3284,20
1,2012-06-05,2,1,6,2,1,3,0.52,0.5,0.72,0.2985,8
1,2012-06-05,2,1,6,2,1,3,0.5,0.4848,0.82,0.194,5
1,2012-06-05,2,1,6,2,1,3,0.5,0.4848,0.82,0.194,5
1,2012-06-05,2,1,6,2,1,3,0.48,0.4697,0.82,0.1642,36
2,2012-06-05,2,1,6,2,1,1,0.48,0.4697,0.82,0.2537,184
2,2012-06-05,2,1,6,2,1,1,0.48,0.4697,0.77,0.2985,569
2,2012-06-05,2,1,6,2,1,2,0.48,0.4697,0.77,0.2239,710
2,2012-06-05,2,1,6,2,1,2,0.52,0.5,0.72,0.2537,335
2,2012-06-05,2,1,6,2,1,2,0.52,0.5,0.63,0.2985,176
2,2012-06-05,2,1,6,2,1,2,0.56,0.5303,0.56,0.194,227
3,2012-06-05,2,1,6,2,1,2,0.54,0.5152,0.56,0.2239,247
3,2012-06-05,2,1,6,2,1,2,0.6,0.6212,0.46,0.1642,267
3,2012-06-05,2,1,6,2,1,2,0.58,0.5455,0.46,0.1642,276
3,2012-06-05,2,1,6,2,1,2,0.58,0.5455,0.46,0.1343,272
3,2012-06-05,2,1,6,2,1,1,0.6,0.6212,0.43,0.194,473
3,2012-06-05,2,1,6,2,1,1,0.6,0.6212,0.43,0.0,850
4,2012-06-05,2,1,6,2,1,1,0.6,0.6212,0.43,0.194,790
4,2012-06-05,2,1,6,2,1,1,0.58,0.5455,0.46,0.2537,513
4,2012-06-05,2,1,6,2,1,1,0.56,0.5303,0.49,0.2239,415
4,2012-06-05,2,1,6,2,1,1,0.54,0.5152,0.56,0.1642,283
4,2012-06-05,2,1,6,2,1,1,0.56,0.5303,0.52,0.1045,193
4,2012-06-05,2,1,6,2,1,1,0.54,0.5152,0.56,0.0896,113
1,2012-06-06,2,1,6,3,1,1,0.52,0.5,0.59,0.0896,49
1,2012-06-06,2,1,6,3,1,1,0.52,0.5,0.68,0.0,27
1,2012-06-06,2,1,6,3,1,1,0.5,0.4848,0.68,0.0,11
1,2012-06-06,2,1,6,3,1,1,0.46,0.4545,0.82,0.0,8
1,2012-06-06,2,1,6,3,1,1,0.46,0.4545,0.82,0.1045,10
1,2012-06-06,2,1,6,3,1,1,0.48,0.4697,0.77,0.0,38
2,2012-06-06,2,1,6,3,1,1,0.48,0.4697,0.77,0.0,172
2,2012-06-06,2,1,6,3,1,1,0.5,0.4848,0.72,0.0,547
2,2012-06-06,2,1,6,3,1,1,0.54,0.5152,0.68,0.0,668
2,2012-06-06,2,1,6,3,1,1,0.56,0.5303,0.6,0.0896,303
2,2012-06-06,2,1,6,3,1,1,0.6,0.6212,0.46,0.0896,203
2,2012-06-06,2,1,6,3,1,1,0.62,0.6212,0.43,0.0896,226
3,2012-06-06,2,1,6,3,1,1,0.62,0.6212,0.38,0.0,315
3,2012-06-06,2,1,6,3,1,1,0.62,0.6212,0.41,0.0896,303
3,2012-06-06,2,1,6,3,1,1,0.64,0.6212,0.38,0.0,302
3,2012-06-06,2,1,6,3,1,1,0.64,0.6212,0.38,0.0,300
3,2012-06-06,2,1,6,3,1,1,0.64,0.6212,0.41,0.1343,452
3,2012-06-06,2,1,6,3,1,1,0.62,0.6212,0.43,0.1343,724
4,2012-06-06,2,1,6,3,1,3,0.6,0.6212,0.53,0.194,782
4,2012-06-06,2,1,6,3,1,1,0.56,0.5303,0.73,0.2985,538
4,2012-06-06,2,1,6,3,1,1,0.54,0.5152,0.73,0.2836,408
4,2012-06-06,2,1,6,3,1,1,0.54,0.5152,0.73,0.1642,298
4,2012-06-06,2,1,6,3,1,1,0.52,0.5,0.77,0.0896,248
4,2012-06-06,2,1,6,3,1,1,0.52,0.5,0.77,0.0,123
1,2012-06-07,2,1,6,4,1,1,0.52,0.5,0.77,0.1343,59
1,2012-06-07,2,1,6,4,1,1,0.52,0.5,0.77,0.1642,22
1,2012-06-07,2,1,6,4,1,1,0.52,0.5,0.77,0.0896,12
1,2012-06-07,2,1,6,4,1,1,0.5,0.4848,0.77,0.1045,5
1,2012-06-07,2,1,6,4,1,1,0.46,0.4545,0.88,0.1045,6
1,2012-06-07,2,1,6,4,1,1,0.48,0.4697,0.82,0.0896,34
2,2012-06-07,2,1,6,4,1,1,0.46,0.4545,0.88,0.1045,170
2,2012-06-07,2,1,6,4,1,1,0.5,0.4848,0.82,0.1642,526
2,2012-06-07,2,1,6,4,1,1,0.52,0.5,0.77,0.0,681
2,2012-06-07,2,1,6,4,1,1,0.58,0.5455,0.68,0.0,337
2,2012-06-07,2,1,6,4,1,1,0.6,0.6061,0.64,0.0896,210
2,2012-06-07,2,1,6,4,1,1,0.66,0.6212,0.47,0.2239,237
3,2012-06-07,2,1,6,4,1,1,0.7,0.6364,0.42,0.0,336
3,2012-06-07,2,1,6,4,1,1,0.7,0.6364,0.37,0.2836,315
3,2012-06-07,2,1,6,4,1,1,0.72,0.6515,0.37,0.2537,265
3,2012-06-07,2,1,6,4,1,1,0.74,0.6515,0.3,0.0,333
3,2012-06-07,2,1,6,4,1,1,0.72,0.6515,0.34,0.2239,466
3,2012-06-07,2,1,6,4,1,1,0.72,0.6515,0.34,0.2537,869
4,2012-06-07,2,1,6,4,1,1,0.7,0.6364,0.34,0.2836,813
4,2012-06-07,2,1,6,4,1,1,0.7,0.6364,0.34,0.2836,602
4,2012-06-07,2,1,6,4,1,1,0.66,0.6212,0.36,0.2985,478
4,2012-06-07,2,1,6,4,1,1,0.62,0.6212,0.41,0.3284,313
4,2012-06-07,2,1,6,4,1,1,0.6,0.6212,0.46,0.1642,228
4,2012-06-07,2,1,6,4,1,1,0.56,0.5303,0.52,0.1343,177
1,2012-06-08,2,1,6,5,1,1,0.56,0.5303,0.56,0.1642,77
1,2012-06-08,2,1,6,5,1,1,0.56,0.5303,0.56,0.1642,29
1,2012-06-08,2,1,6,5,1,1,0.56,0.5303,0.56,0.0,19
1,2012-06-08,2,1,6,5,1,1,0.54,0.5152,0.6,0.0896,8
1,2012-06-08,2,1,6,5,1,1,0.52,0.5,0.63,0.0,10
1,2012-06-08,2,1,6,5,1,1,0.5,0.4848,0.72,0.1045,29
2,2012-06-08,2,1,6,5,1,1,0.52,0.5,0.68,0.0896,139
2,2012-06-08,2,1,6,5,1,1,0.52,0.5,0.72,0.1045,428
2,2012-06-08,2,1,6,5,1,1,0.58,0.5455,0.6,0.0896,700
2,2012-06-08,2,1,6,5,1,1,0.62,0.6212,0.53,0.1642,382
2,2012-06-08,2,1,6,5,1,1,0.66,0.6212,0.47,0.2537,249
2,2012-06-08,2,1,6,5,1,1,0.7,0.6364,0.42,0.2537,264
3,2012-06-08,2,1,6,5,1,1,0.72,0.6515,0.39,0.3284,369
3,2012-06-08,2,1,6,5,1,1,0.74,0.6515,0.37,0.2537,416
3,2012-06-08,2,1,6,5,1,1,0.76,0.6667,0.31,0.3881,373
3,2012-06-08,2,1,6,5,1,1,0.76,0.6667,0.29,0.2836,397
3,2012-06-08,2,1,6,5,1,1,0.76,0.6667,0.29,0.2985,523
3,2012-06-08,2,1,6,5,1,1,0.76,0.6667,0.29,0.194,793
4,2012-06-08,2,1,6,5,1,1,0.76,0.6667,0.27,0.2239,723
4,2012-06-08,2,1,6,5,1,1,0.74,0.6515,0.3,0.2239,555
4,2012-06-08,2,1,6,5,1,1,0.72,0.6515,0.32,0.1343,408
4,2012-06-08,2,1,6,5,1,1,0.7,0.6364,0.37,0.1343,339
4,2012-06-08,2,1,6,5,1,1,0.68,0.6364,0.41,0.1045,291
4,2012-06-08,2,1,6,5,1,1,0.64,0.6212,0.57,0.1642,215
1,2012-06-09,2,1,6,6,0,1,0.64,0.6212,0.53,0.1045,206
1,2012-06-09,2,1,6,6,0,1,0.64,0.6212,0.53,0.0896,123
1,2012-06-09,2,1,6,6,0,1,0.64,0.6212,0.5,0.2239,89
1,2012-06-09,2,1,6,6,0,1,0.62,0.6212,0.57,0.0,40
1,2012-06-09,2,1,6,6,0,1,0.62,0.6212,0.57,0.0,8
1,2012-06-09,2,1,6,6,0,1,0.6,0.6212,0.56,0.1045,19
2,2012-06-09,2,1,6,6,0,1,0.56,0.5303,0.64,0.1045,80
2,2012-06-09,2,1,6,6,0,1,0.58,0.5455,0.64,0.1045,87
2,2012-06-09,2,1,6,6,0,1,0.62,0.6061,0.61,0.1045,244
2,2012-06-09,2,1,6,6,0,1,0.64,0.6212,0.57,0.1642,340
2,2012-06-09,2,1,6,6,0,1,0.7,0.6515,0.51,0.1045,466
2,2012-06-09,2,1,6,6,0,1,0.76,0.6667,0.35,0.0,569
3,2012-06-09,2,1,6,6,0,1,0.8,0.697,0.29,0.2537,531
3,2012-06-09,2,1,6,6,0,1,0.82,0.697,0.24,0.2836,585
3,2012-06-09,2,1,6,6,0,1,0.82,0.697,0.23,0.194,593
3,2012-06-09,2,1,6,6,0,1,0.84,0.7121,0.2,0.2985,555
3,2012-06-09,2,1,6,6,0,1,0.82,0.697,0.24,0.194,534
3,2012-06-09,2,1,6,6,0,1,0.84,0.7121,0.24,0.0,495
4,2012-06-09,2,1,6,6,0,1,0.82,0.697,0.24,0.2239,451
4,2012-06-09,2,1,6,6,0,1,0.8,0.697,0.29,0.1642,360
4,2012-06-09,2,1,6,6,0,1,0.76,0.6667,0.35,0.2239,363
4,2012-06-09,2,1,6,6,0,1,0.74,0.6515,0.4,0.194,316
4,2012-06-09,2,1,6,6,0,1,0.7,0.6515,0.58,0.1642,214
4,2012-06-09,2,1,6,6,0,1,0.68,0.6364,0.61,0.1642,230
1,2012-06-10,2,1,6,0,0,1,0.66,0.6212,0.69,0.1045,158
1,2012-06-10,2,1,6,0,0,1,0.64,0.6061,0.73,0.1343,116
1,2012-06-10,2,1,6,0,0,1,0.64,0.6061,0.69,0.1343,73
1,2012-06-10,2,1,6,0,0,1,0.64,0.6061,0.73,0.1045,29
1,2012-06-10,2,1,6,0,0,1,0.62,0.5909,0.78,0.0896,10
1,2012-06-10,2,1,6,0,0,1,0.62,0.6061,0.69,0.0896,13
2,2012-06-10,2,1,6,0,0,1,0.62,0.5909,0.73,0.0,30
2,2012-06-10,2,1,6,0,0,1,0.6,0.5758,0.78,0.1045,62
2,2012-06-10,2,1,6,0,0,1,0.64,0.6061,0.73,0.0896,181
2,2012-06-10,2,1,6,0,0,1,0.7,0.6515,0.58,0.0,266
2,2012-06-10,2,1,6,0,0,1,0.76,0.6818,0.4,0.1045,413
2,2012-06-10,2,1,6,0,0,1,0.76,0.6818,0.45,0.0896,499
3,2012-06-10,2,1,6,0,0,1,0.82,0.7121,0.3,0.0,502
3,2012-06-10,2,1,6,0,0,1,0.84,0.7273,0.28,0.1343,492
3,2012-06-10,2,1,6,0,0,1,0.84,0.7273,0.3,0.1343,500
3,2012-06-10,2,1,6,0,0,1,0.84,0.7273,0.3,0.2239,475
3,2012-06-10,2,1,6,0,0,1,0.84,0.7424,0.36,0.2836,508
3,2012-06-10,2,1,6,0,0,1,0.82,0.7424,0.41,0.2836,521
4,2012-06-10,2,1,6,0,0,1,0.82,0.7273,0.38,0.2239,490
4,2012-06-10,2,1,6,0,0,1,0.82,0.7121,0.28,0.2836,375
4,2012-06-10,2,1,6,0,0,1,0.76,0.6818,0.48,0.1642,363
4,2012-06-10,2,1,6,0,0,1,0.72,0.6818,0.62,0.1642,253
4,2012-06-10,2,1,6,0,0,1,0.7,0.6515,0.65,0.1642,159
4,2012-06-10,2,1,6,0,0,1,0.72,0.6667,0.58,0.1045,110
1,2012-06-11,2,1,6,1,1,1,0.7,0.6515,0.65,0.1045,41
1,2012-06-11,2,1,6,1,1,1,0.66,0.6212,0.74,0.1642,24
1,2012-06-11,2,1,6,1,1,1,0.66,0.6212,0.74,0.1045,17
1,2012-06-11,2,1,6,1,1,1,0.64,0.5909,0.78,0.1045,6
1,2012-06-11,2,1,6,1,1,1,0.64,0.5909,0.78,0.1343,7
1,2012-06-11,2,1,6,1,1,1,0.64,0.5909,0.78,0.1343,37
2,2012-06-11,2,1,6,1,1,1,0.62,0.5758,0.83,0.1045,144
2,2012-06-11,2,1,6,1,1,1,0.64,0.5909,0.78,0.1045,503
2,2012-06-11,2,1,6,1,1,1,0.66,0.6212,0.74,0.1343,651
2,2012-06-11,2,1,6,1,1,1,0.7,0.6515,0.65,0.1343,316
2,2012-06-11,2,1,6,1,1,1,0.72,0.6818,0.62,0.1642,147
2,2012-06-11,2,1,6,1,1,2,0.76,0.6818,0.48,0.2239,202
3,2012-06-11,2,1,6,1,1,2,0.8,0.7273,0.43,0.194,261
3,2012-06-11,2,1,6,1,1,2,0.8,0.7121,0.41,0.2985,248
3,2012-06-11,2,1,6,1,1,2,0.82,0.7273,0.34,0.2836,259
3,2012-06-11,2,1,6,1,1,1,0.8,0.7121,0.41,0.3582,259
3,2012-06-11,2,1,6,1,1,2,0.8,0.7121,0.41,0.4179,427
3,2012-06-11,2,1,6,1,1,2,0.8,0.7121,0.41,0.3582,800
4,2012-06-11,2,1,6,1,1,2,0.8,0.7273,0.43,0.2985,831
4,2012-06-11,2,1,6,1,1,2,0.76,0.6818,0.48,0.3284,596
4,2012-06-11,2,1,6,1,1,2,0.74,0.6667,0.48,0.2239,394
4,2012-06-11,2,1,6,1,1,2,0.72,0.6667,0.58,0.194,250
4,2012-06-11,2,1,6,1,1,2,0.72,0.6667,0.58,0.194,164
4,2012-06-11,2,1,6,1,1,2,0.7,0.6515,0.58,0.2239,80
1,2012-06-12,2,1,6,2,1,2,0.7,0.6515,0.58,0.2239,28
1,2012-06-12,2,1,6,2,1,2,0.68,0.6364,0.65,0.1642,16
1,2012-06-12,2,1,6,2,1,2,0.68,0.6364,0.65,0.194,6
1,2012-06-12,2,1,6,2,1,2,0.66,0.6212,0.69,0.2537,12
1,2012-06-12,2,1,6,2,1,3,0.6,0.5455,0.88,0.1642,4
1,2012-06-12,2,1,6,2,1,3,0.6,0.5455,0.88,0.1343,29
2,2012-06-12,2,1,6,2,1,2,0.6,0.5455,0.88,0.1343,136
2,2012-06-12,2,1,6,2,1,3,0.62,0.5606,0.88,0.2537,303
2,2012-06-12,2,1,6,2,1,2,0.62,0.5606,0.88,0.2239,613
2,2012-06-12,2,1,6,2,1,2,0.64,0.5758,0.89,0.2836,285
2,2012-06-12,2,1,6,2,1,3,0.64,0.5758,0.89,0.2836,125
2,2012-06-12,2,1,6,2,1,3,0.66,0.6061,0.83,0.3582,65
3,2012-06-12,2,1,6,2,1,3,0.66,0.6061,0.83,0.2537,95
3,2012-06-12,2,1,6,2,1,3,0.66,0.6061,0.83,0.194,59
3,2012-06-12,2,1,6,2,1,3,0.64,0.5758,0.89,0.2537,60
3,2012-06-12,2,1,6,2,1,3,0.66,0.5909,0.89,0.194,116
3,2012-06-12,2,1,6,2,1,2,0.66,0.5909,0.89,0.2836,239
3,2012-06-12,2,1,6,2,1,2,0.66,0.5909,0.89,0.2836,681
4,2012-06-12,2,1,6,2,1,1,0.68,0.6364,0.83,0.194,653
4,2012-06-12,2,1,6,2,1,1,0.68,0.6364,0.83,0.194,491
4,2012-06-12,2,1,6,2,1,1,0.68,0.6364,0.83,0.194,386
4,2012-06-12,2,1,6,2,1,1,0.68,0.6364,0.83,0.1045,274
4,2012-06-12,2,1,6,2,1,1,0.66,0.5909,0.94,0.1045,207
4,2012-06-12,2,1,6,2,1,3,0.66,0.5909,0.94,0.2239,89
1,2012-06-13,2,1,6,3,1,2,0.66,0.5909,0.94,0.194,34
1,2012-06-13,2,1,6,3,1,1,0.64,0.5909,0.78,0.0,28
1,2012-06-13,2,1,6,3,1,1,0.62,0.5758,0.83,0.1343,4
1,2012-06-13,2,1,6,3,1,1,0.62,0.5758,0.83,0.194,8
1,2012-06-13,2,1,6,3,1,1,0.6,0.5606,0.83,0.1343,10
1,2012-06-13,2,1,6,3,1,1,0.6,0.5606,0.83,0.194,40
2,2012-06-13,2,1,6,3,1,1,0.6,0.5606,0.83,0.2239,194
2,2012-06-13,2,1,6,3,1,1,0.6,0.5606,0.83,0.2985,505
2,2012-06-13,2,1,6,3,1,2,0.62,0.5909,0.73,0.5224,713
2,2012-06-13,2,1,6,3,1,2,0.64,0.6061,0.69,0.5821,352
2,2012-06-13,2,1,6,3,1,2,0.64,0.6061,0.65,0.4179,198
2,2012-06-13,2,1,6,3,1,2,0.66,0.6212,0.54,0.4478,246
3,2012-06-13,2,1,6,3,1,2,0.68,0.6364,0.44,0.4179,334
3,2012-06-13,2,1,6,3,1,2,0.7,0.6364,0.45,0.3881,255
3,2012-06-13,2,1,6,3,1,2,0.72,0.6515,0.37,0.4179,320
3,2012-06-13,2,1,6,3,1,1,0.72,0.6515,0.32,0.4925,281
3,2012-06-13,2,1,6,3,1,1,0.72,0.6515,0.3,0.4925,392
3,2012-06-13,2,1,6,3,1,1,0.72,0.6515,0.32,0.4925,857
4,2012-06-13,2,1,6,3,1,1,0.72,0.6515,0.32,0.4478,744
4,2012-06-13,2,1,6,3,1,1,0.7,0.6364,0.34,0.3881,671
4,2012-06-13,2,1,6,3,1,1,0.68,0.6364,0.36,0.4179,448
4,2012-06-13,2,1,6,3,1,1,0.64,0.6212,0.44,0.3582,396
4,2012-06-13,2,1,6,3,1,1,0.62,0.6212,0.5,0.2985,238
4,2012-06-13,2,1,6,3,1,1,0.62,0.6212,0.5,0.2836,153
1,2012-06-14,2,1,6,4,1,1,0.6,0.6212,0.53,0.2985,48
1,2012-06-14,2,1,6,4,1,1,0.6,0.6212,0.56,0.2239,21
1,2012-06-14,2,1,6,4,1,2,0.62,0.6212,0.53,0.2537,9
1,2012-06-14,2,1,6,4,1,2,0.62,0.6212,0.53,0.2836,5
1,2012-06-14,2,1,6,4,1,2,0.6,0.6212,0.56,0.2537,6
1,2012-06-14,2,1,6,4,1,2,0.6,0.6212,0.56,0.2537,40
2,2012-06-14,2,1,6,4,1,1,0.58,0.5455,0.6,0.2836,181
2,2012-06-14,2,1,6,4,1,1,0.6,0.6061,0.6,0.2836,506
2,2012-06-14,2,1,6,4,1,1,0.6,0.6061,0.64,0.3284,719
2,2012-06-14,2,1,6,4,1,1,0.62,0.6061,0.61,0.2239,357
2,2012-06-14,2,1,6,4,1,1,0.64,0.6061,0.65,0.4179,179
2,2012-06-14,2,1,6,4,1,1,0.66,0.6212,0.57,0.2537,228
3,2012-06-14,2,1,6,4,1,2,0.66,0.6212,0.61,0.2239,265
3,2012-06-14,2,1,6,4,1,1,0.68,0.6364,0.57,0.1642,284
3,2012-06-14,2,1,6,4,1,1,0.7,0.6515,0.54,0.2836,298
3,2012-06-14,2,1,6,4,1,1,0.74,0.6667,0.48,0.2985,324
3,2012-06-14,2,1,6,4,1,1,0.72,0.6667,0.51,0.2836,438
3,2012-06-14,2,1,6,4,1,1,0.72,0.6667,0.48,0.2239,867
4,2012-06-14,2,1,6,4,1,1,0.74,0.6667,0.42,0.194,823
4,2012-06-14,2,1,6,4,1,1,0.7,0.6515,0.48,0.2537,579
4,2012-06-14,2,1,6,4,1,1,0.66,0.6212,0.65,0.2537,435
4,2012-06-14,2,1,6,4,1,1,0.64,0.6061,0.65,0.1642,337
4,2012-06-14,2,1,6,4,1,2,0.64,0.6061,0.65,0.2239,242
4,2012-06-14,2,1,6,4,1,2,0.62,0.6061,0.69,0.1642,172
1,2012-06-15,2,1,6,5,1,1,0.6,0.5909,0.73,0.1642,94
1,2012-06-15,2,1,6,5,1,1,0.58,0.5455,0.78,0.194,51
1,2012-06-15,2,1,6,5,1,1,0.56,0.5303,0.83,0.1045,15
1,2012-06-15,2,1,6,5,1,1,0.56,0.5303,0.83,0.1642,5
1,2012-06-15,2,1,6,5,1,1,0.56,0.5303,0.83,0.1642,14
1,2012-06-15,2,1,6,5,1,1,0.54,0.5152,0.88,0.1045,33
2,2012-06-15,2,1,6,5,1,1,0.54,0.5152,0.83,0.1343,151
2,2012-06-15,2,1,6,5,1,1,0.56,0.5303,0.83,0.1642,430
2,2012-06-15,2,1,6,5,1,1,0.6,0.5909,0.69,0.1642,653
2,2012-06-15,2,1,6,5,1,1,0.62,0.6061,0.65,0.1642,366
2,2012-06-15,2,1,6,5,1,1,0.64,0.6212,0.57,0.1642,216
2,2012-06-15,2,1,6,5,1,1,0.66,0.6212,0.5,0.194,286
3,2012-06-15,2,1,6,5,1,1,0.7,0.6364,0.45,0.1642,403
3,2012-06-15,2,1,6,5,1,1,0.7,0.6364,0.42,0.2537,393
3,2012-06-15,2,1,6,5,1,1,0.72,0.6515,0.39,0.194,376
3,2012-06-15,2,1,6,5,1,1,0.72,0.6515,0.39,0.194,377
3,2012-06-15,2,1,6,5,1,1,0.72,0.6515,0.37,0.194,558
3,2012-06-15,2,1,6,5,1,1,0.74,0.6515,0.37,0.2836,823
4,2012-06-15,2,1,6,5,1,1,0.72,0.6515,0.39,0.2239,693
4,2012-06-15,2,1,6,5,1,1,0.7,0.6364,0.42,0.1642,467
4,2012-06-15,2,1,6,5,1,1,0.68,0.6364,0.44,0.194,385
4,2012-06-15,2,1,6,5,1,1,0.66,0.6212,0.5,0.1045,333
4,2012-06-15,2,1,6,5,1,1,0.64,0.6212,0.53,0.1343,321
4,2012-06-15,2,1,6,5,1,1,0.62,0.6212,0.53,0.2537,222
1,2012-06-16,2,1,6,6,0,1,0.58,0.5455,0.56,0.1343,137
1,2012-06-16,2,1,6,6,0,1,0.56,0.5303,0.56,0.0,95
1,2012-06-16,2,1,6,6,0,1,0.58,0.5455,0.53,0.0,67
1,2012-06-16,2,1,6,6,0,1,0.56,0.5303,0.6,0.0896,27
1,2012-06-16,2,1,6,6,0,1,0.54,0.5152,0.68,0.1343,8
1,2012-06-16,2,1,6,6,0,1,0.54,0.5152,0.68,0.1045,23
2,2012-06-16,2,1,6,6,0,1,0.54,0.5152,0.68,0.194,47
2,2012-06-16,2,1,6,6,0,1,0.54,0.5152,0.68,0.194,78
2,2012-06-16,2,1,6,6,0,1,0.58,0.5455,0.64,0.1642,204
2,2012-06-16,2,1,6,6,0,1,0.6,0.6061,0.6,0.0896,367
2,2012-06-16,2,1,6,6,0,1,0.64,0.6212,0.47,0.194,435
2,2012-06-16,2,1,6,6,0,1,0.66,0.6212,0.39,0.1642,566
3,2012-06-16,2,1,6,6,0,1,0.68,0.6364,0.41,0.1045,603
3,2012-06-16,2,1,6,6,0,1,0.72,0.6515,0.34,0.1642,617
3,2012-06-16,2,1,6,6,0,1,0.72,0.6515,0.37,0.2239,573
3,2012-06-16,2,1,6,6,0,1,0.74,0.6515,0.35,0.2537,583
3,2012-06-16,2,1,6,6,0,2,0.72,0.6515,0.37,0.1045,542
3,2012-06-16,2,1,6,6,0,2,0.72,0.6515,0.37,0.2537,593
4,2012-06-16,2,1,6,6,0,2,0.72,0.6515,0.37,0.2239,571
4,2012-06-16,2,1,6,6,0,2,0.7,0.6364,0.42,0.194,461
4,2012-06-16,2,1,6,6,0,2,0.66,0.6212,0.47,0.194,352
4,2012-06-16,2,1,6,6,0,2,0.64,0.6212,0.5,0.2239,290
4,2012-06-16,2,1,6,6,0,1,0.62,0.6212,0.53,0.2985,280
4,2012-06-16,2,1,6,6,0,1,0.6,0.6212,0.53,0.2985,183
1,2012-06-17,2,1,6,0,0,1,0.56,0.5303,0.56,0.1343,148
1,2012-06-17,2,1,6,0,0,1,0.56,0.5303,0.6,0.1642,88
1,2012-06-17,2,1,6,0,0,1,0.56,0.5303,0.56,0.0896,74
1,2012-06-17,2,1,6,0,0,1,0.54,0.5152,0.64,0.1045,28
1,2012-06-17,2,1,6,0,0,1,0.54,0.5152,0.64,0.0896,18
1,2012-06-17,2,1,6,0,0,1,0.54,0.5152,0.68,0.1343,17
2,2012-06-17,2,1,6,0,0,1,0.52,0.5,0.72,0.1045,23
2,2012-06-17,2,1,6,0,0,1,0.52,0.5,0.72,0.0896,48
2,2012-06-17,2,1,6,0,0,1,0.56,0.5303,0.68,0.2537,119
2,2012-06-17,2,1,6,0,0,1,0.56,0.5303,0.68,0.1642,274
2,2012-06-17,2,1,6,0,0,1,0.58,0.5455,0.64,0.0,436
2,2012-06-17,2,1,6,0,0,1,0.62,0.6212,0.57,0.1045,546
3,2012-06-17,2,1,6,0,0,1,0.62,0.6212,0.57,0.0,615
3,2012-06-17,2,1,6,0,0,1,0.64,0.6212,0.53,0.1642,614
3,2012-06-17,2,1,6,0,0,1,0.64,0.6212,0.53,0.0,582
3,2012-06-17,2,1,6,0,0,1,0.66,0.6212,0.5,0.2239,463
3,2012-06-17,2,1,6,0,0,1,0.66,0.6212,0.54,0.2985,580
3,2012-06-17,2,1,6,0,0,1,0.64,0.6212,0.57,0.2239,593
4,2012-06-17,2,1,6,0,0,1,0.64,0.6212,0.53,0.194,513
4,2012-06-17,2,1,6,0,0,1,0.64,0.6212,0.53,0.1642,390
4,2012-06-17,2,1,6,0,0,1,0.62,0.6212,0.57,0.194,302
4,2012-06-17,2,1,6,0,0,1,0.62,0.6212,0.57,0.194,246
4,2012-06-17,2,1,6,0,0,1,0.6,0.6061,0.6,0.194,153
4,2012-06-17,2,1,6,0,0,1,0.58,0.5455,0.64,0.194,108
1,2012-06-18,2,1,6,1,1,1,0.56,0.5303,0.73,0.2537,40
1,2012-06-18,2,1,6,1,1,1,0.54,0.5152,0.77,0.2239,14
1,2012-06-18,2,1,6,1,1,1,0.54,0.5152,0.77,0.2239,9
1,2012-06-18,2,1,6,1,1,2,0.52,0.5,0.83,0.2239,4
1,2012-06-18,2,1,6,1,1,2,0.54,0.5152,0.77,0.194,9
1,2012-06-18,2,1,6,1,1,3,0.52,0.5,0.83,0.1343,23
2,2012-06-18,2,1,6,1,1,3,0.52,0.5,0.88,0.1343,37
2,2012-06-18,2,1,6,1,1,3,0.52,0.5,0.94,0.2239,145
2,2012-06-18,2,1,6,1,1,2,0.54,0.5152,0.83,0.194,474
2,2012-06-18,2,1,6,1,1,2,0.54,0.5152,0.83,0.2239,250
2,2012-06-18,2,1,6,1,1,3,0.54,0.5152,0.88,0.1045,91
2,2012-06-18,2,1,6,1,1,2,0.54,0.5152,0.88,0.1642,121
3,2012-06-18,2,1,6,1,1,3,0.56,0.5303,0.78,0.1343,168
3,2012-06-18,2,1,6,1,1,2,0.58,0.5455,0.73,0.1343,225
3,2012-06-18,2,1,6,1,1,2,0.58,0.5455,0.68,0.194,219
3,2012-06-18,2,1,6,1,1,2,0.6,0.5909,0.69,0.194,237
3,2012-06-18,2,1,6,1,1,2,0.6,0.5909,0.73,0.194,332
3,2012-06-18,2,1,6,1,1,2,0.6,0.5909,0.73,0.194,723
4,2012-06-18,2,1,6,1,1,2,0.62,0.6061,0.69,0.1642,642
4,2012-06-18,2,1,6,1,1,2,0.62,0.5909,0.73,0.0896,463
4,2012-06-18,2,1,6,1,1,2,0.62,0.5909,0.73,0.1343,362
4,2012-06-18,2,1,6,1,1,2,0.62,0.5909,0.73,0.1045,273
4,2012-06-18,2,1,6,1,1,2,0.62,0.5909,0.73,0.1642,164
4,2012-06-18,2,1,6,1,1,3,0.6,0.5758,0.78,0.194,74
1,2012-06-19,2,1,6,2,1,2,0.6,0.5758,0.78,0.1642,35
1,2012-06-19,2,1,6,2,1,2,0.6,0.5758,0.78,0.1642,14
1,2012-06-19,2,1,6,2,1,2,0.6,0.5758,0.78,0.1343,15
1,2012-06-19,2,1,6,2,1,2,0.6,0.5758,0.78,0.1045,8
1,2012-06-19,2,1,6,2,1,2,0.6,0.5758,0.78,0.1343,10
1,2012-06-19,2,1,6,2,1,2,0.6,0.5758,0.78,0.194,37
2,2012-06-19,2,1,6,2,1,2,0.6,0.5758,0.78,0.1045,161
2,2012-06-19,2,1,6,2,1,2,0.6,0.5758,0.78,0.1343,480
2,2012-06-19,2,1,6,2,1,2,0.6,0.5758,0.78,0.1642,673
2,2012-06-19,2,1,6,2,1,1,0.64,0.6061,0.73,0.0896,328
2,2012-06-19,2,1,6,2,1,1,0.64,0.6061,0.73,0.0896,180
2,2012-06-19,2,1,6,2,1,1,0.66,0.6212,0.69,0.1343,230
3,2012-06-19,2,1,6,2,1,1,0.7,0.6515,0.65,0.0896,292
3,2012-06-19,2,1,6,2,1,1,0.74,0.6818,0.58,0.1343,272
3,2012-06-19,2,1,6,2,1,1,0.76,0.7121,0.58,0.1045,227
3,2012-06-19,2,1,6,2,1,1,0.78,0.7424,0.59,0.1642,259
3,2012-06-19,2,1,6,2,1,1,0.8,0.7576,0.55,0.2239,334
3,2012-06-19,2,1,6,2,1,1,0.8,0.7576,0.55,0.194,811
4,2012-06-19,2,1,6,2,1,1,0.8,0.7576,0.55,0.1642,795
4,2012-06-19,2,1,6,2,1,1,0.8,0.7727,0.59,0.2239,514
4,2012-06-19,2,1,6,2,1,1,0.8,0.7576,0.55,0.2537,458
4,2012-06-19,2,1,6,2,1,1,0.76,0.7121,0.62,0.1642,276
4,2012-06-19,2,1,6,2,1,1,0.72,0.697,0.79,0.0896,291
4,2012-06-19,2,1,6,2,1,1,0.72,0.697,0.79,0.1343,125
1,2012-06-20,2,1,6,3,1,1,0.7,0.6667,0.79,0.194,53
1,2012-06-20,2,1,6,3,1,1,0.68,0.6364,0.79,0.194,27
1,2012-06-20,2,1,6,3,1,1,0.66,0.6061,0.83,0.1642,6
1,2012-06-20,2,1,6,3,1,1,0.66,0.6061,0.83,0.1343,8
1,2012-06-20,2,1,6,3,1,1,0.66,0.6061,0.83,0.0896,7
1,2012-06-20,2,1,6,3,1,1,0.66,0.6061,0.83,0.0896,39
2,2012-06-20,2,1,6,3,1,2,0.64,0.5758,0.89,0.0896,165
2,2012-06-20,2,1,6,3,1,2,0.66,0.5909,0.89,0.0,464
2,2012-06-20,2,1,6,3,1,2,0.7,0.6667,0.79,0.1045,643
2,2012-06-20,2,1,6,3,1,2,0.72,0.697,0.74,0.0,316
2,2012-06-20,2,1,6,3,1,1,0.82,0.7727,0.52,0.1343,167
2,2012-06-20,2,1,6,3,1,1,0.84,0.7879,0.49,0.194,188
3,2012-06-20,2,1,6,3,1,1,0.86,0.803,0.47,0.1642,180
3,2012-06-20,2,1,6,3,1,1,0.86,0.7879,0.44,0.1045,211
3,2012-06-20,2,1,6,3,1,1,0.88,0.803,0.39,0.194,190
3,2012-06-20,2,1,6,3,1,1,0.9,0.8182,0.35,0.0,179
3,2012-06-20,2,1,6,3,1,1,0.9,0.8182,0.35,0.1045,335
3,2012-06-20,2,1,6,3,1,1,0.9,0.8182,0.37,0.0,691
4,2012-06-20,2,1,6,3,1,1,0.9,0.8182,0.37,0.0,672
4,2012-06-20,2,1,6,3,1,1,0.88,0.7879,0.37,0.2537,539
4,2012-06-20,2,1,6,3,1,1,0.86,0.7727,0.39,0.2239,407
4,2012-06-20,2,1,6,3,1,1,0.84,0.7576,0.44,0.0896,344
4,2012-06-20,2,1,6,3,1,1,0.82,0.7576,0.46,0.1045,257
4,2012-06-20,2,1,6,3,1,1,0.78,0.7424,0.59,0.1045,123
1,2012-06-21,3,1,6,4,1,1,0.74,0.697,0.7,0.0896,69
1,2012-06-21,3,1,6,4,1,1,0.72,0.697,0.79,0.1343,18
1,2012-06-21,3,1,6,4,1,1,0.72,0.697,0.79,0.1045,18
1,2012-06-21,3,1,6,4,1,1,0.72,0.697,0.74,0.0,11
1,2012-06-21,3,1,6,4,1,1,0.7,0.6667,0.84,0.0896,12
1,2012-06-21,3,1,6,4,1,1,0.7,0.6667,0.84,0.1045,40
2,2012-06-21,3,1,6,4,1,2,0.7,0.6667,0.84,0.0896,150
2,2012-06-21,3,1,6,4,1,2,0.7,0.6667,0.84,0.0896,463
2,2012-06-21,3,1,6,4,1,1,0.74,0.697,0.7,0.0,590
2,2012-06-21,3,1,6,4,1,1,0.8,0.7576,0.55,0.194,256
2,2012-06-21,3,1,6,4,1,1,0.84,0.7879,0.49,0.1045,150
2,2012-06-21,3,1,6,4,1,1,0.86,0.7879,0.41,0.1343,161
3,2012-06-21,3,1,6,4,1,1,0.9,0.8182,0.35,0.194,215
3,2012-06-21,3,1,6,4,1,1,0.9,0.8182,0.35,0.0,172
3,2012-06-21,3,1,6,4,1,1,0.88,0.7879,0.37,0.1642,176
3,2012-06-21,3,1,6,4,1,1,0.92,0.8333,0.33,0.1642,194
3,2012-06-21,3,1,6,4,1,1,0.9,0.8182,0.35,0.1343,320
3,2012-06-21,3,1,6,4,1,1,0.88,0.7879,0.37,0.0,615
4,2012-06-21,3,1,6,4,1,1,0.86,0.7879,0.41,0.194,640
4,2012-06-21,3,1,6,4,1,1,0.88,0.803,0.39,0.2239,499
4,2012-06-21,3,1,6,4,1,1,0.86,0.7879,0.44,0.194,436
4,2012-06-21,3,1,6,4,1,1,0.82,0.7727,0.52,0.194,311
4,2012-06-21,3,1,6,4,1,1,0.8,0.7879,0.63,0.1642,243
4,2012-06-21,3,1,6,4,1,1,0.8,0.7727,0.59,0.0896,146
1,2012-06-22,3,1,6,5,1,2,0.76,0.7273,0.7,0.1045,93
1,2012-06-22,3,1,6,5,1,1,0.76,0.7424,0.75,0.1642,31
1,2012-06-22,3,1,6,5,1,1,0.74,0.7121,0.79,0.0,12
1,2012-06-22,3,1,6,5,1,1,0.74,0.7121,0.79,0.0,7
1,2012-06-22,3,1,6,5,1,2,0.76,0.7273,0.66,0.0,10
1,2012-06-22,3,1,6,5,1,2,0.74,0.697,0.66,0.0896,38
2,2012-06-22,3,1,6,5,1,2,0.74,0.697,0.66,0.0,122
2,2012-06-22,3,1,6,5,1,1,0.74,0.6818,0.58,0.1642,359
2,2012-06-22,3,1,6,5,1,1,0.76,0.697,0.55,0.1343,613
2,2012-06-22,3,1,6,5,1,1,0.76,0.7121,0.58,0.2239,333
2,2012-06-22,3,1,6,5,1,1,0.8,0.7424,0.52,0.3582,185
2,2012-06-22,3,1,6,5,1,1,0.8,0.7424,0.49,0.1642,236
3,2012-06-22,3,1,6,5,1,1,0.84,0.7879,0.49,0.1343,254
3,2012-06-22,3,1,6,5,1,1,0.88,0.803,0.39,0.2239,300
3,2012-06-22,3,1,6,5,1,1,0.88,0.803,0.39,0.2239,263
3,2012-06-22,3,1,6,5,1,1,0.9,0.8182,0.35,0.3582,284
3,2012-06-22,3,1,6,5,1,1,0.9,0.803,0.31,0.2239,380
3,2012-06-22,3,1,6,5,1,2,0.82,0.7273,0.38,0.1642,646
4,2012-06-22,3,1,6,5,1,2,0.8,0.7576,0.55,0.194,505
4,2012-06-22,3,1,6,5,1,2,0.76,0.697,0.55,0.5224,362
4,2012-06-22,3,1,6,5,1,2,0.76,0.697,0.55,0.5224,202
4,2012-06-22,3,1,6,5,1,3,0.68,0.6364,0.65,0.2836,217
4,2012-06-22,3,1,6,5,1,1,0.68,0.6364,0.69,0.1343,197
4,2012-06-22,3,1,6,5,1,2,0.66,0.6212,0.74,0.0,174
1,2012-06-23,3,1,6,6,0,1,0.64,0.5758,0.83,0.0,116
1,2012-06-23,3,1,6,6,0,1,0.66,0.6061,0.78,0.1343,123
1,2012-06-23,3,1,6,6,0,2,0.64,0.5758,0.83,0.194,93
1,2012-06-23,3,1,6,6,0,2,0.64,0.5758,0.83,0.0896,42
1,2012-06-23,3,1,6,6,0,2,0.64,0.5758,0.83,0.1642,19
1,2012-06-23,3,1,6,6,0,2,0.64,0.5758,0.83,0.194,12
2,2012-06-23,3,1,6,6,0,1,0.64,0.5758,0.83,0.0896,47
2,2012-06-23,3,1,6,6,0,1,0.64,0.5758,0.83,0.1642,78
2,2012-06-23,3,1,6,6,0,1,0.68,0.6364,0.69,0.2239,167
2,2012-06-23,3,1,6,6,0,1,0.72,0.6818,0.62,0.194,332
2,2012-06-23,3,1,6,6,0,1,0.74,0.6818,0.55,0.194,494
2,2012-06-23,3,1,6,6,0,1,0.76,0.6818,0.48,0.2239,516
3,2012-06-23,3,1,6,6,0,1,0.8,0.7273,0.43,0.194,602
3,2012-06-23,3,1,6,6,0,1,0.82,0.7273,0.34,0.194,564
3,2012-06-23,3,1,6,6,0,1,0.78,0.6818,0.33,0.2537,609
3,2012-06-23,3,1,6,6,0,1,0.84,0.7273,0.3,0.3284,483
3,2012-06-23,3,1,6,6,0,1,0.84,0.7121,0.26,0.2985,513
3,2012-06-23,3,1,6,6,0,1,0.82,0.7121,0.26,0.2537,530
4,2012-06-23,3,1,6,6,0,1,0.82,0.7121,0.26,0.2985,481
4,2012-06-23,3,1,6,6,0,1,0.8,0.697,0.27,0.194,425
4,2012-06-23,3,1,6,6,0,1,0.78,0.6818,0.31,0.194,386
4,2012-06-23,3,1,6,6,0,1,0.76,0.6667,0.33,0.1343,322
4,2012-06-23,3,1,6,6,0,1,0.74,0.6515,0.37,0.1045,279
4,2012-06-23,3,1,6,6,0,1,0.72,0.6515,0.44,0.0,225
1,2012-06-24,3,1,6,0,0,1,0.7,0.6515,0.51,0.0,163
1,2012-06-24,3,1,6,0,0,2,0.68,0.6364,0.54,0.0896,127
1,2012-06-24,3,1,6,0,0,2,0.68,0.6364,0.51,0.0,114
1,2012-06-24,3,1,6,0,0,2,0.66,0.6212,0.65,0.0896,60
1,2012-06-24,3,1,6,0,0,2,0.66,0.6212,0.65,0.0,13
1,2012-06-24,3,1,6,0,0,1,0.62,0.6061,0.69,0.1343,8
2,2012-06-24,3,1,6,0,0,1,0.64,0.6061,0.65,0.1642,25
2,2012-06-24,3,1,6,0,0,1,0.64,0.6061,0.69,0.1045,71
2,2012-06-24,3,1,6,0,0,1,0.7,0.6515,0.58,0.0,141
2,2012-06-24,3,1,6,0,0,1,0.72,0.6667,0.51,0.0,232
2,2012-06-24,3,1,6,0,0,1,0.76,0.6818,0.4,0.0,452
2,2012-06-24,3,1,6,0,0,1,0.76,0.6818,0.4,0.1343,506
3,2012-06-24,3,1,6,0,0,1,0.8,0.697,0.33,0.2239,556
3,2012-06-24,3,1,6,0,0,1,0.8,0.697,0.33,0.2836,585
3,2012-06-24,3,1,6,0,0,1,0.84,0.7273,0.3,0.2985,551
3,2012-06-24,3,1,6,0,0,1,0.86,0.7424,0.28,0.2239,487
3,2012-06-24,3,1,6,0,0,1,0.84,0.7273,0.3,0.2537,461
3,2012-06-24,3,1,6,0,0,1,0.84,0.7273,0.32,0.2537,532
4,2012-06-24,3,1,6,0,0,1,0.82,0.7273,0.34,0.2537,534
4,2012-06-24,3,1,6,0,0,1,0.8,0.7121,0.38,0.2985,423
4,2012-06-24,3,1,6,0,0,1,0.78,0.697,0.46,0.2537,332
4,2012-06-24,3,1,6,0,0,1,0.76,0.697,0.55,0.2239,253
4,2012-06-24,3,1,6,0,0,1,0.74,0.6818,0.55,0.1045,178
4,2012-06-24,3,1,6,0,0,1,0.74,0.6818,0.58,0.1045,87
1,2012-06-25,3,1,6,1,1,1,0.72,0.6818,0.62,0.2537,68
1,2012-06-25,3,1,6,1,1,1,0.7,0.6515,0.65,0.2239,31
1,2012-06-25,3,1,6,1,1,1,0.7,0.6515,0.7,0.2239,14
1,2012-06-25,3,1,6,1,1,1,0.68,0.6364,0.69,0.2537,5
1,2012-06-25,3,1,6,1,1,1,0.66,0.6061,0.78,0.2537,4
1,2012-06-25,3,1,6,1,1,1,0.66,0.6212,0.74,0.1642,43
2,2012-06-25,3,1,6,1,1,1,0.64,0.5909,0.78,0.1642,158
2,2012-06-25,3,1,6,1,1,1,0.66,0.6212,0.74,0.2239,485
2,2012-06-25,3,1,6,1,1,1,0.66,0.6212,0.69,0.194,608
2,2012-06-25,3,1,6,1,1,1,0.7,0.6515,0.65,0.194,268
2,2012-06-25,3,1,6,1,1,1,0.76,0.697,0.55,0.1642,184
2,2012-06-25,3,1,6,1,1,1,0.8,0.7273,0.43,0.3284,181
3,2012-06-25,3,1,6,1,1,2,0.76,0.6818,0.45,0.2985,270
3,2012-06-25,3,1,6,1,1,1,0.72,0.6667,0.51,0.2985,260
3,2012-06-25,3,1,6,1,1,1,0.78,0.697,0.43,0.2537,251
3,2012-06-25,3,1,6,1,1,1,0.78,0.6818,0.38,0.4627,233
3,2012-06-25,3,1,6,1,1,1,0.8,0.697,0.31,0.3881,414
3,2012-06-25,3,1,6,1,1,1,0.8,0.6818,0.24,0.4627,833
4,2012-06-25,3,1,6,1,1,1,0.76,0.6667,0.27,0.4478,791
4,2012-06-25,3,1,6,1,1,1,0.74,0.6515,0.27,0.4627,582
4,2012-06-25,3,1,6,1,1,1,0.72,0.6515,0.3,0.4478,475
4,2012-06-25,3,1,6,1,1,1,0.68,0.6212,0.3,0.3284,331
4,2012-06-25,3,1,6,1,1,1,0.66,0.6212,0.29,0.3881,187
4,2012-06-25,3,1,6,1,1,1,0.64,0.6212,0.33,0.3284,103
1,2012-06-26,3,1,6,2,1,1,0.62,0.6212,0.33,0.3284,37
1,2012-06-26,3,1,6,2,1,1,0.6,0.6212,0.35,0.3881,30
1,2012-06-26,3,1,6,2,1,1,0.56,0.5303,0.43,0.2836,9
1,2012-06-26,3,1,6,2,1,1,0.54,0.5152,0.45,0.2836,9
1,2012-06-26,3,1,6,2,1,1,0.54,0.5152,0.45,0.2985,10
1,2012-06-26,3,1,6,2,1,1,0.52,0.5,0.48,0.3881,39
2,2012-06-26,3,1,6,2,1,1,0.52,0.5,0.52,0.2985,188
2,2012-06-26,3,1,6,2,1,1,0.52,0.5,0.52,0.3582,552
2,2012-06-26,3,1,6,2,1,1,0.56,0.5303,0.49,0.3284,656
2,2012-06-26,3,1,6,2,1,1,0.58,0.5455,0.46,0.4179,328
2,2012-06-26,3,1,6,2,1,1,0.62,0.6212,0.41,0.3582,190
2,2012-06-26,3,1,6,2,1,1,0.64,0.6212,0.36,0.4179,235
3,2012-06-26,3,1,6,2,1,1,0.66,0.6212,0.34,0.4478,308
3,2012-06-26,3,1,6,2,1,1,0.7,0.6364,0.3,0.4627,306
3,2012-06-26,3,1,6,2,1,1,0.7,0.6364,0.3,0.4627,267
3,2012-06-26,3,1,6,2,1,1,0.72,0.6515,0.28,0.4627,317
3,2012-06-26,3,1,6,2,1,1,0.72,0.6364,0.26,0.4925,416
3,2012-06-26,3,1,6,2,1,1,0.72,0.6515,0.28,0.4179,900
4,2012-06-26,3,1,6,2,1,1,0.72,0.6515,0.28,0.3582,824
4,2012-06-26,3,1,6,2,1,1,0.72,0.6515,0.28,0.2239,612
4,2012-06-26,3,1,6,2,1,1,0.7,0.6364,0.3,0.2836,505
4,2012-06-26,3,1,6,2,1,1,0.68,0.6364,0.34,0.194,328
4,2012-06-26,3,1,6,2,1,1,0.66,0.6212,0.34,0.2537,245
4,2012-06-26,3,1,6,2,1,1,0.62,0.6212,0.41,0.1343,131
1,2012-06-27,3,1,6,3,1,1,0.62,0.6212,0.41,0.194,54
1,2012-06-27,3,1,6,3,1,1,0.6,0.6212,0.43,0.1642,23
1,2012-06-27,3,1,6,3,1,1,0.56,0.5303,0.49,0.1343,14
1,2012-06-27,3,1,6,3,1,1,0.58,0.5455,0.46,0.0896,8
1,2012-06-27,3,1,6,3,1,1,0.6,0.6212,0.4,0.2537,11
1,2012-06-27,3,1,6,3,1,1,0.6,0.6212,0.43,0.2836,36
2,2012-06-27,3,1,6,3,1,1,0.58,0.5455,0.46,0.2836,200
2,2012-06-27,3,1,6,3,1,1,0.6,0.6212,0.43,0.3582,527
2,2012-06-27,3,1,6,3,1,1,0.62,0.6212,0.43,0.3284,687
2,2012-06-27,3,1,6,3,1,1,0.66,0.6212,0.41,0.3582,282
2,2012-06-27,3,1,6,3,1,1,0.7,0.6364,0.37,0.2537,172
2,2012-06-27,3,1,6,3,1,1,0.74,0.6515,0.3,0.3284,209
3,2012-06-27,3,1,6,3,1,1,0.76,0.6667,0.29,0.2985,322
3,2012-06-27,3,1,6,3,1,1,0.8,0.697,0.27,0.3284,321
3,2012-06-27,3,1,6,3,1,1,0.8,0.6818,0.24,0.3582,270
3,2012-06-27,3,1,6,3,1,1,0.8,0.697,0.26,0.4627,249
3,2012-06-27,3,1,6,3,1,1,0.82,0.697,0.24,0.4478,392
3,2012-06-27,3,1,6,3,1,1,0.82,0.697,0.24,0.3881,843
4,2012-06-27,3,1,6,3,1,1,0.8,0.697,0.27,0.3284,804
4,2012-06-27,3,1,6,3,1,1,0.78,0.6818,0.29,0.3284,643
4,2012-06-27,3,1,6,3,1,1,0.76,0.6667,0.31,0.194,445
4,2012-06-27,3,1,6,3,1,1,0.74,0.6515,0.35,0.1343,367
4,2012-06-27,3,1,6,3,1,1,0.72,0.6515,0.39,0.0896,297
4,2012-06-27,3,1,6,3,1,1,0.68,0.6364,0.47,0.1343,159
1,2012-06-28,3,1,6,4,1,1,0.66,0.6212,0.5,0.1045,54
1,2012-06-28,3,1,6,4,1,1,0.66,0.6212,0.54,0.0,25
1,2012-06-28,3,1,6,4,1,1,0.66,0.6212,0.5,0.0896,13
1,2012-06-28,3,1,6,4,1,1,0.66,0.6212,0.5,0.0896,7
1,2012-06-28,3,1,6,4,1,1,0.62,0.6061,0.61,0.1045,11
1,2012-06-28,3,1,6,4,1,1,0.62,0.6212,0.57,0.0896,47
2,2012-06-28,3,1,6,4,1,1,0.62,0.6212,0.57,0.0896,193
2,2012-06-28,3,1,6,4,1,1,0.62,0.6061,0.61,0.1045,508
2,2012-06-28,3,1,6,4,1,1,0.66,0.6212,0.5,0.1343,617
2,2012-06-28,3,1,6,4,1,1,0.7,0.6515,0.54,0.1642,351
2,2012-06-28,3,1,6,4,1,1,0.74,0.6667,0.48,0.194,184
2,2012-06-28,3,1,6,4,1,1,0.8,0.697,0.31,0.194,211
3,2012-06-28,3,1,6,4,1,1,0.84,0.7121,0.26,0.2836,276
3,2012-06-28,3,1,6,4,1,1,0.86,0.7424,0.26,0.2239,236
3,2012-06-28,3,1,6,4,1,1,0.86,0.7273,0.25,0.3284,254
3,2012-06-28,3,1,6,4,1,1,0.86,0.7273,0.25,0.3284,219
3,2012-06-28,3,1,6,4,1,1,0.88,0.7424,0.23,0.194,387
3,2012-06-28,3,1,6,4,1,1,0.88,0.7424,0.22,0.194,705
4,2012-06-28,3,1,6,4,1,1,0.86,0.7273,0.25,0.2239,697
4,2012-06-28,3,1,6,4,1,1,0.84,0.7273,0.3,0.2985,571
4,2012-06-28,3,1,6,4,1,1,0.82,0.7273,0.34,0.194,470
4,2012-06-28,3,1,6,4,1,1,0.76,0.697,0.55,0.194,398
4,2012-06-28,3,1,6,4,1,1,0.76,0.697,0.52,0.1642,274
4,2012-06-28,3,1,6,4,1,1,0.74,0.6667,0.48,0.1343,171
1,2012-06-29,3,1,6,5,1,1,0.74,0.6667,0.48,0.1343,114
1,2012-06-29,3,1,6,5,1,1,0.74,0.6667,0.51,0.1642,42
1,2012-06-29,3,1,6,5,1,1,0.72,0.6667,0.58,0.194,18
1,2012-06-29,3,1,6,5,1,1,0.72,0.6667,0.58,0.194,8
1,2012-06-29,3,1,6,5,1,1,0.7,0.6515,0.65,0.1642,10
1,2012-06-29,3,1,6,5,1,1,0.7,0.6515,0.61,0.1045,45
2,2012-06-29,3,1,6,5,1,2,0.7,0.6515,0.61,0.1642,163
2,2012-06-29,3,1,6,5,1,1,0.7,0.6515,0.61,0.1045,380
2,2012-06-29,3,1,6,5,1,2,0.74,0.6818,0.55,0.1045,624
2,2012-06-29,3,1,6,5,1,1,0.76,0.697,0.55,0.1642,300
2,2012-06-29,3,1,6,5,1,1,0.9,0.8333,0.39,0.2985,171
2,2012-06-29,3,1,6,5,1,2,0.9,0.8485,0.42,0.2836,188
3,2012-06-29,3,1,6,5,1,2,0.92,0.8788,0.4,0.2537,226
3,2012-06-29,3,1,6,5,1,1,0.94,0.8788,0.38,0.194,239
3,2012-06-29,3,1,6,5,1,1,0.96,0.9091,0.36,0.2239,233
3,2012-06-29,3,1,6,5,1,1,0.96,0.9091,0.36,0.0,230
3,2012-06-29,3,1,6,5,1,1,0.96,0.9091,0.36,0.0,351
3,2012-06-29,3,1,6,5,1,1,0.98,0.9242,0.34,0.194,539
4,2012-06-29,3,1,6,5,1,1,0.96,0.8636,0.31,0.0,464
4,2012-06-29,3,1,6,5,1,1,0.9,0.8788,0.47,0.194,363
4,2012-06-29,3,1,6,5,1,1,0.92,0.8939,0.42,0.2537,308
4,2012-06-29,3,1,6,5,1,2,0.86,0.8333,0.53,0.194,236
4,2012-06-29,3,1,6,5,1,3,0.82,0.8333,0.63,0.194,163
4,2012-06-29,3,1,6,5,1,3,0.82,0.8333,0.63,0.194,48
1,2012-06-30,3,1,6,6,0,3,0.64,0.5758,0.89,0.1642,69
1,2012-06-30,3,1,6,6,0,3,0.64,0.5758,0.89,0.2239,58
1,2012-06-30,3,1,6,6,0,2,0.64,0.5758,0.89,0.0,61
1,2012-06-30,3,1,6,6,0,2,0.64,0.5758,0.89,0.0,23
1,2012-06-30,3,1,6,6,0,2,0.62,0.5455,0.94,0.0,18
1,2012-06-30,3,1,6,6,0,1,0.64,0.5758,0.89,0.1642,10
2,2012-06-30,3,1,6,6,0,1,0.64,0.5758,0.89,0.1642,42
2,2012-06-30,3,1,6,6,0,1,0.64,0.5758,0.89,0.1642,92
2,2012-06-30,3,1,6,6,0,1,0.64,0.5758,0.89,0.1642,194
2,2012-06-30,3,1,6,6,0,1,0.64,0.5758,0.89,0.1642,275
2,2012-06-30,3,1,6,6,0,1,0.88,0.7727,0.3,0.2537,404
2,2012-06-30,3,1,6,6,0,1,0.88,0.7727,0.3,0.2537,452
3,2012-06-30,3,1,6,6,0,1,0.88,0.7727,0.3,0.2537,471
3,2012-06-30,3,1,6,6,0,1,0.88,0.7727,0.3,0.2537,428
3,2012-06-30,3,1,6,6,0,1,0.88,0.7727,0.3,0.2537,409
3,2012-06-30,3,1,6,6,0,1,0.88,0.7727,0.3,0.2537,404
3,2012-06-30,3,1,6,6,0,1,0.9,0.7879,0.29,0.1642,373
3,2012-06-30,3,1,6,6,0,1,0.88,0.7727,0.32,0.1343,362
4,2012-06-30,3,1,6,6,0,1,0.88,0.7879,0.35,0.0,339
4,2012-06-30,3,1,6,6,0,1,0.84,0.7576,0.44,0.2537,374
4,2012-06-30,3,1,6,6,0,1,0.82,0.7727,0.52,0.1642,292
4,2012-06-30,3,1,6,6,0,1,0.82,0.7727,0.52,0.1642,213
4,2012-06-30,3,1,6,6,0,1,0.78,0.7424,0.62,0.1642,172
4,2012-06-30,3,1,6,6,0,1,0.78,0.7424,0.62,0.0896,152
1,2012-07-01,3,1,7,0,0,1,0.76,0.7273,0.66,0.0,149
1,2012-07-01,3,1,7,0,0,1,0.74,0.697,0.7,0.1343,93
1,2012-07-01,3,1,7,0,0,1,0.72,0.697,0.74,0.0896,90
1,2012-07-01,3,1,7,0,0,1,0.72,0.7121,0.84,0.1343,33
1,2012-07-01,3,1,7,0,0,1,0.7,0.6667,0.79,0.194,4
1,2012-07-01,3,1,7,0,0,1,0.68,0.6364,0.79,0.1045,10
2,2012-07-01,3,1,7,0,0,1,0.7,0.6667,0.79,0.0896,27
2,2012-07-01,3,1,7,0,0,1,0.74,0.697,0.7,0.0,50
2,2012-07-01,3,1,7,0,0,1,0.78,0.7424,0.62,0.1045,142
2,2012-07-01,3,1,7,0,0,1,0.82,0.7879,0.56,0.0,219
2,2012-07-01,3,1,7,0,0,1,0.86,0.7879,0.44,0.2985,366
2,2012-07-01,3,1,7,0,0,1,0.88,0.803,0.39,0.2239,377
3,2012-07-01,3,1,7,0,0,1,0.9,0.8182,0.37,0.2239,433
3,2012-07-01,3,1,7,0,0,1,0.92,0.8333,0.33,0.2537,420
3,2012-07-01,3,1,7,0,0,1,0.92,0.8333,0.33,0.2537,444
3,2012-07-01,3,1,7,0,0,1,0.9,0.8182,0.37,0.2836,345
3,2012-07-01,3,1,7,0,0,1,0.92,0.8333,0.33,0.2985,313
3,2012-07-01,3,1,7,0,0,1,0.92,0.803,0.26,0.2985,413
4,2012-07-01,3,1,7,0,0,1,0.88,0.7727,0.32,0.3582,370
4,2012-07-01,3,1,7,0,0,1,0.84,0.7424,0.39,0.1343,382
4,2012-07-01,3,1,7,0,0,1,0.84,0.7424,0.39,0.1343,332
4,2012-07-01,3,1,7,0,0,1,0.84,0.7424,0.39,0.1343,258
4,2012-07-01,3,1,7,0,0,1,0.82,0.7424,0.43,0.1343,151
4,2012-07-01,3,1,7,0,0,3,0.78,0.7121,0.52,0.1642,110
1,2012-07-02,3,1,7,1,1,2,0.76,0.7121,0.58,0.2239,43
1,2012-07-02,3,1,7,1,1,2,0.76,0.7121,0.58,0.194,17
1,2012-07-02,3,1,7,1,1,2,0.74,0.6667,0.51,0.2537,15
1,2012-07-02,3,1,7,1,1,2,0.72,0.6667,0.54,0.4179,5
1,2012-07-02,3,1,7,1,1,2,0.72,0.6667,0.54,0.2985,12
1,2012-07-02,3,1,7,1,1,2,0.72,0.6667,0.51,0.0,40
2,2012-07-02,3,1,7,1,1,1,0.7,0.6515,0.58,0.1045,136
2,2012-07-02,3,1,7,1,1,1,0.74,0.6667,0.51,0.1045,398
2,2012-07-02,3,1,7,1,1,1,0.76,0.697,0.52,0.194,568
2,2012-07-02,3,1,7,1,1,1,0.78,0.697,0.46,0.2537,295
2,2012-07-02,3,1,7,1,1,1,0.8,0.7273,0.43,0.2537,174
2,2012-07-02,3,1,7,1,1,1,0.84,0.7273,0.28,0.2985,201
3,2012-07-02,3,1,7,1,1,1,0.84,0.7273,0.32,0.194,257
3,2012-07-02,3,1,7,1,1,1,0.86,0.7576,0.34,0.2239,236
3,2012-07-02,3,1,7,1,1,1,0.86,0.7576,0.34,0.2239,230
3,2012-07-02,3,1,7,1,1,1,0.84,0.7424,0.36,0.194,234
3,2012-07-02,3,1,7,1,1,1,0.84,0.7424,0.36,0.2836,365
3,2012-07-02,3,1,7,1,1,1,0.84,0.7273,0.32,0.1343,747
4,2012-07-02,3,1,7,1,1,1,0.84,0.7273,0.32,0.1642,730
4,2012-07-02,3,1,7,1,1,1,0.78,0.697,0.43,0.1343,581
4,2012-07-02,3,1,7,1,1,1,0.78,0.697,0.43,0.1343,395
4,2012-07-02,3,1,7,1,1,1,0.76,0.6818,0.45,0.1343,258
4,2012-07-02,3,1,7,1,1,1,0.74,0.6667,0.51,0.1642,188
4,2012-07-02,3,1,7,1,1,1,0.74,0.6667,0.51,0.1045,102
1,2012-07-03,3,1,7,2,1,1,0.72,0.6667,0.54,0.0,53
1,2012-07-03,3,1,7,2,1,1,0.72,0.6667,0.58,0.0,14
1,2012-07-03,3,1,7,2,1,1,0.72,0.6667,0.58,0.0,10
1,2012-07-03,3,1,7,2,1,1,0.7,0.6515,0.65,0.1343,2
1,2012-07-03,3,1,7,2,1,1,0.68,0.6364,0.65,0.1045,6
1,2012-07-03,3,1,7,2,1,1,0.7,0.6515,0.61,0.0,35
2,2012-07-03,3,1,7,2,1,1,0.7,0.6515,0.65,0.1343,154
2,2012-07-03,3,1,7,2,1,1,0.74,0.6818,0.58,0.0,483
2,2012-07-03,3,1,7,2,1,1,0.74,0.6818,0.62,0.0896,646
2,2012-07-03,3,1,7,2,1,1,0.8,0.7424,0.49,0.1642,272
2,2012-07-03,3,1,7,2,1,1,0.82,0.7424,0.43,0.2239,209
2,2012-07-03,3,1,7,2,1,1,0.86,0.7576,0.34,0.194,217
3,2012-07-03,3,1,7,2,1,1,0.88,0.7576,0.28,0.194,272
3,2012-07-03,3,1,7,2,1,1,0.9,0.7727,0.25,0.1343,283
3,2012-07-03,3,1,7,2,1,1,0.9,0.7727,0.25,0.194,310
3,2012-07-03,3,1,7,2,1,2,0.9,0.7727,0.24,0.0,401
3,2012-07-03,3,1,7,2,1,2,0.9,0.7727,0.24,0.194,527
3,2012-07-03,3,1,7,2,1,2,0.86,0.7424,0.3,0.1642,722
4,2012-07-03,3,1,7,2,1,2,0.86,0.7424,0.3,0.0,627
4,2012-07-03,3,1,7,2,1,2,0.84,0.7424,0.36,0.1343,497
4,2012-07-03,3,1,7,2,1,3,0.76,0.697,0.55,0.4925,376
4,2012-07-03,3,1,7,2,1,2,0.7,0.6515,0.7,0.2836,196
4,2012-07-03,3,1,7,2,1,1,0.68,0.6364,0.79,0.194,177
4,2012-07-03,3,1,7,2,1,1,0.66,0.6061,0.83,0.0,171
1,2012-07-04,3,1,7,3,0,1,0.68,0.6364,0.79,0.0896,159
1,2012-07-04,3,1,7,3,0,1,0.68,0.6364,0.74,0.0,123
1,2012-07-04,3,1,7,3,0,1,0.66,0.6061,0.83,0.1343,93
1,2012-07-04,3,1,7,3,0,1,0.68,0.6364,0.74,0.194,32
1,2012-07-04,3,1,7,3,0,1,0.68,0.6364,0.69,0.2537,16
1,2012-07-04,3,1,7,3,0,1,0.66,0.6212,0.69,0.0,19
2,2012-07-04,3,1,7,3,0,1,0.66,0.6212,0.69,0.0,32
2,2012-07-04,3,1,7,3,0,1,0.68,0.6364,0.65,0.0,72
2,2012-07-04,3,1,7,3,0,1,0.7,0.6515,0.61,0.1045,153
2,2012-07-04,3,1,7,3,0,1,0.76,0.697,0.52,0.0,293
2,2012-07-04,3,1,7,3,0,1,0.8,0.7273,0.46,0.0,447
2,2012-07-04,3,1,7,3,0,1,0.82,0.7576,0.46,0.1343,485
3,2012-07-04,3,1,7,3,0,1,0.86,0.7879,0.41,0.2239,494
3,2012-07-04,3,1,7,3,0,1,0.9,0.8182,0.35,0.0,499
3,2012-07-04,3,1,7,3,0,1,0.9,0.8182,0.37,0.1642,547
3,2012-07-04,3,1,7,3,0,1,0.92,0.8485,0.35,0.2985,454
3,2012-07-04,3,1,7,3,0,1,0.92,0.8485,0.35,0.2537,389
3,2012-07-04,3,1,7,3,0,1,0.92,0.8485,0.35,0.2985,414
4,2012-07-04,3,1,7,3,0,1,0.9,0.8485,0.42,0.194,430
4,2012-07-04,3,1,7,3,0,1,0.86,0.803,0.47,0.2239,432
4,2012-07-04,3,1,7,3,0,1,0.86,0.803,0.47,0.2239,551
4,2012-07-04,3,1,7,3,0,1,0.84,0.803,0.53,0.1343,584
4,2012-07-04,3,1,7,3,0,1,0.82,0.7879,0.56,0.2239,502
4,2012-07-04,3,1,7,3,0,2,0.78,0.697,0.43,0.0896,183
1,2012-07-05,3,1,7,4,1,1,0.74,0.6667,0.51,0.1045,88
1,2012-07-05,3,1,7,4,1,1,0.74,0.6667,0.51,0.2836,30
1,2012-07-05,3,1,7,4,1,1,0.74,0.6667,0.51,0.0,18
1,2012-07-05,3,1,7,4,1,1,0.72,0.6667,0.54,0.194,7
1,2012-07-05,3,1,7,4,1,1,0.72,0.6667,0.58,0.0,7
1,2012-07-05,3,1,7,4,1,1,0.72,0.6818,0.62,0.0,29
2,2012-07-05,3,1,7,4,1,1,0.72,0.6667,0.58,0.0,133
2,2012-07-05,3,1,7,4,1,1,0.76,0.697,0.55,0.0,343
2,2012-07-05,3,1,7,4,1,1,0.8,0.7424,0.49,0.1343,550
2,2012-07-05,3,1,7,4,1,1,0.84,0.7879,0.49,0.2985,293
2,2012-07-05,3,1,7,4,1,1,0.86,0.7879,0.44,0.3582,186
2,2012-07-05,3,1,7,4,1,1,0.9,0.8182,0.35,0.2985,244
3,2012-07-05,3,1,7,4,1,1,0.9,0.8182,0.35,0.3582,276
3,2012-07-05,3,1,7,4,1,1,0.92,0.8333,0.33,0.2239,310
3,2012-07-05,3,1,7,4,1,1,0.92,0.8333,0.33,0.3284,241
3,2012-07-05,3,1,7,4,1,1,0.92,0.8333,0.33,0.3582,254
3,2012-07-05,3,1,7,4,1,1,0.92,0.8333,0.33,0.2537,433
3,2012-07-05,3,1,7,4,1,1,0.92,0.8485,0.35,0.1642,689
4,2012-07-05,3,1,7,4,1,2,0.9,0.8333,0.39,0.3284,607
4,2012-07-05,3,1,7,4,1,2,0.88,0.803,0.39,0.2537,503
4,2012-07-05,3,1,7,4,1,2,0.86,0.7879,0.41,0.2239,321
4,2012-07-05,3,1,7,4,1,1,0.84,0.7727,0.47,0.194,323
4,2012-07-05,3,1,7,4,1,1,0.82,0.803,0.59,0.1343,225
4,2012-07-05,3,1,7,4,1,1,0.8,0.7576,0.55,0.1642,131
1,2012-07-06,3,1,7,5,1,1,0.78,0.7424,0.62,0.1343,102
1,2012-07-06,3,1,7,5,1,1,0.78,0.7273,0.55,0.2239,29
1,2012-07-06,3,1,7,5,1,1,0.76,0.7121,0.62,0.1343,17
1,2012-07-06,3,1,7,5,1,2,0.74,0.697,0.7,0.194,7
1,2012-07-06,3,1,7,5,1,1,0.74,0.697,0.66,0.2239,6
1,2012-07-06,3,1,7,5,1,1,0.74,0.697,0.66,0.194,35
2,2012-07-06,3,1,7,5,1,1,0.74,0.697,0.66,0.194,131
2,2012-07-06,3,1,7,5,1,1,0.78,0.697,0.46,0.1343,353
2,2012-07-06,3,1,7,5,1,1,0.8,0.7121,0.41,0.1642,585
2,2012-07-06,3,1,7,5,1,1,0.82,0.7273,0.36,0.1343,304
2,2012-07-06,3,1,7,5,1,1,0.86,0.7424,0.3,0.0,210
2,2012-07-06,3,1,7,5,1,1,0.84,0.7273,0.32,0.0896,233
3,2012-07-06,3,1,7,5,1,1,0.88,0.7576,0.28,0.1045,331
3,2012-07-06,3,1,7,5,1,1,0.9,0.7879,0.27,0.1045,293
3,2012-07-06,3,1,7,5,1,1,0.9,0.803,0.31,0.1642,275
3,2012-07-06,3,1,7,5,1,1,0.92,0.8182,0.29,0.194,285
3,2012-07-06,3,1,7,5,1,1,0.92,0.8182,0.29,0.1045,369
3,2012-07-06,3,1,7,5,1,1,0.92,0.8182,0.29,0.0,576
4,2012-07-06,3,1,7,5,1,1,0.9,0.803,0.33,0.2537,560
4,2012-07-06,3,1,7,5,1,1,0.88,0.7879,0.35,0.2239,418
4,2012-07-06,3,1,7,5,1,1,0.86,0.7727,0.39,0.1045,336
4,2012-07-06,3,1,7,5,1,1,0.82,0.7727,0.52,0.1343,300
4,2012-07-06,3,1,7,5,1,1,0.8,0.7576,0.55,0.194,288
4,2012-07-06,3,1,7,5,1,1,0.8,0.7879,0.63,0.1045,164
1,2012-07-07,3,1,7,6,0,1,0.78,0.7576,0.66,0.1343,150
1,2012-07-07,3,1,7,6,0,1,0.76,0.7273,0.7,0.1642,71
1,2012-07-07,3,1,7,6,0,1,0.76,0.7424,0.72,0.1642,58
1,2012-07-07,3,1,7,6,0,1,0.74,0.7121,0.74,0.1343,31
1,2012-07-07,3,1,7,6,0,1,0.74,0.7121,0.74,0.1642,16
1,2012-07-07,3,1,7,6,0,1,0.74,0.7121,0.74,0.194,14
2,2012-07-07,3,1,7,6,0,1,0.74,0.7121,0.74,0.1045,31
2,2012-07-07,3,1,7,6,0,1,0.78,0.7576,0.66,0.1045,71
2,2012-07-07,3,1,7,6,0,1,0.82,0.8333,0.63,0.194,152
2,2012-07-07,3,1,7,6,0,1,0.84,0.8333,0.59,0.1642,256
2,2012-07-07,3,1,7,6,0,1,0.92,0.8636,0.37,0.2239,325
2,2012-07-07,3,1,7,6,0,1,0.94,0.8788,0.38,0.194,367
3,2012-07-07,3,1,7,6,0,1,0.96,0.8636,0.31,0.3582,342
3,2012-07-07,3,1,7,6,0,2,0.96,0.8636,0.31,0.2537,360
3,2012-07-07,3,1,7,6,0,2,0.96,0.8636,0.3,0.1343,308
3,2012-07-07,3,1,7,6,0,1,0.96,0.8485,0.26,0.0,306
3,2012-07-07,3,1,7,6,0,1,1.0,0.8636,0.19,0.1642,294
3,2012-07-07,3,1,7,6,0,1,0.96,0.8485,0.26,0.1343,279
4,2012-07-07,3,1,7,6,0,1,0.94,0.8333,0.29,0.0896,277
4,2012-07-07,3,1,7,6,0,1,0.92,0.8333,0.33,0.1343,287
4,2012-07-07,3,1,7,6,0,1,0.9,0.8182,0.37,0.1642,276
4,2012-07-07,3,1,7,6,0,1,0.88,0.7879,0.37,0.194,201
4,2012-07-07,3,1,7,6,0,1,0.84,0.8333,0.59,0.194,220
4,2012-07-07,3,1,7,6,0,1,0.84,0.8182,0.56,0.1642,148
1,2012-07-08,3,1,7,0,0,1,0.82,0.7879,0.56,0.1343,147
1,2012-07-08,3,1,7,0,0,1,0.82,0.7879,0.56,0.1045,124
1,2012-07-08,3,1,7,0,0,1,0.82,0.7727,0.52,0.1045,70
1,2012-07-08,3,1,7,0,0,1,0.8,0.7727,0.59,0.1045,35
1,2012-07-08,3,1,7,0,0,1,0.78,0.7576,0.66,0.1045,13
1,2012-07-08,3,1,7,0,0,1,0.78,0.7424,0.62,0.0,6
2,2012-07-08,3,1,7,0,0,1,0.78,0.7727,0.7,0.1343,21
2,2012-07-08,3,1,7,0,0,1,0.8,0.803,0.66,0.0,52
2,2012-07-08,3,1,7,0,0,1,0.84,0.803,0.53,0.1343,130
2,2012-07-08,3,1,7,0,0,1,0.86,0.8182,0.5,0.1045,242
2,2012-07-08,3,1,7,0,0,1,0.9,0.8636,0.45,0.0,319
2,2012-07-08,3,1,7,0,0,1,0.92,0.8939,0.42,0.2985,389
3,2012-07-08,3,1,7,0,0,1,0.92,0.8939,0.42,0.194,376
3,2012-07-08,3,1,7,0,0,1,0.94,0.8788,0.38,0.2537,337
3,2012-07-08,3,1,7,0,0,1,0.96,0.9091,0.36,0.1642,312
3,2012-07-08,3,1,7,0,0,3,0.92,0.8939,0.42,0.2836,298
3,2012-07-08,3,1,7,0,0,2,0.8,0.803,0.66,0.2239,291
3,2012-07-08,3,1,7,0,0,1,0.78,0.7424,0.59,0.0,270
4,2012-07-08,3,1,7,0,0,1,0.78,0.7424,0.62,0.1045,253
4,2012-07-08,3,1,7,0,0,1,0.78,0.7424,0.62,0.1642,250
4,2012-07-08,3,1,7,0,0,1,0.76,0.7273,0.7,0.0896,285
4,2012-07-08,3,1,7,0,0,1,0.76,0.7273,0.7,0.1343,207
4,2012-07-08,3,1,7,0,0,3,0.74,0.697,0.7,0.0896,122
4,2012-07-08,3,1,7,0,0,3,0.68,0.6364,0.83,0.0896,123
1,2012-07-09,3,1,7,1,1,2,0.68,0.6364,0.89,0.0896,39
1,2012-07-09,3,1,7,1,1,3,0.7,0.6667,0.89,0.1045,18
1,2012-07-09,3,1,7,1,1,3,0.7,0.6667,0.89,0.194,5
1,2012-07-09,3,1,7,1,1,3,0.7,0.6667,0.89,0.194,5
1,2012-07-09,3,1,7,1,1,3,0.66,0.5909,0.89,0.3881,2
1,2012-07-09,3,1,7,1,1,2,0.66,0.6061,0.83,0.2239,28
2,2012-07-09,3,1,7,1,1,3,0.64,0.5758,0.89,0.2537,92
2,2012-07-09,3,1,7,1,1,3,0.66,0.6061,0.83,0.2239,230
2,2012-07-09,3,1,7,1,1,2,0.66,0.6061,0.83,0.1642,455
2,2012-07-09,3,1,7,1,1,2,0.66,0.6061,0.83,0.1642,363
2,2012-07-09,3,1,7,1,1,2,0.66,0.6061,0.83,0.194,175
2,2012-07-09,3,1,7,1,1,2,0.72,0.6818,0.62,0.1343,216
3,2012-07-09,3,1,7,1,1,2,0.74,0.6818,0.58,0.1343,266
3,2012-07-09,3,1,7,1,1,2,0.76,0.697,0.55,0.2537,255
3,2012-07-09,3,1,7,1,1,2,0.74,0.6818,0.55,0.2537,242
3,2012-07-09,3,1,7,1,1,2,0.76,0.6818,0.45,0.2239,280
3,2012-07-09,3,1,7,1,1,1,0.78,0.697,0.4,0.2836,413
3,2012-07-09,3,1,7,1,1,1,0.78,0.697,0.4,0.1642,849
4,2012-07-09,3,1,7,1,1,1,0.76,0.6818,0.48,0.1343,872
4,2012-07-09,3,1,7,1,1,1,0.74,0.6818,0.55,0.1642,631
4,2012-07-09,3,1,7,1,1,2,0.74,0.6818,0.55,0.1045,447
4,2012-07-09,3,1,7,1,1,2,0.74,0.6818,0.55,0.0896,331
4,2012-07-09,3,1,7,1,1,2,0.72,0.6667,0.58,0.1045,224
4,2012-07-09,3,1,7,1,1,2,0.7,0.6515,0.65,0.1045,131
1,2012-07-10,3,1,7,2,1,1,0.7,0.6515,0.7,0.0896,69
1,2012-07-10,3,1,7,2,1,1,0.7,0.6667,0.74,0.1343,15
1,2012-07-10,3,1,7,2,1,1,0.7,0.6667,0.74,0.1343,16
1,2012-07-10,3,1,7,2,1,1,0.68,0.6364,0.79,0.0,3
1,2012-07-10,3,1,7,2,1,1,0.68,0.6364,0.79,0.1343,4
1,2012-07-10,3,1,7,2,1,1,0.66,0.6061,0.83,0.1343,42
2,2012-07-10,3,1,7,2,1,2,0.68,0.6364,0.79,0.1045,187
2,2012-07-10,3,1,7,2,1,2,0.7,0.6667,0.74,0.1045,520
2,2012-07-10,3,1,7,2,1,1,0.72,0.697,0.74,0.1343,649
2,2012-07-10,3,1,7,2,1,1,0.74,0.697,0.66,0.1343,331
2,2012-07-10,3,1,7,2,1,1,0.76,0.7121,0.62,0.194,190
2,2012-07-10,3,1,7,2,1,1,0.8,0.7273,0.46,0.194,249
3,2012-07-10,3,1,7,2,1,1,0.8,0.7121,0.41,0.1343,272
3,2012-07-10,3,1,7,2,1,1,0.82,0.7273,0.38,0.194,280
3,2012-07-10,3,1,7,2,1,1,0.82,0.7273,0.38,0.1642,242
3,2012-07-10,3,1,7,2,1,1,0.8,0.7121,0.41,0.2239,265
3,2012-07-10,3,1,7,2,1,1,0.8,0.7273,0.43,0.2239,435
3,2012-07-10,3,1,7,2,1,1,0.78,0.7121,0.49,0.194,872
4,2012-07-10,3,1,7,2,1,3,0.7,0.6667,0.74,0.2239,819
4,2012-07-10,3,1,7,2,1,3,0.7,0.6667,0.74,0.2239,414
4,2012-07-10,3,1,7,2,1,3,0.64,0.5758,0.83,0.2239,84
4,2012-07-10,3,1,7,2,1,3,0.64,0.5758,0.89,0.1045,90
4,2012-07-10,3,1,7,2,1,2,0.64,0.5758,0.83,0.1343,139
4,2012-07-10,3,1,7,2,1,2,0.64,0.5758,0.89,0.1045,103
1,2012-07-11,3,1,7,3,1,2,0.66,0.6061,0.83,0.1343,44
1,2012-07-11,3,1,7,3,1,1,0.64,0.5758,0.89,0.0,14
1,2012-07-11,3,1,7,3,1,1,0.64,0.5758,0.89,0.0,5
1,2012-07-11,3,1,7,3,1,1,0.64,0.5758,0.89,0.1343,5
1,2012-07-11,3,1,7,3,1,1,0.64,0.5758,0.89,0.1343,7
1,2012-07-11,3,1,7,3,1,1,0.64,0.5758,0.89,0.0,41
2,2012-07-11,3,1,7,3,1,1,0.64,0.5758,0.89,0.1343,185
2,2012-07-11,3,1,7,3,1,2,0.66,0.6061,0.83,0.1045,497
2,2012-07-11,3,1,7,3,1,2,0.68,0.6364,0.79,0.1642,674
2,2012-07-11,3,1,7,3,1,2,0.7,0.6667,0.74,0.1343,328
2,2012-07-11,3,1,7,3,1,2,0.72,0.6818,0.62,0.1343,195
2,2012-07-11,3,1,7,3,1,2,0.76,0.7121,0.58,0.1343,229
3,2012-07-11,3,1,7,3,1,2,0.78,0.697,0.43,0.0,292
3,2012-07-11,3,1,7,3,1,2,0.8,0.7121,0.42,0.1642,273
3,2012-07-11,3,1,7,3,1,1,0.8,0.7121,0.41,0.2239,241
3,2012-07-11,3,1,7,3,1,1,0.8,0.7121,0.41,0.2537,276
3,2012-07-11,3,1,7,3,1,1,0.8,0.7121,0.38,0.194,411
3,2012-07-11,3,1,7,3,1,1,0.8,0.697,0.31,0.2239,830
4,2012-07-11,3,1,7,3,1,1,0.78,0.6818,0.38,0.2537,814
4,2012-07-11,3,1,7,3,1,1,0.74,0.6667,0.48,0.2239,633
4,2012-07-11,3,1,7,3,1,1,0.74,0.6667,0.51,0.1642,483
4,2012-07-11,3,1,7,3,1,1,0.72,0.6667,0.58,0.2239,391
4,2012-07-11,3,1,7,3,1,1,0.72,0.6667,0.58,0.2537,244
4,2012-07-11,3,1,7,3,1,2,0.7,0.6515,0.58,0.2537,152
1,2012-07-12,3,1,7,4,1,2,0.68,0.6364,0.61,0.0,56
1,2012-07-12,3,1,7,4,1,2,0.66,0.6212,0.61,0.0,21
1,2012-07-12,3,1,7,4,1,2,0.66,0.6212,0.65,0.0896,9
1,2012-07-12,3,1,7,4,1,1,0.64,0.6061,0.69,0.1045,10
1,2012-07-12,3,1,7,4,1,1,0.64,0.6061,0.73,0.1045,5
1,2012-07-12,3,1,7,4,1,1,0.62,0.5909,0.73,0.1045,44
2,2012-07-12,3,1,7,4,1,1,0.64,0.6061,0.73,0.0896,178
2,2012-07-12,3,1,7,4,1,1,0.64,0.6061,0.73,0.1343,512
2,2012-07-12,3,1,7,4,1,1,0.68,0.6364,0.65,0.1343,702
2,2012-07-12,3,1,7,4,1,1,0.72,0.6667,0.58,0.1045,327
2,2012-07-12,3,1,7,4,1,1,0.74,0.6667,0.48,0.1642,214
2,2012-07-12,3,1,7,4,1,1,0.76,0.6818,0.45,0.1045,215
3,2012-07-12,3,1,7,4,1,1,0.78,0.6818,0.35,0.1343,292
3,2012-07-12,3,1,7,4,1,1,0.8,0.697,0.33,0.2239,277
3,2012-07-12,3,1,7,4,1,1,0.78,0.6818,0.33,0.2239,209
3,2012-07-12,3,1,7,4,1,1,0.8,0.7121,0.36,0.194,271
3,2012-07-12,3,1,7,4,1,1,0.8,0.7121,0.36,0.194,439
3,2012-07-12,3,1,7,4,1,1,0.76,0.6818,0.43,0.2239,795
4,2012-07-12,3,1,7,4,1,1,0.76,0.6818,0.45,0.1343,825
4,2012-07-12,3,1,7,4,1,1,0.74,0.6667,0.48,0.2239,629
4,2012-07-12,3,1,7,4,1,1,0.74,0.6667,0.48,0.2239,514
4,2012-07-12,3,1,7,4,1,1,0.72,0.6667,0.48,0.2239,373
4,2012-07-12,3,1,7,4,1,1,0.72,0.6667,0.51,0.1642,318
4,2012-07-12,3,1,7,4,1,2,0.7,0.6515,0.51,0.2239,211
1,2012-07-13,3,1,7,5,1,2,0.7,0.6515,0.54,0.1642,95
1,2012-07-13,3,1,7,5,1,2,0.68,0.6364,0.54,0.1045,59
1,2012-07-13,3,1,7,5,1,2,0.66,0.6212,0.61,0.0896,17
1,2012-07-13,3,1,7,5,1,2,0.68,0.6364,0.61,0.0,9
1,2012-07-13,3,1,7,5,1,2,0.66,0.6212,0.61,0.0,11
1,2012-07-13,3,1,7,5,1,2,0.66,0.6364,0.56,0.0896,34
2,2012-07-13,3,1,7,5,1,2,0.7,0.6515,0.54,0.0,127
2,2012-07-13,3,1,7,5,1,2,0.7,0.6515,0.54,0.0,380
2,2012-07-13,3,1,7,5,1,2,0.7,0.6515,0.54,0.0,713
2,2012-07-13,3,1,7,5,1,2,0.72,0.6667,0.51,0.0,414
2,2012-07-13,3,1,7,5,1,2,0.74,0.6667,0.48,0.0,268
2,2012-07-13,3,1,7,5,1,2,0.76,0.6818,0.45,0.1343,288
3,2012-07-13,3,1,7,5,1,2,0.76,0.6818,0.4,0.1045,379
3,2012-07-13,3,1,7,5,1,2,0.8,0.7121,0.38,0.1343,374
3,2012-07-13,3,1,7,5,1,2,0.8,0.7121,0.38,0.0,369
3,2012-07-13,3,1,7,5,1,2,0.8,0.7121,0.36,0.1045,353
3,2012-07-13,3,1,7,5,1,2,0.8,0.7121,0.36,0.2239,492
3,2012-07-13,3,1,7,5,1,2,0.8,0.7121,0.36,0.1642,835
4,2012-07-13,3,1,7,5,1,1,0.78,0.697,0.46,0.194,631
4,2012-07-13,3,1,7,5,1,1,0.74,0.6667,0.51,0.1642,488
4,2012-07-13,3,1,7,5,1,1,0.74,0.6667,0.48,0.1343,389
4,2012-07-13,3,1,7,5,1,1,0.72,0.6667,0.54,0.0,299
4,2012-07-13,3,1,7,5,1,1,0.74,0.6667,0.45,0.0,263
4,2012-07-13,3,1,7,5,1,2,0.72,0.6515,0.45,0.1343,212
1,2012-07-14,3,1,7,6,0,2,0.72,0.6667,0.48,0.0896,191
1,2012-07-14,3,1,7,6,0,2,0.7,0.6515,0.51,0.1045,118
1,2012-07-14,3,1,7,6,0,2,0.7,0.6515,0.54,0.1045,101
1,2012-07-14,3,1,7,6,0,2,0.7,0.6515,0.54,0.1045,40
1,2012-07-14,3,1,7,6,0,3,0.66,0.6212,0.61,0.1045,9
1,2012-07-14,3,1,7,6,0,2,0.64,0.6061,0.73,0.1045,5
2,2012-07-14,3,1,7,6,0,2,0.64,0.5909,0.78,0.0896,35
2,2012-07-14,3,1,7,6,0,1,0.64,0.5909,0.78,0.2836,48
2,2012-07-14,3,1,7,6,0,1,0.62,0.5909,0.78,0.2836,151
2,2012-07-14,3,1,7,6,0,1,0.66,0.6212,0.74,0.194,282
2,2012-07-14,3,1,7,6,0,2,0.72,0.6818,0.7,0.0896,401
2,2012-07-14,3,1,7,6,0,2,0.72,0.6818,0.7,0.1045,439
3,2012-07-14,3,1,7,6,0,2,0.74,0.697,0.66,0.0896,499
3,2012-07-14,3,1,7,6,0,2,0.76,0.7121,0.62,0.0896,591
3,2012-07-14,3,1,7,6,0,1,0.8,0.7576,0.55,0.1045,632
3,2012-07-14,3,1,7,6,0,1,0.8,0.7576,0.55,0.1642,560
3,2012-07-14,3,1,7,6,0,2,0.72,0.697,0.79,0.3582,566
3,2012-07-14,3,1,7,6,0,3,0.7,0.6667,0.79,0.1642,458
4,2012-07-14,3,1,7,6,0,1,0.72,0.697,0.79,0.1343,351
4,2012-07-14,3,1,7,6,0,1,0.72,0.7121,0.84,0.0896,431
4,2012-07-14,3,1,7,6,0,1,0.72,0.7121,0.84,0.0896,356
4,2012-07-14,3,1,7,6,0,1,0.7,0.6667,0.84,0.2239,269
4,2012-07-14,3,1,7,6,0,1,0.7,0.6667,0.79,0.194,225
4,2012-07-14,3,1,7,6,0,2,0.68,0.6364,0.83,0.0896,211
1,2012-07-15,3,1,7,0,0,1,0.68,0.6364,0.89,0.1642,187
1,2012-07-15,3,1,7,0,0,2,0.68,0.6364,0.89,0.1343,168
1,2012-07-15,3,1,7,0,0,2,0.68,0.6364,0.89,0.1642,115
1,2012-07-15,3,1,7,0,0,2,0.68,0.6364,0.89,0.1642,57
1,2012-07-15,3,1,7,0,0,2,0.68,0.6364,0.89,0.1045,19
1,2012-07-15,3,1,7,0,0,1,0.68,0.6364,0.89,0.1343,9
2,2012-07-15,3,1,7,0,0,1,0.68,0.6364,0.83,0.1343,15
2,2012-07-15,3,1,7,0,0,1,0.7,0.6667,0.79,0.0896,47
2,2012-07-15,3,1,7,0,0,2,0.7,0.6667,0.84,0.1343,133
2,2012-07-15,3,1,7,0,0,2,0.72,0.697,0.79,0.0,221
2,2012-07-15,3,1,7,0,0,1,0.76,0.7273,0.66,0.1343,382
2,2012-07-15,3,1,7,0,0,1,0.82,0.7727,0.52,0.1642,451
3,2012-07-15,3,1,7,0,0,1,0.84,0.7727,0.47,0.1045,489
3,2012-07-15,3,1,7,0,0,1,0.86,0.7879,0.41,0.1045,480
3,2012-07-15,3,1,7,0,0,1,0.9,0.8182,0.37,0.2537,476
3,2012-07-15,3,1,7,0,0,1,0.86,0.803,0.47,0.1343,489
3,2012-07-15,3,1,7,0,0,1,0.86,0.7879,0.41,0.2239,495
3,2012-07-15,3,1,7,0,0,1,0.8,0.7727,0.59,0.4925,436
4,2012-07-15,3,1,7,0,0,3,0.72,0.697,0.79,0.3582,312
4,2012-07-15,3,1,7,0,0,1,0.72,0.7121,0.84,0.2239,312
4,2012-07-15,3,1,7,0,0,1,0.72,0.697,0.79,0.2537,294
4,2012-07-15,3,1,7,0,0,1,0.72,0.697,0.79,0.0896,223
4,2012-07-15,3,1,7,0,0,1,0.72,0.697,0.74,0.1045,130
4,2012-07-15,3,1,7,0,0,1,0.72,0.697,0.79,0.1343,91
1,2012-07-16,3,1,7,1,1,3,0.72,0.697,0.79,0.1045,43
1,2012-07-16,3,1,7,1,1,2,0.7,0.6667,0.74,0.194,11
1,2012-07-16,3,1,7,1,1,1,0.7,0.6667,0.74,0.1045,15
1,2012-07-16,3,1,7,1,1,1,0.68,0.6364,0.79,0.0896,6
1,2012-07-16,3,1,7,1,1,1,0.68,0.6364,0.79,0.1045,12
1,2012-07-16,3,1,7,1,1,1,0.66,0.6061,0.78,0.1045,50
2,2012-07-16,3,1,7,1,1,1,0.68,0.6364,0.79,0.1343,140
2,2012-07-16,3,1,7,1,1,1,0.72,0.6818,0.7,0.0896,483
2,2012-07-16,3,1,7,1,1,1,0.74,0.697,0.66,0.1045,667
2,2012-07-16,3,1,7,1,1,1,0.76,0.7121,0.62,0.1642,348
2,2012-07-16,3,1,7,1,1,1,0.8,0.7727,0.59,0.0,186
2,2012-07-16,3,1,7,1,1,1,0.84,0.803,0.53,0.2239,182
3,2012-07-16,3,1,7,1,1,1,0.84,0.7879,0.49,0.1343,237
3,2012-07-16,3,1,7,1,1,1,0.84,0.7879,0.49,0.2836,239
3,2012-07-16,3,1,7,1,1,1,0.88,0.8182,0.42,0.1045,212
3,2012-07-16,3,1,7,1,1,1,0.86,0.803,0.47,0.2537,237
3,2012-07-16,3,1,7,1,1,3,0.76,0.7273,0.66,0.5821,386
3,2012-07-16,3,1,7,1,1,3,0.76,0.7273,0.66,0.5821,755
4,2012-07-16,3,1,7,1,1,1,0.84,0.803,0.53,0.0,794
4,2012-07-16,3,1,7,1,1,1,0.8,0.7879,0.63,0.1343,595
4,2012-07-16,3,1,7,1,1,1,0.8,0.7727,0.59,0.1343,454
4,2012-07-16,3,1,7,1,1,1,0.76,0.7273,0.66,0.1343,328
4,2012-07-16,3,1,7,1,1,1,0.76,0.7121,0.62,0.0896,284
4,2012-07-16,3,1,7,1,1,1,0.74,0.7121,0.74,0.0896,166
1,2012-07-17,3,1,7,2,1,1,0.72,0.7121,0.84,0.1045,53
1,2012-07-17,3,1,7,2,1,1,0.74,0.697,0.7,0.0,25
1,2012-07-17,3,1,7,2,1,1,0.72,0.6818,0.7,0.0896,7
1,2012-07-17,3,1,7,2,1,1,0.72,0.6818,0.66,0.0,3
1,2012-07-17,3,1,7,2,1,1,0.72,0.6818,0.62,0.0,7
1,2012-07-17,3,1,7,2,1,1,0.68,0.6364,0.74,0.0896,38
2,2012-07-17,3,1,7,2,1,1,0.72,0.6818,0.66,0.1045,213
2,2012-07-17,3,1,7,2,1,2,0.74,0.697,0.7,0.0,526
2,2012-07-17,3,1,7,2,1,2,0.8,0.7576,0.55,0.0,661
2,2012-07-17,3,1,7,2,1,2,0.82,0.7727,0.49,0.2239,320
2,2012-07-17,3,1,7,2,1,2,0.84,0.7879,0.49,0.194,159
2,2012-07-17,3,1,7,2,1,2,0.86,0.803,0.47,0.0,206
3,2012-07-17,3,1,7,2,1,2,0.9,0.8182,0.35,0.0,254
3,2012-07-17,3,1,7,2,1,1,0.92,0.8182,0.31,0.194,221
3,2012-07-17,3,1,7,2,1,1,0.94,0.8333,0.29,0.2537,214
3,2012-07-17,3,1,7,2,1,1,0.92,0.8182,0.31,0.1642,244
3,2012-07-17,3,1,7,2,1,1,0.92,0.8182,0.29,0.1642,381
3,2012-07-17,3,1,7,2,1,1,0.92,0.8182,0.29,0.0,770
4,2012-07-17,3,1,7,2,1,1,0.9,0.803,0.33,0.194,772
4,2012-07-17,3,1,7,2,1,1,0.88,0.7879,0.35,0.2537,547
4,2012-07-17,3,1,7,2,1,1,0.86,0.7576,0.34,0.1642,427
4,2012-07-17,3,1,7,2,1,1,0.82,0.7727,0.52,0.1343,333
4,2012-07-17,3,1,7,2,1,1,0.8,0.7576,0.55,0.2239,244
4,2012-07-17,3,1,7,2,1,1,0.78,0.7424,0.59,0.194,161
1,2012-07-18,3,1,7,3,1,1,0.76,0.7273,0.66,0.1642,53
1,2012-07-18,3,1,7,3,1,1,0.76,0.7273,0.66,0.1045,16
1,2012-07-18,3,1,7,3,1,1,0.74,0.697,0.66,0.1343,8
1,2012-07-18,3,1,7,3,1,1,0.74,0.697,0.66,0.1343,4
1,2012-07-18,3,1,7,3,1,1,0.72,0.6818,0.7,0.1343,6
1,2012-07-18,3,1,7,3,1,1,0.72,0.6818,0.7,0.1642,46
2,2012-07-18,3,1,7,3,1,1,0.72,0.6818,0.7,0.1642,162
2,2012-07-18,3,1,7,3,1,1,0.74,0.697,0.66,0.1642,495
2,2012-07-18,3,1,7,3,1,1,0.78,0.7424,0.62,0.1045,679
2,2012-07-18,3,1,7,3,1,1,0.82,0.7879,0.56,0.0,297
2,2012-07-18,3,1,7,3,1,1,0.9,0.8485,0.42,0.194,138
2,2012-07-18,3,1,7,3,1,1,0.9,0.8485,0.42,0.0,183
3,2012-07-18,3,1,7,3,1,1,0.92,0.8636,0.37,0.1343,202
3,2012-07-18,3,1,7,3,1,1,0.94,0.8485,0.33,0.0,203
3,2012-07-18,3,1,7,3,1,1,0.94,0.8788,0.38,0.3284,170
3,2012-07-18,3,1,7,3,1,3,0.92,0.8485,0.35,0.3582,194
3,2012-07-18,3,1,7,3,1,1,0.74,0.697,0.66,0.2537,224
3,2012-07-18,3,1,7,3,1,1,0.74,0.697,0.7,0.2537,370
4,2012-07-18,3,1,7,3,1,2,0.76,0.7121,0.62,0.1343,643
4,2012-07-18,3,1,7,3,1,2,0.76,0.7121,0.62,0.1045,516
4,2012-07-18,3,1,7,3,1,1,0.74,0.6818,0.62,0.0896,366
4,2012-07-18,3,1,7,3,1,1,0.76,0.7121,0.62,0.0,319
4,2012-07-18,3,1,7,3,1,1,0.76,0.7121,0.58,0.0896,288
4,2012-07-18,3,1,7,3,1,1,0.76,0.7121,0.58,0.0896,131
1,2012-07-19,3,1,7,4,1,1,0.74,0.697,0.66,0.0896,66
1,2012-07-19,3,1,7,4,1,1,0.74,0.697,0.66,0.0896,25
1,2012-07-19,3,1,7,4,1,1,0.72,0.6818,0.7,0.194,7
1,2012-07-19,3,1,7,4,1,1,0.72,0.6818,0.7,0.1045,5
1,2012-07-19,3,1,7,4,1,1,0.72,0.6818,0.7,0.1045,8
1,2012-07-19,3,1,7,4,1,2,0.72,0.6818,0.7,0.1045,40
2,2012-07-19,3,1,7,4,1,1,0.72,0.6818,0.66,0.1343,152
2,2012-07-19,3,1,7,4,1,1,0.74,0.6818,0.58,0.2836,473
2,2012-07-19,3,1,7,4,1,1,0.76,0.7121,0.58,0.2537,657
2,2012-07-19,3,1,7,4,1,2,0.76,0.7121,0.58,0.2836,318
2,2012-07-19,3,1,7,4,1,1,0.76,0.7121,0.58,0.194,198
2,2012-07-19,3,1,7,4,1,1,0.8,0.7576,0.55,0.1045,216
3,2012-07-19,3,1,7,4,1,1,0.84,0.7879,0.49,0.2836,274
3,2012-07-19,3,1,7,4,1,1,0.84,0.7727,0.47,0.1343,254
3,2012-07-19,3,1,7,4,1,1,0.86,0.7879,0.44,0.0896,197
3,2012-07-19,3,1,7,4,1,1,0.84,0.7727,0.47,0.0896,292
3,2012-07-19,3,1,7,4,1,1,0.84,0.7727,0.47,0.0896,358
3,2012-07-19,3,1,7,4,1,1,0.86,0.7879,0.41,0.0,771
4,2012-07-19,3,1,7,4,1,1,0.86,0.7879,0.41,0.194,777
4,2012-07-19,3,1,7,4,1,1,0.84,0.7576,0.44,0.2537,533
4,2012-07-19,3,1,7,4,1,1,0.82,0.7727,0.49,0.1642,505
4,2012-07-19,3,1,7,4,1,3,0.66,0.5909,0.89,0.2537,332
4,2012-07-19,3,1,7,4,1,3,0.66,0.5909,0.89,0.2537,68
4,2012-07-19,3,1,7,4,1,3,0.66,0.5909,0.89,0.2239,65
1,2012-07-20,3,1,7,5,1,3,0.66,0.5909,0.89,0.0896,34
1,2012-07-20,3,1,7,5,1,1,0.66,0.5909,0.89,0.1343,11
1,2012-07-20,3,1,7,5,1,2,0.66,0.5909,0.89,0.0896,19
1,2012-07-20,3,1,7,5,1,2,0.66,0.5909,0.89,0.1045,36
1,2012-07-20,3,1,7,5,1,2,0.66,0.5909,0.89,0.1642,9
1,2012-07-20,3,1,7,5,1,2,0.66,0.5909,0.89,0.1343,42
2,2012-07-20,3,1,7,5,1,2,0.66,0.5909,0.89,0.1642,126
2,2012-07-20,3,1,7,5,1,2,0.66,0.5909,0.89,0.194,360
2,2012-07-20,3,1,7,5,1,2,0.68,0.6364,0.83,0.1642,691
2,2012-07-20,3,1,7,5,1,2,0.7,0.6667,0.79,0.1343,373
2,2012-07-20,3,1,7,5,1,2,0.7,0.6667,0.79,0.1642,233
2,2012-07-20,3,1,7,5,1,3,0.72,0.697,0.74,0.194,212
3,2012-07-20,3,1,7,5,1,3,0.68,0.6364,0.83,0.1642,274
3,2012-07-20,3,1,7,5,1,3,0.68,0.6364,0.83,0.1045,156
3,2012-07-20,3,1,7,5,1,3,0.7,0.6667,0.84,0.1642,229
3,2012-07-20,3,1,7,5,1,2,0.7,0.6667,0.84,0.2985,216
3,2012-07-20,3,1,7,5,1,2,0.68,0.6364,0.83,0.3284,436
3,2012-07-20,3,1,7,5,1,2,0.66,0.5909,0.89,0.4179,715
4,2012-07-20,3,1,7,5,1,2,0.66,0.6061,0.78,0.3284,622
4,2012-07-20,3,1,7,5,1,2,0.64,0.5758,0.83,0.2836,402
4,2012-07-20,3,1,7,5,1,3,0.64,0.5758,0.83,0.3881,251
4,2012-07-20,3,1,7,5,1,3,0.62,0.5758,0.83,0.3284,122
4,2012-07-20,3,1,7,5,1,2,0.62,0.5758,0.83,0.194,135
4,2012-07-20,3,1,7,5,1,2,0.62,0.5758,0.83,0.2836,166
1,2012-07-21,3,1,7,6,0,3,0.62,0.5758,0.83,0.2836,103
1,2012-07-21,3,1,7,6,0,2,0.62,0.5758,0.83,0.2537,72
1,2012-07-21,3,1,7,6,0,3,0.6,0.5455,0.88,0.2836,60
1,2012-07-21,3,1,7,6,0,3,0.6,0.5455,0.88,0.2537,25
1,2012-07-21,3,1,7,6,0,3,0.58,0.5455,0.88,0.2836,16
1,2012-07-21,3,1,7,6,0,3,0.58,0.5455,0.88,0.2537,17
2,2012-07-21,3,1,7,6,0,3,0.58,0.5455,0.88,0.2537,15
2,2012-07-21,3,1,7,6,0,2,0.58,0.5455,0.88,0.2537,37
2,2012-07-21,3,1,7,6,0,2,0.58,0.5455,0.83,0.2537,112
2,2012-07-21,3,1,7,6,0,2,0.58,0.5455,0.83,0.194,207
2,2012-07-21,3,1,7,6,0,3,0.58,0.5455,0.88,0.2537,268
2,2012-07-21,3,1,7,6,0,2,0.6,0.5606,0.83,0.2537,305
3,2012-07-21,3,1,7,6,0,3,0.6,0.5606,0.83,0.2239,457
3,2012-07-21,3,1,7,6,0,3,0.6,0.5606,0.83,0.1642,354
3,2012-07-21,3,1,7,6,0,2,0.6,0.5455,0.88,0.2537,343
3,2012-07-21,3,1,7,6,0,3,0.6,0.5455,0.88,0.2537,380
3,2012-07-21,3,1,7,6,0,3,0.6,0.5455,0.88,0.194,326
3,2012-07-21,3,1,7,6,0,3,0.6,0.5455,0.88,0.1642,241
4,2012-07-21,3,1,7,6,0,2,0.6,0.5455,0.88,0.194,177
4,2012-07-21,3,1,7,6,0,2,0.6,0.5455,0.88,0.1642,238
4,2012-07-21,3,1,7,6,0,3,0.6,0.5455,0.88,0.1642,214
4,2012-07-21,3,1,7,6,0,2,0.6,0.5455,0.88,0.1642,163
4,2012-07-21,3,1,7,6,0,2,0.6,0.5455,0.88,0.1045,180
4,2012-07-21,3,1,7,6,0,2,0.6,0.5455,0.88,0.0,149
1,2012-07-22,3,1,7,0,0,2,0.6,0.5455,0.88,0.1045,113
1,2012-07-22,3,1,7,0,0,2,0.6,0.5455,0.88,0.1642,130
1,2012-07-22,3,1,7,0,0,2,0.6,0.5455,0.88,0.1045,122
1,2012-07-22,3,1,7,0,0,2,0.6,0.5455,0.88,0.1045,43
1,2012-07-22,3,1,7,0,0,1,0.6,0.5455,0.88,0.0,16
1,2012-07-22,3,1,7,0,0,1,0.6,0.5455,0.88,0.0,6
2,2012-07-22,3,1,7,0,0,2,0.62,0.5758,0.83,0.0896,19
2,2012-07-22,3,1,7,0,0,2,0.62,0.5758,0.83,0.0,38
2,2012-07-22,3,1,7,0,0,2,0.64,0.5909,0.78,0.0,153
2,2012-07-22,3,1,7,0,0,2,0.66,0.6212,0.69,0.0,258
2,2012-07-22,3,1,7,0,0,2,0.66,0.6212,0.74,0.0,379
2,2012-07-22,3,1,7,0,0,2,0.66,0.6212,0.74,0.0,505
3,2012-07-22,3,1,7,0,0,2,0.7,0.6515,0.7,0.1045,504
3,2012-07-22,3,1,7,0,0,2,0.7,0.6515,0.65,0.0896,626
3,2012-07-22,3,1,7,0,0,1,0.72,0.6818,0.66,0.1045,616
3,2012-07-22,3,1,7,0,0,1,0.72,0.6818,0.66,0.1045,624
3,2012-07-22,3,1,7,0,0,1,0.74,0.697,0.66,0.1045,628
3,2012-07-22,3,1,7,0,0,1,0.74,0.697,0.66,0.2239,556
4,2012-07-22,3,1,7,0,0,1,0.74,0.697,0.66,0.1642,515
4,2012-07-22,3,1,7,0,0,1,0.72,0.6818,0.7,0.1642,522
4,2012-07-22,3,1,7,0,0,1,0.7,0.6667,0.74,0.1642,378
4,2012-07-22,3,1,7,0,0,1,0.7,0.6667,0.79,0.1045,345
4,2012-07-22,3,1,7,0,0,1,0.7,0.6667,0.74,0.194,191
4,2012-07-22,3,1,7,0,0,1,0.68,0.6364,0.79,0.1642,123
1,2012-07-23,3,1,7,1,1,1,0.66,0.5909,0.89,0.0896,47
1,2012-07-23,3,1,7,1,1,1,0.66,0.5909,0.89,0.194,27
1,2012-07-23,3,1,7,1,1,2,0.66,0.5909,0.94,0.0896,17
1,2012-07-23,3,1,7,1,1,2,0.66,0.5909,0.94,0.0896,2
1,2012-07-23,3,1,7,1,1,2,0.66,0.5909,0.94,0.1343,8
1,2012-07-23,3,1,7,1,1,2,0.66,0.5909,0.94,0.1343,51
2,2012-07-23,3,1,7,1,1,2,0.68,0.6364,0.89,0.0896,157
2,2012-07-23,3,1,7,1,1,1,0.7,0.6667,0.84,0.1343,421
2,2012-07-23,3,1,7,1,1,1,0.72,0.697,0.79,0.1045,738
2,2012-07-23,3,1,7,1,1,2,0.74,0.7121,0.74,0.1343,345
2,2012-07-23,3,1,7,1,1,2,0.78,0.7424,0.62,0.0,200
2,2012-07-23,3,1,7,1,1,2,0.8,0.7424,0.52,0.1642,198
3,2012-07-23,3,1,7,1,1,2,0.8,0.7424,0.52,0.1642,314
3,2012-07-23,3,1,7,1,1,2,0.8,0.7424,0.52,0.1045,240
3,2012-07-23,3,1,7,1,1,2,0.78,0.7424,0.59,0.1642,271
3,2012-07-23,3,1,7,1,1,1,0.8,0.7576,0.55,0.194,281
3,2012-07-23,3,1,7,1,1,1,0.82,0.7727,0.52,0.1343,457
3,2012-07-23,3,1,7,1,1,1,0.82,0.7727,0.52,0.1343,847
4,2012-07-23,3,1,7,1,1,1,0.82,0.7576,0.46,0.1045,741
4,2012-07-23,3,1,7,1,1,1,0.8,0.7424,0.52,0.2537,582
4,2012-07-23,3,1,7,1,1,1,0.76,0.7121,0.62,0.1642,403
4,2012-07-23,3,1,7,1,1,1,0.76,0.7121,0.62,0.194,296
4,2012-07-23,3,1,7,1,1,1,0.74,0.6818,0.62,0.194,209
4,2012-07-23,3,1,7,1,1,1,0.72,0.6818,0.66,0.1642,114
1,2012-07-24,3,1,7,2,1,1,0.7,0.6667,0.74,0.1343,64
1,2012-07-24,3,1,7,2,1,1,0.68,0.6364,0.79,0.1642,17
1,2012-07-24,3,1,7,2,1,1,0.66,0.6061,0.83,0.1642,16
1,2012-07-24,3,1,7,2,1,1,0.66,0.6061,0.83,0.1642,6
1,2012-07-24,3,1,7,2,1,1,0.66,0.6061,0.83,0.0896,6
1,2012-07-24,3,1,7,2,1,1,0.66,0.6061,0.83,0.1045,50
2,2012-07-24,3,1,7,2,1,1,0.66,0.6061,0.83,0.1343,190
2,2012-07-24,3,1,7,2,1,1,0.7,0.6667,0.74,0.1642,516
2,2012-07-24,3,1,7,2,1,1,0.74,0.697,0.7,0.194,743
2,2012-07-24,3,1,7,2,1,1,0.84,0.803,0.53,0.0,339
2,2012-07-24,3,1,7,2,1,1,0.82,0.7879,0.56,0.2985,218
2,2012-07-24,3,1,7,2,1,2,0.84,0.803,0.53,0.3284,201
3,2012-07-24,3,1,7,2,1,2,0.82,0.7879,0.56,0.2239,229
3,2012-07-24,3,1,7,2,1,2,0.84,0.803,0.53,0.2985,273
3,2012-07-24,3,1,7,2,1,2,0.84,0.803,0.53,0.2239,244
3,2012-07-24,3,1,7,2,1,1,0.82,0.7727,0.49,0.2985,285
3,2012-07-24,3,1,7,2,1,1,0.8,0.7576,0.55,0.2985,455
3,2012-07-24,3,1,7,2,1,1,0.8,0.7424,0.52,0.3284,869
4,2012-07-24,3,1,7,2,1,1,0.76,0.7121,0.62,0.3284,877
4,2012-07-24,3,1,7,2,1,1,0.76,0.7121,0.62,0.1642,632
4,2012-07-24,3,1,7,2,1,1,0.74,0.697,0.66,0.1642,523
4,2012-07-24,3,1,7,2,1,1,0.74,0.697,0.66,0.2239,378
4,2012-07-24,3,1,7,2,1,1,0.74,0.697,0.66,0.2537,269
4,2012-07-24,3,1,7,2,1,1,0.74,0.6818,0.58,0.3284,192
1,2012-07-25,3,1,7,3,1,1,0.72,0.6667,0.58,0.2985,66
1,2012-07-25,3,1,7,3,1,1,0.7,0.6515,0.58,0.194,28
1,2012-07-25,3,1,7,3,1,1,0.68,0.6364,0.61,0.2239,12
1,2012-07-25,3,1,7,3,1,1,0.66,0.6212,0.65,0.2239,12
1,2012-07-25,3,1,7,3,1,1,0.64,0.6061,0.65,0.2239,4
1,2012-07-25,3,1,7,3,1,1,0.64,0.6061,0.65,0.1642,59
2,2012-07-25,3,1,7,3,1,1,0.64,0.6061,0.65,0.194,190
2,2012-07-25,3,1,7,3,1,1,0.66,0.6212,0.5,0.3284,507
2,2012-07-25,3,1,7,3,1,1,0.7,0.6364,0.42,0.2537,788
2,2012-07-25,3,1,7,3,1,1,0.72,0.6515,0.37,0.2985,342
2,2012-07-25,3,1,7,3,1,1,0.74,0.6515,0.37,0.0,231
2,2012-07-25,3,1,7,3,1,1,0.76,0.6667,0.33,0.0,281
3,2012-07-25,3,1,7,3,1,1,0.76,0.6667,0.33,0.0,310
3,2012-07-25,3,1,7,3,1,1,0.78,0.6818,0.31,0.1642,312
3,2012-07-25,3,1,7,3,1,1,0.8,0.697,0.29,0.1343,247
3,2012-07-25,3,1,7,3,1,1,0.78,0.6818,0.31,0.0896,317
3,2012-07-25,3,1,7,3,1,1,0.8,0.697,0.29,0.1642,484
3,2012-07-25,3,1,7,3,1,1,0.8,0.697,0.31,0.0,913
4,2012-07-25,3,1,7,3,1,1,0.8,0.697,0.27,0.1343,891
4,2012-07-25,3,1,7,3,1,1,0.76,0.6667,0.33,0.1343,698
4,2012-07-25,3,1,7,3,1,1,0.74,0.6515,0.4,0.1642,567
4,2012-07-25,3,1,7,3,1,1,0.72,0.6515,0.45,0.1343,397
4,2012-07-25,3,1,7,3,1,1,0.7,0.6515,0.58,0.1343,278
4,2012-07-25,3,1,7,3,1,1,0.68,0.6364,0.57,0.2985,239
1,2012-07-26,3,1,7,4,1,1,0.66,0.6212,0.65,0.194,92
1,2012-07-26,3,1,7,4,1,1,0.66,0.6212,0.65,0.2239,29
1,2012-07-26,3,1,7,4,1,1,0.66,0.6212,0.69,0.2537,21
1,2012-07-26,3,1,7,4,1,1,0.66,0.6212,0.69,0.2239,8
1,2012-07-26,3,1,7,4,1,1,0.66,0.6212,0.74,0.194,4
1,2012-07-26,3,1,7,4,1,1,0.66,0.6212,0.74,0.194,42
2,2012-07-26,3,1,7,4,1,1,0.66,0.6061,0.78,0.2537,181
2,2012-07-26,3,1,7,4,1,1,0.7,0.6667,0.74,0.2537,495
2,2012-07-26,3,1,7,4,1,2,0.7,0.6667,0.74,0.2537,729
2,2012-07-26,3,1,7,4,1,2,0.72,0.6818,0.7,0.1343,344
2,2012-07-26,3,1,7,4,1,1,0.74,0.697,0.7,0.2239,222
2,2012-07-26,3,1,7,4,1,1,0.8,0.803,0.66,0.2239,212
3,2012-07-26,3,1,7,4,1,1,0.84,0.8182,0.56,0.2537,279
3,2012-07-26,3,1,7,4,1,1,0.86,0.8333,0.53,0.2985,242
3,2012-07-26,3,1,7,4,1,1,0.9,0.8788,0.47,0.2537,213
3,2012-07-26,3,1,7,4,1,1,0.92,0.8939,0.42,0.2985,238
3,2012-07-26,3,1,7,4,1,1,0.94,0.8788,0.38,0.3881,374
3,2012-07-26,3,1,7,4,1,1,0.9,0.8636,0.45,0.4179,738
4,2012-07-26,3,1,7,4,1,1,0.92,0.8788,0.4,0.3582,688
4,2012-07-26,3,1,7,4,1,1,0.9,0.8636,0.45,0.3284,614
4,2012-07-26,3,1,7,4,1,1,0.86,0.8182,0.5,0.2537,446
4,2012-07-26,3,1,7,4,1,1,0.8,0.7424,0.49,0.6119,271
4,2012-07-26,3,1,7,4,1,1,0.8,0.7424,0.49,0.6119,234
4,2012-07-26,3,1,7,4,1,1,0.72,0.6818,0.7,0.1343,145
1,2012-07-27,3,1,7,5,1,1,0.72,0.6818,0.7,0.0,97
1,2012-07-27,3,1,7,5,1,1,0.72,0.6818,0.7,0.1045,54
1,2012-07-27,3,1,7,5,1,1,0.7,0.6667,0.79,0.1343,26
1,2012-07-27,3,1,7,5,1,1,0.7,0.6667,0.74,0.1642,12
1,2012-07-27,3,1,7,5,1,1,0.7,0.6667,0.79,0.0,8
1,2012-07-27,3,1,7,5,1,1,0.7,0.6667,0.84,0.0,37
2,2012-07-27,3,1,7,5,1,1,0.7,0.6667,0.79,0.0,139
2,2012-07-27,3,1,7,5,1,1,0.72,0.6818,0.7,0.194,410
2,2012-07-27,3,1,7,5,1,1,0.76,0.7273,0.66,0.0896,676
2,2012-07-27,3,1,7,5,1,1,0.82,0.7727,0.49,0.2836,363
2,2012-07-27,3,1,7,5,1,1,0.84,0.7727,0.47,0.0,231
2,2012-07-27,3,1,7,5,1,1,0.84,0.7727,0.47,0.3284,251
3,2012-07-27,3,1,7,5,1,1,0.84,0.7879,0.49,0.3582,299
3,2012-07-27,3,1,7,5,1,1,0.84,0.7727,0.47,0.2836,314
3,2012-07-27,3,1,7,5,1,1,0.86,0.803,0.47,0.2985,326
3,2012-07-27,3,1,7,5,1,1,0.86,0.7879,0.41,0.2239,323
3,2012-07-27,3,1,7,5,1,1,0.84,0.7727,0.47,0.2239,499
3,2012-07-27,3,1,7,5,1,1,0.86,0.7879,0.41,0.2836,699
4,2012-07-27,3,1,7,5,1,1,0.82,0.7576,0.46,0.1642,622
4,2012-07-27,3,1,7,5,1,1,0.82,0.7727,0.52,0.194,516
4,2012-07-27,3,1,7,5,1,1,0.78,0.7424,0.59,0.1045,354
4,2012-07-27,3,1,7,5,1,1,0.78,0.7424,0.59,0.1045,260
4,2012-07-27,3,1,7,5,1,1,0.78,0.7424,0.59,0.1343,199
4,2012-07-27,3,1,7,5,1,1,0.76,0.7273,0.66,0.0,189
1,2012-07-28,3,1,7,6,0,1,0.74,0.6818,0.62,0.1343,191
1,2012-07-28,3,1,7,6,0,1,0.72,0.6818,0.7,0.0896,80
1,2012-07-28,3,1,7,6,0,1,0.72,0.6818,0.7,0.0,90
1,2012-07-28,3,1,7,6,0,1,0.72,0.6818,0.7,0.0,43
1,2012-07-28,3,1,7,6,0,1,0.7,0.6667,0.79,0.194,11
1,2012-07-28,3,1,7,6,0,1,0.68,0.6364,0.79,0.1642,14
2,2012-07-28,3,1,7,6,0,1,0.7,0.6515,0.7,0.1045,50
2,2012-07-28,3,1,7,6,0,1,0.72,0.6818,0.7,0.1343,76
2,2012-07-28,3,1,7,6,0,1,0.74,0.697,0.66,0.1642,163
2,2012-07-28,3,1,7,6,0,1,0.78,0.7424,0.59,0.1045,337
2,2012-07-28,3,1,7,6,0,1,0.82,0.7727,0.52,0.2239,395
2,2012-07-28,3,1,7,6,0,1,0.84,0.7424,0.39,0.2239,457
3,2012-07-28,3,1,7,6,0,1,0.84,0.7576,0.41,0.2239,487
3,2012-07-28,3,1,7,6,0,1,0.86,0.7879,0.41,0.2836,498
3,2012-07-28,3,1,7,6,0,1,0.86,0.7727,0.39,0.2537,494
3,2012-07-28,3,1,7,6,0,1,0.88,0.7727,0.32,0.2836,497
3,2012-07-28,3,1,7,6,0,1,0.86,0.7727,0.39,0.2239,487
3,2012-07-28,3,1,7,6,0,1,0.82,0.7576,0.46,0.194,479
4,2012-07-28,3,1,7,6,0,1,0.82,0.7424,0.43,0.2836,481
4,2012-07-28,3,1,7,6,0,1,0.68,0.6364,0.83,0.0,338
4,2012-07-28,3,1,7,6,0,1,0.66,0.6061,0.83,0.2239,233
4,2012-07-28,3,1,7,6,0,1,0.66,0.6061,0.78,0.0896,300
4,2012-07-28,3,1,7,6,0,1,0.66,0.6061,0.78,0.0896,276
4,2012-07-28,3,1,7,6,0,1,0.66,0.6061,0.83,0.0896,208
1,2012-07-29,3,1,7,0,0,1,0.66,0.5909,0.89,0.1343,188
1,2012-07-29,3,1,7,0,0,1,0.66,0.6061,0.83,0.1045,158
1,2012-07-29,3,1,7,0,0,1,0.66,0.6212,0.74,0.1343,112
1,2012-07-29,3,1,7,0,0,1,0.66,0.6212,0.69,0.2239,55
1,2012-07-29,3,1,7,0,0,1,0.64,0.6061,0.69,0.194,13
1,2012-07-29,3,1,7,0,0,1,0.62,0.5909,0.78,0.194,17
2,2012-07-29,3,1,7,0,0,1,0.64,0.6061,0.73,0.1642,18
2,2012-07-29,3,1,7,0,0,1,0.66,0.6212,0.69,0.2537,40
2,2012-07-29,3,1,7,0,0,1,0.7,0.6515,0.65,0.2239,127
2,2012-07-29,3,1,7,0,0,1,0.72,0.6818,0.62,0.2537,226
2,2012-07-29,3,1,7,0,0,1,0.74,0.6818,0.62,0.0,381
2,2012-07-29,3,1,7,0,0,1,0.76,0.697,0.55,0.2239,509
3,2012-07-29,3,1,7,0,0,1,0.76,0.697,0.55,0.3284,511
3,2012-07-29,3,1,7,0,0,1,0.8,0.7424,0.49,0.2239,483
3,2012-07-29,3,1,7,0,0,1,0.8,0.7273,0.46,0.194,522
3,2012-07-29,3,1,7,0,0,1,0.8,0.7273,0.43,0.1343,501
3,2012-07-29,3,1,7,0,0,1,0.8,0.7273,0.43,0.1343,521
3,2012-07-29,3,1,7,0,0,1,0.82,0.7424,0.41,0.1642,531
4,2012-07-29,3,1,7,0,0,1,0.8,0.7121,0.41,0.2985,419
4,2012-07-29,3,1,7,0,0,1,0.76,0.697,0.55,0.1642,443
4,2012-07-29,3,1,7,0,0,1,0.74,0.697,0.66,0.1045,303
4,2012-07-29,3,1,7,0,0,1,0.72,0.6818,0.7,0.1343,271
4,2012-07-29,3,1,7,0,0,1,0.7,0.6515,0.7,0.1045,148
4,2012-07-29,3,1,7,0,0,1,0.7,0.6515,0.7,0.0,100
1,2012-07-30,3,1,7,1,1,1,0.7,0.6667,0.74,0.0896,58
1,2012-07-30,3,1,7,1,1,1,0.7,0.6667,0.74,0.0,19
1,2012-07-30,3,1,7,1,1,1,0.68,0.6364,0.74,0.0,8
1,2012-07-30,3,1,7,1,1,1,0.66,0.6061,0.83,0.0,3
1,2012-07-30,3,1,7,1,1,1,0.66,0.6061,0.83,0.0,5
1,2012-07-30,3,1,7,1,1,1,0.66,0.6061,0.83,0.1045,47
2,2012-07-30,3,1,7,1,1,1,0.66,0.6061,0.83,0.1642,161
2,2012-07-30,3,1,7,1,1,1,0.7,0.6667,0.79,0.0896,469
2,2012-07-30,3,1,7,1,1,2,0.72,0.697,0.74,0.1045,751
2,2012-07-30,3,1,7,1,1,2,0.74,0.697,0.7,0.0,293
2,2012-07-30,3,1,7,1,1,2,0.74,0.697,0.66,0.2239,189
2,2012-07-30,3,1,7,1,1,2,0.78,0.7273,0.55,0.1343,215
3,2012-07-30,3,1,7,1,1,2,0.76,0.7121,0.58,0.1045,278
3,2012-07-30,3,1,7,1,1,1,0.8,0.7424,0.49,0.1642,226
3,2012-07-30,3,1,7,1,1,1,0.8,0.7424,0.49,0.2239,254
3,2012-07-30,3,1,7,1,1,1,0.8,0.7424,0.49,0.2537,236
3,2012-07-30,3,1,7,1,1,1,0.8,0.7424,0.49,0.2836,425
3,2012-07-30,3,1,7,1,1,1,0.76,0.697,0.55,0.3284,827
4,2012-07-30,3,1,7,1,1,1,0.76,0.7121,0.58,0.4179,812
4,2012-07-30,3,1,7,1,1,1,0.82,0.7727,0.52,0.1642,665
4,2012-07-30,3,1,7,1,1,1,0.72,0.6818,0.7,0.2239,462
4,2012-07-30,3,1,7,1,1,1,0.72,0.6818,0.7,0.194,322
4,2012-07-30,3,1,7,1,1,2,0.7,0.6667,0.74,0.2239,230
4,2012-07-30,3,1,7,1,1,1,0.7,0.6667,0.74,0.194,150
1,2012-07-31,3,1,7,2,1,1,0.68,0.6364,0.79,0.1343,38
1,2012-07-31,3,1,7,2,1,1,0.66,0.6061,0.83,0.1343,21
1,2012-07-31,3,1,7,2,1,1,0.66,0.6061,0.83,0.1343,8
1,2012-07-31,3,1,7,2,1,1,0.66,0.6061,0.83,0.0896,6
1,2012-07-31,3,1,7,2,1,1,0.66,0.6061,0.83,0.0896,6
1,2012-07-31,3,1,7,2,1,1,0.66,0.6061,0.83,0.1642,45
2,2012-07-31,3,1,7,2,1,1,0.64,0.5758,0.89,0.1642,194
2,2012-07-31,3,1,7,2,1,1,0.68,0.6364,0.83,0.2239,513
2,2012-07-31,3,1,7,2,1,1,0.7,0.6667,0.79,0.1343,760
2,2012-07-31,3,1,7,2,1,1,0.72,0.6818,0.7,0.1045,333
2,2012-07-31,3,1,7,2,1,1,0.72,0.6818,0.66,0.0,227
2,2012-07-31,3,1,7,2,1,1,0.76,0.7121,0.58,0.0,224
3,2012-07-31,3,1,7,2,1,1,0.8,0.7273,0.46,0.0,248
3,2012-07-31,3,1,7,2,1,1,0.8,0.7576,0.55,0.2836,288
3,2012-07-31,3,1,7,2,1,1,0.8,0.7576,0.55,0.2836,260
3,2012-07-31,3,1,7,2,1,1,0.76,0.7121,0.62,0.1343,144
3,2012-07-31,3,1,7,2,1,1,0.76,0.7121,0.58,0.2239,402
3,2012-07-31,3,1,7,2,1,1,0.78,0.7121,0.52,0.2239,820
4,2012-07-31,3,1,7,2,1,1,0.76,0.697,0.55,0.2836,857
4,2012-07-31,3,1,7,2,1,3,0.74,0.6818,0.62,0.3582,614
4,2012-07-31,3,1,7,2,1,3,0.7,0.6515,0.7,0.194,452
4,2012-07-31,3,1,7,2,1,1,0.68,0.6364,0.79,0.194,352
4,2012-07-31,3,1,7,2,1,1,0.68,0.6364,0.74,0.2537,257
4,2012-07-31,3,1,7,2,1,2,0.66,0.6061,0.83,0.1642,147
1,2012-08-01,3,1,8,3,1,1,0.68,0.6364,0.79,0.1642,47
1,2012-08-01,3,1,8,3,1,1,0.66,0.6061,0.83,0.0896,33
1,2012-08-01,3,1,8,3,1,1,0.64,0.5758,0.83,0.1045,13
1,2012-08-01,3,1,8,3,1,1,0.64,0.5758,0.83,0.1045,7
1,2012-08-01,3,1,8,3,1,2,0.64,0.5909,0.78,0.1343,4
1,2012-08-01,3,1,8,3,1,2,0.64,0.5909,0.78,0.1343,49
2,2012-08-01,3,1,8,3,1,1,0.64,0.5909,0.78,0.1343,185
2,2012-08-01,3,1,8,3,1,2,0.64,0.5758,0.83,0.1343,487
2,2012-08-01,3,1,8,3,1,2,0.66,0.6061,0.78,0.194,681
2,2012-08-01,3,1,8,3,1,2,0.68,0.6364,0.74,0.0896,350
2,2012-08-01,3,1,8,3,1,1,0.72,0.6818,0.66,0.0896,236
2,2012-08-01,3,1,8,3,1,1,0.76,0.7121,0.58,0.0896,234
3,2012-08-01,3,1,8,3,1,1,0.8,0.7424,0.49,0.1045,284
3,2012-08-01,3,1,8,3,1,1,0.8,0.7424,0.52,0.1642,280
3,2012-08-01,3,1,8,3,1,1,0.82,0.7576,0.46,0.1642,263
3,2012-08-01,3,1,8,3,1,1,0.82,0.7576,0.46,0.1642,295
3,2012-08-01,3,1,8,3,1,1,0.8,0.7576,0.55,0.2836,479
3,2012-08-01,3,1,8,3,1,1,0.8,0.7424,0.49,0.1642,837
4,2012-08-01,3,1,8,3,1,3,0.76,0.7121,0.62,0.2239,891
4,2012-08-01,3,1,8,3,1,1,0.74,0.697,0.66,0.2537,652
4,2012-08-01,3,1,8,3,1,1,0.74,0.697,0.66,0.1642,513
4,2012-08-01,3,1,8,3,1,1,0.72,0.6818,0.7,0.1343,320
4,2012-08-01,3,1,8,3,1,1,0.72,0.6818,0.7,0.1045,288
4,2012-08-01,3,1,8,3,1,1,0.7,0.6667,0.74,0.0,152
1,2012-08-02,3,1,8,4,1,1,0.7,0.6667,0.74,0.0,63
1,2012-08-02,3,1,8,4,1,1,0.68,0.6364,0.79,0.1045,42
1,2012-08-02,3,1,8,4,1,1,0.66,0.6061,0.83,0.0896,11
1,2012-08-02,3,1,8,4,1,1,0.66,0.6061,0.83,0.0,6
1,2012-08-02,3,1,8,4,1,1,0.66,0.6061,0.83,0.0,9
1,2012-08-02,3,1,8,4,1,1,0.66,0.5909,0.89,0.1343,41
2,2012-08-02,3,1,8,4,1,1,0.66,0.6061,0.83,0.0,183
2,2012-08-02,3,1,8,4,1,1,0.7,0.6667,0.79,0.0,473
2,2012-08-02,3,1,8,4,1,1,0.72,0.697,0.74,0.1045,739
2,2012-08-02,3,1,8,4,1,1,0.76,0.7273,0.66,0.1045,343
2,2012-08-02,3,1,8,4,1,1,0.8,0.7576,0.55,0.0,181
2,2012-08-02,3,1,8,4,1,1,0.82,0.7727,0.52,0.1045,226
3,2012-08-02,3,1,8,4,1,1,0.84,0.7576,0.44,0.1343,286
3,2012-08-02,3,1,8,4,1,1,0.86,0.7879,0.44,0.2239,310
3,2012-08-02,3,1,8,4,1,1,0.86,0.7879,0.41,0.1343,225
3,2012-08-02,3,1,8,4,1,1,0.78,0.7424,0.62,0.4627,270
3,2012-08-02,3,1,8,4,1,1,0.82,0.7576,0.46,0.194,406
3,2012-08-02,3,1,8,4,1,1,0.82,0.7727,0.52,0.2537,865
4,2012-08-02,3,1,8,4,1,1,0.8,0.7727,0.59,0.2239,767
4,2012-08-02,3,1,8,4,1,1,0.8,0.7879,0.63,0.1642,607
4,2012-08-02,3,1,8,4,1,1,0.78,0.7576,0.66,0.0,427
4,2012-08-02,3,1,8,4,1,1,0.76,0.7273,0.66,0.2239,342
4,2012-08-02,3,1,8,4,1,1,0.74,0.697,0.7,0.194,262
4,2012-08-02,3,1,8,4,1,1,0.72,0.6818,0.7,0.2537,177
1,2012-08-03,3,1,8,5,1,1,0.72,0.6818,0.7,0.194,71
1,2012-08-03,3,1,8,5,1,1,0.7,0.6667,0.74,0.194,43
1,2012-08-03,3,1,8,5,1,1,0.68,0.6364,0.79,0.2239,14
1,2012-08-03,3,1,8,5,1,1,0.68,0.6364,0.79,0.2239,6
1,2012-08-03,3,1,8,5,1,1,0.66,0.6061,0.83,0.2537,12
1,2012-08-03,3,1,8,5,1,1,0.66,0.6061,0.83,0.1642,37
2,2012-08-03,3,1,8,5,1,1,0.66,0.6061,0.83,0.2239,163
2,2012-08-03,3,1,8,5,1,1,0.7,0.6667,0.74,0.1045,421
2,2012-08-03,3,1,8,5,1,1,0.72,0.6818,0.7,0.1343,668
2,2012-08-03,3,1,8,5,1,2,0.74,0.697,0.66,0.1045,396
2,2012-08-03,3,1,8,5,1,2,0.8,0.7424,0.52,0.194,249
2,2012-08-03,3,1,8,5,1,2,0.84,0.7879,0.49,0.2836,263
3,2012-08-03,3,1,8,5,1,2,0.86,0.8182,0.5,0.2985,338
3,2012-08-03,3,1,8,5,1,2,0.86,0.803,0.47,0.2836,345
3,2012-08-03,3,1,8,5,1,2,0.86,0.7879,0.44,0.2537,331
3,2012-08-03,3,1,8,5,1,1,0.88,0.8182,0.42,0.2537,380
3,2012-08-03,3,1,8,5,1,2,0.86,0.7879,0.41,0.2239,492
3,2012-08-03,3,1,8,5,1,2,0.84,0.803,0.53,0.2836,741
4,2012-08-03,3,1,8,5,1,2,0.82,0.803,0.59,0.2537,671
4,2012-08-03,3,1,8,5,1,2,0.8,0.7879,0.63,0.2239,469
4,2012-08-03,3,1,8,5,1,2,0.78,0.7576,0.66,0.2239,389
4,2012-08-03,3,1,8,5,1,2,0.76,0.7273,0.66,0.194,278
4,2012-08-03,3,1,8,5,1,1,0.76,0.7273,0.7,0.2537,202
4,2012-08-03,3,1,8,5,1,1,0.74,0.7121,0.79,0.1343,196
1,2012-08-04,3,1,8,6,0,1,0.74,0.7121,0.79,0.1642,161
1,2012-08-04,3,1,8,6,0,1,0.72,0.7121,0.84,0.194,122
1,2012-08-04,3,1,8,6,0,1,0.72,0.7121,0.84,0.1343,84
1,2012-08-04,3,1,8,6,0,1,0.72,0.7121,0.84,0.1343,30
1,2012-08-04,3,1,8,6,0,1,0.72,0.697,0.79,0.194,13
1,2012-08-04,3,1,8,6,0,1,0.7,0.6667,0.84,0.2239,17
2,2012-08-04,3,1,8,6,0,1,0.7,0.6667,0.84,0.2239,49
2,2012-08-04,3,1,8,6,0,1,0.72,0.697,0.77,0.1642,67
2,2012-08-04,3,1,8,6,0,1,0.74,0.7273,0.72,0.194,181
2,2012-08-04,3,1,8,6,0,1,0.78,0.7576,0.65,0.2239,278
2,2012-08-04,3,1,8,6,0,1,0.82,0.7727,0.57,0.194,396
2,2012-08-04,3,1,8,6,0,1,0.86,0.803,0.47,0.2537,470
3,2012-08-04,3,1,8,6,0,1,0.86,0.7879,0.4,0.3582,547
3,2012-08-04,3,1,8,6,0,1,0.88,0.8182,0.42,0.2985,527
3,2012-08-04,3,1,8,6,0,1,0.88,0.803,0.4,0.3881,472
3,2012-08-04,3,1,8,6,0,1,0.88,0.8182,0.42,0.4179,489
3,2012-08-04,3,1,8,6,0,1,0.9,0.8182,0.39,0.2985,450
3,2012-08-04,3,1,8,6,0,1,0.88,0.7879,0.37,0.2985,492
4,2012-08-04,3,1,8,6,0,1,0.86,0.7879,0.41,0.3284,490
4,2012-08-04,3,1,8,6,0,1,0.82,0.7727,0.52,0.3582,397
4,2012-08-04,3,1,8,6,0,1,0.82,0.7727,0.52,0.2985,312
4,2012-08-04,3,1,8,6,0,1,0.8,0.7727,0.59,0.2537,289
4,2012-08-04,3,1,8,6,0,1,0.76,0.7273,0.66,0.2836,269
4,2012-08-04,3,1,8,6,0,1,0.76,0.7273,0.66,0.2985,222
1,2012-08-05,3,1,8,0,0,1,0.74,0.697,0.7,0.2836,153
1,2012-08-05,3,1,8,0,0,1,0.74,0.697,0.7,0.2537,87
1,2012-08-05,3,1,8,0,0,1,0.74,0.697,0.7,0.2985,73
1,2012-08-05,3,1,8,0,0,1,0.72,0.697,0.74,0.2537,41
1,2012-08-05,3,1,8,0,0,1,0.72,0.697,0.74,0.2537,14
1,2012-08-05,3,1,8,0,0,1,0.72,0.697,0.74,0.2537,19
2,2012-08-05,3,1,8,0,0,1,0.72,0.697,0.79,0.2537,19
2,2012-08-05,3,1,8,0,0,1,0.74,0.7121,0.74,0.2985,68
2,2012-08-05,3,1,8,0,0,1,0.76,0.7273,0.66,0.3284,108
2,2012-08-05,3,1,8,0,0,1,0.8,0.7727,0.59,0.3582,229
2,2012-08-05,3,1,8,0,0,1,0.8,0.7727,0.59,0.4179,364
2,2012-08-05,3,1,8,0,0,1,0.82,0.7879,0.56,0.4179,437
3,2012-08-05,3,1,8,0,0,1,0.86,0.803,0.47,0.5224,491
3,2012-08-05,3,1,8,0,0,1,0.88,0.8182,0.44,0.4627,523
3,2012-08-05,3,1,8,0,0,1,0.9,0.8485,0.42,0.4627,526
3,2012-08-05,3,1,8,0,0,1,0.9,0.8182,0.37,0.5224,450
3,2012-08-05,3,1,8,0,0,1,0.82,0.7576,0.46,0.2537,421
3,2012-08-05,3,1,8,0,0,1,0.82,0.7576,0.46,0.2537,382
4,2012-08-05,3,1,8,0,0,3,0.7,0.6667,0.74,0.1343,229
4,2012-08-05,3,1,8,0,0,1,0.7,0.6667,0.84,0.2239,185
4,2012-08-05,3,1,8,0,0,1,0.7,0.6667,0.84,0.1045,193
4,2012-08-05,3,1,8,0,0,1,0.72,0.697,0.79,0.1045,208
4,2012-08-05,3,1,8,0,0,1,0.72,0.697,0.79,0.0896,157
4,2012-08-05,3,1,8,0,0,2,0.72,0.697,0.79,0.1642,87
1,2012-08-06,3,1,8,1,1,2,0.72,0.697,0.79,0.0,33
1,2012-08-06,3,1,8,1,1,1,0.72,0.697,0.79,0.0896,11
1,2012-08-06,3,1,8,1,1,2,0.72,0.697,0.79,0.1343,5
1,2012-08-06,3,1,8,1,1,3,0.72,0.697,0.79,0.0896,5
1,2012-08-06,3,1,8,1,1,2,0.72,0.697,0.74,0.1343,11
1,2012-08-06,3,1,8,1,1,1,0.7,0.6667,0.79,0.194,25
2,2012-08-06,3,1,8,1,1,2,0.7,0.6667,0.79,0.2239,141
2,2012-08-06,3,1,8,1,1,3,0.72,0.6818,0.7,0.194,407
2,2012-08-06,3,1,8,1,1,2,0.7,0.6667,0.79,0.0,605
2,2012-08-06,3,1,8,1,1,3,0.7,0.6667,0.79,0.1642,276
2,2012-08-06,3,1,8,1,1,1,0.74,0.697,0.7,0.2239,213
2,2012-08-06,3,1,8,1,1,1,0.76,0.7273,0.66,0.1343,260
3,2012-08-06,3,1,8,1,1,2,0.78,0.7273,0.55,0.0896,285
3,2012-08-06,3,1,8,1,1,1,0.8,0.7424,0.49,0.2239,289
3,2012-08-06,3,1,8,1,1,1,0.82,0.7576,0.46,0.0,287
3,2012-08-06,3,1,8,1,1,1,0.82,0.7576,0.46,0.1343,274
3,2012-08-06,3,1,8,1,1,1,0.84,0.7576,0.41,0.1045,451
3,2012-08-06,3,1,8,1,1,1,0.82,0.7424,0.41,0.0,858
4,2012-08-06,3,1,8,1,1,1,0.82,0.7424,0.41,0.1343,843
4,2012-08-06,3,1,8,1,1,1,0.78,0.7424,0.59,0.194,640
4,2012-08-06,3,1,8,1,1,1,0.76,0.7273,0.66,0.1642,457
4,2012-08-06,3,1,8,1,1,1,0.74,0.697,0.7,0.194,317
4,2012-08-06,3,1,8,1,1,1,0.74,0.697,0.7,0.0896,207
4,2012-08-06,3,1,8,1,1,1,0.72,0.697,0.74,0.194,113
1,2012-08-07,3,1,8,2,1,1,0.7,0.6667,0.84,0.194,47
1,2012-08-07,3,1,8,2,1,1,0.7,0.6667,0.84,0.1343,18
1,2012-08-07,3,1,8,2,1,1,0.7,0.6667,0.84,0.1343,13
1,2012-08-07,3,1,8,2,1,1,0.7,0.6667,0.84,0.0,6
1,2012-08-07,3,1,8,2,1,1,0.68,0.6364,0.83,0.1343,9
1,2012-08-07,3,1,8,2,1,1,0.7,0.6667,0.79,0.1045,36
2,2012-08-07,3,1,8,2,1,2,0.7,0.6667,0.79,0.194,179
2,2012-08-07,3,1,8,2,1,2,0.7,0.6667,0.74,0.1343,502
2,2012-08-07,3,1,8,2,1,2,0.7,0.6515,0.7,0.1642,705
2,2012-08-07,3,1,8,2,1,2,0.7,0.6667,0.74,0.1343,327
2,2012-08-07,3,1,8,2,1,2,0.74,0.697,0.7,0.1343,250
2,2012-08-07,3,1,8,2,1,2,0.76,0.7273,0.66,0.0896,214
3,2012-08-07,3,1,8,2,1,2,0.8,0.7576,0.55,0.1343,283
3,2012-08-07,3,1,8,2,1,2,0.8,0.7424,0.52,0.194,253
3,2012-08-07,3,1,8,2,1,2,0.82,0.7576,0.46,0.0,261
3,2012-08-07,3,1,8,2,1,1,0.8,0.7424,0.52,0.0,306
3,2012-08-07,3,1,8,2,1,3,0.76,0.7273,0.66,0.2836,445
3,2012-08-07,3,1,8,2,1,2,0.78,0.7424,0.62,0.1343,868
4,2012-08-07,3,1,8,2,1,2,0.76,0.7121,0.62,0.1642,814
4,2012-08-07,3,1,8,2,1,2,0.76,0.7273,0.66,0.1045,610
4,2012-08-07,3,1,8,2,1,2,0.74,0.697,0.7,0.1343,448
4,2012-08-07,3,1,8,2,1,2,0.72,0.697,0.74,0.0,317
4,2012-08-07,3,1,8,2,1,1,0.72,0.697,0.74,0.1045,224
4,2012-08-07,3,1,8,2,1,1,0.72,0.697,0.79,0.0,138
1,2012-08-08,3,1,8,3,1,1,0.7,0.6667,0.84,0.0,58
1,2012-08-08,3,1,8,3,1,1,0.72,0.697,0.79,0.0,23
1,2012-08-08,3,1,8,3,1,1,0.7,0.6667,0.84,0.0,6
1,2012-08-08,3,1,8,3,1,1,0.7,0.6667,0.84,0.0,7
1,2012-08-08,3,1,8,3,1,1,0.7,0.6667,0.84,0.0,7
1,2012-08-08,3,1,8,3,1,2,0.68,0.6364,0.89,0.1642,43
2,2012-08-08,3,1,8,3,1,2,0.7,0.6667,0.84,0.1642,173
2,2012-08-08,3,1,8,3,1,2,0.7,0.6667,0.84,0.1642,482
2,2012-08-08,3,1,8,3,1,2,0.74,0.7273,0.72,0.0896,737
2,2012-08-08,3,1,8,3,1,2,0.76,0.7273,0.66,0.0,341
2,2012-08-08,3,1,8,3,1,2,0.8,0.7424,0.52,0.1343,214
2,2012-08-08,3,1,8,3,1,2,0.8,0.7424,0.52,0.0,239
3,2012-08-08,3,1,8,3,1,2,0.8,0.7424,0.52,0.0,280
3,2012-08-08,3,1,8,3,1,2,0.8,0.7424,0.52,0.0,313
3,2012-08-08,3,1,8,3,1,2,0.8,0.7424,0.52,0.2537,236
3,2012-08-08,3,1,8,3,1,2,0.84,0.7576,0.44,0.194,278
3,2012-08-08,3,1,8,3,1,2,0.8,0.7424,0.49,0.2836,441
3,2012-08-08,3,1,8,3,1,2,0.8,0.7576,0.55,0.2836,858
4,2012-08-08,3,1,8,3,1,2,0.78,0.7273,0.55,0.1642,862
4,2012-08-08,3,1,8,3,1,1,0.76,0.7273,0.66,0.2239,686
4,2012-08-08,3,1,8,3,1,1,0.74,0.697,0.66,0.194,500
4,2012-08-08,3,1,8,3,1,1,0.74,0.697,0.66,0.1045,381
4,2012-08-08,3,1,8,3,1,1,0.72,0.697,0.74,0.1045,233
4,2012-08-08,3,1,8,3,1,1,0.72,0.6818,0.7,0.1343,136
1,2012-08-09,3,1,8,4,1,1,0.72,0.697,0.74,0.194,67
1,2012-08-09,3,1,8,4,1,1,0.7,0.6667,0.79,0.1343,28
1,2012-08-09,3,1,8,4,1,1,0.7,0.6667,0.84,0.0896,14
1,2012-08-09,3,1,8,4,1,1,0.68,0.6364,0.83,0.0896,6
1,2012-08-09,3,1,8,4,1,2,0.68,0.6364,0.89,0.1343,10
1,2012-08-09,3,1,8,4,1,2,0.66,0.5909,0.94,0.0,41
2,2012-08-09,3,1,8,4,1,1,0.66,0.6061,0.83,0.1642,167
2,2012-08-09,3,1,8,4,1,2,0.7,0.6667,0.84,0.1642,475
2,2012-08-09,3,1,8,4,1,1,0.72,0.697,0.74,0.1045,698
2,2012-08-09,3,1,8,4,1,1,0.76,0.7273,0.66,0.1642,353
2,2012-08-09,3,1,8,4,1,1,0.8,0.7576,0.55,0.2239,205
2,2012-08-09,3,1,8,4,1,1,0.84,0.7576,0.44,0.0,260
3,2012-08-09,3,1,8,4,1,1,0.84,0.7576,0.44,0.1045,277
3,2012-08-09,3,1,8,4,1,1,0.86,0.7879,0.41,0.1045,281
3,2012-08-09,3,1,8,4,1,1,0.88,0.7727,0.32,0.2239,247
3,2012-08-09,3,1,8,4,1,1,0.88,0.7727,0.32,0.2239,267
3,2012-08-09,3,1,8,4,1,1,0.86,0.7727,0.39,0.2537,417
3,2012-08-09,3,1,8,4,1,1,0.86,0.7576,0.36,0.2537,810
4,2012-08-09,3,1,8,4,1,2,0.82,0.7576,0.46,0.2537,811
4,2012-08-09,3,1,8,4,1,1,0.8,0.7576,0.55,0.194,623
4,2012-08-09,3,1,8,4,1,1,0.7,0.6515,0.54,0.2836,478
4,2012-08-09,3,1,8,4,1,2,0.7,0.6515,0.58,0.1642,336
4,2012-08-09,3,1,8,4,1,2,0.66,0.6212,0.69,0.2239,259
4,2012-08-09,3,1,8,4,1,1,0.66,0.6212,0.74,0.0,156
1,2012-08-10,3,1,8,5,1,1,0.7,0.6515,0.65,0.0896,85
1,2012-08-10,3,1,8,5,1,1,0.7,0.6515,0.65,0.1045,41
1,2012-08-10,3,1,8,5,1,1,0.7,0.6667,0.74,0.1642,20
1,2012-08-10,3,1,8,5,1,2,0.72,0.697,0.79,0.194,9
1,2012-08-10,3,1,8,5,1,3,0.7,0.6667,0.84,0.2836,7
1,2012-08-10,3,1,8,5,1,3,0.7,0.6667,0.84,0.2836,33
2,2012-08-10,3,1,8,5,1,3,0.64,0.5758,0.89,0.2985,44
2,2012-08-10,3,1,8,5,1,3,0.64,0.5758,0.89,0.1045,133
2,2012-08-10,3,1,8,5,1,3,0.62,0.5455,0.91,0.1642,119
2,2012-08-10,3,1,8,5,1,2,0.64,0.5758,0.89,0.0,220
2,2012-08-10,3,1,8,5,1,1,0.66,0.5909,0.89,0.1045,193
2,2012-08-10,3,1,8,5,1,3,0.68,0.6364,0.79,0.1343,251
3,2012-08-10,3,1,8,5,1,2,0.74,0.697,0.66,0.3582,315
3,2012-08-10,3,1,8,5,1,2,0.76,0.7121,0.58,0.3582,290
3,2012-08-10,3,1,8,5,1,1,0.76,0.7121,0.58,0.3582,307
3,2012-08-10,3,1,8,5,1,1,0.8,0.7424,0.52,0.4478,324
3,2012-08-10,3,1,8,5,1,1,0.78,0.7273,0.55,0.2985,467
3,2012-08-10,3,1,8,5,1,1,0.8,0.7424,0.52,0.2836,730
4,2012-08-10,3,1,8,5,1,1,0.76,0.7121,0.62,0.2985,640
4,2012-08-10,3,1,8,5,1,1,0.76,0.7121,0.62,0.2836,492
4,2012-08-10,3,1,8,5,1,1,0.74,0.697,0.66,0.2985,370
4,2012-08-10,3,1,8,5,1,1,0.74,0.697,0.66,0.2537,286
4,2012-08-10,3,1,8,5,1,1,0.72,0.697,0.74,0.2836,218
4,2012-08-10,3,1,8,5,1,1,0.72,0.6818,0.7,0.2836,192
1,2012-08-11,3,1,8,6,0,1,0.7,0.6515,0.7,0.2836,180
1,2012-08-11,3,1,8,6,0,1,0.66,0.6212,0.74,0.2239,116
1,2012-08-11,3,1,8,6,0,3,0.64,0.5909,0.78,0.194,85
1,2012-08-11,3,1,8,6,0,3,0.62,0.5758,0.83,0.1642,21
1,2012-08-11,3,1,8,6,0,1,0.62,0.5758,0.83,0.1045,10
1,2012-08-11,3,1,8,6,0,1,0.62,0.5606,0.88,0.1045,11
2,2012-08-11,3,1,8,6,0,2,0.62,0.5606,0.88,0.1045,23
2,2012-08-11,3,1,8,6,0,1,0.64,0.5758,0.83,0.0896,62
2,2012-08-11,3,1,8,6,0,1,0.66,0.6061,0.83,0.1045,162
2,2012-08-11,3,1,8,6,0,1,0.68,0.6364,0.79,0.194,271
2,2012-08-11,3,1,8,6,0,1,0.72,0.6818,0.62,0.0896,407
2,2012-08-11,3,1,8,6,0,1,0.74,0.697,0.66,0.1642,499
3,2012-08-11,3,1,8,6,0,1,0.76,0.7121,0.58,0.2239,546
3,2012-08-11,3,1,8,6,0,1,0.8,0.7424,0.49,0.3582,569
3,2012-08-11,3,1,8,6,0,1,0.8,0.7424,0.49,0.2985,538
3,2012-08-11,3,1,8,6,0,1,0.8,0.7273,0.46,0.2836,562
3,2012-08-11,3,1,8,6,0,1,0.8,0.7273,0.46,0.2985,531
3,2012-08-11,3,1,8,6,0,3,0.74,0.697,0.66,0.3582,512
4,2012-08-11,3,1,8,6,0,2,0.7,0.6667,0.74,0.2985,300
4,2012-08-11,3,1,8,6,0,2,0.66,0.5909,0.89,0.1045,275
4,2012-08-11,3,1,8,6,0,3,0.66,0.5909,0.89,0.4179,160
4,2012-08-11,3,1,8,6,0,2,0.66,0.5909,0.89,0.1642,128
4,2012-08-11,3,1,8,6,0,2,0.66,0.5909,0.89,0.1642,168
4,2012-08-11,3,1,8,6,0,3,0.66,0.6061,0.78,0.1642,163
1,2012-08-12,3,1,8,0,0,2,0.64,0.6061,0.73,0.1343,120
1,2012-08-12,3,1,8,0,0,1,0.62,0.5909,0.78,0.1343,113
1,2012-08-12,3,1,8,0,0,1,0.64,0.6061,0.69,0.1343,86
1,2012-08-12,3,1,8,0,0,1,0.62,0.5909,0.73,0.0896,48
1,2012-08-12,3,1,8,0,0,1,0.64,0.6061,0.69,0.0896,10
1,2012-08-12,3,1,8,0,0,1,0.64,0.6212,0.61,0.194,10
2,2012-08-12,3,1,8,0,0,1,0.64,0.6061,0.65,0.1642,16
2,2012-08-12,3,1,8,0,0,1,0.64,0.6061,0.65,0.1343,39
2,2012-08-12,3,1,8,0,0,1,0.66,0.6212,0.54,0.2239,119
2,2012-08-12,3,1,8,0,0,1,0.7,0.6515,0.48,0.2239,217
2,2012-08-12,3,1,8,0,0,1,0.7,0.6515,0.51,0.1642,328
2,2012-08-12,3,1,8,0,0,1,0.74,0.6667,0.42,0.1642,449
3,2012-08-12,3,1,8,0,0,1,0.74,0.6667,0.42,0.194,505
3,2012-08-12,3,1,8,0,0,1,0.78,0.697,0.4,0.0,543
3,2012-08-12,3,1,8,0,0,1,0.76,0.6818,0.4,0.194,579
3,2012-08-12,3,1,8,0,0,1,0.76,0.6818,0.4,0.1343,577
3,2012-08-12,3,1,8,0,0,1,0.76,0.6818,0.4,0.1045,513
3,2012-08-12,3,1,8,0,0,1,0.8,0.697,0.33,0.0,505
4,2012-08-12,3,1,8,0,0,1,0.78,0.6818,0.35,0.1045,491
4,2012-08-12,3,1,8,0,0,1,0.74,0.6515,0.4,0.1343,465
4,2012-08-12,3,1,8,0,0,1,0.72,0.6515,0.45,0.0,300
4,2012-08-12,3,1,8,0,0,1,0.72,0.6667,0.51,0.0896,220
4,2012-08-12,3,1,8,0,0,1,0.7,0.6515,0.58,0.1343,181
4,2012-08-12,3,1,8,0,0,1,0.68,0.6364,0.61,0.0,110
1,2012-08-13,3,1,8,1,1,1,0.66,0.6212,0.65,0.1045,47
1,2012-08-13,3,1,8,1,1,1,0.66,0.6212,0.65,0.0896,14
1,2012-08-13,3,1,8,1,1,1,0.64,0.6061,0.69,0.1045,9
1,2012-08-13,3,1,8,1,1,1,0.64,0.6061,0.69,0.0,6
1,2012-08-13,3,1,8,1,1,1,0.64,0.6061,0.69,0.1045,11
1,2012-08-13,3,1,8,1,1,1,0.64,0.6061,0.69,0.1045,36
2,2012-08-13,3,1,8,1,1,1,0.62,0.5909,0.73,0.0896,159
2,2012-08-13,3,1,8,1,1,1,0.66,0.6212,0.65,0.1343,436
2,2012-08-13,3,1,8,1,1,2,0.72,0.6667,0.51,0.0896,673
2,2012-08-13,3,1,8,1,1,2,0.74,0.6667,0.45,0.0,305
2,2012-08-13,3,1,8,1,1,2,0.76,0.6818,0.4,0.0,199
2,2012-08-13,3,1,8,1,1,1,0.76,0.6818,0.4,0.0896,245
3,2012-08-13,3,1,8,1,1,1,0.78,0.697,0.4,0.194,276
3,2012-08-13,3,1,8,1,1,1,0.78,0.697,0.4,0.1642,254
3,2012-08-13,3,1,8,1,1,1,0.8,0.697,0.33,0.1045,248
3,2012-08-13,3,1,8,1,1,1,0.82,0.7273,0.34,0.2239,274
3,2012-08-13,3,1,8,1,1,1,0.8,0.7121,0.36,0.0896,464
3,2012-08-13,3,1,8,1,1,1,0.8,0.7121,0.36,0.1642,818
4,2012-08-13,3,1,8,1,1,1,0.76,0.697,0.52,0.2836,812
4,2012-08-13,3,1,8,1,1,1,0.74,0.6818,0.58,0.1642,555
4,2012-08-13,3,1,8,1,1,1,0.74,0.6818,0.62,0.2239,432
4,2012-08-13,3,1,8,1,1,1,0.72,0.6818,0.66,0.194,290
4,2012-08-13,3,1,8,1,1,1,0.72,0.6818,0.62,0.3284,192
4,2012-08-13,3,1,8,1,1,1,0.7,0.6515,0.7,0.2239,128
1,2012-08-14,3,1,8,2,1,1,0.7,0.6667,0.74,0.2239,60
1,2012-08-14,3,1,8,2,1,1,0.68,0.6364,0.79,0.2537,27
1,2012-08-14,3,1,8,2,1,2,0.68,0.6364,0.83,0.194,11
1,2012-08-14,3,1,8,2,1,2,0.68,0.6364,0.83,0.194,3
1,2012-08-14,3,1,8,2,1,2,0.68,0.6364,0.83,0.194,5
1,2012-08-14,3,1,8,2,1,2,0.68,0.6364,0.89,0.194,36
2,2012-08-14,3,1,8,2,1,3,0.64,0.5758,0.83,0.194,64
2,2012-08-14,3,1,8,2,1,2,0.66,0.6061,0.83,0.0896,179
2,2012-08-14,3,1,8,2,1,2,0.66,0.5909,0.89,0.0896,618
2,2012-08-14,3,1,8,2,1,2,0.7,0.6667,0.74,0.0,402
2,2012-08-14,3,1,8,2,1,1,0.7,0.6667,0.79,0.1045,208
2,2012-08-14,3,1,8,2,1,1,0.74,0.6818,0.62,0.0,196
3,2012-08-14,3,1,8,2,1,1,0.78,0.7121,0.49,0.1343,300
3,2012-08-14,3,1,8,2,1,1,0.8,0.7273,0.46,0.0896,286
3,2012-08-14,3,1,8,2,1,1,0.82,0.7424,0.41,0.2239,255
3,2012-08-14,3,1,8,2,1,1,0.82,0.7576,0.46,0.2239,283
3,2012-08-14,3,1,8,2,1,1,0.82,0.7424,0.43,0.2239,458
3,2012-08-14,3,1,8,2,1,3,0.76,0.7273,0.66,0.2537,812
4,2012-08-14,3,1,8,2,1,1,0.76,0.7121,0.62,0.2836,854
4,2012-08-14,3,1,8,2,1,1,0.76,0.7273,0.66,0.194,627
4,2012-08-14,3,1,8,2,1,1,0.74,0.7121,0.74,0.2239,436
4,2012-08-14,3,1,8,2,1,1,0.74,0.6818,0.62,0.2239,308
4,2012-08-14,3,1,8,2,1,1,0.72,0.6818,0.66,0.0896,189
4,2012-08-14,3,1,8,2,1,1,0.72,0.6818,0.66,0.1642,167
1,2012-08-15,3,1,8,3,1,1,0.7,0.6515,0.61,0.194,60
1,2012-08-15,3,1,8,3,1,1,0.7,0.6515,0.61,0.0,37
1,2012-08-15,3,1,8,3,1,1,0.68,0.6364,0.65,0.0,8
1,2012-08-15,3,1,8,3,1,1,0.66,0.6212,0.74,0.1045,11
1,2012-08-15,3,1,8,3,1,1,0.64,0.5758,0.83,0.1045,4
1,2012-08-15,3,1,8,3,1,1,0.64,0.5909,0.78,0.1045,39
2,2012-08-15,3,1,8,3,1,1,0.64,0.5909,0.78,0.1045,172
2,2012-08-15,3,1,8,3,1,2,0.66,0.6212,0.69,0.194,492
2,2012-08-15,3,1,8,3,1,2,0.7,0.6515,0.65,0.2836,682
2,2012-08-15,3,1,8,3,1,2,0.72,0.6818,0.62,0.194,367
2,2012-08-15,3,1,8,3,1,2,0.72,0.6818,0.62,0.194,233
2,2012-08-15,3,1,8,3,1,2,0.74,0.6818,0.58,0.194,235
3,2012-08-15,3,1,8,3,1,1,0.74,0.6818,0.55,0.2239,307
3,2012-08-15,3,1,8,3,1,2,0.78,0.7121,0.49,0.194,294
3,2012-08-15,3,1,8,3,1,2,0.76,0.697,0.52,0.2985,255
3,2012-08-15,3,1,8,3,1,1,0.76,0.697,0.52,0.2537,266
3,2012-08-15,3,1,8,3,1,1,0.76,0.6818,0.48,0.194,431
3,2012-08-15,3,1,8,3,1,1,0.74,0.6818,0.55,0.2836,851
4,2012-08-15,3,1,8,3,1,1,0.74,0.6667,0.51,0.2239,848
4,2012-08-15,3,1,8,3,1,1,0.7,0.6515,0.61,0.1343,649
4,2012-08-15,3,1,8,3,1,1,0.7,0.6515,0.61,0.1343,427
4,2012-08-15,3,1,8,3,1,1,0.7,0.6515,0.61,0.194,315
4,2012-08-15,3,1,8,3,1,1,0.7,0.6515,0.61,0.1642,226
4,2012-08-15,3,1,8,3,1,1,0.68,0.6364,0.65,0.1045,138
1,2012-08-16,3,1,8,4,1,1,0.66,0.6212,0.69,0.0,76
1,2012-08-16,3,1,8,4,1,1,0.64,0.6061,0.73,0.0,21
1,2012-08-16,3,1,8,4,1,1,0.64,0.6061,0.69,0.194,15
1,2012-08-16,3,1,8,4,1,1,0.62,0.5909,0.73,0.2537,4
1,2012-08-16,3,1,8,4,1,1,0.62,0.5909,0.73,0.2239,5
1,2012-08-16,3,1,8,4,1,1,0.6,0.5758,0.78,0.1642,37
2,2012-08-16,3,1,8,4,1,1,0.6,0.5758,0.78,0.1642,165
2,2012-08-16,3,1,8,4,1,1,0.64,0.6061,0.69,0.2239,464
2,2012-08-16,3,1,8,4,1,1,0.68,0.6364,0.61,0.194,682
2,2012-08-16,3,1,8,4,1,1,0.72,0.6667,0.54,0.1045,337
2,2012-08-16,3,1,8,4,1,1,0.74,0.6667,0.48,0.1343,199
2,2012-08-16,3,1,8,4,1,1,0.76,0.6667,0.37,0.0896,274
3,2012-08-16,3,1,8,4,1,1,0.8,0.697,0.33,0.1045,343
3,2012-08-16,3,1,8,4,1,1,0.8,0.697,0.31,0.2239,300
3,2012-08-16,3,1,8,4,1,1,0.82,0.7121,0.32,0.0,248
3,2012-08-16,3,1,8,4,1,1,0.8,0.697,0.33,0.2537,260
3,2012-08-16,3,1,8,4,1,1,0.82,0.7121,0.32,0.2239,419
3,2012-08-16,3,1,8,4,1,1,0.82,0.7273,0.34,0.194,897
4,2012-08-16,3,1,8,4,1,1,0.8,0.7121,0.36,0.0,832
4,2012-08-16,3,1,8,4,1,1,0.76,0.6818,0.4,0.1045,677
4,2012-08-16,3,1,8,4,1,1,0.76,0.6818,0.4,0.0896,514
4,2012-08-16,3,1,8,4,1,1,0.74,0.6667,0.48,0.194,356
4,2012-08-16,3,1,8,4,1,1,0.72,0.6667,0.51,0.1642,254
4,2012-08-16,3,1,8,4,1,1,0.7,0.6515,0.54,0.1045,226
1,2012-08-17,3,1,8,5,1,1,0.68,0.2424,0.57,0.1642,88
1,2012-08-17,3,1,8,5,1,1,0.66,0.2424,0.65,0.1045,54
1,2012-08-17,3,1,8,5,1,1,0.66,0.2424,0.61,0.1343,19
1,2012-08-17,3,1,8,5,1,1,0.64,0.2424,0.65,0.1045,6
1,2012-08-17,3,1,8,5,1,1,0.64,0.2424,0.73,0.1642,9
1,2012-08-17,3,1,8,5,1,1,0.64,0.2424,0.73,0.1045,36
2,2012-08-17,3,1,8,5,1,1,0.62,0.2424,0.78,0.1343,157
2,2012-08-17,3,1,8,5,1,1,0.64,0.2424,0.73,0.1045,379
2,2012-08-17,3,1,8,5,1,1,0.68,0.2424,0.65,0.1343,668
2,2012-08-17,3,1,8,5,1,1,0.7,0.2424,0.58,0.1045,378
2,2012-08-17,3,1,8,5,1,1,0.74,0.2424,0.55,0.1642,231
2,2012-08-17,3,1,8,5,1,1,0.76,0.2424,0.52,0.2836,303
3,2012-08-17,3,1,8,5,1,1,0.82,0.2424,0.41,0.2239,365
3,2012-08-17,3,1,8,5,1,1,0.84,0.2424,0.36,0.3881,357
3,2012-08-17,3,1,8,5,1,1,0.86,0.2424,0.34,0.4179,328
3,2012-08-17,3,1,8,5,1,1,0.86,0.2424,0.3,0.4627,383
3,2012-08-17,3,1,8,5,1,2,0.84,0.2424,0.32,0.4478,488
3,2012-08-17,3,1,8,5,1,1,0.82,0.2424,0.36,0.3284,791
4,2012-08-17,3,1,8,5,1,2,0.82,0.2424,0.38,0.2537,669
4,2012-08-17,3,1,8,5,1,2,0.74,0.2424,0.55,0.3881,491
4,2012-08-17,3,1,8,5,1,2,0.72,0.2424,0.58,0.2239,359
4,2012-08-17,3,1,8,5,1,2,0.68,0.2424,0.69,0.2985,255
4,2012-08-17,3,1,8,5,1,3,0.66,0.2424,0.83,0.194,213
4,2012-08-17,3,1,8,5,1,3,0.64,0.2424,0.83,0.2239,121
1,2012-08-18,3,1,8,6,0,2,0.64,0.5758,0.83,0.2239,105
1,2012-08-18,3,1,8,6,0,3,0.62,0.5455,0.94,0.1642,92
1,2012-08-18,3,1,8,6,0,3,0.62,0.5606,0.88,0.1642,43
1,2012-08-18,3,1,8,6,0,1,0.62,0.5606,0.88,0.194,30
1,2012-08-18,3,1,8,6,0,1,0.62,0.5909,0.73,0.2239,13
1,2012-08-18,3,1,8,6,0,1,0.6,0.5758,0.78,0.2537,9
2,2012-08-18,3,1,8,6,0,1,0.6,0.5606,0.83,0.2239,27
2,2012-08-18,3,1,8,6,0,1,0.6,0.5606,0.83,0.2239,64
2,2012-08-18,3,1,8,6,0,1,0.64,0.6061,0.69,0.2537,189
2,2012-08-18,3,1,8,6,0,1,0.66,0.6212,0.65,0.2836,292
2,2012-08-18,3,1,8,6,0,1,0.7,0.6515,0.54,0.1642,480
2,2012-08-18,3,1,8,6,0,1,0.72,0.6667,0.51,0.0,536
3,2012-08-18,3,1,8,6,0,1,0.76,0.6667,0.37,0.194,654
3,2012-08-18,3,1,8,6,0,1,0.74,0.6515,0.4,0.194,644
3,2012-08-18,3,1,8,6,0,1,0.76,0.6667,0.37,0.2836,598
3,2012-08-18,3,1,8,6,0,1,0.76,0.6667,0.37,0.2239,596
3,2012-08-18,3,1,8,6,0,1,0.76,0.6667,0.37,0.2537,641
3,2012-08-18,3,1,8,6,0,1,0.76,0.6667,0.37,0.2239,635
4,2012-08-18,3,1,8,6,0,1,0.74,0.6515,0.37,0.1642,554
4,2012-08-18,3,1,8,6,0,1,0.7,0.6364,0.45,0.1642,488
4,2012-08-18,3,1,8,6,0,1,0.7,0.6364,0.45,0.1045,341
4,2012-08-18,3,1,8,6,0,1,0.66,0.6212,0.61,0.0,338
4,2012-08-18,3,1,8,6,0,1,0.66,0.6212,0.61,0.0,261
4,2012-08-18,3,1,8,6,0,1,0.64,0.6061,0.65,0.0896,235
1,2012-08-19,3,1,8,0,0,1,0.66,0.6212,0.57,0.0896,187
1,2012-08-19,3,1,8,0,0,1,0.64,0.6061,0.65,0.0,131
1,2012-08-19,3,1,8,0,0,2,0.62,0.6061,0.69,0.0896,119
1,2012-08-19,3,1,8,0,0,2,0.62,0.6061,0.61,0.1642,55
1,2012-08-19,3,1,8,0,0,2,0.62,0.6061,0.65,0.1642,26
1,2012-08-19,3,1,8,0,0,2,0.6,0.5909,0.73,0.1343,11
2,2012-08-19,3,1,8,0,0,2,0.62,0.6061,0.69,0.1045,20
2,2012-08-19,3,1,8,0,0,2,0.62,0.6061,0.69,0.1343,41
2,2012-08-19,3,1,8,0,0,2,0.64,0.6061,0.69,0.1045,124
2,2012-08-19,3,1,8,0,0,2,0.66,0.6212,0.74,0.0,270
2,2012-08-19,3,1,8,0,0,2,0.68,0.6364,0.69,0.0,425
2,2012-08-19,3,1,8,0,0,3,0.64,0.5909,0.78,0.1642,272
3,2012-08-19,3,1,8,0,0,3,0.64,0.6061,0.73,0.0,298
3,2012-08-19,3,1,8,0,0,3,0.64,0.5758,0.83,0.1343,162
3,2012-08-19,3,1,8,0,0,3,0.64,0.6061,0.73,0.0,149
3,2012-08-19,3,1,8,0,0,2,0.64,0.6061,0.65,0.0,276
3,2012-08-19,3,1,8,0,0,2,0.66,0.6212,0.65,0.0,356
3,2012-08-19,3,1,8,0,0,2,0.64,0.5909,0.78,0.1045,343
4,2012-08-19,3,1,8,0,0,2,0.64,0.5909,0.78,0.1045,377
4,2012-08-19,3,1,8,0,0,2,0.64,0.6061,0.73,0.1343,341
4,2012-08-19,3,1,8,0,0,2,0.64,0.6061,0.73,0.194,274
4,2012-08-19,3,1,8,0,0,3,0.62,0.5909,0.78,0.0896,190
4,2012-08-19,3,1,8,0,0,2,0.62,0.5909,0.78,0.1642,56
4,2012-08-19,3,1,8,0,0,2,0.62,0.5909,0.73,0.0,46
1,2012-08-20,3,1,8,1,1,2,0.6,0.5606,0.83,0.1045,26
1,2012-08-20,3,1,8,1,1,1,0.6,0.5606,0.83,0.1642,10
1,2012-08-20,3,1,8,1,1,1,0.6,0.5606,0.83,0.1642,5
1,2012-08-20,3,1,8,1,1,1,0.6,0.5455,0.88,0.1045,3
1,2012-08-20,3,1,8,1,1,2,0.6,0.5606,0.83,0.0896,7
1,2012-08-20,3,1,8,1,1,2,0.6,0.5606,0.83,0.0,37
2,2012-08-20,3,1,8,1,1,2,0.6,0.5758,0.78,0.1343,161
2,2012-08-20,3,1,8,1,1,2,0.62,0.5909,0.78,0.1343,442
2,2012-08-20,3,1,8,1,1,2,0.62,0.5909,0.73,0.1045,655
2,2012-08-20,3,1,8,1,1,2,0.64,0.6061,0.69,0.0,357
2,2012-08-20,3,1,8,1,1,2,0.64,0.6061,0.69,0.0896,193
2,2012-08-20,3,1,8,1,1,1,0.66,0.6212,0.65,0.1045,241
3,2012-08-20,3,1,8,1,1,2,0.66,0.6212,0.61,0.1045,282
3,2012-08-20,3,1,8,1,1,1,0.7,0.6515,0.58,0.1343,291
3,2012-08-20,3,1,8,1,1,1,0.72,0.6667,0.54,0.1642,275
3,2012-08-20,3,1,8,1,1,1,0.72,0.6667,0.54,0.2537,309
3,2012-08-20,3,1,8,1,1,1,0.72,0.6667,0.54,0.2537,460
3,2012-08-20,3,1,8,1,1,1,0.7,0.6515,0.58,0.2836,893
4,2012-08-20,3,1,8,1,1,2,0.62,0.5909,0.78,0.2537,815
4,2012-08-20,3,1,8,1,1,2,0.62,0.5909,0.78,0.194,299
4,2012-08-20,3,1,8,1,1,2,0.62,0.5758,0.83,0.2836,261
4,2012-08-20,3,1,8,1,1,1,0.6,0.5606,0.83,0.0,245
4,2012-08-20,3,1,8,1,1,2,0.6,0.5606,0.83,0.0,161
4,2012-08-20,3,1,8,1,1,2,0.6,0.5606,0.83,0.0,102
1,2012-08-21,3,1,8,2,1,2,0.6,0.5606,0.83,0.0896,59
1,2012-08-21,3,1,8,2,1,2,0.6,0.5606,0.83,0.1343,33
1,2012-08-21,3,1,8,2,1,2,0.58,0.5455,0.88,0.2836,8
1,2012-08-21,3,1,8,2,1,1,0.56,0.5303,0.88,0.0,3
1,2012-08-21,3,1,8,2,1,1,0.56,0.5303,0.88,0.0,4
1,2012-08-21,3,1,8,2,1,1,0.56,0.5303,0.83,0.0896,34
2,2012-08-21,3,1,8,2,1,1,0.56,0.5303,0.83,0.1045,169
2,2012-08-21,3,1,8,2,1,1,0.6,0.5758,0.78,0.1045,519
2,2012-08-21,3,1,8,2,1,1,0.6,0.5758,0.78,0.1343,723
2,2012-08-21,3,1,8,2,1,1,0.64,0.6061,0.69,0.0,328
2,2012-08-21,3,1,8,2,1,1,0.66,0.6212,0.61,0.1045,178
2,2012-08-21,3,1,8,2,1,1,0.7,0.6515,0.54,0.0,256
3,2012-08-21,3,1,8,2,1,1,0.72,0.6515,0.45,0.0,305
3,2012-08-21,3,1,8,2,1,1,0.74,0.6515,0.4,0.0,331
3,2012-08-21,3,1,8,2,1,1,0.76,0.6667,0.37,0.0896,302
3,2012-08-21,3,1,8,2,1,1,0.76,0.6667,0.37,0.0,302
3,2012-08-21,3,1,8,2,1,1,0.76,0.6667,0.37,0.0,467
3,2012-08-21,3,1,8,2,1,1,0.74,0.6667,0.51,0.2836,878
4,2012-08-21,3,1,8,2,1,1,0.72,0.6667,0.54,0.2239,625
4,2012-08-21,3,1,8,2,1,3,0.62,0.5909,0.73,0.1045,476
4,2012-08-21,3,1,8,2,1,1,0.64,0.6061,0.73,0.0,358
4,2012-08-21,3,1,8,2,1,1,0.64,0.6061,0.73,0.0,280
4,2012-08-21,3,1,8,2,1,1,0.64,0.5909,0.78,0.0,232
4,2012-08-21,3,1,8,2,1,1,0.62,0.5758,0.83,0.0,136
1,2012-08-22,3,1,8,3,1,1,0.62,0.5758,0.83,0.1045,55
1,2012-08-22,3,1,8,3,1,1,0.62,0.5909,0.78,0.0,21
1,2012-08-22,3,1,8,3,1,1,0.62,0.5909,0.78,0.0,17
1,2012-08-22,3,1,8,3,1,1,0.62,0.5909,0.78,0.0,7
1,2012-08-22,3,1,8,3,1,1,0.58,0.5455,0.83,0.1045,8
1,2012-08-22,3,1,8,3,1,1,0.6,0.5758,0.78,0.0,40
2,2012-08-22,3,1,8,3,1,1,0.62,0.5909,0.73,0.0,187
2,2012-08-22,3,1,8,3,1,1,0.62,0.5909,0.78,0.0,553
2,2012-08-22,3,1,8,3,1,1,0.64,0.6061,0.73,0.0896,740
2,2012-08-22,3,1,8,3,1,1,0.68,0.6364,0.65,0.0,376
2,2012-08-22,3,1,8,3,1,1,0.7,0.6515,0.61,0.0896,225
2,2012-08-22,3,1,8,3,1,1,0.72,0.6667,0.58,0.0896,267
3,2012-08-22,3,1,8,3,1,1,0.74,0.6667,0.51,0.0,312
3,2012-08-22,3,1,8,3,1,1,0.76,0.6818,0.48,0.1045,316
3,2012-08-22,3,1,8,3,1,1,0.76,0.6818,0.45,0.1045,266
3,2012-08-22,3,1,8,3,1,1,0.76,0.6818,0.48,0.1343,316
3,2012-08-22,3,1,8,3,1,3,0.74,0.6818,0.55,0.2239,460
3,2012-08-22,3,1,8,3,1,3,0.74,0.6818,0.55,0.2239,783
4,2012-08-22,3,1,8,3,1,3,0.66,0.6212,0.61,0.2239,683
4,2012-08-22,3,1,8,3,1,2,0.66,0.6212,0.74,0.0,580
4,2012-08-22,3,1,8,3,1,1,0.64,0.6061,0.73,0.194,391
4,2012-08-22,3,1,8,3,1,1,0.64,0.6061,0.73,0.0,351
4,2012-08-22,3,1,8,3,1,1,0.64,0.6061,0.73,0.0,281
4,2012-08-22,3,1,8,3,1,1,0.64,0.5758,0.83,0.0,140
1,2012-08-23,3,1,8,4,1,1,0.64,0.5909,0.78,0.0,60
1,2012-08-23,3,1,8,4,1,1,0.62,0.5758,0.83,0.0,25
1,2012-08-23,3,1,8,4,1,1,0.62,0.5758,0.83,0.0,20
1,2012-08-23,3,1,8,4,1,1,0.62,0.5758,0.83,0.0896,9
1,2012-08-23,3,1,8,4,1,1,0.62,0.5758,0.83,0.0,6
1,2012-08-23,3,1,8,4,1,1,0.62,0.5758,0.83,0.0,37
2,2012-08-23,3,1,8,4,1,2,0.6,0.5455,0.88,0.0896,192
2,2012-08-23,3,1,8,4,1,2,0.62,0.5758,0.83,0.0896,481
2,2012-08-23,3,1,8,4,1,2,0.66,0.6212,0.74,0.0896,707
2,2012-08-23,3,1,8,4,1,2,0.7,0.6515,0.7,0.0,412
2,2012-08-23,3,1,8,4,1,1,0.74,0.6818,0.58,0.0896,233
2,2012-08-23,3,1,8,4,1,1,0.76,0.6818,0.48,0.0896,278
3,2012-08-23,3,1,8,4,1,1,0.78,0.6818,0.38,0.0,332
3,2012-08-23,3,1,8,4,1,1,0.82,0.7273,0.38,0.0896,346
3,2012-08-23,3,1,8,4,1,1,0.78,0.697,0.46,0.2239,305
3,2012-08-23,3,1,8,4,1,1,0.78,0.697,0.46,0.1343,305
3,2012-08-23,3,1,8,4,1,1,0.76,0.6818,0.48,0.1642,465
3,2012-08-23,3,1,8,4,1,1,0.76,0.6818,0.45,0.2239,820
4,2012-08-23,3,1,8,4,1,1,0.74,0.6667,0.48,0.2239,941
4,2012-08-23,3,1,8,4,1,1,0.72,0.6667,0.51,0.0896,633
4,2012-08-23,3,1,8,4,1,1,0.7,0.6515,0.61,0.1045,474
4,2012-08-23,3,1,8,4,1,1,0.7,0.6515,0.61,0.1343,329
4,2012-08-23,3,1,8,4,1,2,0.68,0.6364,0.61,0.1045,198
4,2012-08-23,3,1,8,4,1,2,0.66,0.6212,0.69,0.0,157
1,2012-08-24,3,1,8,5,1,2,0.66,0.6212,0.69,0.0,111
1,2012-08-24,3,1,8,5,1,2,0.64,0.6061,0.73,0.0,42
1,2012-08-24,3,1,8,5,1,1,0.66,0.6212,0.69,0.0,16
1,2012-08-24,3,1,8,5,1,1,0.64,0.6061,0.73,0.0,8
1,2012-08-24,3,1,8,5,1,2,0.64,0.6061,0.73,0.0,8
1,2012-08-24,3,1,8,5,1,1,0.64,0.5909,0.78,0.0,38
2,2012-08-24,3,1,8,5,1,2,0.62,0.5758,0.83,0.0,151
2,2012-08-24,3,1,8,5,1,2,0.64,0.5909,0.78,0.0,425
2,2012-08-24,3,1,8,5,1,2,0.66,0.6212,0.74,0.0,744
2,2012-08-24,3,1,8,5,1,2,0.72,0.6667,0.58,0.0,389
2,2012-08-24,3,1,8,5,1,2,0.76,0.6818,0.48,0.0,262
2,2012-08-24,3,1,8,5,1,2,0.76,0.6818,0.48,0.1045,281
3,2012-08-24,3,1,8,5,1,2,0.76,0.6818,0.45,0.0896,371
3,2012-08-24,3,1,8,5,1,2,0.8,0.7121,0.41,0.1045,351
3,2012-08-24,3,1,8,5,1,1,0.78,0.697,0.43,0.1045,338
3,2012-08-24,3,1,8,5,1,2,0.76,0.6818,0.48,0.1343,350
3,2012-08-24,3,1,8,5,1,2,0.76,0.6818,0.48,0.1343,515
3,2012-08-24,3,1,8,5,1,2,0.74,0.6667,0.51,0.2239,812
4,2012-08-24,3,1,8,5,1,2,0.72,0.6818,0.62,0.194,736
4,2012-08-24,3,1,8,5,1,2,0.72,0.6667,0.58,0.1642,536
4,2012-08-24,3,1,8,5,1,2,0.7,0.6515,0.65,0.2239,363
4,2012-08-24,3,1,8,5,1,2,0.7,0.6515,0.61,0.1642,306
4,2012-08-24,3,1,8,5,1,2,0.7,0.6515,0.61,0.0,251
4,2012-08-24,3,1,8,5,1,2,0.68,0.6364,0.69,0.0896,178
1,2012-08-25,3,1,8,6,0,2,0.7,0.6515,0.61,0.0,135
1,2012-08-25,3,1,8,6,0,2,0.68,0.6364,0.69,0.0,115
1,2012-08-25,3,1,8,6,0,2,0.66,0.6212,0.74,0.0896,79
1,2012-08-25,3,1,8,6,0,1,0.66,0.6212,0.69,0.0896,38
1,2012-08-25,3,1,8,6,0,2,0.66,0.6212,0.69,0.1045,12
1,2012-08-25,3,1,8,6,0,2,0.64,0.6061,0.73,0.1642,14
2,2012-08-25,3,1,8,6,0,2,0.64,0.5909,0.78,0.1642,30
2,2012-08-25,3,1,8,6,0,2,0.64,0.5909,0.78,0.194,102
2,2012-08-25,3,1,8,6,0,2,0.66,0.6212,0.74,0.2537,162
2,2012-08-25,3,1,8,6,0,2,0.68,0.6364,0.69,0.2836,288
2,2012-08-25,3,1,8,6,0,2,0.7,0.6515,0.65,0.2985,442
2,2012-08-25,3,1,8,6,0,2,0.72,0.6818,0.62,0.2836,457
3,2012-08-25,3,1,8,6,0,3,0.72,0.6667,0.54,0.3881,584
3,2012-08-25,3,1,8,6,0,2,0.72,0.6667,0.51,0.3582,517
3,2012-08-25,3,1,8,6,0,3,0.66,0.6212,0.65,0.2537,482
3,2012-08-25,3,1,8,6,0,2,0.64,0.6061,0.73,0.3284,233
3,2012-08-25,3,1,8,6,0,2,0.66,0.6212,0.74,0.2985,434
3,2012-08-25,3,1,8,6,0,2,0.66,0.6212,0.74,0.3284,403
4,2012-08-25,3,1,8,6,0,2,0.66,0.6212,0.69,0.4627,383
4,2012-08-25,3,1,8,6,0,2,0.64,0.5909,0.78,0.2985,354
4,2012-08-25,3,1,8,6,0,3,0.62,0.5758,0.83,0.2537,241
4,2012-08-25,3,1,8,6,0,1,0.62,0.5758,0.83,0.3582,208
4,2012-08-25,3,1,8,6,0,1,0.62,0.5758,0.83,0.3582,182
4,2012-08-25,3,1,8,6,0,2,0.62,0.5758,0.83,0.2537,158
1,2012-08-26,3,1,8,0,0,1,0.64,0.5758,0.89,0.2537,134
1,2012-08-26,3,1,8,0,0,1,0.64,0.5758,0.89,0.194,134
1,2012-08-26,3,1,8,0,0,2,0.64,0.5758,0.89,0.2239,116
1,2012-08-26,3,1,8,0,0,2,0.64,0.5758,0.89,0.2537,53
1,2012-08-26,3,1,8,0,0,2,0.64,0.5758,0.89,0.194,16
1,2012-08-26,3,1,8,0,0,1,0.64,0.5758,0.89,0.194,16
2,2012-08-26,3,1,8,0,0,1,0.62,0.5606,0.88,0.2985,21
2,2012-08-26,3,1,8,0,0,1,0.64,0.5758,0.89,0.194,34
2,2012-08-26,3,1,8,0,0,1,0.68,0.6364,0.79,0.2836,133
2,2012-08-26,3,1,8,0,0,1,0.68,0.6364,0.79,0.2537,263
2,2012-08-26,3,1,8,0,0,1,0.74,0.697,0.66,0.3881,385
2,2012-08-26,3,1,8,0,0,1,0.74,0.697,0.66,0.3582,482
3,2012-08-26,3,1,8,0,0,3,0.72,0.697,0.74,0.3582,626
3,2012-08-26,3,1,8,0,0,3,0.66,0.6061,0.78,0.4179,541
3,2012-08-26,3,1,8,0,0,1,0.64,0.5758,0.89,0.1045,377
3,2012-08-26,3,1,8,0,0,3,0.64,0.5758,0.89,0.2836,391
3,2012-08-26,3,1,8,0,0,3,0.64,0.5758,0.89,0.2836,173
3,2012-08-26,3,1,8,0,0,1,0.64,0.5758,0.89,0.2239,233
4,2012-08-26,3,1,8,0,0,2,0.64,0.5758,0.89,0.0896,264
4,2012-08-26,3,1,8,0,0,2,0.64,0.5758,0.89,0.1642,292
4,2012-08-26,3,1,8,0,0,1,0.64,0.5758,0.89,0.1642,211
4,2012-08-26,3,1,8,0,0,1,0.64,0.5758,0.83,0.1343,166
4,2012-08-26,3,1,8,0,0,1,0.62,0.5606,0.88,0.0896,114
4,2012-08-26,3,1,8,0,0,1,0.62,0.5758,0.83,0.0896,80
1,2012-08-27,3,1,8,1,1,1,0.62,0.5758,0.83,0.0,32
1,2012-08-27,3,1,8,1,1,1,0.62,0.5606,0.88,0.0896,7
1,2012-08-27,3,1,8,1,1,1,0.62,0.5606,0.88,0.1343,8
1,2012-08-27,3,1,8,1,1,1,0.62,0.5606,0.88,0.0896,4
1,2012-08-27,3,1,8,1,1,1,0.62,0.5758,0.83,0.0,12
1,2012-08-27,3,1,8,1,1,1,0.62,0.5606,0.88,0.0,36
2,2012-08-27,3,1,8,1,1,1,0.62,0.5606,0.88,0.0,145
2,2012-08-27,3,1,8,1,1,1,0.66,0.6061,0.83,0.0,433
2,2012-08-27,3,1,8,1,1,1,0.66,0.6061,0.83,0.0896,699
2,2012-08-27,3,1,8,1,1,1,0.66,0.6061,0.83,0.1045,342
2,2012-08-27,3,1,8,1,1,1,0.72,0.697,0.74,0.1343,206
2,2012-08-27,3,1,8,1,1,1,0.74,0.697,0.66,0.194,229
3,2012-08-27,3,1,8,1,1,1,0.76,0.7121,0.62,0.0,283
3,2012-08-27,3,1,8,1,1,1,0.76,0.7121,0.57,0.1642,288
3,2012-08-27,3,1,8,1,1,1,0.8,0.7424,0.49,0.0896,246
3,2012-08-27,3,1,8,1,1,1,0.8,0.7576,0.55,0.2985,282
3,2012-08-27,3,1,8,1,1,1,0.8,0.7576,0.55,0.2537,444
3,2012-08-27,3,1,8,1,1,1,0.8,0.7273,0.46,0.2239,845
4,2012-08-27,3,1,8,1,1,1,0.78,0.7121,0.52,0.2537,834
4,2012-08-27,3,1,8,1,1,1,0.74,0.697,0.7,0.2239,573
4,2012-08-27,3,1,8,1,1,1,0.74,0.697,0.7,0.194,416
4,2012-08-27,3,1,8,1,1,1,0.72,0.697,0.74,0.194,278
4,2012-08-27,3,1,8,1,1,1,0.7,0.6667,0.84,0.194,161
4,2012-08-27,3,1,8,1,1,1,0.7,0.6667,0.84,0.1642,114
1,2012-08-28,3,1,8,2,1,1,0.7,0.6667,0.84,0.2537,38
1,2012-08-28,3,1,8,2,1,1,0.68,0.6364,0.89,0.194,21
1,2012-08-28,3,1,8,2,1,1,0.68,0.6364,0.83,0.2537,15
1,2012-08-28,3,1,8,2,1,1,0.66,0.5909,0.89,0.1343,4
1,2012-08-28,3,1,8,2,1,1,0.66,0.6061,0.83,0.1343,8
1,2012-08-28,3,1,8,2,1,2,0.66,0.6061,0.83,0.0896,42
2,2012-08-28,3,1,8,2,1,2,0.66,0.5909,0.89,0.1045,147
2,2012-08-28,3,1,8,2,1,2,0.66,0.6061,0.83,0.1045,269
2,2012-08-28,3,1,8,2,1,2,0.66,0.6212,0.85,0.1045,693
2,2012-08-28,3,1,8,2,1,2,0.7,0.6667,0.79,0.1642,395
2,2012-08-28,3,1,8,2,1,1,0.74,0.6818,0.62,0.2537,204
2,2012-08-28,3,1,8,2,1,1,0.78,0.7273,0.55,0.2537,218
3,2012-08-28,3,1,8,2,1,1,0.8,0.7424,0.49,0.2836,297
3,2012-08-28,3,1,8,2,1,1,0.82,0.7424,0.43,0.2985,288
3,2012-08-28,3,1,8,2,1,1,0.84,0.7424,0.38,0.3284,251
3,2012-08-28,3,1,8,2,1,1,0.82,0.7273,0.34,0.2985,317
3,2012-08-28,3,1,8,2,1,1,0.82,0.7121,0.33,0.3284,480
3,2012-08-28,3,1,8,2,1,1,0.8,0.697,0.35,0.3881,864
4,2012-08-28,3,1,8,2,1,1,0.78,0.697,0.4,0.2537,818
4,2012-08-28,3,1,8,2,1,1,0.74,0.6667,0.45,0.1642,597
4,2012-08-28,3,1,8,2,1,1,0.72,0.6667,0.48,0.1045,435
4,2012-08-28,3,1,8,2,1,1,0.72,0.6667,0.48,0.0896,314
4,2012-08-28,3,1,8,2,1,1,0.7,0.6515,0.54,0.0,216
4,2012-08-28,3,1,8,2,1,1,0.68,0.6364,0.57,0.0,109
1,2012-08-29,3,1,8,3,1,1,0.66,0.6212,0.69,0.0,47
1,2012-08-29,3,1,8,3,1,1,0.64,0.6061,0.69,0.1343,14
1,2012-08-29,3,1,8,3,1,1,0.62,0.5909,0.73,0.1343,6
1,2012-08-29,3,1,8,3,1,1,0.62,0.5909,0.73,0.1045,9
1,2012-08-29,3,1,8,3,1,1,0.6,0.5909,0.73,0.2239,10
1,2012-08-29,3,1,8,3,1,1,0.6,0.5909,0.73,0.194,40
2,2012-08-29,3,1,8,3,1,1,0.6,0.5909,0.73,0.194,181
2,2012-08-29,3,1,8,3,1,1,0.64,0.6061,0.65,0.0896,554
2,2012-08-29,3,1,8,3,1,1,0.66,0.6212,0.61,0.1642,808
2,2012-08-29,3,1,8,3,1,1,0.7,0.6515,0.51,0.194,348
2,2012-08-29,3,1,8,3,1,1,0.72,0.6667,0.48,0.1642,178
2,2012-08-29,3,1,8,3,1,1,0.72,0.6515,0.45,0.0,253
3,2012-08-29,3,1,8,3,1,1,0.76,0.6818,0.4,0.0,360
3,2012-08-29,3,1,8,3,1,1,0.74,0.6667,0.42,0.0,300
3,2012-08-29,3,1,8,3,1,1,0.76,0.6818,0.4,0.0896,301
3,2012-08-29,3,1,8,3,1,1,0.76,0.6818,0.4,0.194,338
3,2012-08-29,3,1,8,3,1,1,0.76,0.6667,0.37,0.1343,493
3,2012-08-29,3,1,8,3,1,1,0.78,0.6818,0.35,0.2239,870
4,2012-08-29,3,1,8,3,1,1,0.74,0.6667,0.42,0.1642,812
4,2012-08-29,3,1,8,3,1,1,0.7,0.6515,0.54,0.194,643
4,2012-08-29,3,1,8,3,1,1,0.68,0.6364,0.57,0.0,427
4,2012-08-29,3,1,8,3,1,1,0.66,0.6212,0.54,0.1045,313
4,2012-08-29,3,1,8,3,1,1,0.66,0.6212,0.54,0.0,235
4,2012-08-29,3,1,8,3,1,1,0.66,0.6212,0.57,0.0,157
1,2012-08-30,3,1,8,4,1,1,0.64,0.6061,0.69,0.0,65
1,2012-08-30,3,1,8,4,1,1,0.64,0.6061,0.65,0.0,23
1,2012-08-30,3,1,8,4,1,1,0.62,0.5909,0.73,0.0,17
1,2012-08-30,3,1,8,4,1,1,0.62,0.5909,0.73,0.0,5
1,2012-08-30,3,1,8,4,1,1,0.62,0.5909,0.73,0.0,8
1,2012-08-30,3,1,8,4,1,1,0.62,0.5909,0.73,0.0,35
2,2012-08-30,3,1,8,4,1,1,0.6,0.5606,0.83,0.1642,163
2,2012-08-30,3,1,8,4,1,1,0.64,0.6061,0.73,0.0,532
2,2012-08-30,3,1,8,4,1,1,0.66,0.6212,0.65,0.0,754
2,2012-08-30,3,1,8,4,1,1,0.7,0.6515,0.58,0.0,396
2,2012-08-30,3,1,8,4,1,1,0.72,0.6667,0.54,0.0,234
2,2012-08-30,3,1,8,4,1,1,0.76,0.6818,0.4,0.0896,276
3,2012-08-30,3,1,8,4,1,1,0.76,0.6818,0.45,0.1343,294
3,2012-08-30,3,1,8,4,1,1,0.76,0.6818,0.48,0.1045,290
3,2012-08-30,3,1,8,4,1,1,0.76,0.6818,0.48,0.1343,273
3,2012-08-30,3,1,8,4,1,1,0.8,0.7273,0.46,0.1642,338
3,2012-08-30,3,1,8,4,1,1,0.8,0.7273,0.43,0.1642,482
3,2012-08-30,3,1,8,4,1,1,0.82,0.7273,0.34,0.2239,844
4,2012-08-30,3,1,8,4,1,1,0.8,0.7121,0.38,0.1343,853
4,2012-08-30,3,1,8,4,1,1,0.76,0.6818,0.48,0.1343,610
4,2012-08-30,3,1,8,4,1,1,0.74,0.6818,0.58,0.1642,471
4,2012-08-30,3,1,8,4,1,1,0.72,0.6818,0.66,0.1343,307
4,2012-08-30,3,1,8,4,1,1,0.7,0.6515,0.7,0.0,291
4,2012-08-30,3,1,8,4,1,1,0.7,0.6667,0.74,0.1045,152
1,2012-08-31,3,1,8,5,1,1,0.68,0.6364,0.83,0.1642,82
1,2012-08-31,3,1,8,5,1,1,0.68,0.6364,0.83,0.1642,32
1,2012-08-31,3,1,8,5,1,1,0.66,0.5909,0.89,0.1343,20
1,2012-08-31,3,1,8,5,1,1,0.66,0.5909,0.89,0.1045,5
1,2012-08-31,3,1,8,5,1,1,0.64,0.5758,0.89,0.1343,7
1,2012-08-31,3,1,8,5,1,1,0.64,0.5758,0.89,0.1642,29
2,2012-08-31,3,1,8,5,1,2,0.64,0.5758,0.89,0.1642,108
2,2012-08-31,3,1,8,5,1,2,0.64,0.5758,0.89,0.0896,421
2,2012-08-31,3,1,8,5,1,2,0.7,0.6667,0.74,0.0,690
2,2012-08-31,3,1,8,5,1,1,0.74,0.697,0.7,0.0,398
2,2012-08-31,3,1,8,5,1,1,0.76,0.7121,0.62,0.0896,256
2,2012-08-31,3,1,8,5,1,1,0.86,0.7424,0.28,0.2985,309
3,2012-08-31,3,1,8,5,1,1,0.86,0.7424,0.26,0.2537,410
3,2012-08-31,3,1,8,5,1,1,0.88,0.7576,0.27,0.3284,368
3,2012-08-31,3,1,8,5,1,1,0.9,0.7727,0.25,0.2239,436
3,2012-08-31,3,1,8,5,1,1,0.9,0.7879,0.27,0.2985,526
3,2012-08-31,3,1,8,5,1,1,0.9,0.7879,0.27,0.2537,528
3,2012-08-31,3,1,8,5,1,1,0.88,0.7727,0.32,0.1642,617
4,2012-08-31,3,1,8,5,1,1,0.86,0.7576,0.36,0.2537,546
4,2012-08-31,3,1,8,5,1,1,0.8,0.7424,0.49,0.1343,452
4,2012-08-31,3,1,8,5,1,1,0.8,0.7424,0.49,0.1343,356
4,2012-08-31,3,1,8,5,1,1,0.76,0.7121,0.58,0.194,303
4,2012-08-31,3,1,8,5,1,1,0.76,0.7121,0.58,0.194,277
4,2012-08-31,3,1,8,5,1,1,0.74,0.6818,0.62,0.1045,174
1,2012-09-01,3,1,9,6,0,1,0.74,0.6818,0.62,0.1045,168
1,2012-09-01,3,1,9,6,0,1,0.72,0.697,0.74,0.1343,79
1,2012-09-01,3,1,9,6,0,1,0.7,0.6515,0.7,0.1642,69
1,2012-09-01,3,1,9,6,0,1,0.7,0.6515,0.7,0.1045,35
1,2012-09-01,3,1,9,6,0,1,0.7,0.6515,0.7,0.0,12
1,2012-09-01,3,1,9,6,0,1,0.68,0.6364,0.79,0.0,22
2,2012-09-01,3,1,9,6,0,1,0.68,0.6364,0.79,0.0,36
2,2012-09-01,3,1,9,6,0,2,0.74,0.6818,0.58,0.1343,66
2,2012-09-01,3,1,9,6,0,2,0.76,0.7121,0.58,0.2537,162
2,2012-09-01,3,1,9,6,0,2,0.76,0.7121,0.58,0.194,237
2,2012-09-01,3,1,9,6,0,2,0.78,0.7273,0.55,0.194,417
2,2012-09-01,3,1,9,6,0,2,0.8,0.7576,0.55,0.2239,492
3,2012-09-01,3,1,9,6,0,2,0.8,0.7576,0.55,0.1642,471
3,2012-09-01,3,1,9,6,0,2,0.82,0.7727,0.52,0.0896,504
3,2012-09-01,3,1,9,6,0,2,0.86,0.7879,0.44,0.1642,514
3,2012-09-01,3,1,9,6,0,2,0.86,0.7879,0.44,0.2836,563
3,2012-09-01,3,1,9,6,0,2,0.84,0.7879,0.49,0.1642,462
3,2012-09-01,3,1,9,6,0,2,0.82,0.7727,0.52,0.0,463
4,2012-09-01,3,1,9,6,0,2,0.82,0.7727,0.52,0.0,442
4,2012-09-01,3,1,9,6,0,3,0.78,0.7424,0.62,0.0,392
4,2012-09-01,3,1,9,6,0,3,0.76,0.7273,0.67,0.2537,207
4,2012-09-01,3,1,9,6,0,3,0.64,0.5758,0.89,0.0,104
4,2012-09-01,3,1,9,6,0,2,0.66,0.5909,0.89,0.0,78
4,2012-09-01,3,1,9,6,0,1,0.66,0.5909,0.89,0.0896,145
1,2012-09-02,3,1,9,0,0,2,0.66,0.5909,0.89,0.0896,99
1,2012-09-02,3,1,9,0,0,1,0.66,0.5909,0.89,0.0,73
1,2012-09-02,3,1,9,0,0,1,0.66,0.5909,0.89,0.0,84
1,2012-09-02,3,1,9,0,0,1,0.66,0.5909,0.89,0.0896,42
1,2012-09-02,3,1,9,0,0,1,0.66,0.5909,0.89,0.0,22
1,2012-09-02,3,1,9,0,0,1,0.66,0.5909,0.89,0.0,12
2,2012-09-02,3,1,9,0,0,2,0.66,0.5909,0.89,0.0,15
2,2012-09-02,3,1,9,0,0,1,0.66,0.5909,0.94,0.0896,42
2,2012-09-02,3,1,9,0,0,1,0.68,0.6364,0.89,0.0896,129
2,2012-09-02,3,1,9,0,0,2,0.7,0.6667,0.84,0.0,232
2,2012-09-02,3,1,9,0,0,2,0.72,0.697,0.79,0.0,388
2,2012-09-02,3,1,9,0,0,2,0.74,0.697,0.7,0.0,489
3,2012-09-02,3,1,9,0,0,3,0.74,0.697,0.7,0.0,545
3,2012-09-02,3,1,9,0,0,3,0.72,0.697,0.74,0.0896,493
3,2012-09-02,3,1,9,0,0,3,0.72,0.697,0.79,0.0896,457
3,2012-09-02,3,1,9,0,0,3,0.74,0.7121,0.74,0.1343,355
3,2012-09-02,3,1,9,0,0,1,0.74,0.697,0.7,0.0,474
3,2012-09-02,3,1,9,0,0,1,0.76,0.7273,0.66,0.0896,503
4,2012-09-02,3,1,9,0,0,1,0.74,0.7121,0.74,0.0,500
4,2012-09-02,3,1,9,0,0,2,0.7,0.6667,0.84,0.2239,292
4,2012-09-02,3,1,9,0,0,2,0.7,0.6667,0.84,0.1642,104
4,2012-09-02,3,1,9,0,0,1,0.7,0.6515,0.7,0.1642,171
4,2012-09-02,3,1,9,0,0,3,0.68,0.6364,0.83,0.1343,166
4,2012-09-02,3,1,9,0,0,3,0.66,0.5909,0.89,0.0896,123
1,2012-09-03,3,1,9,1,0,2,0.66,0.5909,0.94,0.0,104
1,2012-09-03,3,1,9,1,0,2,0.68,0.6364,0.89,0.1642,55
1,2012-09-03,3,1,9,1,0,1,0.66,0.5909,0.89,0.1045,40
1,2012-09-03,3,1,9,1,0,1,0.66,0.5909,0.89,0.1343,28
1,2012-09-03,3,1,9,1,0,1,0.66,0.5909,0.89,0.0896,11
1,2012-09-03,3,1,9,1,0,1,0.66,0.5909,0.89,0.0,4
2,2012-09-03,3,1,9,1,0,1,0.66,0.5909,0.94,0.0,15
2,2012-09-03,3,1,9,1,0,1,0.68,0.6364,0.85,0.0,43
2,2012-09-03,3,1,9,1,0,2,0.7,0.6667,0.84,0.1045,127
2,2012-09-03,3,1,9,1,0,2,0.7,0.6667,0.84,0.1343,229
2,2012-09-03,3,1,9,1,0,2,0.74,0.7121,0.74,0.2239,359
2,2012-09-03,3,1,9,1,0,2,0.74,0.697,0.7,0.2836,459
3,2012-09-03,3,1,9,1,0,2,0.76,0.7121,0.62,0.2985,543
3,2012-09-03,3,1,9,1,0,2,0.76,0.7273,0.66,0.2537,566
3,2012-09-03,3,1,9,1,0,1,0.74,0.697,0.7,0.2985,512
3,2012-09-03,3,1,9,1,0,1,0.74,0.697,0.7,0.2239,449
3,2012-09-03,3,1,9,1,0,1,0.74,0.697,0.7,0.2239,500
3,2012-09-03,3,1,9,1,0,1,0.74,0.697,0.7,0.1343,498
4,2012-09-03,3,1,9,1,0,1,0.74,0.697,0.66,0.1642,482
4,2012-09-03,3,1,9,1,0,1,0.72,0.697,0.74,0.194,374
4,2012-09-03,3,1,9,1,0,1,0.72,0.6818,0.76,0.1045,261
4,2012-09-03,3,1,9,1,0,1,0.72,0.6818,0.76,0.1045,184
4,2012-09-03,3,1,9,1,0,2,0.7,0.6667,0.84,0.1343,121
4,2012-09-03,3,1,9,1,0,2,0.7,0.6667,0.84,0.2537,70
1,2012-09-04,3,1,9,2,1,2,0.7,0.6667,0.84,0.2537,29
1,2012-09-04,3,1,9,2,1,1,0.68,0.6364,0.82,0.1343,24
1,2012-09-04,3,1,9,2,1,1,0.68,0.6364,0.82,0.1343,5
1,2012-09-04,3,1,9,2,1,2,0.66,0.5909,0.89,0.0896,10
1,2012-09-04,3,1,9,2,1,2,0.66,0.5909,0.89,0.0,8
1,2012-09-04,3,1,9,2,1,2,0.66,0.5909,0.89,0.0,38
2,2012-09-04,3,1,9,2,1,2,0.68,0.6364,0.89,0.1045,172
2,2012-09-04,3,1,9,2,1,2,0.68,0.6364,0.89,0.1045,493
2,2012-09-04,3,1,9,2,1,1,0.7,0.6667,0.84,0.1642,632
2,2012-09-04,3,1,9,2,1,2,0.72,0.697,0.79,0.2239,323
2,2012-09-04,3,1,9,2,1,2,0.72,0.697,0.74,0.2537,172
2,2012-09-04,3,1,9,2,1,2,0.74,0.697,0.7,0.2836,198
3,2012-09-04,3,1,9,2,1,1,0.76,0.7273,0.7,0.2836,287
3,2012-09-04,3,1,9,2,1,1,0.8,0.7576,0.55,0.4478,275
3,2012-09-04,3,1,9,2,1,1,0.8,0.7576,0.55,0.4179,274
3,2012-09-04,3,1,9,2,1,1,0.8,0.7727,0.59,0.4627,292
3,2012-09-04,3,1,9,2,1,1,0.76,0.7273,0.7,0.4179,458
3,2012-09-04,3,1,9,2,1,1,0.76,0.7273,0.7,0.3582,856
4,2012-09-04,3,1,9,2,1,1,0.76,0.7424,0.75,0.2239,839
4,2012-09-04,3,1,9,2,1,1,0.76,0.7273,0.7,0.2239,552
4,2012-09-04,3,1,9,2,1,1,0.74,0.697,0.7,0.2537,385
4,2012-09-04,3,1,9,2,1,1,0.74,0.7121,0.74,0.2537,268
4,2012-09-04,3,1,9,2,1,1,0.74,0.697,0.7,0.2836,179
4,2012-09-04,3,1,9,2,1,1,0.72,0.697,0.74,0.2985,95
1,2012-09-05,3,1,9,3,1,1,0.72,0.697,0.74,0.2537,37
1,2012-09-05,3,1,9,3,1,1,0.7,0.6667,0.84,0.194,13
1,2012-09-05,3,1,9,3,1,1,0.7,0.6667,0.84,0.194,9
1,2012-09-05,3,1,9,3,1,1,0.7,0.6667,0.79,0.2836,4
1,2012-09-05,3,1,9,3,1,1,0.7,0.6667,0.79,0.2836,5
1,2012-09-05,3,1,9,3,1,2,0.7,0.6667,0.79,0.2985,40
2,2012-09-05,3,1,9,3,1,1,0.7,0.6667,0.79,0.2836,210
2,2012-09-05,3,1,9,3,1,2,0.7,0.6667,0.79,0.2537,500
2,2012-09-05,3,1,9,3,1,1,0.72,0.697,0.74,0.194,725
2,2012-09-05,3,1,9,3,1,1,0.74,0.697,0.7,0.2537,290
2,2012-09-05,3,1,9,3,1,2,0.76,0.7273,0.7,0.1642,235
2,2012-09-05,3,1,9,3,1,2,0.78,0.7424,0.62,0.1642,217
3,2012-09-05,3,1,9,3,1,1,0.78,0.7727,0.7,0.1045,266
3,2012-09-05,3,1,9,3,1,1,0.8,0.7879,0.63,0.1642,234
3,2012-09-05,3,1,9,3,1,1,0.82,0.7879,0.56,0.1045,211
3,2012-09-05,3,1,9,3,1,1,0.78,0.7727,0.7,0.194,245
3,2012-09-05,3,1,9,3,1,1,0.76,0.7273,0.7,0.2537,430
3,2012-09-05,3,1,9,3,1,1,0.76,0.7273,0.66,0.2537,863
4,2012-09-05,3,1,9,3,1,1,0.76,0.7424,0.75,0.194,839
4,2012-09-05,3,1,9,3,1,1,0.74,0.697,0.7,0.1642,662
4,2012-09-05,3,1,9,3,1,1,0.72,0.7121,0.84,0.1642,412
4,2012-09-05,3,1,9,3,1,1,0.72,0.697,0.79,0.0,296
4,2012-09-05,3,1,9,3,1,1,0.72,0.697,0.79,0.0,219
4,2012-09-05,3,1,9,3,1,1,0.7,0.6667,0.84,0.0896,150
1,2012-09-06,3,1,9,4,1,2,0.7,0.6667,0.84,0.0896,65
1,2012-09-06,3,1,9,4,1,2,0.7,0.6667,0.84,0.0,18
1,2012-09-06,3,1,9,4,1,1,0.72,0.697,0.79,0.0,8
1,2012-09-06,3,1,9,4,1,1,0.7,0.6667,0.84,0.1045,9
1,2012-09-06,3,1,9,4,1,2,0.7,0.6667,0.84,0.0896,8
1,2012-09-06,3,1,9,4,1,2,0.7,0.6667,0.84,0.194,38
2,2012-09-06,3,1,9,4,1,2,0.7,0.6667,0.84,0.0896,200
2,2012-09-06,3,1,9,4,1,2,0.7,0.6667,0.84,0.1045,482
2,2012-09-06,3,1,9,4,1,3,0.7,0.6667,0.79,0.0,646
2,2012-09-06,3,1,9,4,1,3,0.66,0.5909,0.94,0.1343,123
2,2012-09-06,3,1,9,4,1,3,0.66,0.5909,0.94,0.1343,49
2,2012-09-06,3,1,9,4,1,3,0.7,0.6667,0.84,0.1642,62
3,2012-09-06,3,1,9,4,1,2,0.72,0.697,0.79,0.2239,137
3,2012-09-06,3,1,9,4,1,2,0.72,0.697,0.79,0.1045,191
3,2012-09-06,3,1,9,4,1,1,0.74,0.7121,0.74,0.0896,216
3,2012-09-06,3,1,9,4,1,1,0.74,0.697,0.66,0.194,270
3,2012-09-06,3,1,9,4,1,1,0.74,0.697,0.7,0.2239,416
3,2012-09-06,3,1,9,4,1,1,0.74,0.697,0.7,0.2537,808
4,2012-09-06,3,1,9,4,1,1,0.72,0.6818,0.7,0.2537,835
4,2012-09-06,3,1,9,4,1,1,0.68,0.6364,0.74,0.2537,558
4,2012-09-06,3,1,9,4,1,1,0.66,0.6061,0.78,0.2239,406
4,2012-09-06,3,1,9,4,1,1,0.64,0.5758,0.89,0.1642,272
4,2012-09-06,3,1,9,4,1,1,0.64,0.5758,0.89,0.1642,217
4,2012-09-06,3,1,9,4,1,1,0.64,0.5758,0.89,0.1642,169
1,2012-09-07,3,1,9,5,1,1,0.64,0.5758,0.89,0.1343,96
1,2012-09-07,3,1,9,5,1,1,0.62,0.5606,0.88,0.1045,29
1,2012-09-07,3,1,9,5,1,1,0.62,0.5758,0.83,0.0896,11
1,2012-09-07,3,1,9,5,1,1,0.62,0.5758,0.83,0.0896,9
1,2012-09-07,3,1,9,5,1,1,0.62,0.5606,0.88,0.0,8
1,2012-09-07,3,1,9,5,1,1,0.62,0.5606,0.88,0.0,40
2,2012-09-07,3,1,9,5,1,1,0.62,0.5606,0.88,0.1045,140
2,2012-09-07,3,1,9,5,1,1,0.64,0.5758,0.89,0.1045,486
2,2012-09-07,3,1,9,5,1,1,0.66,0.6061,0.83,0.1045,719
2,2012-09-07,3,1,9,5,1,1,0.7,0.6667,0.79,0.1343,344
2,2012-09-07,3,1,9,5,1,1,0.72,0.697,0.74,0.1343,224
2,2012-09-07,3,1,9,5,1,1,0.76,0.7121,0.62,0.1343,296
3,2012-09-07,3,1,9,5,1,1,0.78,0.7424,0.59,0.1642,323
3,2012-09-07,3,1,9,5,1,1,0.8,0.7727,0.59,0.2537,354
3,2012-09-07,3,1,9,5,1,1,0.8,0.7727,0.59,0.2537,253
3,2012-09-07,3,1,9,5,1,1,0.8,0.7576,0.55,0.2537,331
3,2012-09-07,3,1,9,5,1,1,0.8,0.7576,0.55,0.2836,470
3,2012-09-07,3,1,9,5,1,1,0.78,0.7424,0.59,0.3284,772
4,2012-09-07,3,1,9,5,1,1,0.76,0.7121,0.62,0.2985,792
4,2012-09-07,3,1,9,5,1,1,0.74,0.6818,0.62,0.2836,568
4,2012-09-07,3,1,9,5,1,1,0.72,0.6818,0.66,0.2239,391
4,2012-09-07,3,1,9,5,1,1,0.7,0.6667,0.74,0.1642,301
4,2012-09-07,3,1,9,5,1,1,0.7,0.6667,0.74,0.2239,299
4,2012-09-07,3,1,9,5,1,1,0.66,0.5909,0.89,0.2537,248
1,2012-09-08,3,1,9,6,0,1,0.66,0.5909,0.89,0.2537,150
1,2012-09-08,3,1,9,6,0,2,0.66,0.5909,0.89,0.2836,117
1,2012-09-08,3,1,9,6,0,1,0.66,0.5909,0.89,0.3284,77
1,2012-09-08,3,1,9,6,0,2,0.66,0.5909,0.89,0.2239,43
1,2012-09-08,3,1,9,6,0,2,0.66,0.5909,0.94,0.2239,11
1,2012-09-08,3,1,9,6,0,2,0.66,0.5909,0.94,0.2537,15
2,2012-09-08,3,1,9,6,0,2,0.66,0.5909,0.89,0.2836,34
2,2012-09-08,3,1,9,6,0,1,0.66,0.5909,0.89,0.2836,82
2,2012-09-08,3,1,9,6,0,1,0.7,0.6667,0.79,0.3284,230
2,2012-09-08,3,1,9,6,0,1,0.7,0.6667,0.74,0.3881,348
2,2012-09-08,3,1,9,6,0,1,0.74,0.697,0.7,0.3881,422
2,2012-09-08,3,1,9,6,0,1,0.76,0.7121,0.62,0.4478,578
3,2012-09-08,3,1,9,6,0,1,0.8,0.7576,0.55,0.4925,694
3,2012-09-08,3,1,9,6,0,1,0.82,0.7727,0.52,0.5224,668
3,2012-09-08,3,1,9,6,0,1,0.82,0.7727,0.52,0.4478,626
3,2012-09-08,3,1,9,6,0,3,0.56,0.5303,0.88,0.2537,512
3,2012-09-08,3,1,9,6,0,3,0.56,0.5303,0.88,0.194,114
3,2012-09-08,3,1,9,6,0,3,0.58,0.5455,0.83,0.194,171
4,2012-09-08,3,1,9,6,0,3,0.58,0.5455,0.83,0.1343,167
4,2012-09-08,3,1,9,6,0,3,0.58,0.5455,0.88,0.1045,215
4,2012-09-08,3,1,9,6,0,2,0.58,0.5455,0.88,0.0896,194
4,2012-09-08,3,1,9,6,0,2,0.6,0.5606,0.83,0.1642,181
4,2012-09-08,3,1,9,6,0,2,0.58,0.5455,0.78,0.2985,194
4,2012-09-08,3,1,9,6,0,2,0.58,0.5455,0.73,0.1642,133
1,2012-09-09,3,1,9,0,0,2,0.56,0.5303,0.73,0.194,124
1,2012-09-09,3,1,9,0,0,1,0.56,0.5303,0.73,0.2239,124
1,2012-09-09,3,1,9,0,0,1,0.54,0.5152,0.77,0.2836,96
1,2012-09-09,3,1,9,0,0,1,0.54,0.5152,0.73,0.2239,46
1,2012-09-09,3,1,9,0,0,1,0.52,0.5,0.77,0.2537,28
1,2012-09-09,3,1,9,0,0,1,0.52,0.5,0.77,0.194,55
2,2012-09-09,3,1,9,0,0,1,0.52,0.5,0.77,0.194,35
2,2012-09-09,3,1,9,0,0,1,0.54,0.5152,0.73,0.1642,70
2,2012-09-09,3,1,9,0,0,1,0.58,0.5455,0.68,0.2239,170
2,2012-09-09,3,1,9,0,0,1,0.62,0.6061,0.61,0.2537,299
2,2012-09-09,3,1,9,0,0,1,0.64,0.6212,0.57,0.2985,495
2,2012-09-09,3,1,9,0,0,1,0.66,0.6212,0.47,0.2537,585
3,2012-09-09,3,1,9,0,0,1,0.66,0.6212,0.47,0.0,757
3,2012-09-09,3,1,9,0,0,1,0.68,0.6364,0.39,0.0,729
3,2012-09-09,3,1,9,0,0,1,0.72,0.6515,0.3,0.2836,647
3,2012-09-09,3,1,9,0,0,1,0.72,0.6515,0.32,0.2537,696
3,2012-09-09,3,1,9,0,0,1,0.68,0.6364,0.36,0.2836,701
3,2012-09-09,3,1,9,0,0,1,0.7,0.6364,0.37,0.2537,671
4,2012-09-09,3,1,9,0,0,1,0.66,0.6212,0.36,0.2537,560
4,2012-09-09,3,1,9,0,0,1,0.66,0.6212,0.36,0.2537,496
4,2012-09-09,3,1,9,0,0,1,0.62,0.6212,0.41,0.2836,356
4,2012-09-09,3,1,9,0,0,1,0.6,0.6212,0.46,0.2239,206
4,2012-09-09,3,1,9,0,0,1,0.58,0.5455,0.49,0.2537,189
4,2012-09-09,3,1,9,0,0,1,0.56,0.5303,0.52,0.2836,92
1,2012-09-10,3,1,9,1,1,1,0.56,0.5303,0.52,0.2836,41
1,2012-09-10,3,1,9,1,1,1,0.54,0.5152,0.6,0.194,18
1,2012-09-10,3,1,9,1,1,1,0.54,0.5152,0.6,0.3582,17
1,2012-09-10,3,1,9,1,1,1,0.52,0.5,0.68,0.2836,12
1,2012-09-10,3,1,9,1,1,1,0.52,0.5,0.68,0.2836,5
1,2012-09-10,3,1,9,1,1,1,0.5,0.4848,0.72,0.2537,40
2,2012-09-10,3,1,9,1,1,1,0.5,0.4848,0.72,0.1343,180
2,2012-09-10,3,1,9,1,1,1,0.52,0.5,0.68,0.2239,447
2,2012-09-10,3,1,9,1,1,1,0.56,0.5303,0.6,0.2836,730
2,2012-09-10,3,1,9,1,1,1,0.6,0.6212,0.53,0.2985,361
2,2012-09-10,3,1,9,1,1,1,0.62,0.6212,0.5,0.2836,210
2,2012-09-10,3,1,9,1,1,1,0.62,0.6212,0.43,0.2985,236
3,2012-09-10,3,1,9,1,1,1,0.64,0.6212,0.44,0.3881,332
3,2012-09-10,3,1,9,1,1,1,0.64,0.6212,0.38,0.2239,323
3,2012-09-10,3,1,9,1,1,1,0.66,0.6212,0.36,0.2836,340
3,2012-09-10,3,1,9,1,1,1,0.66,0.6212,0.31,0.3881,346
3,2012-09-10,3,1,9,1,1,1,0.66,0.6212,0.34,0.3284,488
3,2012-09-10,3,1,9,1,1,1,0.66,0.6212,0.34,0.3284,871
4,2012-09-10,3,1,9,1,1,1,0.62,0.6212,0.35,0.2985,968
4,2012-09-10,3,1,9,1,1,1,0.62,0.6212,0.38,0.2985,633
4,2012-09-10,3,1,9,1,1,1,0.6,0.6212,0.4,0.194,390
4,2012-09-10,3,1,9,1,1,1,0.56,0.5303,0.49,0.1642,285
4,2012-09-10,3,1,9,1,1,1,0.54,0.5152,0.52,0.1343,159
4,2012-09-10,3,1,9,1,1,1,0.54,0.5152,0.52,0.0,93
1,2012-09-11,3,1,9,2,1,1,0.52,0.5,0.59,0.1045,32
1,2012-09-11,3,1,9,2,1,1,0.5,0.4848,0.63,0.0,10
1,2012-09-11,3,1,9,2,1,1,0.48,0.4697,0.77,0.1642,6
1,2012-09-11,3,1,9,2,1,1,0.48,0.4697,0.67,0.1343,8
1,2012-09-11,3,1,9,2,1,1,0.48,0.4697,0.72,0.1045,9
1,2012-09-11,3,1,9,2,1,1,0.46,0.4545,0.72,0.0896,44
2,2012-09-11,3,1,9,2,1,1,0.46,0.4545,0.77,0.1045,211
2,2012-09-11,3,1,9,2,1,1,0.5,0.4848,0.72,0.1045,596
2,2012-09-11,3,1,9,2,1,1,0.54,0.5152,0.68,0.0896,750
2,2012-09-11,3,1,9,2,1,1,0.6,0.6212,0.49,0.0,358
2,2012-09-11,3,1,9,2,1,1,0.62,0.6212,0.38,0.0,196
2,2012-09-11,3,1,9,2,1,1,0.64,0.6212,0.33,0.0896,247
3,2012-09-11,3,1,9,2,1,1,0.64,0.6212,0.33,0.0,316
3,2012-09-11,3,1,9,2,1,1,0.66,0.6212,0.29,0.0896,328
3,2012-09-11,3,1,9,2,1,1,0.68,0.6212,0.3,0.0896,255
3,2012-09-11,3,1,9,2,1,1,0.7,0.6364,0.28,0.1045,326
3,2012-09-11,3,1,9,2,1,1,0.7,0.6364,0.28,0.1343,536
3,2012-09-11,3,1,9,2,1,1,0.7,0.6364,0.28,0.0,970
4,2012-09-11,3,1,9,2,1,1,0.64,0.6212,0.36,0.1642,877
4,2012-09-11,3,1,9,2,1,1,0.62,0.6212,0.41,0.194,596
4,2012-09-11,3,1,9,2,1,1,0.58,0.5455,0.56,0.1343,461
4,2012-09-11,3,1,9,2,1,1,0.56,0.5303,0.6,0.1045,310
4,2012-09-11,3,1,9,2,1,1,0.56,0.5303,0.64,0.1045,216
4,2012-09-11,3,1,9,2,1,1,0.54,0.5152,0.68,0.1045,109
1,2012-09-12,3,1,9,3,1,1,0.52,0.5,0.72,0.1045,49
1,2012-09-12,3,1,9,3,1,1,0.52,0.5,0.72,0.1045,21
1,2012-09-12,3,1,9,3,1,1,0.52,0.5,0.72,0.0896,11
1,2012-09-12,3,1,9,3,1,1,0.5,0.4848,0.77,0.0896,7
1,2012-09-12,3,1,9,3,1,1,0.5,0.4848,0.72,0.0896,5
1,2012-09-12,3,1,9,3,1,1,0.5,0.4848,0.72,0.0896,48
2,2012-09-12,3,1,9,3,1,1,0.5,0.4848,0.72,0.0896,205
2,2012-09-12,3,1,9,3,1,1,0.52,0.5,0.72,0.0,557
2,2012-09-12,3,1,9,3,1,1,0.56,0.5303,0.64,0.1045,770
2,2012-09-12,3,1,9,3,1,1,0.6,0.6061,0.64,0.1343,328
2,2012-09-12,3,1,9,3,1,1,0.62,0.6061,0.61,0.1343,205
2,2012-09-12,3,1,9,3,1,1,0.66,0.6212,0.5,0.194,232
3,2012-09-12,3,1,9,3,1,1,0.68,0.6364,0.36,0.1343,352
3,2012-09-12,3,1,9,3,1,1,0.7,0.6364,0.34,0.1343,323
3,2012-09-12,3,1,9,3,1,1,0.7,0.6364,0.37,0.1642,278
3,2012-09-12,3,1,9,3,1,1,0.72,0.6515,0.37,0.1343,318
3,2012-09-12,3,1,9,3,1,1,0.72,0.6515,0.37,0.1642,509
3,2012-09-12,3,1,9,3,1,1,0.7,0.6364,0.41,0.2985,925
4,2012-09-12,3,1,9,3,1,1,0.66,0.6212,0.44,0.2537,977
4,2012-09-12,3,1,9,3,1,1,0.64,0.6212,0.5,0.194,635
4,2012-09-12,3,1,9,3,1,1,0.62,0.6212,0.57,0.1343,470
4,2012-09-12,3,1,9,3,1,1,0.6,0.6061,0.6,0.1343,306
4,2012-09-12,3,1,9,3,1,1,0.56,0.5303,0.64,0.0896,212
4,2012-09-12,3,1,9,3,1,1,0.56,0.5303,0.68,0.1045,127
1,2012-09-13,3,1,9,4,1,1,0.56,0.5303,0.73,0.0896,57
1,2012-09-13,3,1,9,4,1,1,0.54,0.5152,0.77,0.0896,28
1,2012-09-13,3,1,9,4,1,1,0.54,0.5152,0.77,0.0,9
1,2012-09-13,3,1,9,4,1,1,0.52,0.5,0.83,0.0,11
1,2012-09-13,3,1,9,4,1,1,0.52,0.5,0.83,0.0,6
1,2012-09-13,3,1,9,4,1,1,0.52,0.5,0.83,0.0,57
2,2012-09-13,3,1,9,4,1,1,0.5,0.4848,0.82,0.0,195
2,2012-09-13,3,1,9,4,1,1,0.54,0.5152,0.77,0.0,571
2,2012-09-13,3,1,9,4,1,1,0.56,0.5303,0.73,0.0,758
2,2012-09-13,3,1,9,4,1,1,0.6,0.6061,0.64,0.0896,338
2,2012-09-13,3,1,9,4,1,1,0.64,0.6212,0.61,0.0896,212
2,2012-09-13,3,1,9,4,1,1,0.66,0.6212,0.5,0.1642,254
3,2012-09-13,3,1,9,4,1,1,0.68,0.6364,0.44,0.1045,297
3,2012-09-13,3,1,9,4,1,1,0.7,0.6364,0.42,0.0,283
3,2012-09-13,3,1,9,4,1,1,0.72,0.6515,0.39,0.1343,274
3,2012-09-13,3,1,9,4,1,1,0.72,0.6515,0.42,0.1045,352
3,2012-09-13,3,1,9,4,1,1,0.72,0.6515,0.39,0.0896,491
3,2012-09-13,3,1,9,4,1,1,0.72,0.6515,0.42,0.194,884
4,2012-09-13,3,1,9,4,1,1,0.68,0.6364,0.57,0.2537,852
4,2012-09-13,3,1,9,4,1,1,0.64,0.6061,0.65,0.1343,674
4,2012-09-13,3,1,9,4,1,1,0.62,0.6061,0.69,0.1045,463
4,2012-09-13,3,1,9,4,1,1,0.62,0.6061,0.65,0.1045,317
4,2012-09-13,3,1,9,4,1,1,0.6,0.5909,0.69,0.1343,251
4,2012-09-13,3,1,9,4,1,1,0.58,0.5455,0.73,0.1045,170
1,2012-09-14,3,1,9,5,1,1,0.56,0.5303,0.73,0.0896,87
1,2012-09-14,3,1,9,5,1,1,0.56,0.5303,0.73,0.0896,41
1,2012-09-14,3,1,9,5,1,1,0.56,0.5303,0.73,0.0,30
1,2012-09-14,3,1,9,5,1,1,0.54,0.5152,0.77,0.0,14
1,2012-09-14,3,1,9,5,1,1,0.54,0.5152,0.77,0.0,12
1,2012-09-14,3,1,9,5,1,1,0.54,0.5152,0.83,0.0,41
2,2012-09-14,3,1,9,5,1,1,0.54,0.5152,0.88,0.0,152
2,2012-09-14,3,1,9,5,1,2,0.56,0.5303,0.88,0.0,454
2,2012-09-14,3,1,9,5,1,2,0.6,0.5758,0.78,0.1642,766
2,2012-09-14,3,1,9,5,1,2,0.62,0.5909,0.78,0.1642,347
2,2012-09-14,3,1,9,5,1,2,0.68,0.6364,0.65,0.0,246
2,2012-09-14,3,1,9,5,1,2,0.68,0.6364,0.61,0.1045,280
3,2012-09-14,3,1,9,5,1,2,0.7,0.6515,0.54,0.194,409
3,2012-09-14,3,1,9,5,1,2,0.7,0.6515,0.54,0.194,408
3,2012-09-14,3,1,9,5,1,2,0.72,0.6515,0.45,0.1642,371
3,2012-09-14,3,1,9,5,1,2,0.72,0.6667,0.48,0.1343,367
3,2012-09-14,3,1,9,5,1,2,0.72,0.6667,0.51,0.0,563
3,2012-09-14,3,1,9,5,1,1,0.72,0.6667,0.51,0.194,894
4,2012-09-14,3,1,9,5,1,1,0.72,0.6515,0.45,0.2239,808
4,2012-09-14,3,1,9,5,1,1,0.68,0.6364,0.57,0.1642,579
4,2012-09-14,3,1,9,5,1,1,0.66,0.6212,0.61,0.1045,404
4,2012-09-14,3,1,9,5,1,1,0.64,0.6061,0.73,0.2239,312
4,2012-09-14,3,1,9,5,1,1,0.62,0.5758,0.83,0.194,229
4,2012-09-14,3,1,9,5,1,1,0.62,0.5909,0.78,0.0896,195
1,2012-09-15,3,1,9,6,0,1,0.6,0.5606,0.83,0.1045,207
1,2012-09-15,3,1,9,6,0,1,0.6,0.5909,0.73,0.0,109
1,2012-09-15,3,1,9,6,0,1,0.58,0.5455,0.78,0.1045,93
1,2012-09-15,3,1,9,6,0,1,0.6,0.5909,0.73,0.2537,37
1,2012-09-15,3,1,9,6,0,2,0.6,0.5909,0.69,0.3582,6
1,2012-09-15,3,1,9,6,0,1,0.58,0.5455,0.6,0.5224,16
2,2012-09-15,3,1,9,6,0,1,0.54,0.5152,0.49,0.4179,33
2,2012-09-15,3,1,9,6,0,1,0.54,0.5152,0.52,0.2836,73
2,2012-09-15,3,1,9,6,0,1,0.56,0.5303,0.49,0.4179,212
2,2012-09-15,3,1,9,6,0,1,0.6,0.6212,0.43,0.4179,342
2,2012-09-15,3,1,9,6,0,1,0.62,0.6212,0.41,0.3881,442
2,2012-09-15,3,1,9,6,0,1,0.64,0.6212,0.38,0.3881,627
3,2012-09-15,3,1,9,6,0,1,0.66,0.6212,0.36,0.3582,706
3,2012-09-15,3,1,9,6,0,1,0.68,0.6364,0.36,0.194,704
3,2012-09-15,3,1,9,6,0,1,0.68,0.6364,0.34,0.3284,715
3,2012-09-15,3,1,9,6,0,2,0.68,0.6364,0.34,0.2836,654
3,2012-09-15,3,1,9,6,0,2,0.66,0.6212,0.36,0.2239,783
3,2012-09-15,3,1,9,6,0,2,0.66,0.6212,0.36,0.2537,729
4,2012-09-15,3,1,9,6,0,2,0.64,0.6212,0.36,0.2836,614
4,2012-09-15,3,1,9,6,0,1,0.62,0.6212,0.41,0.1642,478
4,2012-09-15,3,1,9,6,0,1,0.6,0.6212,0.43,0.0896,330
4,2012-09-15,3,1,9,6,0,1,0.56,0.5303,0.52,0.1045,296
4,2012-09-15,3,1,9,6,0,1,0.56,0.5303,0.52,0.0,279
4,2012-09-15,3,1,9,6,0,1,0.54,0.5152,0.6,0.0,229
1,2012-09-16,3,1,9,0,0,1,0.54,0.5152,0.64,0.0,151
1,2012-09-16,3,1,9,0,0,1,0.54,0.5152,0.64,0.0,117
1,2012-09-16,3,1,9,0,0,1,0.52,0.5,0.63,0.0,89
1,2012-09-16,3,1,9,0,0,1,0.5,0.4848,0.68,0.0,48
1,2012-09-16,3,1,9,0,0,1,0.5,0.4848,0.72,0.0,8
1,2012-09-16,3,1,9,0,0,1,0.5,0.4848,0.72,0.0,13
2,2012-09-16,3,1,9,0,0,1,0.5,0.4848,0.72,0.0,35
2,2012-09-16,3,1,9,0,0,1,0.5,0.4848,0.77,0.1045,71
2,2012-09-16,3,1,9,0,0,1,0.54,0.5152,0.64,0.1642,128
2,2012-09-16,3,1,9,0,0,1,0.58,0.5455,0.6,0.1343,296
2,2012-09-16,3,1,9,0,0,1,0.62,0.6212,0.5,0.1045,490
2,2012-09-16,3,1,9,0,0,1,0.64,0.6212,0.47,0.1642,559
3,2012-09-16,3,1,9,0,0,1,0.66,0.6212,0.44,0.1642,656
3,2012-09-16,3,1,9,0,0,1,0.64,0.6212,0.41,0.1642,694
3,2012-09-16,3,1,9,0,0,1,0.66,0.6212,0.39,0.1343,635
3,2012-09-16,3,1,9,0,0,1,0.64,0.6212,0.41,0.1642,557
3,2012-09-16,3,1,9,0,0,1,0.64,0.6212,0.44,0.1642,596
3,2012-09-16,3,1,9,0,0,1,0.66,0.6212,0.41,0.0,570
4,2012-09-16,3,1,9,0,0,1,0.62,0.6212,0.5,0.1642,481
4,2012-09-16,3,1,9,0,0,1,0.62,0.6212,0.5,0.1343,403
4,2012-09-16,3,1,9,0,0,1,0.6,0.6212,0.53,0.1045,324
4,2012-09-16,3,1,9,0,0,1,0.6,0.6212,0.56,0.1045,191
4,2012-09-16,3,1,9,0,0,1,0.56,0.5303,0.68,0.0896,127
4,2012-09-16,3,1,9,0,0,1,0.54,0.5152,0.68,0.1045,94
1,2012-09-17,3,1,9,1,1,1,0.54,0.5152,0.68,0.1642,45
1,2012-09-17,3,1,9,1,1,1,0.52,0.5,0.72,0.0896,21
1,2012-09-17,3,1,9,1,1,1,0.52,0.5,0.72,0.0,13
1,2012-09-17,3,1,9,1,1,1,0.5,0.4848,0.77,0.0896,7
1,2012-09-17,3,1,9,1,1,1,0.5,0.4848,0.77,0.0,11
1,2012-09-17,3,1,9,1,1,1,0.48,0.4697,0.82,0.0896,45
2,2012-09-17,3,1,9,1,1,1,0.48,0.4697,0.82,0.0,164
2,2012-09-17,3,1,9,1,1,1,0.52,0.5,0.77,0.0,492
2,2012-09-17,3,1,9,1,1,1,0.54,0.5152,0.77,0.0896,683
2,2012-09-17,3,1,9,1,1,1,0.58,0.5455,0.68,0.1343,299
2,2012-09-17,3,1,9,1,1,2,0.62,0.6061,0.65,0.194,202
2,2012-09-17,3,1,9,1,1,2,0.62,0.6061,0.69,0.2239,252
3,2012-09-17,3,1,9,1,1,2,0.62,0.6061,0.69,0.194,295
3,2012-09-17,3,1,9,1,1,1,0.64,0.6061,0.65,0.2537,343
3,2012-09-17,3,1,9,1,1,2,0.64,0.6061,0.65,0.2537,332
3,2012-09-17,3,1,9,1,1,2,0.64,0.6061,0.65,0.2537,338
3,2012-09-17,3,1,9,1,1,2,0.64,0.6061,0.69,0.2537,453
3,2012-09-17,3,1,9,1,1,2,0.64,0.6061,0.65,0.2239,842
4,2012-09-17,3,1,9,1,1,2,0.62,0.5909,0.73,0.1642,774
4,2012-09-17,3,1,9,1,1,2,0.62,0.5909,0.73,0.1045,486
4,2012-09-17,3,1,9,1,1,2,0.62,0.5909,0.73,0.1343,340
4,2012-09-17,3,1,9,1,1,3,0.62,0.5758,0.83,0.2239,233
4,2012-09-17,3,1,9,1,1,3,0.62,0.5758,0.83,0.2537,129
4,2012-09-17,3,1,9,1,1,3,0.6,0.5152,0.94,0.2537,70
1,2012-09-18,3,1,9,2,1,3,0.6,0.5152,0.94,0.2537,13
1,2012-09-18,3,1,9,2,1,3,0.6,0.5152,0.94,0.194,5
1,2012-09-18,3,1,9,2,1,3,0.6,0.5152,0.94,0.194,4
1,2012-09-18,3,1,9,2,1,2,0.62,0.5455,0.94,0.2836,6
1,2012-09-18,3,1,9,2,1,2,0.62,0.5455,0.94,0.3582,7
1,2012-09-18,3,1,9,2,1,2,0.64,0.5758,0.89,0.3284,48
2,2012-09-18,3,1,9,2,1,2,0.64,0.5758,0.89,0.3284,167
2,2012-09-18,3,1,9,2,1,2,0.64,0.5758,0.89,0.4478,356
2,2012-09-18,3,1,9,2,1,2,0.66,0.6061,0.83,0.5522,672
2,2012-09-18,3,1,9,2,1,2,0.66,0.6061,0.83,0.5821,293
2,2012-09-18,3,1,9,2,1,3,0.68,0.6364,0.79,0.6418,160
2,2012-09-18,3,1,9,2,1,2,0.68,0.6364,0.79,0.6418,151
3,2012-09-18,3,1,9,2,1,3,0.68,0.6364,0.83,0.4478,88
3,2012-09-18,3,1,9,2,1,2,0.7,0.6667,0.74,0.5821,114
3,2012-09-18,3,1,9,2,1,3,0.6,0.5152,0.94,0.4627,143
3,2012-09-18,3,1,9,2,1,3,0.6,0.5455,0.88,0.2537,36
3,2012-09-18,3,1,9,2,1,3,0.6,0.5455,0.88,0.2985,141
3,2012-09-18,3,1,9,2,1,3,0.6,0.5455,0.88,0.194,338
4,2012-09-18,3,1,9,2,1,2,0.6,0.5455,0.88,0.1642,281
4,2012-09-18,3,1,9,2,1,2,0.6,0.5455,0.88,0.2985,324
4,2012-09-18,3,1,9,2,1,2,0.6,0.5455,0.88,0.194,290
4,2012-09-18,3,1,9,2,1,2,0.6,0.5455,0.88,0.194,207
4,2012-09-18,3,1,9,2,1,3,0.58,0.5455,0.83,0.4627,151
4,2012-09-18,3,1,9,2,1,2,0.56,0.5303,0.83,0.2239,78
1,2012-09-19,3,1,9,3,1,2,0.56,0.5303,0.68,0.2836,26
1,2012-09-19,3,1,9,3,1,2,0.54,0.5152,0.68,0.2537,12
1,2012-09-19,3,1,9,3,1,2,0.54,0.5152,0.64,0.3284,3
1,2012-09-19,3,1,9,3,1,2,0.52,0.5,0.63,0.2537,5
1,2012-09-19,3,1,9,3,1,2,0.52,0.5,0.68,0.3582,10
1,2012-09-19,3,1,9,3,1,2,0.52,0.5,0.68,0.2836,56
2,2012-09-19,3,1,9,3,1,1,0.52,0.5,0.63,0.2537,172
2,2012-09-19,3,1,9,3,1,1,0.52,0.5,0.63,0.2239,545
2,2012-09-19,3,1,9,3,1,1,0.52,0.5,0.59,0.2239,797
2,2012-09-19,3,1,9,3,1,1,0.54,0.5152,0.6,0.2537,362
2,2012-09-19,3,1,9,3,1,1,0.56,0.5303,0.52,0.194,192
2,2012-09-19,3,1,9,3,1,1,0.6,0.6212,0.43,0.2537,247
3,2012-09-19,3,1,9,3,1,1,0.6,0.6212,0.43,0.2537,313
3,2012-09-19,3,1,9,3,1,1,0.6,0.6212,0.4,0.2537,289
3,2012-09-19,3,1,9,3,1,1,0.62,0.6212,0.38,0.2537,286
3,2012-09-19,3,1,9,3,1,1,0.62,0.6212,0.35,0.0,311
3,2012-09-19,3,1,9,3,1,1,0.62,0.6212,0.35,0.0,466
3,2012-09-19,3,1,9,3,1,1,0.6,0.6212,0.38,0.2239,886
4,2012-09-19,3,1,9,3,1,1,0.58,0.5455,0.4,0.2836,892
4,2012-09-19,3,1,9,3,1,1,0.56,0.5303,0.43,0.2239,611
4,2012-09-19,3,1,9,3,1,1,0.52,0.5,0.48,0.1642,409
4,2012-09-19,3,1,9,3,1,1,0.5,0.4848,0.59,0.1642,349
4,2012-09-19,3,1,9,3,1,1,0.5,0.4848,0.63,0.0896,229
4,2012-09-19,3,1,9,3,1,1,0.48,0.4697,0.67,0.0896,123
1,2012-09-20,3,1,9,4,1,1,0.5,0.4848,0.63,0.0,58
1,2012-09-20,3,1,9,4,1,1,0.46,0.4545,0.72,0.1045,18
1,2012-09-20,3,1,9,4,1,1,0.46,0.4545,0.72,0.0896,11
1,2012-09-20,3,1,9,4,1,1,0.44,0.4394,0.77,0.0,6
1,2012-09-20,3,1,9,4,1,1,0.44,0.4394,0.77,0.1045,6
1,2012-09-20,3,1,9,4,1,1,0.44,0.4394,0.77,0.1045,56
2,2012-09-20,3,1,9,4,1,1,0.44,0.4394,0.77,0.0,170
2,2012-09-20,3,1,9,4,1,1,0.46,0.4545,0.82,0.1045,534
2,2012-09-20,3,1,9,4,1,1,0.5,0.4848,0.68,0.0896,790
2,2012-09-20,3,1,9,4,1,1,0.56,0.5303,0.6,0.0896,355
2,2012-09-20,3,1,9,4,1,1,0.58,0.5455,0.53,0.0896,190
2,2012-09-20,3,1,9,4,1,1,0.62,0.6212,0.43,0.0,243
3,2012-09-20,3,1,9,4,1,1,0.62,0.6212,0.43,0.1343,290
3,2012-09-20,3,1,9,4,1,1,0.64,0.6212,0.44,0.1343,336
3,2012-09-20,3,1,9,4,1,1,0.64,0.6212,0.47,0.194,298
3,2012-09-20,3,1,9,4,1,1,0.66,0.6212,0.47,0.194,291
3,2012-09-20,3,1,9,4,1,1,0.64,0.6212,0.47,0.1642,457
3,2012-09-20,3,1,9,4,1,1,0.64,0.6212,0.5,0.2239,976
4,2012-09-20,3,1,9,4,1,1,0.6,0.6212,0.56,0.2537,900
4,2012-09-20,3,1,9,4,1,1,0.58,0.5455,0.6,0.2239,603
4,2012-09-20,3,1,9,4,1,1,0.56,0.5303,0.64,0.1343,417
4,2012-09-20,3,1,9,4,1,1,0.56,0.5303,0.64,0.194,274
4,2012-09-20,3,1,9,4,1,1,0.54,0.5152,0.73,0.1045,287
4,2012-09-20,3,1,9,4,1,1,0.54,0.5152,0.68,0.1045,154
1,2012-09-21,3,1,9,5,1,1,0.54,0.5152,0.68,0.0,66
1,2012-09-21,3,1,9,5,1,1,0.52,0.5,0.72,0.0,49
1,2012-09-21,3,1,9,5,1,1,0.52,0.5,0.72,0.0,14
1,2012-09-21,3,1,9,5,1,1,0.5,0.4848,0.77,0.0896,12
1,2012-09-21,3,1,9,5,1,1,0.5,0.4848,0.77,0.0,10
1,2012-09-21,3,1,9,5,1,1,0.5,0.4848,0.82,0.0,49
2,2012-09-21,3,1,9,5,1,1,0.5,0.4848,0.77,0.0896,165
2,2012-09-21,3,1,9,5,1,1,0.52,0.5,0.77,0.0,503
2,2012-09-21,3,1,9,5,1,1,0.54,0.5152,0.73,0.1343,757
2,2012-09-21,3,1,9,5,1,1,0.58,0.5455,0.68,0.1343,383
2,2012-09-21,3,1,9,5,1,1,0.62,0.6061,0.61,0.2239,225
2,2012-09-21,3,1,9,5,1,1,0.66,0.6212,0.57,0.2239,321
3,2012-09-21,3,1,9,5,1,1,0.68,0.6364,0.57,0.1642,389
3,2012-09-21,3,1,9,5,1,1,0.7,0.6515,0.54,0.1642,421
3,2012-09-21,3,1,9,5,1,1,0.7,0.6515,0.54,0.2985,412
3,2012-09-21,3,1,9,5,1,1,0.7,0.6515,0.54,0.2239,423
3,2012-09-21,3,1,9,5,1,1,0.7,0.6515,0.54,0.194,567
3,2012-09-21,3,1,9,5,1,1,0.68,0.6364,0.57,0.2836,846
4,2012-09-21,3,1,9,5,1,1,0.66,0.6212,0.61,0.2537,805
4,2012-09-21,3,1,9,5,1,1,0.64,0.6061,0.65,0.2537,588
4,2012-09-21,3,1,9,5,1,1,0.62,0.6061,0.69,0.194,369
4,2012-09-21,3,1,9,5,1,1,0.6,0.5909,0.73,0.2537,312
4,2012-09-21,3,1,9,5,1,1,0.6,0.5909,0.73,0.194,295
4,2012-09-21,3,1,9,5,1,1,0.6,0.5909,0.73,0.3284,186
1,2012-09-22,3,1,9,6,0,1,0.6,0.5909,0.73,0.2836,172
1,2012-09-22,3,1,9,6,0,1,0.58,0.5455,0.83,0.2985,124
1,2012-09-22,3,1,9,6,0,1,0.56,0.5303,0.88,0.2537,83
1,2012-09-22,3,1,9,6,0,1,0.56,0.5303,0.83,0.2836,45
1,2012-09-22,3,1,9,6,0,1,0.56,0.5303,0.83,0.2836,15
1,2012-09-22,3,1,9,6,0,1,0.56,0.5303,0.83,0.3284,17
2,2012-09-22,3,1,9,6,0,1,0.56,0.5303,0.83,0.2985,41
2,2012-09-22,3,1,9,6,0,1,0.58,0.5455,0.78,0.2537,77
2,2012-09-22,3,1,9,6,0,1,0.6,0.5909,0.73,0.2985,218
2,2012-09-22,3,1,9,6,0,1,0.64,0.6061,0.69,0.2537,377
2,2012-09-22,3,1,9,6,0,1,0.66,0.6212,0.65,0.3284,474
2,2012-09-22,3,1,9,6,0,1,0.7,0.6515,0.58,0.2836,626
3,2012-09-22,3,1,9,6,0,1,0.72,0.6667,0.54,0.2985,688
3,2012-09-22,3,1,9,6,0,1,0.74,0.6667,0.51,0.3582,707
3,2012-09-22,3,1,9,6,0,1,0.76,0.6818,0.48,0.2836,654
3,2012-09-22,3,1,9,6,0,1,0.74,0.6667,0.48,0.3881,750
3,2012-09-22,3,1,9,6,0,1,0.74,0.6667,0.51,0.3284,680
3,2012-09-22,3,1,9,6,0,1,0.74,0.6667,0.51,0.3284,646
4,2012-09-22,3,1,9,6,0,1,0.72,0.6667,0.54,0.2836,598
4,2012-09-22,3,1,9,6,0,1,0.7,0.6515,0.58,0.194,407
4,2012-09-22,3,1,9,6,0,1,0.7,0.6515,0.54,0.2537,325
4,2012-09-22,3,1,9,6,0,1,0.64,0.6212,0.57,0.2537,261
4,2012-09-22,3,1,9,6,0,1,0.62,0.6212,0.57,0.194,239
4,2012-09-22,3,1,9,6,0,1,0.62,0.6212,0.5,0.194,171
1,2012-09-23,4,1,9,0,0,1,0.62,0.6212,0.38,0.2537,180
1,2012-09-23,4,1,9,0,0,1,0.54,0.5152,0.52,0.3582,142
1,2012-09-23,4,1,9,0,0,1,0.52,0.5,0.48,0.2537,95
1,2012-09-23,4,1,9,0,0,1,0.48,0.4697,0.55,0.2985,54
1,2012-09-23,4,1,9,0,0,1,0.46,0.4545,0.55,0.2239,10
1,2012-09-23,4,1,9,0,0,1,0.46,0.4545,0.59,0.2537,6
2,2012-09-23,4,1,9,0,0,1,0.44,0.4394,0.62,0.2537,16
2,2012-09-23,4,1,9,0,0,1,0.46,0.4545,0.59,0.2239,57
2,2012-09-23,4,1,9,0,0,1,0.48,0.4697,0.55,0.3582,175
2,2012-09-23,4,1,9,0,0,1,0.5,0.4848,0.51,0.3284,276
2,2012-09-23,4,1,9,0,0,1,0.54,0.5152,0.45,0.2537,489
2,2012-09-23,4,1,9,0,0,1,0.56,0.5303,0.46,0.2537,570
3,2012-09-23,4,1,9,0,0,1,0.56,0.5303,0.43,0.1045,776
3,2012-09-23,4,1,9,0,0,1,0.6,0.6212,0.38,0.1642,702
3,2012-09-23,4,1,9,0,0,1,0.6,0.6212,0.38,0.194,666
3,2012-09-23,4,1,9,0,0,1,0.6,0.6212,0.33,0.2239,640
3,2012-09-23,4,1,9,0,0,1,0.6,0.6212,0.33,0.3284,691
3,2012-09-23,4,1,9,0,0,1,0.56,0.5303,0.35,0.2985,723
4,2012-09-23,4,1,9,0,0,1,0.54,0.5152,0.37,0.194,540
4,2012-09-23,4,1,9,0,0,1,0.52,0.5,0.42,0.1642,413
4,2012-09-23,4,1,9,0,0,1,0.52,0.5,0.42,0.1642,252
4,2012-09-23,4,1,9,0,0,2,0.52,0.5,0.48,0.1045,196
4,2012-09-23,4,1,9,0,0,1,0.52,0.5,0.48,0.0,138
4,2012-09-23,4,1,9,0,0,2,0.5,0.4848,0.59,0.1045,100
1,2012-09-24,4,1,9,1,1,1,0.46,0.4545,0.63,0.194,64
1,2012-09-24,4,1,9,1,1,1,0.46,0.4545,0.67,0.1343,18
1,2012-09-24,4,1,9,1,1,2,0.46,0.4545,0.63,0.1343,8
1,2012-09-24,4,1,9,1,1,1,0.46,0.4545,0.63,0.1642,5
1,2012-09-24,4,1,9,1,1,1,0.44,0.4394,0.67,0.1045,8
1,2012-09-24,4,1,9,1,1,1,0.46,0.4545,0.63,0.0,37
2,2012-09-24,4,1,9,1,1,1,0.46,0.4545,0.59,0.0,168
2,2012-09-24,4,1,9,1,1,1,0.46,0.4545,0.67,0.1343,530
2,2012-09-24,4,1,9,1,1,1,0.5,0.4848,0.55,0.194,750
2,2012-09-24,4,1,9,1,1,1,0.52,0.5,0.52,0.194,328
2,2012-09-24,4,1,9,1,1,1,0.54,0.5152,0.49,0.2239,198
2,2012-09-24,4,1,9,1,1,1,0.56,0.5303,0.37,0.194,238
3,2012-09-24,4,1,9,1,1,1,0.56,0.5303,0.35,0.2985,342
3,2012-09-24,4,1,9,1,1,1,0.6,0.6212,0.31,0.2985,328
3,2012-09-24,4,1,9,1,1,1,0.6,0.6061,0.28,0.0,303
3,2012-09-24,4,1,9,1,1,1,0.6,0.6212,0.31,0.0,300
3,2012-09-24,4,1,9,1,1,1,0.58,0.5455,0.3,0.2537,516
3,2012-09-24,4,1,9,1,1,1,0.58,0.5455,0.3,0.0,898
4,2012-09-24,4,1,9,1,1,1,0.54,0.5152,0.37,0.1642,853
4,2012-09-24,4,1,9,1,1,1,0.52,0.5,0.39,0.1343,590
4,2012-09-24,4,1,9,1,1,1,0.52,0.5,0.52,0.1045,432
4,2012-09-24,4,1,9,1,1,1,0.5,0.4848,0.51,0.1343,256
4,2012-09-24,4,1,9,1,1,1,0.5,0.4848,0.51,0.2239,172
4,2012-09-24,4,1,9,1,1,1,0.46,0.4545,0.63,0.1343,94
1,2012-09-25,4,1,9,2,1,1,0.46,0.4545,0.67,0.1642,64
1,2012-09-25,4,1,9,2,1,1,0.44,0.4394,0.72,0.1343,13
1,2012-09-25,4,1,9,2,1,1,0.42,0.4242,0.77,0.1343,14
1,2012-09-25,4,1,9,2,1,1,0.42,0.4242,0.71,0.0896,5
1,2012-09-25,4,1,9,2,1,1,0.42,0.4242,0.71,0.1343,9
1,2012-09-25,4,1,9,2,1,1,0.42,0.4242,0.77,0.0896,47
2,2012-09-25,4,1,9,2,1,1,0.44,0.4394,0.77,0.2239,194
2,2012-09-25,4,1,9,2,1,1,0.44,0.4394,0.77,0.194,556
2,2012-09-25,4,1,9,2,1,1,0.48,0.4697,0.67,0.194,805
2,2012-09-25,4,1,9,2,1,1,0.54,0.5152,0.56,0.2537,409
2,2012-09-25,4,1,9,2,1,1,0.56,0.5303,0.52,0.2985,170
2,2012-09-25,4,1,9,2,1,1,0.6,0.6212,0.46,0.2985,218
3,2012-09-25,4,1,9,2,1,1,0.62,0.6212,0.43,0.2836,302
3,2012-09-25,4,1,9,2,1,1,0.64,0.6212,0.47,0.2537,305
3,2012-09-25,4,1,9,2,1,1,0.66,0.6212,0.39,0.3284,293
3,2012-09-25,4,1,9,2,1,1,0.66,0.6212,0.36,0.3284,303
3,2012-09-25,4,1,9,2,1,1,0.66,0.6212,0.39,0.2985,495
3,2012-09-25,4,1,9,2,1,1,0.66,0.6212,0.39,0.2836,967
4,2012-09-25,4,1,9,2,1,1,0.64,0.6212,0.41,0.2239,822
4,2012-09-25,4,1,9,2,1,1,0.62,0.6212,0.5,0.2537,539
4,2012-09-25,4,1,9,2,1,1,0.6,0.6212,0.56,0.2985,425
4,2012-09-25,4,1,9,2,1,1,0.6,0.6212,0.56,0.2985,297
4,2012-09-25,4,1,9,2,1,1,0.6,0.6212,0.56,0.2836,188
4,2012-09-25,4,1,9,2,1,1,0.6,0.6212,0.56,0.3284,98
1,2012-09-26,4,1,9,3,1,1,0.58,0.5455,0.64,0.2985,40
1,2012-09-26,4,1,9,3,1,1,0.58,0.5455,0.64,0.3284,29
1,2012-09-26,4,1,9,3,1,2,0.58,0.5455,0.64,0.2836,17
1,2012-09-26,4,1,9,3,1,2,0.58,0.5455,0.64,0.2836,10
1,2012-09-26,4,1,9,3,1,1,0.56,0.5303,0.73,0.2537,14
1,2012-09-26,4,1,9,3,1,1,0.56,0.5303,0.73,0.2239,36
2,2012-09-26,4,1,9,3,1,1,0.54,0.5152,0.73,0.194,182
2,2012-09-26,4,1,9,3,1,1,0.54,0.5152,0.77,0.1343,532
2,2012-09-26,4,1,9,3,1,1,0.56,0.5303,0.73,0.2985,838
2,2012-09-26,4,1,9,3,1,1,0.6,0.6061,0.64,0.194,334
2,2012-09-26,4,1,9,3,1,1,0.6,0.5909,0.73,0.2836,185
2,2012-09-26,4,1,9,3,1,1,0.64,0.6212,0.61,0.2537,227
3,2012-09-26,4,1,9,3,1,1,0.68,0.6364,0.61,0.2239,316
3,2012-09-26,4,1,9,3,1,1,0.7,0.6515,0.58,0.2239,340
3,2012-09-26,4,1,9,3,1,1,0.74,0.6667,0.48,0.2836,277
3,2012-09-26,4,1,9,3,1,1,0.74,0.6667,0.48,0.2985,300
3,2012-09-26,4,1,9,3,1,1,0.74,0.6667,0.45,0.2836,468
3,2012-09-26,4,1,9,3,1,1,0.74,0.6667,0.48,0.2985,953
4,2012-09-26,4,1,9,3,1,1,0.74,0.6667,0.48,0.2239,884
4,2012-09-26,4,1,9,3,1,1,0.7,0.6515,0.54,0.1642,627
4,2012-09-26,4,1,9,3,1,1,0.66,0.6212,0.69,0.194,434
4,2012-09-26,4,1,9,3,1,1,0.66,0.6212,0.65,0.194,360
4,2012-09-26,4,1,9,3,1,3,0.62,0.6061,0.69,0.194,215
4,2012-09-26,4,1,9,3,1,2,0.6,0.5758,0.78,0.2537,115
1,2012-09-27,4,1,9,4,1,1,0.6,0.5758,0.78,0.0896,65
1,2012-09-27,4,1,9,4,1,1,0.6,0.5758,0.78,0.0896,21
1,2012-09-27,4,1,9,4,1,1,0.6,0.5758,0.78,0.0896,16
1,2012-09-27,4,1,9,4,1,1,0.6,0.5758,0.78,0.0,7
1,2012-09-27,4,1,9,4,1,1,0.56,0.5303,0.94,0.1343,8
1,2012-09-27,4,1,9,4,1,1,0.58,0.5455,0.83,0.0,66
2,2012-09-27,4,1,9,4,1,1,0.56,0.5303,0.88,0.0896,169
2,2012-09-27,4,1,9,4,1,1,0.6,0.5758,0.78,0.0,558
2,2012-09-27,4,1,9,4,1,1,0.62,0.6061,0.71,0.0896,794
2,2012-09-27,4,1,9,4,1,1,0.66,0.6212,0.65,0.0,335
2,2012-09-27,4,1,9,4,1,2,0.7,0.6515,0.51,0.2836,208
2,2012-09-27,4,1,9,4,1,2,0.72,0.6667,0.51,0.1642,294
3,2012-09-27,4,1,9,4,1,2,0.74,0.6667,0.48,0.1343,335
3,2012-09-27,4,1,9,4,1,2,0.74,0.6667,0.48,0.0,326
3,2012-09-27,4,1,9,4,1,2,0.76,0.6818,0.45,0.0896,258
3,2012-09-27,4,1,9,4,1,2,0.76,0.6818,0.45,0.0,296
3,2012-09-27,4,1,9,4,1,2,0.72,0.6667,0.58,0.3284,472
3,2012-09-27,4,1,9,4,1,2,0.66,0.6212,0.69,0.2985,905
4,2012-09-27,4,1,9,4,1,2,0.66,0.6212,0.69,0.2239,899
4,2012-09-27,4,1,9,4,1,1,0.66,0.6212,0.65,0.1343,559
4,2012-09-27,4,1,9,4,1,2,0.64,0.6061,0.69,0.2239,457
4,2012-09-27,4,1,9,4,1,3,0.62,0.5758,0.83,0.2985,253
4,2012-09-27,4,1,9,4,1,3,0.62,0.5758,0.83,0.2985,47
4,2012-09-27,4,1,9,4,1,3,0.62,0.5758,0.83,0.1642,45
1,2012-09-28,4,1,9,5,1,3,0.6,0.5455,0.88,0.1642,17
1,2012-09-28,4,1,9,5,1,3,0.6,0.5455,0.88,0.0,13
1,2012-09-28,4,1,9,5,1,3,0.6,0.5455,0.88,0.2985,10
1,2012-09-28,4,1,9,5,1,2,0.6,0.5606,0.83,0.1343,7
1,2012-09-28,4,1,9,5,1,3,0.56,0.5303,0.88,0.1045,12
1,2012-09-28,4,1,9,5,1,1,0.56,0.5303,0.88,0.0,38
2,2012-09-28,4,1,9,5,1,2,0.56,0.5303,0.94,0.0896,138
2,2012-09-28,4,1,9,5,1,2,0.56,0.5303,0.94,0.0,394
2,2012-09-28,4,1,9,5,1,1,0.6,0.5606,0.83,0.0896,705
2,2012-09-28,4,1,9,5,1,2,0.62,0.5758,0.83,0.1045,426
2,2012-09-28,4,1,9,5,1,2,0.64,0.5909,0.78,0.1343,245
2,2012-09-28,4,1,9,5,1,2,0.66,0.6212,0.69,0.0,361
3,2012-09-28,4,1,9,5,1,2,0.7,0.6515,0.54,0.2537,380
3,2012-09-28,4,1,9,5,1,2,0.7,0.6515,0.51,0.2537,410
3,2012-09-28,4,1,9,5,1,2,0.7,0.6515,0.54,0.2537,399
3,2012-09-28,4,1,9,5,1,2,0.68,0.6364,0.54,0.2836,392
3,2012-09-28,4,1,9,5,1,2,0.66,0.6212,0.5,0.2239,502
3,2012-09-28,4,1,9,5,1,2,0.66,0.6212,0.54,0.2985,808
4,2012-09-28,4,1,9,5,1,2,0.64,0.6212,0.5,0.2239,667
4,2012-09-28,4,1,9,5,1,3,0.62,0.6212,0.5,0.2537,508
4,2012-09-28,4,1,9,5,1,3,0.6,0.6212,0.53,0.1642,336
4,2012-09-28,4,1,9,5,1,3,0.6,0.6212,0.53,0.194,237
4,2012-09-28,4,1,9,5,1,2,0.58,0.5455,0.53,0.2239,220
4,2012-09-28,4,1,9,5,1,2,0.56,0.5303,0.56,0.194,190
1,2012-09-29,4,1,9,6,0,1,0.54,0.5152,0.6,0.2239,149
1,2012-09-29,4,1,9,6,0,1,0.54,0.5152,0.6,0.2239,101
1,2012-09-29,4,1,9,6,0,2,0.54,0.5152,0.56,0.2239,92
1,2012-09-29,4,1,9,6,0,2,0.52,0.5,0.59,0.194,29
1,2012-09-29,4,1,9,6,0,1,0.52,0.5,0.59,0.2537,14
1,2012-09-29,4,1,9,6,0,1,0.5,0.4848,0.63,0.194,15
2,2012-09-29,4,1,9,6,0,1,0.5,0.4848,0.63,0.2537,37
2,2012-09-29,4,1,9,6,0,1,0.48,0.4697,0.67,0.2836,73
2,2012-09-29,4,1,9,6,0,1,0.5,0.4848,0.68,0.2836,211
2,2012-09-29,4,1,9,6,0,1,0.5,0.4848,0.63,0.194,332
2,2012-09-29,4,1,9,6,0,1,0.54,0.5152,0.56,0.2537,472
2,2012-09-29,4,1,9,6,0,1,0.56,0.5303,0.52,0.2836,663
3,2012-09-29,4,1,9,6,0,1,0.62,0.6212,0.41,0.2985,682
3,2012-09-29,4,1,9,6,0,1,0.62,0.6212,0.41,0.2985,686
3,2012-09-29,4,1,9,6,0,1,0.6,0.6212,0.4,0.2537,750
3,2012-09-29,4,1,9,6,0,1,0.6,0.6212,0.43,0.2537,727
3,2012-09-29,4,1,9,6,0,1,0.62,0.6212,0.41,0.2537,722
3,2012-09-29,4,1,9,6,0,1,0.6,0.6212,0.38,0.3582,712
4,2012-09-29,4,1,9,6,0,1,0.56,0.5303,0.46,0.194,594
4,2012-09-29,4,1,9,6,0,1,0.52,0.5,0.55,0.1642,470
4,2012-09-29,4,1,9,6,0,1,0.52,0.5,0.55,0.194,315
4,2012-09-29,4,1,9,6,0,1,0.52,0.5,0.55,0.1343,292
4,2012-09-29,4,1,9,6,0,1,0.5,0.4848,0.63,0.1045,221
4,2012-09-29,4,1,9,6,0,1,0.5,0.4848,0.59,0.0896,196
1,2012-09-30,4,1,9,0,0,1,0.5,0.4848,0.59,0.0,147
1,2012-09-30,4,1,9,0,0,1,0.5,0.4848,0.59,0.0,116
1,2012-09-30,4,1,9,0,0,1,0.48,0.4697,0.63,0.0,92
1,2012-09-30,4,1,9,0,0,1,0.46,0.4545,0.67,0.0896,58
1,2012-09-30,4,1,9,0,0,1,0.46,0.4545,0.67,0.0896,7
1,2012-09-30,4,1,9,0,0,1,0.44,0.4394,0.72,0.0,10
2,2012-09-30,4,1,9,0,0,1,0.44,0.4394,0.72,0.0896,22
2,2012-09-30,4,1,9,0,0,1,0.44,0.4394,0.77,0.0,57
2,2012-09-30,4,1,9,0,0,1,0.48,0.4697,0.67,0.1045,144
2,2012-09-30,4,1,9,0,0,1,0.52,0.5,0.63,0.1045,285
2,2012-09-30,4,1,9,0,0,1,0.58,0.5455,0.46,0.1642,479
2,2012-09-30,4,1,9,0,0,1,0.6,0.6212,0.43,0.2239,591
3,2012-09-30,4,1,9,0,0,1,0.62,0.6212,0.41,0.2985,680
3,2012-09-30,4,1,9,0,0,1,0.62,0.6212,0.41,0.2537,594
3,2012-09-30,4,1,9,0,0,1,0.62,0.6212,0.41,0.2537,612
3,2012-09-30,4,1,9,0,0,1,0.64,0.6212,0.36,0.2537,649
3,2012-09-30,4,1,9,0,0,1,0.64,0.6212,0.36,0.2239,648
3,2012-09-30,4,1,9,0,0,1,0.62,0.6212,0.35,0.2836,575
4,2012-09-30,4,1,9,0,0,1,0.52,0.5,0.59,0.4478,401
4,2012-09-30,4,1,9,0,0,3,0.5,0.4848,0.72,0.1343,257
4,2012-09-30,4,1,9,0,0,3,0.5,0.4848,0.72,0.1343,194
4,2012-09-30,4,1,9,0,0,1,0.5,0.4848,0.68,0.0,123
4,2012-09-30,4,1,9,0,0,1,0.48,0.4697,0.72,0.0,91
4,2012-09-30,4,1,9,0,0,1,0.48,0.4697,0.72,0.0896,57
1,2012-10-01,4,1,10,1,1,1,0.46,0.4545,0.72,0.1045,45
1,2012-10-01,4,1,10,1,1,1,0.44,0.4394,0.77,0.0896,18
1,2012-10-01,4,1,10,1,1,1,0.46,0.4545,0.72,0.0,12
1,2012-10-01,4,1,10,1,1,1,0.44,0.4394,0.77,0.0,7
1,2012-10-01,4,1,10,1,1,1,0.42,0.4242,0.82,0.1045,10
1,2012-10-01,4,1,10,1,1,1,0.44,0.4394,0.77,0.0,36
2,2012-10-01,4,1,10,1,1,1,0.44,0.4394,0.77,0.1045,155
2,2012-10-01,4,1,10,1,1,1,0.44,0.4394,0.77,0.1642,483
2,2012-10-01,4,1,10,1,1,2,0.46,0.4545,0.77,0.1045,784
2,2012-10-01,4,1,10,1,1,2,0.52,0.5,0.63,0.0,340
2,2012-10-01,4,1,10,1,1,1,0.54,0.5152,0.56,0.0,179
2,2012-10-01,4,1,10,1,1,1,0.58,0.5455,0.46,0.0,272
3,2012-10-01,4,1,10,1,1,2,0.6,0.6212,0.43,0.1642,323
3,2012-10-01,4,1,10,1,1,2,0.6,0.6212,0.43,0.1642,305
3,2012-10-01,4,1,10,1,1,2,0.6,0.6212,0.43,0.1045,244
3,2012-10-01,4,1,10,1,1,2,0.62,0.6212,0.43,0.1343,329
3,2012-10-01,4,1,10,1,1,2,0.62,0.6212,0.46,0.2537,459
3,2012-10-01,4,1,10,1,1,3,0.56,0.5303,0.6,0.2537,856
4,2012-10-01,4,1,10,1,1,3,0.56,0.5303,0.64,0.1045,613
4,2012-10-01,4,1,10,1,1,2,0.54,0.5152,0.68,0.1045,516
4,2012-10-01,4,1,10,1,1,3,0.54,0.5152,0.68,0.0,262
4,2012-10-01,4,1,10,1,1,2,0.54,0.5152,0.73,0.1343,218
4,2012-10-01,4,1,10,1,1,3,0.54,0.5152,0.77,0.0896,207
4,2012-10-01,4,1,10,1,1,3,0.54,0.5152,0.77,0.0,105
1,2012-10-02,4,1,10,2,1,2,0.56,0.5303,0.73,0.0,31
1,2012-10-02,4,1,10,2,1,2,0.54,0.5152,0.77,0.1045,11
1,2012-10-02,4,1,10,2,1,2,0.54,0.5152,0.77,0.1045,2
1,2012-10-02,4,1,10,2,1,2,0.54,0.5152,0.88,0.194,5
1,2012-10-02,4,1,10,2,1,2,0.56,0.5303,0.83,0.0896,10
1,2012-10-02,4,1,10,2,1,2,0.56,0.5303,0.83,0.1343,43
2,2012-10-02,4,1,10,2,1,3,0.58,0.5455,0.83,0.1045,179
2,2012-10-02,4,1,10,2,1,3,0.58,0.5455,0.83,0.1045,260
2,2012-10-02,4,1,10,2,1,3,0.6,0.5455,0.88,0.0,134
2,2012-10-02,4,1,10,2,1,3,0.58,0.5455,0.88,0.1343,86
2,2012-10-02,4,1,10,2,1,3,0.58,0.5455,0.88,0.1343,45
2,2012-10-02,4,1,10,2,1,3,0.58,0.5455,0.94,0.1343,99
3,2012-10-02,4,1,10,2,1,2,0.6,0.5455,0.88,0.194,104
3,2012-10-02,4,1,10,2,1,2,0.6,0.5455,0.88,0.1343,154
3,2012-10-02,4,1,10,2,1,3,0.6,0.5455,0.88,0.1343,163
3,2012-10-02,4,1,10,2,1,3,0.62,0.5758,0.83,0.1343,209
3,2012-10-02,4,1,10,2,1,3,0.62,0.5606,0.88,0.1343,374
3,2012-10-02,4,1,10,2,1,3,0.62,0.5606,0.88,0.1045,715
4,2012-10-02,4,1,10,2,1,3,0.62,0.5455,0.94,0.0896,687
4,2012-10-02,4,1,10,2,1,3,0.62,0.5455,0.94,0.0,395
4,2012-10-02,4,1,10,2,1,3,0.62,0.5455,0.94,0.1343,306
4,2012-10-02,4,1,10,2,1,3,0.62,0.5455,0.94,0.1045,289
4,2012-10-02,4,1,10,2,1,2,0.62,0.5455,0.94,0.1045,240
4,2012-10-02,4,1,10,2,1,2,0.62,0.5455,0.94,0.0,98
1,2012-10-03,4,1,10,3,1,3,0.62,0.5455,0.94,0.0,52
1,2012-10-03,4,1,10,3,1,2,0.62,0.5455,0.94,0.0,19
1,2012-10-03,4,1,10,3,1,2,0.62,0.5455,0.94,0.0,9
1,2012-10-03,4,1,10,3,1,2,0.6,0.5152,0.94,0.0,7
1,2012-10-03,4,1,10,3,1,2,0.6,0.5,1.0,0.0,11
1,2012-10-03,4,1,10,3,1,2,0.62,0.5455,0.94,0.1045,34
2,2012-10-03,4,1,10,3,1,2,0.6,0.5152,0.94,0.1343,177
2,2012-10-03,4,1,10,3,1,2,0.6,0.5152,0.94,0.194,515
2,2012-10-03,4,1,10,3,1,2,0.62,0.5606,0.88,0.1045,809
2,2012-10-03,4,1,10,3,1,2,0.62,0.5758,0.83,0.194,362
2,2012-10-03,4,1,10,3,1,1,0.66,0.6061,0.78,0.1642,175
2,2012-10-03,4,1,10,3,1,1,0.66,0.6061,0.78,0.1642,230
3,2012-10-03,4,1,10,3,1,2,0.7,0.6515,0.7,0.1045,358
3,2012-10-03,4,1,10,3,1,2,0.7,0.6667,0.74,0.1045,279
3,2012-10-03,4,1,10,3,1,2,0.72,0.6818,0.7,0.1642,251
3,2012-10-03,4,1,10,3,1,2,0.72,0.6818,0.62,0.1642,319
3,2012-10-03,4,1,10,3,1,2,0.72,0.6667,0.58,0.0,478
3,2012-10-03,4,1,10,3,1,1,0.7,0.6515,0.65,0.0,917
4,2012-10-03,4,1,10,3,1,1,0.7,0.6515,0.65,0.0,810
4,2012-10-03,4,1,10,3,1,1,0.7,0.6515,0.65,0.0,593
4,2012-10-03,4,1,10,3,1,1,0.7,0.6515,0.65,0.0,497
4,2012-10-03,4,1,10,3,1,2,0.66,0.6212,0.74,0.0,209
4,2012-10-03,4,1,10,3,1,1,0.66,0.6212,0.74,0.0,241
4,2012-10-03,4,1,10,3,1,2,0.66,0.6061,0.78,0.0,220
1,2012-10-04,4,1,10,4,1,3,0.64,0.5758,0.89,0.0,76
1,2012-10-04,4,1,10,4,1,2,0.62,0.5455,0.94,0.0,25
1,2012-10-04,4,1,10,4,1,1,0.64,0.5758,0.89,0.0,13
1,2012-10-04,4,1,10,4,1,2,0.62,0.5606,0.88,0.0,11
1,2012-10-04,4,1,10,4,1,2,0.64,0.5758,0.89,0.0,10
1,2012-10-04,4,1,10,4,1,3,0.64,0.5758,0.89,0.1045,39
2,2012-10-04,4,1,10,4,1,3,0.62,0.5455,0.94,0.0896,133
2,2012-10-04,4,1,10,4,1,2,0.64,0.5758,0.89,0.0896,391
2,2012-10-04,4,1,10,4,1,1,0.64,0.5758,0.89,0.0,738
2,2012-10-04,4,1,10,4,1,2,0.64,0.5758,0.89,0.194,359
2,2012-10-04,4,1,10,4,1,2,0.66,0.6061,0.83,0.1343,177
2,2012-10-04,4,1,10,4,1,2,0.7,0.6515,0.7,0.1045,214
3,2012-10-04,4,1,10,4,1,2,0.72,0.6667,0.54,0.194,288
3,2012-10-04,4,1,10,4,1,2,0.72,0.6667,0.58,0.3284,294
3,2012-10-04,4,1,10,4,1,1,0.7,0.6515,0.61,0.2537,267
3,2012-10-04,4,1,10,4,1,1,0.72,0.6667,0.54,0.2836,325
3,2012-10-04,4,1,10,4,1,1,0.7,0.6515,0.54,0.2836,497
3,2012-10-04,4,1,10,4,1,1,0.7,0.6515,0.51,0.2239,901
4,2012-10-04,4,1,10,4,1,1,0.66,0.6212,0.57,0.1045,887
4,2012-10-04,4,1,10,4,1,1,0.66,0.6212,0.57,0.1045,534
4,2012-10-04,4,1,10,4,1,1,0.64,0.6061,0.65,0.1045,441
4,2012-10-04,4,1,10,4,1,1,0.62,0.6061,0.69,0.0,321
4,2012-10-04,4,1,10,4,1,1,0.64,0.6212,0.47,0.1343,232
4,2012-10-04,4,1,10,4,1,1,0.6,0.6212,0.56,0.0896,155
1,2012-10-05,4,1,10,5,1,1,0.56,0.5303,0.73,0.0,102
1,2012-10-05,4,1,10,5,1,1,0.54,0.5152,0.68,0.1045,46
1,2012-10-05,4,1,10,5,1,1,0.54,0.5152,0.73,0.0896,11
1,2012-10-05,4,1,10,5,1,1,0.54,0.5152,0.73,0.0,16
1,2012-10-05,4,1,10,5,1,1,0.54,0.5152,0.77,0.0,11
1,2012-10-05,4,1,10,5,1,1,0.52,0.5,0.77,0.0,41
2,2012-10-05,4,1,10,5,1,1,0.52,0.5,0.83,0.0,137
2,2012-10-05,4,1,10,5,1,1,0.52,0.5,0.83,0.1045,428
2,2012-10-05,4,1,10,5,1,1,0.58,0.5455,0.64,0.0,785
2,2012-10-05,4,1,10,5,1,1,0.6,0.6061,0.6,0.0896,384
2,2012-10-05,4,1,10,5,1,1,0.66,0.6212,0.54,0.0,260
2,2012-10-05,4,1,10,5,1,1,0.7,0.6515,0.48,0.194,304
3,2012-10-05,4,1,10,5,1,1,0.72,0.6515,0.42,0.1642,468
3,2012-10-05,4,1,10,5,1,1,0.7,0.6515,0.48,0.0,424
3,2012-10-05,4,1,10,5,1,1,0.74,0.6515,0.37,0.2239,400
3,2012-10-05,4,1,10,5,1,1,0.72,0.6515,0.39,0.2537,470
3,2012-10-05,4,1,10,5,1,1,0.72,0.6515,0.37,0.0,634
3,2012-10-05,4,1,10,5,1,1,0.7,0.6364,0.42,0.1642,900
4,2012-10-05,4,1,10,5,1,1,0.64,0.6212,0.57,0.1343,761
4,2012-10-05,4,1,10,5,1,1,0.62,0.5909,0.73,0.1642,500
4,2012-10-05,4,1,10,5,1,1,0.6,0.5758,0.78,0.1343,372
4,2012-10-05,4,1,10,5,1,1,0.6,0.5909,0.69,0.2239,267
4,2012-10-05,4,1,10,5,1,1,0.6,0.5909,0.73,0.2836,264
4,2012-10-05,4,1,10,5,1,1,0.58,0.5455,0.78,0.2239,171
1,2012-10-06,4,1,10,6,0,1,0.56,0.5303,0.83,0.1642,191
1,2012-10-06,4,1,10,6,0,1,0.56,0.5303,0.83,0.2537,141
1,2012-10-06,4,1,10,6,0,1,0.56,0.5303,0.78,0.194,75
1,2012-10-06,4,1,10,6,0,1,0.54,0.5152,0.77,0.2239,56
1,2012-10-06,4,1,10,6,0,1,0.54,0.5152,0.83,0.2537,11
1,2012-10-06,4,1,10,6,0,1,0.54,0.5152,0.83,0.194,10
2,2012-10-06,4,1,10,6,0,1,0.54,0.5152,0.88,0.2537,30
2,2012-10-06,4,1,10,6,0,1,0.54,0.5152,0.83,0.2985,84
2,2012-10-06,4,1,10,6,0,1,0.56,0.5303,0.83,0.194,206
2,2012-10-06,4,1,10,6,0,1,0.6,0.5909,0.73,0.194,395
2,2012-10-06,4,1,10,6,0,1,0.62,0.6061,0.69,0.2836,539
2,2012-10-06,4,1,10,6,0,1,0.64,0.6061,0.65,0.2537,647
3,2012-10-06,4,1,10,6,0,1,0.7,0.6515,0.54,0.1045,743
3,2012-10-06,4,1,10,6,0,2,0.64,0.6212,0.57,0.5224,710
3,2012-10-06,4,1,10,6,0,2,0.6,0.6212,0.56,0.4179,576
3,2012-10-06,4,1,10,6,0,1,0.6,0.6212,0.46,0.4179,620
3,2012-10-06,4,1,10,6,0,1,0.6,0.6212,0.43,0.5224,659
3,2012-10-06,4,1,10,6,0,1,0.54,0.5152,0.49,0.3881,610
4,2012-10-06,4,1,10,6,0,1,0.52,0.5,0.48,0.4179,495
4,2012-10-06,4,1,10,6,0,1,0.48,0.4697,0.55,0.2239,341
4,2012-10-06,4,1,10,6,0,1,0.48,0.4697,0.55,0.2537,247
4,2012-10-06,4,1,10,6,0,1,0.46,0.4545,0.59,0.1343,215
4,2012-10-06,4,1,10,6,0,1,0.44,0.4394,0.62,0.1343,185
4,2012-10-06,4,1,10,6,0,1,0.44,0.4394,0.62,0.1343,179
1,2012-10-07,4,1,10,0,0,1,0.44,0.4394,0.62,0.1642,127
1,2012-10-07,4,1,10,0,0,1,0.44,0.4394,0.54,0.2239,109
1,2012-10-07,4,1,10,0,0,1,0.42,0.4242,0.62,0.1343,74
1,2012-10-07,4,1,10,0,0,2,0.44,0.4394,0.62,0.1343,22
1,2012-10-07,4,1,10,0,0,2,0.44,0.4394,0.54,0.2537,11
1,2012-10-07,4,1,10,0,0,2,0.44,0.4394,0.54,0.1343,10
2,2012-10-07,4,1,10,0,0,2,0.44,0.4394,0.54,0.194,23
2,2012-10-07,4,1,10,0,0,3,0.42,0.4242,0.58,0.1642,35
2,2012-10-07,4,1,10,0,0,3,0.42,0.4242,0.67,0.1343,62
2,2012-10-07,4,1,10,0,0,3,0.4,0.4091,0.71,0.1343,86
2,2012-10-07,4,1,10,0,0,2,0.42,0.4242,0.67,0.194,185
2,2012-10-07,4,1,10,0,0,2,0.42,0.4242,0.71,0.1045,336
3,2012-10-07,4,1,10,0,0,2,0.42,0.4242,0.71,0.0,392
3,2012-10-07,4,1,10,0,0,2,0.44,0.4394,0.72,0.0896,320
3,2012-10-07,4,1,10,0,0,2,0.44,0.4394,0.67,0.0,314
3,2012-10-07,4,1,10,0,0,3,0.42,0.4242,0.77,0.1343,306
3,2012-10-07,4,1,10,0,0,3,0.4,0.4091,0.82,0.1642,333
3,2012-10-07,4,1,10,0,0,3,0.4,0.4091,0.82,0.2239,157
4,2012-10-07,4,1,10,0,0,3,0.4,0.4091,0.82,0.194,106
4,2012-10-07,4,1,10,0,0,2,0.4,0.4091,0.82,0.1045,114
4,2012-10-07,4,1,10,0,0,1,0.4,0.4091,0.82,0.1343,116
4,2012-10-07,4,1,10,0,0,1,0.38,0.3939,0.87,0.1045,113
4,2012-10-07,4,1,10,0,0,1,0.38,0.3939,0.87,0.1343,79
4,2012-10-07,4,1,10,0,0,1,0.36,0.3485,0.93,0.1343,80
1,2012-10-08,4,1,10,1,0,1,0.38,0.3939,0.76,0.2836,51
1,2012-10-08,4,1,10,1,0,1,0.34,0.3333,0.87,0.1642,37
1,2012-10-08,4,1,10,1,0,1,0.34,0.3333,0.81,0.194,15
1,2012-10-08,4,1,10,1,0,1,0.34,0.3485,0.81,0.1045,10
1,2012-10-08,4,1,10,1,0,1,0.32,0.3333,0.87,0.1343,7
1,2012-10-08,4,1,10,1,0,1,0.34,0.3182,0.76,0.2239,19
2,2012-10-08,4,1,10,1,0,1,0.34,0.3485,0.76,0.1045,59
2,2012-10-08,4,1,10,1,0,2,0.34,0.3333,0.76,0.1642,154
2,2012-10-08,4,1,10,1,0,2,0.36,0.3485,0.71,0.2239,397
2,2012-10-08,4,1,10,1,0,2,0.38,0.3939,0.66,0.1642,332
2,2012-10-08,4,1,10,1,0,2,0.38,0.3939,0.68,0.1343,298
2,2012-10-08,4,1,10,1,0,2,0.4,0.4091,0.62,0.0896,308
3,2012-10-08,4,1,10,1,0,2,0.42,0.4242,0.63,0.1642,341
3,2012-10-08,4,1,10,1,0,2,0.42,0.4242,0.62,0.194,405
3,2012-10-08,4,1,10,1,0,2,0.42,0.4242,0.58,0.1045,420
3,2012-10-08,4,1,10,1,0,3,0.42,0.4242,0.58,0.194,370
3,2012-10-08,4,1,10,1,0,3,0.42,0.4242,0.58,0.194,377
3,2012-10-08,4,1,10,1,0,2,0.42,0.4242,0.66,0.2537,497
4,2012-10-08,4,1,10,1,0,2,0.42,0.4242,0.66,0.2836,456
4,2012-10-08,4,1,10,1,0,2,0.4,0.4091,0.71,0.2537,371
4,2012-10-08,4,1,10,1,0,3,0.4,0.4091,0.71,0.2239,227
4,2012-10-08,4,1,10,1,0,2,0.4,0.4091,0.76,0.2239,151
4,2012-10-08,4,1,10,1,0,3,0.4,0.4091,0.76,0.2537,107
4,2012-10-08,4,1,10,1,0,2,0.4,0.4091,0.71,0.2239,69
1,2012-10-09,4,1,10,2,1,2,0.38,0.3939,0.82,0.2239,31
1,2012-10-09,4,1,10,2,1,3,0.36,0.3485,0.87,0.2239,13
1,2012-10-09,4,1,10,2,1,3,0.36,0.3333,0.87,0.2537,7
1,2012-10-09,4,1,10,2,1,3,0.36,0.3333,0.87,0.2836,3
1,2012-10-09,4,1,10,2,1,3,0.36,0.3485,0.87,0.1642,7
1,2012-10-09,4,1,10,2,1,2,0.38,0.3939,0.82,0.194,19
2,2012-10-09,4,1,10,2,1,2,0.38,0.3939,0.82,0.2537,143
2,2012-10-09,4,1,10,2,1,1,0.38,0.3939,0.83,0.2537,362
2,2012-10-09,4,1,10,2,1,2,0.42,0.4242,0.8,0.194,713
2,2012-10-09,4,1,10,2,1,2,0.42,0.4242,0.77,0.2239,382
2,2012-10-09,4,1,10,2,1,2,0.44,0.4394,0.75,0.2239,164
2,2012-10-09,4,1,10,2,1,2,0.48,0.4697,0.69,0.194,193
3,2012-10-09,4,1,10,2,1,2,0.48,0.4697,0.69,0.194,260
3,2012-10-09,4,1,10,2,1,2,0.5,0.4848,0.67,0.1343,238
3,2012-10-09,4,1,10,2,1,2,0.54,0.5152,0.64,0.194,244
3,2012-10-09,4,1,10,2,1,2,0.52,0.5,0.63,0.1642,254
3,2012-10-09,4,1,10,2,1,2,0.5,0.4848,0.72,0.1642,424
3,2012-10-09,4,1,10,2,1,2,0.52,0.5,0.68,0.1642,806
4,2012-10-09,4,1,10,2,1,2,0.5,0.4848,0.72,0.2239,784
4,2012-10-09,4,1,10,2,1,2,0.5,0.4848,0.72,0.1642,514
4,2012-10-09,4,1,10,2,1,2,0.5,0.4848,0.72,0.1642,360
4,2012-10-09,4,1,10,2,1,2,0.48,0.4697,0.77,0.1343,225
4,2012-10-09,4,1,10,2,1,2,0.48,0.4697,0.77,0.0896,162
4,2012-10-09,4,1,10,2,1,2,0.48,0.4697,0.77,0.0896,84
1,2012-10-10,4,1,10,3,1,2,0.46,0.4545,0.88,0.0896,33
1,2012-10-10,4,1,10,3,1,2,0.46,0.4545,0.88,0.0,8
1,2012-10-10,4,1,10,3,1,2,0.46,0.4545,0.88,0.0,8
1,2012-10-10,4,1,10,3,1,2,0.46,0.4545,0.88,0.0,6
1,2012-10-10,4,1,10,3,1,2,0.46,0.4545,0.88,0.1045,6
1,2012-10-10,4,1,10,3,1,2,0.46,0.4545,0.88,0.0896,40
2,2012-10-10,4,1,10,3,1,2,0.46,0.4545,0.88,0.0896,175
2,2012-10-10,4,1,10,3,1,1,0.46,0.4545,0.82,0.1045,507
2,2012-10-10,4,1,10,3,1,1,0.5,0.4848,0.77,0.1642,839
2,2012-10-10,4,1,10,3,1,1,0.54,0.5152,0.6,0.2836,366
2,2012-10-10,4,1,10,3,1,1,0.56,0.5303,0.52,0.2985,217
2,2012-10-10,4,1,10,3,1,1,0.54,0.5152,0.52,0.194,291
3,2012-10-10,4,1,10,3,1,1,0.54,0.5152,0.56,0.2239,390
3,2012-10-10,4,1,10,3,1,1,0.56,0.5303,0.49,0.0,297
3,2012-10-10,4,1,10,3,1,1,0.6,0.6212,0.4,0.1642,271
3,2012-10-10,4,1,10,3,1,1,0.6,0.6212,0.4,0.1642,319
3,2012-10-10,4,1,10,3,1,1,0.6,0.6212,0.4,0.2239,566
3,2012-10-10,4,1,10,3,1,1,0.58,0.5455,0.43,0.2239,948
4,2012-10-10,4,1,10,3,1,2,0.56,0.5303,0.49,0.1642,844
4,2012-10-10,4,1,10,3,1,2,0.56,0.5303,0.46,0.5821,566
4,2012-10-10,4,1,10,3,1,1,0.52,0.5,0.48,0.4925,392
4,2012-10-10,4,1,10,3,1,1,0.5,0.4848,0.51,0.3582,269
4,2012-10-10,4,1,10,3,1,1,0.46,0.4545,0.55,0.2985,197
4,2012-10-10,4,1,10,3,1,1,0.44,0.4394,0.58,0.194,136
1,2012-10-11,4,1,10,4,1,1,0.44,0.4394,0.51,0.1343,42
1,2012-10-11,4,1,10,4,1,1,0.44,0.4394,0.47,0.194,11
1,2012-10-11,4,1,10,4,1,1,0.42,0.4242,0.5,0.1343,11
1,2012-10-11,4,1,10,4,1,1,0.42,0.4242,0.47,0.2985,3
1,2012-10-11,4,1,10,4,1,1,0.4,0.4091,0.5,0.2537,10
1,2012-10-11,4,1,10,4,1,1,0.36,0.3485,0.5,0.1642,42
2,2012-10-11,4,1,10,4,1,1,0.36,0.3485,0.5,0.1642,159
2,2012-10-11,4,1,10,4,1,1,0.36,0.3333,0.5,0.2537,478
2,2012-10-11,4,1,10,4,1,1,0.38,0.3939,0.46,0.3881,798
2,2012-10-11,4,1,10,4,1,1,0.4,0.4091,0.43,0.3881,355
2,2012-10-11,4,1,10,4,1,1,0.44,0.4394,0.41,0.3582,204
2,2012-10-11,4,1,10,4,1,1,0.46,0.4545,0.36,0.0,251
3,2012-10-11,4,1,10,4,1,1,0.46,0.4545,0.36,0.0,326
3,2012-10-11,4,1,10,4,1,1,0.5,0.4848,0.31,0.1045,291
3,2012-10-11,4,1,10,4,1,1,0.52,0.5,0.32,0.0896,348
3,2012-10-11,4,1,10,4,1,1,0.52,0.5,0.34,0.1642,460
3,2012-10-11,4,1,10,4,1,1,0.5,0.4848,0.36,0.1343,481
3,2012-10-11,4,1,10,4,1,1,0.5,0.4848,0.39,0.2836,827
4,2012-10-11,4,1,10,4,1,1,0.46,0.4545,0.44,0.1642,692
4,2012-10-11,4,1,10,4,1,1,0.44,0.4394,0.51,0.1343,743
4,2012-10-11,4,1,10,4,1,1,0.42,0.4242,0.62,0.1642,415
4,2012-10-11,4,1,10,4,1,1,0.42,0.4242,0.62,0.1343,260
4,2012-10-11,4,1,10,4,1,1,0.4,0.4091,0.66,0.1642,177
4,2012-10-11,4,1,10,4,1,1,0.42,0.4242,0.58,0.0896,186
1,2012-10-12,4,1,10,5,1,1,0.4,0.4091,0.66,0.1045,68
1,2012-10-12,4,1,10,5,1,1,0.4,0.4091,0.66,0.0896,37
1,2012-10-12,4,1,10,5,1,1,0.4,0.4091,0.66,0.0896,16
1,2012-10-12,4,1,10,5,1,1,0.36,0.3636,0.76,0.0896,6
1,2012-10-12,4,1,10,5,1,1,0.36,0.3636,0.76,0.1045,8
1,2012-10-12,4,1,10,5,1,1,0.36,0.3636,0.81,0.0896,35
2,2012-10-12,4,1,10,5,1,1,0.34,0.3485,0.81,0.0896,143
2,2012-10-12,4,1,10,5,1,1,0.36,0.3636,0.81,0.0896,392
2,2012-10-12,4,1,10,5,1,1,0.42,0.4242,0.71,0.0896,745
2,2012-10-12,4,1,10,5,1,1,0.5,0.4848,0.39,0.2985,400
2,2012-10-12,4,1,10,5,1,1,0.52,0.5,0.36,0.2985,275
2,2012-10-12,4,1,10,5,1,1,0.54,0.5152,0.37,0.3582,313
3,2012-10-12,4,1,10,5,1,1,0.54,0.5152,0.39,0.4627,387
3,2012-10-12,4,1,10,5,1,1,0.56,0.5303,0.37,0.3881,381
3,2012-10-12,4,1,10,5,1,1,0.56,0.5303,0.37,0.4627,371
3,2012-10-12,4,1,10,5,1,1,0.52,0.5,0.42,0.4478,455
3,2012-10-12,4,1,10,5,1,1,0.46,0.4545,0.41,0.3582,520
3,2012-10-12,4,1,10,5,1,1,0.46,0.4545,0.38,0.3881,837
4,2012-10-12,4,1,10,5,1,1,0.44,0.4394,0.38,0.2985,642
4,2012-10-12,4,1,10,5,1,1,0.42,0.4242,0.41,0.2239,493
4,2012-10-12,4,1,10,5,1,1,0.42,0.4242,0.47,0.1343,308
4,2012-10-12,4,1,10,5,1,1,0.4,0.4091,0.54,0.194,190
4,2012-10-12,4,1,10,5,1,1,0.4,0.4091,0.47,0.2985,160
4,2012-10-12,4,1,10,5,1,1,0.36,0.3485,0.57,0.194,100
1,2012-10-13,4,1,10,6,0,1,0.36,0.3636,0.57,0.0896,249
1,2012-10-13,4,1,10,6,0,1,0.34,0.3333,0.53,0.1343,146
1,2012-10-13,4,1,10,6,0,1,0.34,0.3333,0.53,0.194,67
1,2012-10-13,4,1,10,6,0,1,0.32,0.303,0.66,0.2239,15
1,2012-10-13,4,1,10,6,0,1,0.3,0.303,0.65,0.1642,11
1,2012-10-13,4,1,10,6,0,1,0.3,0.2879,0.61,0.194,11
2,2012-10-13,4,1,10,6,0,1,0.3,0.2879,0.61,0.194,28
2,2012-10-13,4,1,10,6,0,1,0.3,0.303,0.61,0.1642,70
2,2012-10-13,4,1,10,6,0,1,0.34,0.3485,0.53,0.1045,174
2,2012-10-13,4,1,10,6,0,1,0.36,0.3636,0.5,0.0896,266
2,2012-10-13,4,1,10,6,0,1,0.4,0.4091,0.43,0.0,347
2,2012-10-13,4,1,10,6,0,1,0.42,0.4242,0.35,0.1343,527
3,2012-10-13,4,1,10,6,0,1,0.44,0.4394,0.35,0.0,573
3,2012-10-13,4,1,10,6,0,1,0.46,0.4545,0.36,0.194,670
3,2012-10-13,4,1,10,6,0,1,0.48,0.4697,0.33,0.194,597
3,2012-10-13,4,1,10,6,0,1,0.5,0.4848,0.36,0.194,615
3,2012-10-13,4,1,10,6,0,1,0.5,0.4848,0.31,0.194,637
3,2012-10-13,4,1,10,6,0,1,0.46,0.4545,0.38,0.1642,528
4,2012-10-13,4,1,10,6,0,1,0.46,0.4545,0.44,0.1343,473
4,2012-10-13,4,1,10,6,0,1,0.44,0.4394,0.44,0.1642,332
4,2012-10-13,4,1,10,6,0,1,0.4,0.4091,0.54,0.0896,255
4,2012-10-13,4,1,10,6,0,1,0.4,0.4091,0.58,0.194,204
4,2012-10-13,4,1,10,6,0,1,0.4,0.4091,0.62,0.0,189
4,2012-10-13,4,1,10,6,0,1,0.42,0.4242,0.58,0.2985,125
1,2012-10-14,4,1,10,0,0,1,0.4,0.4091,0.71,0.2537,111
1,2012-10-14,4,1,10,0,0,1,0.42,0.4242,0.77,0.2836,112
1,2012-10-14,4,1,10,0,0,1,0.4,0.4091,0.76,0.0896,66
1,2012-10-14,4,1,10,0,0,1,0.42,0.4242,0.77,0.2985,28
1,2012-10-14,4,1,10,0,0,1,0.42,0.4242,0.77,0.2836,12
1,2012-10-14,4,1,10,0,0,1,0.4,0.4091,0.82,0.194,11
2,2012-10-14,4,1,10,0,0,1,0.4,0.4091,0.82,0.1642,24
2,2012-10-14,4,1,10,0,0,1,0.42,0.4242,0.82,0.2239,51
2,2012-10-14,4,1,10,0,0,1,0.44,0.4394,0.77,0.194,132
2,2012-10-14,4,1,10,0,0,2,0.48,0.4697,0.67,0.2836,223
2,2012-10-14,4,1,10,0,0,1,0.54,0.5152,0.56,0.194,428
2,2012-10-14,4,1,10,0,0,1,0.56,0.5303,0.52,0.2985,494
3,2012-10-14,4,1,10,0,0,1,0.62,0.6212,0.46,0.3284,562
3,2012-10-14,4,1,10,0,0,1,0.64,0.6212,0.41,0.4478,619
3,2012-10-14,4,1,10,0,0,1,0.66,0.6212,0.39,0.4179,617
3,2012-10-14,4,1,10,0,0,1,0.66,0.6212,0.39,0.4179,568
3,2012-10-14,4,1,10,0,0,1,0.64,0.6212,0.41,0.2985,581
3,2012-10-14,4,1,10,0,0,1,0.64,0.6212,0.44,0.194,539
4,2012-10-14,4,1,10,0,0,1,0.58,0.5455,0.6,0.2537,453
4,2012-10-14,4,1,10,0,0,1,0.56,0.5303,0.64,0.2239,336
4,2012-10-14,4,1,10,0,0,1,0.54,0.5152,0.73,0.2239,246
4,2012-10-14,4,1,10,0,0,1,0.56,0.5303,0.73,0.4478,196
4,2012-10-14,4,1,10,0,0,1,0.56,0.5303,0.73,0.3881,125
4,2012-10-14,4,1,10,0,0,2,0.56,0.5303,0.68,0.2836,105
1,2012-10-15,4,1,10,1,1,2,0.56,0.5303,0.73,0.2537,48
1,2012-10-15,4,1,10,1,1,2,0.58,0.5455,0.64,0.3881,29
1,2012-10-15,4,1,10,1,1,2,0.58,0.5455,0.64,0.3582,6
1,2012-10-15,4,1,10,1,1,2,0.56,0.5303,0.73,0.2537,4
1,2012-10-15,4,1,10,1,1,2,0.56,0.5303,0.68,0.2239,10
1,2012-10-15,4,1,10,1,1,2,0.56,0.5303,0.73,0.2836,40
2,2012-10-15,4,1,10,1,1,2,0.56,0.5303,0.73,0.2985,147
2,2012-10-15,4,1,10,1,1,2,0.58,0.5455,0.68,0.3284,476
2,2012-10-15,4,1,10,1,1,2,0.6,0.6061,0.64,0.3881,737
2,2012-10-15,4,1,10,1,1,3,0.6,0.5909,0.69,0.3881,359
2,2012-10-15,4,1,10,1,1,2,0.6,0.5909,0.73,0.3881,168
2,2012-10-15,4,1,10,1,1,2,0.6,0.5909,0.73,0.3881,263
3,2012-10-15,4,1,10,1,1,3,0.6,0.5758,0.78,0.3284,284
3,2012-10-15,4,1,10,1,1,2,0.56,0.5303,0.88,0.2239,146
3,2012-10-15,4,1,10,1,1,2,0.6,0.5758,0.78,0.2836,185
3,2012-10-15,4,1,10,1,1,1,0.6,0.5758,0.78,0.3284,260
3,2012-10-15,4,1,10,1,1,1,0.56,0.5303,0.64,0.2985,447
3,2012-10-15,4,1,10,1,1,1,0.56,0.5303,0.64,0.2537,766
4,2012-10-15,4,1,10,1,1,3,0.54,0.5152,0.77,0.1343,592
4,2012-10-15,4,1,10,1,1,3,0.52,0.5,0.83,0.0896,239
4,2012-10-15,4,1,10,1,1,2,0.52,0.5,0.72,0.3881,256
4,2012-10-15,4,1,10,1,1,1,0.52,0.5,0.59,0.3284,206
4,2012-10-15,4,1,10,1,1,1,0.5,0.4848,0.59,0.2836,126
4,2012-10-15,4,1,10,1,1,1,0.46,0.4545,0.63,0.2239,81
1,2012-10-16,4,1,10,2,1,1,0.46,0.4545,0.63,0.3881,48
1,2012-10-16,4,1,10,2,1,1,0.44,0.4394,0.67,0.194,13
1,2012-10-16,4,1,10,2,1,1,0.44,0.4394,0.67,0.1343,3
1,2012-10-16,4,1,10,2,1,1,0.42,0.4242,0.67,0.1045,2
1,2012-10-16,4,1,10,2,1,1,0.42,0.4242,0.67,0.1642,7
1,2012-10-16,4,1,10,2,1,1,0.42,0.4242,0.67,0.2537,52
2,2012-10-16,4,1,10,2,1,1,0.42,0.4242,0.67,0.1642,172
2,2012-10-16,4,1,10,2,1,1,0.42,0.4242,0.67,0.0896,525
2,2012-10-16,4,1,10,2,1,1,0.44,0.4394,0.62,0.0,835
2,2012-10-16,4,1,10,2,1,1,0.48,0.4697,0.55,0.2537,355
2,2012-10-16,4,1,10,2,1,1,0.5,0.4848,0.48,0.2836,222
2,2012-10-16,4,1,10,2,1,1,0.5,0.4848,0.45,0.4179,228
3,2012-10-16,4,1,10,2,1,2,0.52,0.5,0.45,0.3284,325
3,2012-10-16,4,1,10,2,1,1,0.52,0.5,0.45,0.2836,328
3,2012-10-16,4,1,10,2,1,1,0.54,0.5152,0.39,0.2537,308
3,2012-10-16,4,1,10,2,1,1,0.54,0.5152,0.41,0.3284,346
3,2012-10-16,4,1,10,2,1,1,0.54,0.5152,0.39,0.2836,446
3,2012-10-16,4,1,10,2,1,1,0.52,0.5,0.39,0.194,943
4,2012-10-16,4,1,10,2,1,1,0.5,0.4848,0.42,0.1642,838
4,2012-10-16,4,1,10,2,1,1,0.48,0.4697,0.48,0.0,531
4,2012-10-16,4,1,10,2,1,1,0.46,0.4545,0.55,0.0,432
4,2012-10-16,4,1,10,2,1,1,0.46,0.4545,0.63,0.0,195
4,2012-10-16,4,1,10,2,1,1,0.4,0.4091,0.71,0.0896,181
4,2012-10-16,4,1,10,2,1,1,0.4,0.4091,0.71,0.0,199
1,2012-10-17,4,1,10,3,1,1,0.38,0.3939,0.76,0.0,49
1,2012-10-17,4,1,10,3,1,1,0.38,0.3939,0.76,0.0,17
1,2012-10-17,4,1,10,3,1,1,0.38,0.3939,0.76,0.0,16
1,2012-10-17,4,1,10,3,1,1,0.36,0.3788,0.87,0.0,7
1,2012-10-17,4,1,10,3,1,1,0.36,0.3636,0.81,0.0896,4
1,2012-10-17,4,1,10,3,1,2,0.36,0.3788,0.81,0.0,41
2,2012-10-17,4,1,10,3,1,1,0.38,0.3939,0.82,0.0,178
2,2012-10-17,4,1,10,3,1,1,0.36,0.3636,0.81,0.1045,464
2,2012-10-17,4,1,10,3,1,2,0.4,0.4091,0.76,0.0,817
2,2012-10-17,4,1,10,3,1,2,0.42,0.4242,0.77,0.0,382
2,2012-10-17,4,1,10,3,1,2,0.46,0.4545,0.67,0.0,228
2,2012-10-17,4,1,10,3,1,2,0.5,0.4848,0.51,0.0896,234
3,2012-10-17,4,1,10,3,1,2,0.52,0.5,0.48,0.1642,332
3,2012-10-17,4,1,10,3,1,2,0.54,0.5152,0.49,0.1343,310
3,2012-10-17,4,1,10,3,1,2,0.56,0.5303,0.43,0.1642,270
3,2012-10-17,4,1,10,3,1,2,0.58,0.5455,0.43,0.2239,301
3,2012-10-17,4,1,10,3,1,1,0.56,0.5303,0.52,0.194,466
3,2012-10-17,4,1,10,3,1,1,0.54,0.5152,0.56,0.1045,888
4,2012-10-17,4,1,10,3,1,1,0.52,0.5,0.59,0.1642,884
4,2012-10-17,4,1,10,3,1,1,0.5,0.4848,0.72,0.194,516
4,2012-10-17,4,1,10,3,1,1,0.5,0.4848,0.72,0.1343,414
4,2012-10-17,4,1,10,3,1,1,0.46,0.4545,0.82,0.194,329
4,2012-10-17,4,1,10,3,1,1,0.46,0.4545,0.88,0.2537,215
4,2012-10-17,4,1,10,3,1,1,0.46,0.4545,0.88,0.2239,99
1,2012-10-18,4,1,10,4,1,1,0.46,0.4545,0.88,0.194,57
1,2012-10-18,4,1,10,4,1,1,0.46,0.4545,0.82,0.2239,14
1,2012-10-18,4,1,10,4,1,1,0.46,0.4545,0.82,0.194,14
1,2012-10-18,4,1,10,4,1,1,0.44,0.4394,0.88,0.2239,5
1,2012-10-18,4,1,10,4,1,1,0.44,0.4394,0.88,0.2239,5
1,2012-10-18,4,1,10,4,1,1,0.44,0.4394,0.82,0.2239,42
2,2012-10-18,4,1,10,4,1,1,0.44,0.4394,0.88,0.2985,153
2,2012-10-18,4,1,10,4,1,1,0.44,0.4394,0.88,0.2537,508
2,2012-10-18,4,1,10,4,1,1,0.46,0.4545,0.82,0.2537,834
2,2012-10-18,4,1,10,4,1,2,0.5,0.4848,0.77,0.1642,387
2,2012-10-18,4,1,10,4,1,2,0.52,0.5,0.68,0.2239,218
2,2012-10-18,4,1,10,4,1,2,0.56,0.5303,0.56,0.2239,268
3,2012-10-18,4,1,10,4,1,2,0.6,0.6212,0.53,0.2537,377
3,2012-10-18,4,1,10,4,1,1,0.62,0.6212,0.53,0.3582,332
3,2012-10-18,4,1,10,4,1,2,0.62,0.6212,0.5,0.2985,285
3,2012-10-18,4,1,10,4,1,2,0.6,0.6061,0.6,0.194,353
3,2012-10-18,4,1,10,4,1,1,0.6,0.6212,0.56,0.2836,450
3,2012-10-18,4,1,10,4,1,2,0.58,0.5455,0.64,0.3284,890
4,2012-10-18,4,1,10,4,1,2,0.56,0.5303,0.64,0.3284,788
4,2012-10-18,4,1,10,4,1,2,0.56,0.5303,0.68,0.2985,513
4,2012-10-18,4,1,10,4,1,2,0.56,0.5303,0.68,0.2537,387
4,2012-10-18,4,1,10,4,1,2,0.54,0.5152,0.77,0.194,283
4,2012-10-18,4,1,10,4,1,2,0.54,0.5152,0.83,0.194,229
4,2012-10-18,4,1,10,4,1,2,0.54,0.5152,0.83,0.0,117
1,2012-10-19,4,1,10,5,1,2,0.56,0.5303,0.83,0.1045,56
1,2012-10-19,4,1,10,5,1,3,0.54,0.5152,0.88,0.0,16
1,2012-10-19,4,1,10,5,1,2,0.54,0.5152,0.88,0.0,10
1,2012-10-19,4,1,10,5,1,2,0.56,0.5303,0.83,0.0,5
1,2012-10-19,4,1,10,5,1,2,0.56,0.5303,0.83,0.0,6
1,2012-10-19,4,1,10,5,1,2,0.54,0.5152,0.88,0.0,36
2,2012-10-19,4,1,10,5,1,3,0.54,0.5152,0.94,0.1642,131
2,2012-10-19,4,1,10,5,1,3,0.54,0.5152,0.94,0.0,154
2,2012-10-19,4,1,10,5,1,2,0.54,0.5152,0.94,0.1045,467
2,2012-10-19,4,1,10,5,1,2,0.54,0.5152,0.94,0.1045,389
2,2012-10-19,4,1,10,5,1,2,0.58,0.5455,0.88,0.194,224
2,2012-10-19,4,1,10,5,1,1,0.6,0.5606,0.83,0.194,252
3,2012-10-19,4,1,10,5,1,1,0.64,0.6061,0.69,0.2239,332
3,2012-10-19,4,1,10,5,1,1,0.62,0.5909,0.73,0.2239,375
3,2012-10-19,4,1,10,5,1,1,0.66,0.6212,0.61,0.2537,365
3,2012-10-19,4,1,10,5,1,1,0.64,0.6061,0.65,0.2985,395
3,2012-10-19,4,1,10,5,1,3,0.62,0.6061,0.69,0.3582,565
3,2012-10-19,4,1,10,5,1,3,0.62,0.6061,0.69,0.3582,425
4,2012-10-19,4,1,10,5,1,1,0.56,0.5303,0.83,0.1045,233
4,2012-10-19,4,1,10,5,1,1,0.54,0.5152,0.88,0.1642,232
4,2012-10-19,4,1,10,5,1,1,0.52,0.5,0.77,0.194,229
4,2012-10-19,4,1,10,5,1,1,0.5,0.4848,0.77,0.0,206
4,2012-10-19,4,1,10,5,1,1,0.5,0.4848,0.77,0.0896,190
4,2012-10-19,4,1,10,5,1,1,0.46,0.4545,0.88,0.1045,131
1,2012-10-20,4,1,10,6,0,1,0.46,0.4545,0.82,0.1343,123
1,2012-10-20,4,1,10,6,0,1,0.46,0.4545,0.72,0.1343,95
1,2012-10-20,4,1,10,6,0,1,0.44,0.4394,0.77,0.1045,78
1,2012-10-20,4,1,10,6,0,1,0.42,0.4242,0.77,0.1343,29
1,2012-10-20,4,1,10,6,0,1,0.44,0.4394,0.72,0.0,18
1,2012-10-20,4,1,10,6,0,1,0.4,0.4091,0.82,0.0,13
2,2012-10-20,4,1,10,6,0,1,0.42,0.4242,0.71,0.0,31
2,2012-10-20,4,1,10,6,0,1,0.4,0.4091,0.82,0.0,65
2,2012-10-20,4,1,10,6,0,1,0.46,0.4545,0.67,0.1343,193
2,2012-10-20,4,1,10,6,0,1,0.5,0.4848,0.59,0.1343,363
2,2012-10-20,4,1,10,6,0,1,0.52,0.5,0.52,0.1343,423
2,2012-10-20,4,1,10,6,0,1,0.54,0.5152,0.52,0.2239,612
3,2012-10-20,4,1,10,6,0,1,0.56,0.5303,0.46,0.1045,703
3,2012-10-20,4,1,10,6,0,1,0.56,0.5303,0.43,0.1642,714
3,2012-10-20,4,1,10,6,0,1,0.56,0.5303,0.4,0.0,711
3,2012-10-20,4,1,10,6,0,1,0.56,0.5303,0.43,0.0,711
3,2012-10-20,4,1,10,6,0,1,0.54,0.5152,0.42,0.2836,691
3,2012-10-20,4,1,10,6,0,1,0.54,0.5152,0.37,0.2239,731
4,2012-10-20,4,1,10,6,0,1,0.52,0.5,0.39,0.2239,521
4,2012-10-20,4,1,10,6,0,1,0.5,0.4848,0.45,0.1343,345
4,2012-10-20,4,1,10,6,0,1,0.5,0.4848,0.39,0.2239,259
4,2012-10-20,4,1,10,6,0,1,0.46,0.4545,0.47,0.2239,296
4,2012-10-20,4,1,10,6,0,1,0.44,0.4394,0.51,0.1045,202
4,2012-10-20,4,1,10,6,0,1,0.42,0.4242,0.58,0.0,163
1,2012-10-21,4,1,10,0,0,1,0.44,0.4394,0.54,0.1642,154
1,2012-10-21,4,1,10,0,0,1,0.42,0.4242,0.58,0.2239,117
1,2012-10-21,4,1,10,0,0,1,0.4,0.4091,0.62,0.1642,132
1,2012-10-21,4,1,10,0,0,1,0.38,0.3939,0.66,0.0896,41
1,2012-10-21,4,1,10,0,0,1,0.36,0.3485,0.71,0.1642,21
1,2012-10-21,4,1,10,0,0,1,0.38,0.3939,0.66,0.0896,10
2,2012-10-21,4,1,10,0,0,1,0.4,0.4091,0.62,0.0,26
2,2012-10-21,4,1,10,0,0,1,0.4,0.4091,0.62,0.0,56
2,2012-10-21,4,1,10,0,0,1,0.42,0.4242,0.67,0.0,143
2,2012-10-21,4,1,10,0,0,1,0.46,0.4545,0.55,0.1642,269
2,2012-10-21,4,1,10,0,0,1,0.5,0.4848,0.48,0.2985,443
2,2012-10-21,4,1,10,0,0,1,0.52,0.5,0.44,0.3284,547
3,2012-10-21,4,1,10,0,0,1,0.54,0.5152,0.39,0.3284,675
3,2012-10-21,4,1,10,0,0,1,0.56,0.5303,0.37,0.2537,626
3,2012-10-21,4,1,10,0,0,1,0.56,0.5303,0.35,0.194,640
3,2012-10-21,4,1,10,0,0,1,0.56,0.5303,0.35,0.3284,623
3,2012-10-21,4,1,10,0,0,1,0.54,0.5152,0.37,0.2239,591
3,2012-10-21,4,1,10,0,0,1,0.52,0.5,0.39,0.2537,491
4,2012-10-21,4,1,10,0,0,1,0.52,0.5,0.39,0.194,413
4,2012-10-21,4,1,10,0,0,1,0.5,0.4848,0.42,0.1642,266
4,2012-10-21,4,1,10,0,0,1,0.48,0.4697,0.44,0.194,195
4,2012-10-21,4,1,10,0,0,1,0.42,0.4242,0.54,0.1642,166
4,2012-10-21,4,1,10,0,0,1,0.42,0.4242,0.54,0.0,113
4,2012-10-21,4,1,10,0,0,1,0.44,0.4394,0.54,0.0,66
1,2012-10-22,4,1,10,1,1,1,0.4,0.4091,0.62,0.0,31
1,2012-10-22,4,1,10,1,1,1,0.4,0.4091,0.71,0.0,11
1,2012-10-22,4,1,10,1,1,1,0.38,0.3939,0.71,0.0,5
1,2012-10-22,4,1,10,1,1,1,0.4,0.4091,0.62,0.0,6
1,2012-10-22,4,1,10,1,1,1,0.38,0.3939,0.66,0.0,7
1,2012-10-22,4,1,10,1,1,1,0.38,0.3939,0.76,0.0896,46
2,2012-10-22,4,1,10,1,1,1,0.36,0.3636,0.76,0.0896,144
2,2012-10-22,4,1,10,1,1,1,0.38,0.3939,0.66,0.0896,452
2,2012-10-22,4,1,10,1,1,1,0.44,0.4394,0.67,0.0,728
2,2012-10-22,4,1,10,1,1,1,0.46,0.4545,0.63,0.0896,360
2,2012-10-22,4,1,10,1,1,1,0.5,0.4848,0.55,0.0,212
2,2012-10-22,4,1,10,1,1,1,0.56,0.5303,0.37,0.1642,211
3,2012-10-22,4,1,10,1,1,1,0.58,0.5455,0.35,0.0,283
3,2012-10-22,4,1,10,1,1,1,0.62,0.6212,0.29,0.1642,315
3,2012-10-22,4,1,10,1,1,1,0.62,0.6061,0.27,0.194,282
3,2012-10-22,4,1,10,1,1,1,0.64,0.6212,0.29,0.1642,296
3,2012-10-22,4,1,10,1,1,1,0.62,0.6212,0.33,0.1642,524
3,2012-10-22,4,1,10,1,1,1,0.62,0.6212,0.33,0.1045,922
4,2012-10-22,4,1,10,1,1,1,0.54,0.5152,0.64,0.1045,786
4,2012-10-22,4,1,10,1,1,1,0.52,0.5,0.52,0.1045,514
4,2012-10-22,4,1,10,1,1,1,0.5,0.4848,0.59,0.1045,403
4,2012-10-22,4,1,10,1,1,1,0.48,0.4697,0.67,0.0896,174
4,2012-10-22,4,1,10,1,1,1,0.46,0.4545,0.82,0.1343,183
4,2012-10-22,4,1,10,1,1,1,0.46,0.4545,0.82,0.1045,163
1,2012-10-23,4,1,10,2,1,1,0.46,0.4545,0.88,0.1642,37
1,2012-10-23,4,1,10,2,1,1,0.46,0.4545,0.77,0.1642,17
1,2012-10-23,4,1,10,2,1,1,0.44,0.4394,0.88,0.1343,7
1,2012-10-23,4,1,10,2,1,1,0.44,0.4394,0.77,0.1343,1
1,2012-10-23,4,1,10,2,1,1,0.42,0.4242,0.77,0.1045,7
1,2012-10-23,4,1,10,2,1,1,0.44,0.4394,0.77,0.0896,50
2,2012-10-23,4,1,10,2,1,1,0.4,0.4091,0.82,0.0896,158
2,2012-10-23,4,1,10,2,1,2,0.44,0.4394,0.77,0.1045,531
2,2012-10-23,4,1,10,2,1,2,0.46,0.4545,0.72,0.0896,761
2,2012-10-23,4,1,10,2,1,2,0.5,0.4848,0.72,0.1045,334
2,2012-10-23,4,1,10,2,1,1,0.54,0.5152,0.6,0.0,221
2,2012-10-23,4,1,10,2,1,1,0.6,0.6212,0.53,0.0,253
3,2012-10-23,4,1,10,2,1,2,0.62,0.6212,0.46,0.0896,378
3,2012-10-23,4,1,10,2,1,2,0.64,0.6212,0.44,0.0,303
3,2012-10-23,4,1,10,2,1,1,0.68,0.6364,0.41,0.1642,296
3,2012-10-23,4,1,10,2,1,1,0.68,0.6364,0.41,0.2239,346
3,2012-10-23,4,1,10,2,1,1,0.68,0.6364,0.44,0.0896,541
3,2012-10-23,4,1,10,2,1,1,0.68,0.6364,0.41,0.0,938
4,2012-10-23,4,1,10,2,1,1,0.62,0.6212,0.53,0.0896,826
4,2012-10-23,4,1,10,2,1,1,0.62,0.6212,0.57,0.0896,482
4,2012-10-23,4,1,10,2,1,1,0.58,0.5455,0.64,0.1343,379
4,2012-10-23,4,1,10,2,1,1,0.56,0.5303,0.68,0.0,295
4,2012-10-23,4,1,10,2,1,1,0.56,0.5303,0.68,0.1045,194
4,2012-10-23,4,1,10,2,1,1,0.54,0.5152,0.73,0.1045,111
1,2012-10-24,4,1,10,3,1,1,0.54,0.5152,0.73,0.0896,46
1,2012-10-24,4,1,10,3,1,1,0.54,0.5152,0.68,0.0,27
1,2012-10-24,4,1,10,3,1,1,0.54,0.5152,0.68,0.0,6
1,2012-10-24,4,1,10,3,1,1,0.5,0.4848,0.77,0.0896,4
1,2012-10-24,4,1,10,3,1,1,0.5,0.4848,0.77,0.0896,6
1,2012-10-24,4,1,10,3,1,1,0.5,0.4848,0.82,0.0,53
2,2012-10-24,4,1,10,3,1,1,0.48,0.4697,0.82,0.1045,173
2,2012-10-24,4,1,10,3,1,1,0.5,0.4848,0.88,0.0896,526
2,2012-10-24,4,1,10,3,1,2,0.52,0.5,0.83,0.1045,801
2,2012-10-24,4,1,10,3,1,2,0.52,0.5,0.77,0.0896,373
2,2012-10-24,4,1,10,3,1,2,0.54,0.5152,0.73,0.0,171
2,2012-10-24,4,1,10,3,1,1,0.58,0.5455,0.64,0.0,236
3,2012-10-24,4,1,10,3,1,1,0.62,0.6061,0.61,0.0896,316
3,2012-10-24,4,1,10,3,1,1,0.66,0.6212,0.54,0.0,306
3,2012-10-24,4,1,10,3,1,1,0.74,0.6515,0.3,0.2537,301
3,2012-10-24,4,1,10,3,1,1,0.7,0.6364,0.39,0.1045,308
3,2012-10-24,4,1,10,3,1,1,0.74,0.6515,0.33,0.1343,532
3,2012-10-24,4,1,10,3,1,1,0.66,0.6212,0.47,0.0,963
4,2012-10-24,4,1,10,3,1,1,0.66,0.6212,0.44,0.0,858
4,2012-10-24,4,1,10,3,1,2,0.64,0.6212,0.53,0.0896,572
4,2012-10-24,4,1,10,3,1,2,0.62,0.6061,0.61,0.0896,441
4,2012-10-24,4,1,10,3,1,2,0.62,0.6061,0.61,0.1045,313
4,2012-10-24,4,1,10,3,1,2,0.6,0.6061,0.64,0.1343,238
4,2012-10-24,4,1,10,3,1,2,0.58,0.5455,0.68,0.0896,123
1,2012-10-25,4,1,10,4,1,2,0.6,0.6061,0.64,0.1045,76
1,2012-10-25,4,1,10,4,1,1,0.58,0.5455,0.68,0.0,28
1,2012-10-25,4,1,10,4,1,1,0.54,0.5152,0.77,0.0,18
1,2012-10-25,4,1,10,4,1,2,0.52,0.5,0.88,0.1343,8
1,2012-10-25,4,1,10,4,1,2,0.52,0.5,0.88,0.1045,5
1,2012-10-25,4,1,10,4,1,2,0.52,0.5,0.88,0.1642,55
2,2012-10-25,4,1,10,4,1,2,0.52,0.5,0.88,0.194,171
2,2012-10-25,4,1,10,4,1,2,0.52,0.5,0.88,0.194,495
2,2012-10-25,4,1,10,4,1,2,0.52,0.5,0.83,0.1642,779
2,2012-10-25,4,1,10,4,1,2,0.52,0.5,0.83,0.194,343
2,2012-10-25,4,1,10,4,1,2,0.54,0.5152,0.83,0.1343,225
2,2012-10-25,4,1,10,4,1,2,0.54,0.5152,0.83,0.1045,238
3,2012-10-25,4,1,10,4,1,2,0.56,0.5303,0.78,0.1045,319
3,2012-10-25,4,1,10,4,1,2,0.56,0.5303,0.78,0.0,313
3,2012-10-25,4,1,10,4,1,1,0.6,0.5909,0.73,0.1343,285
3,2012-10-25,4,1,10,4,1,1,0.62,0.6061,0.65,0.1343,305
3,2012-10-25,4,1,10,4,1,1,0.6,0.5909,0.69,0.1642,499
3,2012-10-25,4,1,10,4,1,1,0.6,0.5909,0.69,0.1642,886
4,2012-10-25,4,1,10,4,1,1,0.56,0.5303,0.83,0.1045,809
4,2012-10-25,4,1,10,4,1,1,0.54,0.5152,0.83,0.194,542
4,2012-10-25,4,1,10,4,1,2,0.52,0.5,0.88,0.1343,347
4,2012-10-25,4,1,10,4,1,2,0.52,0.5,0.88,0.1343,271
4,2012-10-25,4,1,10,4,1,2,0.54,0.5152,0.83,0.0896,207
4,2012-10-25,4,1,10,4,1,2,0.54,0.5152,0.83,0.1343,135
1,2012-10-26,4,1,10,5,1,2,0.54,0.5152,0.77,0.0,71
1,2012-10-26,4,1,10,5,1,2,0.52,0.5,0.88,0.0896,36
1,2012-10-26,4,1,10,5,1,2,0.52,0.5,0.88,0.1045,19
1,2012-10-26,4,1,10,5,1,2,0.52,0.5,0.88,0.1642,13
1,2012-10-26,4,1,10,5,1,2,0.52,0.5,0.88,0.1642,5
1,2012-10-26,4,1,10,5,1,2,0.52,0.5,0.88,0.1045,50
2,2012-10-26,4,1,10,5,1,2,0.52,0.5,0.88,0.0896,144
2,2012-10-26,4,1,10,5,1,2,0.52,0.5,0.88,0.1045,421
2,2012-10-26,4,1,10,5,1,2,0.54,0.5152,0.88,0.1343,734
2,2012-10-26,4,1,10,5,1,2,0.54,0.5152,0.88,0.1343,403
2,2012-10-26,4,1,10,5,1,2,0.54,0.5152,0.88,0.1045,197
2,2012-10-26,4,1,10,5,1,2,0.56,0.5303,0.78,0.1642,290
3,2012-10-26,4,1,10,5,1,2,0.58,0.5455,0.73,0.194,392
3,2012-10-26,4,1,10,5,1,2,0.58,0.5455,0.68,0.1343,337
3,2012-10-26,4,1,10,5,1,2,0.6,0.6061,0.64,0.1343,351
3,2012-10-26,4,1,10,5,1,2,0.62,0.6061,0.61,0.1045,448
3,2012-10-26,4,1,10,5,1,2,0.58,0.5455,0.73,0.1642,582
3,2012-10-26,4,1,10,5,1,2,0.56,0.5303,0.76,0.194,817
4,2012-10-26,4,1,10,5,1,2,0.56,0.5303,0.78,0.1343,665
4,2012-10-26,4,1,10,5,1,2,0.54,0.5152,0.83,0.1642,471
4,2012-10-26,4,1,10,5,1,2,0.54,0.5152,0.83,0.1642,311
4,2012-10-26,4,1,10,5,1,2,0.54,0.5152,0.77,0.1343,292
4,2012-10-26,4,1,10,5,1,2,0.52,0.5,0.83,0.1343,217
4,2012-10-26,4,1,10,5,1,1,0.52,0.5,0.83,0.1642,178
1,2012-10-27,4,1,10,6,0,1,0.5,0.4848,0.88,0.1343,142
1,2012-10-27,4,1,10,6,0,2,0.5,0.4848,0.88,0.1343,146
1,2012-10-27,4,1,10,6,0,2,0.5,0.4848,0.88,0.194,90
1,2012-10-27,4,1,10,6,0,1,0.5,0.4848,0.88,0.1642,26
1,2012-10-27,4,1,10,6,0,2,0.5,0.4848,0.88,0.1642,13
1,2012-10-27,4,1,10,6,0,2,0.5,0.4848,0.82,0.194,9
2,2012-10-27,4,1,10,6,0,2,0.5,0.4848,0.82,0.194,31
2,2012-10-27,4,1,10,6,0,1,0.48,0.4697,0.83,0.194,86
2,2012-10-27,4,1,10,6,0,1,0.5,0.4848,0.77,0.2537,213
2,2012-10-27,4,1,10,6,0,1,0.5,0.4848,0.77,0.2537,328
2,2012-10-27,4,1,10,6,0,1,0.54,0.5152,0.73,0.2836,479
2,2012-10-27,4,1,10,6,0,1,0.56,0.5303,0.64,0.2836,585
3,2012-10-27,4,1,10,6,0,1,0.6,0.6212,0.53,0.2537,668
3,2012-10-27,4,1,10,6,0,1,0.6,0.6212,0.43,0.2537,760
3,2012-10-27,4,1,10,6,0,1,0.6,0.6212,0.46,0.2537,750
3,2012-10-27,4,1,10,6,0,2,0.56,0.5303,0.6,0.2836,711
3,2012-10-27,4,1,10,6,0,2,0.56,0.5303,0.64,0.2836,612
3,2012-10-27,4,1,10,6,0,2,0.56,0.5303,0.64,0.2836,618
4,2012-10-27,4,1,10,6,0,2,0.56,0.5303,0.64,0.2836,456
4,2012-10-27,4,1,10,6,0,2,0.52,0.5,0.72,0.2239,300
4,2012-10-27,4,1,10,6,0,2,0.52,0.5,0.72,0.2239,296
4,2012-10-27,4,1,10,6,0,2,0.52,0.5,0.72,0.2239,209
4,2012-10-27,4,1,10,6,0,2,0.52,0.5,0.72,0.2537,157
4,2012-10-27,4,1,10,6,0,2,0.52,0.5,0.68,0.3881,167
1,2012-10-28,4,1,10,0,0,3,0.52,0.5,0.68,0.2985,117
1,2012-10-28,4,1,10,0,0,2,0.5,0.4848,0.72,0.2836,133
1,2012-10-28,4,1,10,0,0,2,0.5,0.4848,0.68,0.2985,116
1,2012-10-28,4,1,10,0,0,2,0.5,0.4848,0.63,0.3284,79
1,2012-10-28,4,1,10,0,0,2,0.5,0.4848,0.63,0.3582,20
1,2012-10-28,4,1,10,0,0,2,0.5,0.4848,0.63,0.2985,28
2,2012-10-28,4,1,10,0,0,2,0.5,0.4848,0.59,0.3284,39
2,2012-10-28,4,1,10,0,0,2,0.5,0.4848,0.59,0.2985,65
2,2012-10-28,4,1,10,0,0,2,0.5,0.4848,0.59,0.5522,173
2,2012-10-28,4,1,10,0,0,2,0.5,0.4848,0.55,0.4179,330
2,2012-10-28,4,1,10,0,0,2,0.48,0.4697,0.51,0.4179,434
2,2012-10-28,4,1,10,0,0,2,0.5,0.4848,0.51,0.3881,462
3,2012-10-28,4,1,10,0,0,2,0.48,0.4697,0.59,0.4925,491
3,2012-10-28,4,1,10,0,0,2,0.48,0.4697,0.59,0.4179,391
3,2012-10-28,4,1,10,0,0,2,0.5,0.4848,0.59,0.4478,402
3,2012-10-28,4,1,10,0,0,2,0.5,0.4848,0.63,0.4925,301
3,2012-10-28,4,1,10,0,0,3,0.48,0.4697,0.67,0.4627,293
3,2012-10-28,4,1,10,0,0,3,0.46,0.4545,0.77,0.5224,225
4,2012-10-28,4,1,10,0,0,3,0.42,0.4242,0.94,0.4925,154
4,2012-10-28,4,1,10,0,0,3,0.42,0.4242,0.94,0.3582,54
4,2012-10-28,4,1,10,0,0,3,0.42,0.4242,0.94,0.4627,55
4,2012-10-28,4,1,10,0,0,3,0.44,0.4394,0.88,0.4179,46
4,2012-10-28,4,1,10,0,0,3,0.44,0.4394,0.88,0.3582,37
4,2012-10-28,4,1,10,0,0,3,0.42,0.4242,0.94,0.3582,14
1,2012-10-29,4,1,10,1,1,3,0.44,0.4394,0.88,0.3582,22
3,2012-10-30,4,1,10,2,1,3,0.3,0.2727,0.81,0.3582,116
3,2012-10-30,4,1,10,2,1,3,0.3,0.2727,0.81,0.3582,126
3,2012-10-30,4,1,10,2,1,3,0.3,0.2879,0.87,0.2537,124
3,2012-10-30,4,1,10,2,1,3,0.3,0.2879,0.87,0.2537,98
3,2012-10-30,4,1,10,2,1,3,0.3,0.2879,0.87,0.2239,124
4,2012-10-30,4,1,10,2,1,3,0.3,0.303,0.87,0.1343,143
4,2012-10-30,4,1,10,2,1,2,0.5,0.4848,0.68,0.194,115
4,2012-10-30,4,1,10,2,1,2,0.3,0.2879,0.81,0.194,81
4,2012-10-30,4,1,10,2,1,2,0.3,0.3182,0.87,0.1045,64
4,2012-10-30,4,1,10,2,1,1,0.3,0.303,0.81,0.1343,66
4,2012-10-30,4,1,10,2,1,1,0.3,0.303,0.81,0.1343,39
1,2012-10-31,4,1,10,3,1,2,0.3,0.3182,0.81,0.1045,16
1,2012-10-31,4,1,10,3,1,2,0.3,0.3182,0.81,0.0896,8
1,2012-10-31,4,1,10,3,1,2,0.3,0.303,0.81,0.1343,7
1,2012-10-31,4,1,10,3,1,2,0.3,0.3182,0.81,0.1045,3
1,2012-10-31,4,1,10,3,1,2,0.3,0.2879,0.87,0.194,5
1,2012-10-31,4,1,10,3,1,2,0.3,0.303,0.81,0.1343,24
2,2012-10-31,4,1,10,3,1,1,0.3,0.303,0.81,0.1642,116
2,2012-10-31,4,1,10,3,1,2,0.3,0.303,0.87,0.1343,337
2,2012-10-31,4,1,10,3,1,1,0.32,0.3333,0.81,0.1343,621
2,2012-10-31,4,1,10,3,1,1,0.34,0.3333,0.76,0.1343,297
2,2012-10-31,4,1,10,3,1,1,0.36,0.3333,0.71,0.2836,168
2,2012-10-31,4,1,10,3,1,2,0.36,0.3485,0.66,0.2239,189
3,2012-10-31,4,1,10,3,1,1,0.4,0.4091,0.58,0.194,241
3,2012-10-31,4,1,10,3,1,1,0.42,0.4242,0.5,0.2239,213
3,2012-10-31,4,1,10,3,1,2,0.42,0.4242,0.5,0.2239,224
3,2012-10-31,4,1,10,3,1,1,0.42,0.4242,0.54,0.1642,230
3,2012-10-31,4,1,10,3,1,2,0.42,0.4242,0.54,0.2239,424
3,2012-10-31,4,1,10,3,1,2,0.4,0.4091,0.58,0.1642,723
4,2012-10-31,4,1,10,3,1,2,0.4,0.4091,0.58,0.1642,584
4,2012-10-31,4,1,10,3,1,2,0.4,0.4091,0.5,0.194,410
4,2012-10-31,4,1,10,3,1,2,0.4,0.4091,0.5,0.194,268
4,2012-10-31,4,1,10,3,1,2,0.4,0.4091,0.5,0.194,192
4,2012-10-31,4,1,10,3,1,1,0.36,0.3485,0.57,0.1343,165
4,2012-10-31,4,1,10,3,1,1,0.36,0.3636,0.57,0.0896,101
1,2012-11-01,4,1,11,4,1,1,0.36,0.3636,0.57,0.0896,60
1,2012-11-01,4,1,11,4,1,1,0.3,0.3182,0.75,0.1045,30
1,2012-11-01,4,1,11,4,1,1,0.32,0.3333,0.66,0.1343,20
1,2012-11-01,4,1,11,4,1,1,0.34,0.3333,0.61,0.1343,15
1,2012-11-01,4,1,11,4,1,2,0.34,0.3485,0.66,0.1045,10
1,2012-11-01,4,1,11,4,1,1,0.34,0.3333,0.66,0.1343,40
2,2012-11-01,4,1,11,4,1,1,0.34,0.3333,0.61,0.1642,148
2,2012-11-01,4,1,11,4,1,2,0.36,0.3485,0.57,0.1642,420
2,2012-11-01,4,1,11,4,1,2,0.36,0.3788,0.56,0.1045,680
2,2012-11-01,4,1,11,4,1,3,0.36,0.3636,0.57,0.1045,331
2,2012-11-01,4,1,11,4,1,3,0.36,0.3485,0.62,0.194,146
2,2012-11-01,4,1,11,4,1,3,0.36,0.3485,0.62,0.194,170
3,2012-11-01,4,1,11,4,1,3,0.38,0.3939,0.62,0.1642,221
3,2012-11-01,4,1,11,4,1,2,0.4,0.4091,0.58,0.1642,248
3,2012-11-01,4,1,11,4,1,2,0.4,0.4091,0.5,0.2239,185
3,2012-11-01,4,1,11,4,1,2,0.4,0.4091,0.54,0.1642,214
3,2012-11-01,4,1,11,4,1,2,0.4,0.4091,0.54,0.1642,344
3,2012-11-01,4,1,11,4,1,3,0.4,0.4091,0.5,0.2239,689
4,2012-11-01,4,1,11,4,1,2,0.4,0.4091,0.5,0.1642,678
4,2012-11-01,4,1,11,4,1,2,0.4,0.4091,0.5,0.1642,452
4,2012-11-01,4,1,11,4,1,2,0.38,0.3939,0.54,0.2537,296
4,2012-11-01,4,1,11,4,1,2,0.38,0.3939,0.54,0.1343,267
4,2012-11-01,4,1,11,4,1,1,0.36,0.3485,0.57,0.1642,202
4,2012-11-01,4,1,11,4,1,1,0.34,0.3333,0.57,0.1642,120
1,2012-11-02,4,1,11,5,1,1,0.34,0.3333,0.57,0.1642,50
1,2012-11-02,4,1,11,5,1,1,0.32,0.3182,0.66,0.1642,24
1,2012-11-02,4,1,11,5,1,1,0.32,0.3182,0.66,0.1642,10
1,2012-11-02,4,1,11,5,1,1,0.3,0.303,0.7,0.1642,3
1,2012-11-02,4,1,11,5,1,1,0.3,0.3182,0.7,0.1045,7
1,2012-11-02,4,1,11,5,1,2,0.32,0.3182,0.66,0.1642,26
2,2012-11-02,4,1,11,5,1,1,0.3,0.303,0.7,0.1642,122
2,2012-11-02,4,1,11,5,1,2,0.3,0.303,0.7,0.1343,357
2,2012-11-02,4,1,11,5,1,1,0.32,0.3333,0.57,0.1045,687
2,2012-11-02,4,1,11,5,1,1,0.34,0.3485,0.53,0.1045,382
2,2012-11-02,4,1,11,5,1,1,0.38,0.3939,0.46,0.2985,204
2,2012-11-02,4,1,11,5,1,1,0.42,0.4242,0.41,0.4179,221
3,2012-11-02,4,1,11,5,1,1,0.42,0.4242,0.41,0.3582,292
3,2012-11-02,4,1,11,5,1,1,0.4,0.4091,0.43,0.3582,294
3,2012-11-02,4,1,11,5,1,2,0.4,0.4091,0.4,0.4925,262
3,2012-11-02,4,1,11,5,1,2,0.4,0.4091,0.4,0.4179,306
3,2012-11-02,4,1,11,5,1,1,0.38,0.3939,0.4,0.3284,421
3,2012-11-02,4,1,11,5,1,1,0.38,0.3939,0.4,0.3284,638
4,2012-11-02,4,1,11,5,1,2,0.38,0.3939,0.43,0.3284,522
4,2012-11-02,4,1,11,5,1,2,0.38,0.3939,0.43,0.2985,374
4,2012-11-02,4,1,11,5,1,2,0.36,0.3333,0.46,0.4179,221
4,2012-11-02,4,1,11,5,1,2,0.36,0.3333,0.46,0.3582,156
4,2012-11-02,4,1,11,5,1,1,0.36,0.3333,0.46,0.2537,149
4,2012-11-02,4,1,11,5,1,1,0.34,0.303,0.53,0.2985,119
1,2012-11-03,4,1,11,6,0,1,0.34,0.3333,0.53,0.1642,108
1,2012-11-03,4,1,11,6,0,2,0.34,0.303,0.49,0.3284,89
1,2012-11-03,4,1,11,6,0,2,0.34,0.3182,0.49,0.2537,46
1,2012-11-03,4,1,11,6,0,2,0.34,0.3182,0.49,0.2537,28
1,2012-11-03,4,1,11,6,0,2,0.32,0.303,0.49,0.2985,16
1,2012-11-03,4,1,11,6,0,2,0.32,0.303,0.49,0.2537,9
2,2012-11-03,4,1,11,6,0,2,0.32,0.3182,0.49,0.194,21
2,2012-11-03,4,1,11,6,0,2,0.32,0.303,0.49,0.2537,59
2,2012-11-03,4,1,11,6,0,2,0.34,0.303,0.46,0.2985,142
2,2012-11-03,4,1,11,6,0,2,0.34,0.303,0.49,0.2985,219
2,2012-11-03,4,1,11,6,0,1,0.36,0.3333,0.46,0.3881,328
2,2012-11-03,4,1,11,6,0,2,0.36,0.3333,0.46,0.3881,340
3,2012-11-03,4,1,11,6,0,2,0.36,0.3182,0.46,0.4627,394
3,2012-11-03,4,1,11,6,0,2,0.36,0.3333,0.46,0.3582,449
3,2012-11-03,4,1,11,6,0,2,0.36,0.3333,0.5,0.3284,455
3,2012-11-03,4,1,11,6,0,2,0.36,0.3182,0.46,0.4478,448
3,2012-11-03,4,1,11,6,0,2,0.36,0.3333,0.46,0.3284,400
3,2012-11-03,4,1,11,6,0,2,0.36,0.3333,0.46,0.2985,410
4,2012-11-03,4,1,11,6,0,2,0.36,0.3333,0.46,0.2836,297
4,2012-11-03,4,1,11,6,0,1,0.36,0.3485,0.5,0.1642,239
4,2012-11-03,4,1,11,6,0,1,0.34,0.3333,0.53,0.1343,181
4,2012-11-03,4,1,11,6,0,1,0.34,0.3485,0.53,0.1045,166
4,2012-11-03,4,1,11,6,0,1,0.32,0.3333,0.57,0.1045,146
4,2012-11-03,4,1,11,6,0,1,0.32,0.3333,0.57,0.1045,148
1,2012-11-04,4,1,11,0,0,1,0.3,0.3182,0.61,0.1045,102
1,2012-11-04,4,1,11,0,0,1,0.26,0.2879,0.81,0.0896,165
1,2012-11-04,4,1,11,0,0,1,0.3,0.3333,0.65,0.0,37
1,2012-11-04,4,1,11,0,0,1,0.28,0.2879,0.61,0.1045,11
1,2012-11-04,4,1,11,0,0,1,0.26,0.2727,0.65,0.1343,9
1,2012-11-04,4,1,11,0,0,1,0.26,0.2727,0.65,0.1045,5
2,2012-11-04,4,1,11,0,0,1,0.28,0.2879,0.61,0.1343,16
2,2012-11-04,4,1,11,0,0,1,0.26,0.2727,0.65,0.1045,50
2,2012-11-04,4,1,11,0,0,1,0.3,0.303,0.56,0.1343,149
2,2012-11-04,4,1,11,0,0,1,0.32,0.3333,0.53,0.0,217
2,2012-11-04,4,1,11,0,0,1,0.34,0.3333,0.49,0.194,360
2,2012-11-04,4,1,11,0,0,1,0.38,0.3939,0.46,0.2239,445
3,2012-11-04,4,1,11,0,0,1,0.38,0.3939,0.46,0.2239,504
3,2012-11-04,4,1,11,0,0,1,0.4,0.4091,0.43,0.2239,493
3,2012-11-04,4,1,11,0,0,1,0.4,0.4091,0.4,0.194,509
3,2012-11-04,4,1,11,0,0,1,0.4,0.4091,0.4,0.2239,449
3,2012-11-04,4,1,11,0,0,1,0.4,0.4091,0.4,0.3284,435
3,2012-11-04,4,1,11,0,0,1,0.36,0.3485,0.43,0.194,327
4,2012-11-04,4,1,11,0,0,1,0.36,0.3485,0.43,0.2239,237
4,2012-11-04,4,1,11,0,0,1,0.36,0.3333,0.43,0.2537,227
4,2012-11-04,4,1,11,0,0,1,0.32,0.2879,0.53,0.3582,141
4,2012-11-04,4,1,11,0,0,1,0.3,0.2727,0.52,0.2985,87
4,2012-11-04,4,1,11,0,0,1,0.3,0.2879,0.52,0.2836,79
4,2012-11-04,4,1,11,0,0,2,0.3,0.303,0.56,0.1642,53
1,2012-11-05,4,1,11,1,1,2,0.3,0.2879,0.56,0.194,23
1,2012-11-05,4,1,11,1,1,2,0.3,0.303,0.56,0.1642,8
1,2012-11-05,4,1,11,1,1,2,0.3,0.303,0.56,0.1642,6
1,2012-11-05,4,1,11,1,1,2,0.3,0.2879,0.56,0.2239,4
1,2012-11-05,4,1,11,1,1,2,0.3,0.2879,0.52,0.2537,16
1,2012-11-05,4,1,11,1,1,2,0.3,0.2727,0.52,0.3284,39
2,2012-11-05,4,1,11,1,1,2,0.3,0.2879,0.49,0.2836,139
2,2012-11-05,4,1,11,1,1,2,0.3,0.2879,0.49,0.2537,461
2,2012-11-05,4,1,11,1,1,2,0.3,0.2879,0.49,0.2239,648
2,2012-11-05,4,1,11,1,1,2,0.3,0.2879,0.52,0.2836,257
2,2012-11-05,4,1,11,1,1,1,0.32,0.303,0.49,0.2836,142
2,2012-11-05,4,1,11,1,1,1,0.34,0.3182,0.46,0.2239,150
3,2012-11-05,4,1,11,1,1,1,0.36,0.3333,0.43,0.3284,244
3,2012-11-05,4,1,11,1,1,1,0.36,0.3333,0.4,0.2537,222
3,2012-11-05,4,1,11,1,1,1,0.38,0.3939,0.4,0.1642,196
3,2012-11-05,4,1,11,1,1,1,0.38,0.3939,0.4,0.2836,231
3,2012-11-05,4,1,11,1,1,1,0.36,0.3333,0.43,0.2836,360
3,2012-11-05,4,1,11,1,1,1,0.34,0.3182,0.46,0.2239,638
4,2012-11-05,4,1,11,1,1,1,0.34,0.3182,0.46,0.2239,542
4,2012-11-05,4,1,11,1,1,1,0.32,0.3182,0.49,0.1642,372
4,2012-11-05,4,1,11,1,1,1,0.32,0.303,0.49,0.2537,241
4,2012-11-05,4,1,11,1,1,1,0.3,0.2879,0.52,0.2836,152
4,2012-11-05,4,1,11,1,1,1,0.28,0.2727,0.56,0.194,115
4,2012-11-05,4,1,11,1,1,1,0.26,0.2727,0.6,0.1343,53
1,2012-11-06,4,1,11,2,1,1,0.24,0.2576,0.6,0.1045,19
1,2012-11-06,4,1,11,2,1,1,0.24,0.2424,0.6,0.1642,8
1,2012-11-06,4,1,11,2,1,1,0.24,0.2576,0.65,0.0896,2
1,2012-11-06,4,1,11,2,1,1,0.22,0.2424,0.64,0.1045,4
1,2012-11-06,4,1,11,2,1,1,0.22,0.2576,0.69,0.0896,7
1,2012-11-06,4,1,11,2,1,2,0.22,0.2273,0.64,0.194,41
2,2012-11-06,4,1,11,2,1,1,0.22,0.2273,0.69,0.1343,149
2,2012-11-06,4,1,11,2,1,1,0.2,0.2121,0.69,0.1642,387
2,2012-11-06,4,1,11,2,1,1,0.22,0.2273,0.69,0.1642,588
2,2012-11-06,4,1,11,2,1,1,0.26,0.2576,0.6,0.1642,363
2,2012-11-06,4,1,11,2,1,1,0.3,0.2879,0.49,0.194,230
2,2012-11-06,4,1,11,2,1,1,0.32,0.3333,0.45,0.1343,216
3,2012-11-06,4,1,11,2,1,1,0.32,0.3333,0.45,0.1343,248
3,2012-11-06,4,1,11,2,1,1,0.34,0.3333,0.46,0.1343,278
3,2012-11-06,4,1,11,2,1,1,0.36,0.3636,0.4,0.1045,240
3,2012-11-06,4,1,11,2,1,1,0.34,0.3182,0.46,0.2537,272
3,2012-11-06,4,1,11,2,1,1,0.34,0.3333,0.46,0.1642,402
3,2012-11-06,4,1,11,2,1,1,0.32,0.303,0.53,0.2239,627
4,2012-11-06,4,1,11,2,1,1,0.32,0.303,0.57,0.2985,497
4,2012-11-06,4,1,11,2,1,1,0.3,0.2879,0.56,0.2239,371
4,2012-11-06,4,1,11,2,1,1,0.3,0.2879,0.61,0.2239,228
4,2012-11-06,4,1,11,2,1,2,0.3,0.2879,0.56,0.2537,151
4,2012-11-06,4,1,11,2,1,2,0.3,0.2879,0.56,0.2239,153
4,2012-11-06,4,1,11,2,1,1,0.3,0.2879,0.56,0.2239,205
1,2012-11-07,4,1,11,3,1,2,0.3,0.2879,0.56,0.2836,283
1,2012-11-07,4,1,11,3,1,2,0.28,0.2727,0.61,0.2537,92
1,2012-11-07,4,1,11,3,1,2,0.28,0.2576,0.56,0.2985,74
1,2012-11-07,4,1,11,3,1,2,0.28,0.2576,0.52,0.3284,11
1,2012-11-07,4,1,11,3,1,2,0.28,0.2576,0.52,0.2985,9
1,2012-11-07,4,1,11,3,1,2,0.28,0.2576,0.52,0.3284,27
2,2012-11-07,4,1,11,3,1,2,0.26,0.2424,0.56,0.2836,118
2,2012-11-07,4,1,11,3,1,2,0.26,0.2273,0.56,0.2985,319
2,2012-11-07,4,1,11,3,1,2,0.26,0.2424,0.6,0.2836,601
2,2012-11-07,4,1,11,3,1,2,0.26,0.2424,0.6,0.2836,368
2,2012-11-07,4,1,11,3,1,2,0.28,0.2576,0.56,0.2985,178
2,2012-11-07,4,1,11,3,1,2,0.32,0.2879,0.51,0.3582,147
3,2012-11-07,4,1,11,3,1,2,0.32,0.303,0.53,0.2836,212
3,2012-11-07,4,1,11,3,1,2,0.32,0.303,0.53,0.2537,181
3,2012-11-07,4,1,11,3,1,2,0.32,0.2879,0.53,0.3582,161
3,2012-11-07,4,1,11,3,1,2,0.32,0.303,0.53,0.2985,198
3,2012-11-07,4,1,11,3,1,2,0.32,0.2879,0.53,0.3582,273
3,2012-11-07,4,1,11,3,1,2,0.32,0.2879,0.53,0.3881,517
4,2012-11-07,4,1,11,3,1,2,0.32,0.2879,0.53,0.3582,465
4,2012-11-07,4,1,11,3,1,2,0.3,0.2727,0.56,0.2985,319
4,2012-11-07,4,1,11,3,1,2,0.32,0.303,0.49,0.3284,256
4,2012-11-07,4,1,11,3,1,2,0.32,0.303,0.49,0.2985,126
4,2012-11-07,4,1,11,3,1,3,0.3,0.2879,0.56,0.2537,60
4,2012-11-07,4,1,11,3,1,3,0.28,0.2727,0.65,0.2239,40
1,2012-11-08,4,1,11,4,1,3,0.28,0.2727,0.61,0.2239,15
1,2012-11-08,4,1,11,4,1,3,0.3,0.2727,0.52,0.3582,12
1,2012-11-08,4,1,11,4,1,2,0.3,0.2879,0.49,0.2239,6
1,2012-11-08,4,1,11,4,1,2,0.3,0.2879,0.45,0.2836,10
1,2012-11-08,4,1,11,4,1,2,0.3,0.2879,0.42,0.2239,35
2,2012-11-08,4,1,11,4,1,1,0.3,0.2879,0.39,0.2239,124
2,2012-11-08,4,1,11,4,1,1,0.28,0.2576,0.36,0.3881,423
2,2012-11-08,4,1,11,4,1,1,0.3,0.2879,0.33,0.2836,668
2,2012-11-08,4,1,11,4,1,1,0.32,0.2879,0.31,0.3582,275
2,2012-11-08,4,1,11,4,1,1,0.32,0.303,0.31,0.3284,161
2,2012-11-08,4,1,11,4,1,1,0.36,0.3333,0.29,0.3881,171
3,2012-11-08,4,1,11,4,1,1,0.4,0.4091,0.24,0.4925,235
3,2012-11-08,4,1,11,4,1,1,0.44,0.4394,0.18,0.4179,228
3,2012-11-08,4,1,11,4,1,1,0.44,0.4394,0.18,0.4179,182
3,2012-11-08,4,1,11,4,1,1,0.44,0.4394,0.18,0.4179,233
3,2012-11-08,4,1,11,4,1,1,0.42,0.4242,0.16,0.3881,339
3,2012-11-08,4,1,11,4,1,1,0.4,0.4091,0.2,0.2985,592
4,2012-11-08,4,1,11,4,1,1,0.4,0.4091,0.24,0.4179,507
4,2012-11-08,4,1,11,4,1,1,0.38,0.3939,0.27,0.3582,373
4,2012-11-08,4,1,11,4,1,1,0.38,0.3939,0.29,0.4627,245
4,2012-11-08,4,1,11,4,1,1,0.36,0.3333,0.37,0.3881,233
4,2012-11-08,4,1,11,4,1,1,0.34,0.303,0.42,0.2985,161
4,2012-11-08,4,1,11,4,1,1,0.34,0.303,0.46,0.3582,87
1,2012-11-09,4,1,11,5,1,1,0.34,0.303,0.49,0.3284,55
1,2012-11-09,4,1,11,5,1,1,0.32,0.303,0.53,0.2836,20
1,2012-11-09,4,1,11,5,1,1,0.32,0.303,0.53,0.2537,12
1,2012-11-09,4,1,11,5,1,1,0.32,0.2879,0.53,0.4179,9
1,2012-11-09,4,1,11,5,1,1,0.32,0.2879,0.53,0.3582,14
1,2012-11-09,4,1,11,5,1,1,0.3,0.2879,0.56,0.194,27
2,2012-11-09,4,1,11,5,1,1,0.26,0.2727,0.65,0.1045,131
2,2012-11-09,4,1,11,5,1,1,0.26,0.2727,0.65,0.1343,341
2,2012-11-09,4,1,11,5,1,1,0.32,0.3182,0.57,0.1642,693
2,2012-11-09,4,1,11,5,1,1,0.34,0.303,0.53,0.4179,327
2,2012-11-09,4,1,11,5,1,1,0.36,0.3333,0.5,0.3284,197
2,2012-11-09,4,1,11,5,1,1,0.4,0.4091,0.47,0.2985,251
3,2012-11-09,4,1,11,5,1,1,0.44,0.4394,0.41,0.3284,262
3,2012-11-09,4,1,11,5,1,1,0.46,0.4545,0.38,0.2985,299
3,2012-11-09,4,1,11,5,1,1,0.46,0.4545,0.38,0.194,274
3,2012-11-09,4,1,11,5,1,1,0.46,0.4545,0.36,0.2239,356
3,2012-11-09,4,1,11,5,1,1,0.46,0.4545,0.38,0.1642,434
3,2012-11-09,4,1,11,5,1,1,0.42,0.4242,0.44,0.1343,654
4,2012-11-09,4,1,11,5,1,1,0.42,0.4242,0.44,0.1045,496
4,2012-11-09,4,1,11,5,1,1,0.34,0.3485,0.71,0.0896,361
4,2012-11-09,4,1,11,5,1,1,0.36,0.3485,0.66,0.1343,255
4,2012-11-09,4,1,11,5,1,1,0.34,0.3636,0.76,0.0,199
4,2012-11-09,4,1,11,5,1,1,0.34,0.3485,0.71,0.1045,163
4,2012-11-09,4,1,11,5,1,1,0.32,0.3333,0.81,0.0896,162
1,2012-11-10,4,1,11,6,0,1,0.32,0.3333,0.76,0.0896,122
1,2012-11-10,4,1,11,6,0,1,0.3,0.3182,0.81,0.0896,76
1,2012-11-10,4,1,11,6,0,1,0.32,0.3485,0.81,0.0,44
1,2012-11-10,4,1,11,6,0,1,0.3,0.3333,0.81,0.0,20
1,2012-11-10,4,1,11,6,0,1,0.26,0.2727,0.87,0.1045,6
1,2012-11-10,4,1,11,6,0,1,0.28,0.3182,0.87,0.0,10
2,2012-11-10,4,1,11,6,0,1,0.24,0.2576,0.93,0.0896,16
2,2012-11-10,4,1,11,6,0,1,0.26,0.2727,0.87,0.1045,71
2,2012-11-10,4,1,11,6,0,1,0.32,0.3485,0.76,0.0,146
2,2012-11-10,4,1,11,6,0,1,0.36,0.3485,0.66,0.194,259
2,2012-11-10,4,1,11,6,0,1,0.4,0.4091,0.58,0.0,350
2,2012-11-10,4,1,11,6,0,1,0.4,0.4091,0.58,0.1045,466
3,2012-11-10,4,1,11,6,0,1,0.48,0.4697,0.48,0.0,606
3,2012-11-10,4,1,11,6,0,1,0.52,0.5,0.39,0.0,651
3,2012-11-10,4,1,11,6,0,1,0.54,0.5152,0.37,0.0,627
3,2012-11-10,4,1,11,6,0,1,0.52,0.5,0.45,0.0,567
3,2012-11-10,4,1,11,6,0,1,0.54,0.5152,0.37,0.0,605
3,2012-11-10,4,1,11,6,0,1,0.5,0.4848,0.45,0.194,501
4,2012-11-10,4,1,11,6,0,1,0.44,0.4394,0.54,0.1343,359
4,2012-11-10,4,1,11,6,0,1,0.46,0.4545,0.51,0.0896,283
4,2012-11-10,4,1,11,6,0,1,0.44,0.4394,0.54,0.0,192
4,2012-11-10,4,1,11,6,0,1,0.4,0.4091,0.66,0.0,220
4,2012-11-10,4,1,11,6,0,1,0.38,0.3939,0.71,0.0896,193
4,2012-11-10,4,1,11,6,0,1,0.36,0.3636,0.71,0.1045,146
1,2012-11-11,4,1,11,0,0,1,0.34,0.3485,0.81,0.0896,124
1,2012-11-11,4,1,11,0,0,1,0.34,0.3485,0.76,0.0896,108
1,2012-11-11,4,1,11,0,0,1,0.32,0.3333,0.87,0.1045,70
1,2012-11-11,4,1,11,0,0,1,0.34,0.3636,0.81,0.0,48
1,2012-11-11,4,1,11,0,0,1,0.32,0.3333,0.81,0.1045,11
1,2012-11-11,4,1,11,0,0,1,0.3,0.303,0.87,0.1343,12
2,2012-11-11,4,1,11,0,0,1,0.3,0.3182,0.87,0.0896,19
2,2012-11-11,4,1,11,0,0,1,0.3,0.3182,0.89,0.0896,68
2,2012-11-11,4,1,11,0,0,1,0.32,0.3333,0.87,0.1045,119
2,2012-11-11,4,1,11,0,0,1,0.36,0.3788,0.77,0.0,273
2,2012-11-11,4,1,11,0,0,1,0.4,0.4091,0.69,0.1045,405
2,2012-11-11,4,1,11,0,0,1,0.46,0.4545,0.59,0.1343,504
3,2012-11-11,4,1,11,0,0,1,0.5,0.4848,0.48,0.0896,585
3,2012-11-11,4,1,11,0,0,1,0.54,0.5152,0.45,0.1045,686
3,2012-11-11,4,1,11,0,0,1,0.6,0.6212,0.33,0.1642,654
3,2012-11-11,4,1,11,0,0,1,0.56,0.5303,0.37,0.2239,724
3,2012-11-11,4,1,11,0,0,1,0.54,0.5152,0.42,0.2239,653
3,2012-11-11,4,1,11,0,0,1,0.54,0.5152,0.45,0.1642,493
4,2012-11-11,4,1,11,0,0,1,0.52,0.5,0.45,0.1343,405
4,2012-11-11,4,1,11,0,0,1,0.48,0.4697,0.55,0.1343,277
4,2012-11-11,4,1,11,0,0,1,0.44,0.4394,0.62,0.1642,200
4,2012-11-11,4,1,11,0,0,1,0.44,0.4394,0.67,0.2239,171
4,2012-11-11,4,1,11,0,0,1,0.42,0.4242,0.71,0.194,134
4,2012-11-11,4,1,11,0,0,1,0.42,0.4242,0.71,0.194,109
1,2012-11-12,4,1,11,1,0,1,0.42,0.4242,0.71,0.1045,49
1,2012-11-12,4,1,11,1,0,1,0.4,0.4091,0.76,0.1642,30
1,2012-11-12,4,1,11,1,0,1,0.4,0.4091,0.76,0.1343,20
1,2012-11-12,4,1,11,1,0,1,0.4,0.4091,0.76,0.1343,4
1,2012-11-12,4,1,11,1,0,1,0.4,0.4091,0.76,0.0896,4
1,2012-11-12,4,1,11,1,0,1,0.38,0.3939,0.87,0.0,24
2,2012-11-12,4,1,11,1,0,1,0.38,0.3939,0.87,0.1045,71
2,2012-11-12,4,1,11,1,0,1,0.4,0.4091,0.87,0.0,264
2,2012-11-12,4,1,11,1,0,1,0.42,0.4242,0.82,0.1642,540
2,2012-11-12,4,1,11,1,0,1,0.44,0.4394,0.88,0.1045,397
2,2012-11-12,4,1,11,1,0,1,0.48,0.4697,0.77,0.1642,266
2,2012-11-12,4,1,11,1,0,1,0.52,0.5,0.72,0.1642,367
3,2012-11-12,4,1,11,1,0,1,0.56,0.5303,0.64,0.2239,419
3,2012-11-12,4,1,11,1,0,1,0.6,0.6061,0.6,0.2239,420
3,2012-11-12,4,1,11,1,0,1,0.58,0.5455,0.6,0.2836,444
3,2012-11-12,4,1,11,1,0,1,0.56,0.5303,0.64,0.2537,382
3,2012-11-12,4,1,11,1,0,1,0.56,0.5303,0.64,0.1642,434
3,2012-11-12,4,1,11,1,0,1,0.56,0.5303,0.64,0.2836,596
4,2012-11-12,4,1,11,1,0,1,0.52,0.5,0.72,0.1343,551
4,2012-11-12,4,1,11,1,0,1,0.54,0.5152,0.73,0.2836,353
4,2012-11-12,4,1,11,1,0,2,0.52,0.5,0.77,0.2836,304
4,2012-11-12,4,1,11,1,0,3,0.54,0.5152,0.73,0.2239,155
4,2012-11-12,4,1,11,1,0,1,0.52,0.5,0.77,0.2537,112
4,2012-11-12,4,1,11,1,0,2,0.54,0.5152,0.77,0.2239,63
1,2012-11-13,4,1,11,2,1,2,0.52,0.5,0.83,0.2836,23
1,2012-11-13,4,1,11,2,1,3,0.44,0.4394,0.88,0.6418,5
1,2012-11-13,4,1,11,2,1,3,0.36,0.3182,0.87,0.4478,11
1,2012-11-13,4,1,11,2,1,3,0.36,0.3333,0.87,0.3582,5
1,2012-11-13,4,1,11,2,1,2,0.36,0.3333,0.81,0.3881,9
1,2012-11-13,4,1,11,2,1,2,0.34,0.3182,0.87,0.2836,18
2,2012-11-13,4,1,11,2,1,3,0.32,0.2879,0.81,0.4627,50
2,2012-11-13,4,1,11,2,1,3,0.32,0.303,0.87,0.2537,107
2,2012-11-13,4,1,11,2,1,3,0.32,0.303,0.87,0.2537,211
2,2012-11-13,4,1,11,2,1,3,0.32,0.303,0.81,0.3284,110
2,2012-11-13,4,1,11,2,1,3,0.3,0.2727,0.75,0.3881,94
2,2012-11-13,4,1,11,2,1,1,0.32,0.303,0.7,0.2537,155
3,2012-11-13,4,1,11,2,1,1,0.34,0.3182,0.61,0.2836,196
3,2012-11-13,4,1,11,2,1,1,0.34,0.3182,0.53,0.2537,218
3,2012-11-13,4,1,11,2,1,1,0.38,0.3939,0.46,0.3881,203
3,2012-11-13,4,1,11,2,1,1,0.4,0.4091,0.4,0.2985,217
3,2012-11-13,4,1,11,2,1,1,0.38,0.3939,0.4,0.2985,310
3,2012-11-13,4,1,11,2,1,1,0.34,0.303,0.49,0.3582,608
4,2012-11-13,4,1,11,2,1,1,0.34,0.3182,0.49,0.2836,559
4,2012-11-13,4,1,11,2,1,1,0.32,0.2879,0.49,0.3582,356
4,2012-11-13,4,1,11,2,1,1,0.3,0.2727,0.49,0.3582,223
4,2012-11-13,4,1,11,2,1,1,0.3,0.2727,0.49,0.3582,187
4,2012-11-13,4,1,11,2,1,1,0.26,0.2273,0.56,0.3284,135
4,2012-11-13,4,1,11,2,1,1,0.26,0.2273,0.56,0.2985,84
1,2012-11-14,4,1,11,3,1,1,0.26,0.2424,0.56,0.2836,24
1,2012-11-14,4,1,11,3,1,1,0.24,0.2121,0.6,0.2985,12
1,2012-11-14,4,1,11,3,1,1,0.24,0.2121,0.6,0.2985,1
1,2012-11-14,4,1,11,3,1,1,0.24,0.2273,0.65,0.2239,5
1,2012-11-14,4,1,11,3,1,1,0.22,0.2273,0.69,0.194,6
1,2012-11-14,4,1,11,3,1,1,0.22,0.2273,0.69,0.194,39
2,2012-11-14,4,1,11,3,1,1,0.24,0.2273,0.65,0.194,146
2,2012-11-14,4,1,11,3,1,1,0.24,0.2121,0.65,0.2836,415
2,2012-11-14,4,1,11,3,1,1,0.28,0.2576,0.56,0.2985,691
2,2012-11-14,4,1,11,3,1,1,0.3,0.2727,0.52,0.3881,332
2,2012-11-14,4,1,11,3,1,1,0.32,0.2879,0.45,0.3582,171
2,2012-11-14,4,1,11,3,1,1,0.32,0.303,0.49,0.2537,151
3,2012-11-14,4,1,11,3,1,1,0.34,0.3333,0.46,0.0,240
3,2012-11-14,4,1,11,3,1,1,0.36,0.3333,0.43,0.2537,214
3,2012-11-14,4,1,11,3,1,1,0.36,0.3485,0.43,0.1343,181
3,2012-11-14,4,1,11,3,1,1,0.36,0.3333,0.43,0.2836,260
3,2012-11-14,4,1,11,3,1,1,0.34,0.3485,0.46,0.1045,321
3,2012-11-14,4,1,11,3,1,1,0.32,0.3182,0.49,0.194,583
4,2012-11-14,4,1,11,3,1,1,0.32,0.3182,0.53,0.1642,567
4,2012-11-14,4,1,11,3,1,1,0.3,0.303,0.52,0.1642,396
4,2012-11-14,4,1,11,3,1,1,0.3,0.3182,0.52,0.0896,267
4,2012-11-14,4,1,11,3,1,1,0.3,0.3333,0.56,0.0,213
4,2012-11-14,4,1,11,3,1,1,0.28,0.3182,0.61,0.0,173
4,2012-11-14,4,1,11,3,1,1,0.24,0.2424,0.7,0.1343,87
1,2012-11-15,4,1,11,4,1,2,0.26,0.303,0.65,0.0,34
1,2012-11-15,4,1,11,4,1,2,0.26,0.2727,0.65,0.1045,16
1,2012-11-15,4,1,11,4,1,2,0.26,0.2576,0.7,0.1642,7
1,2012-11-15,4,1,11,4,1,2,0.26,0.2879,0.7,0.0896,2
1,2012-11-15,4,1,11,4,1,2,0.28,0.2879,0.65,0.1343,5
1,2012-11-15,4,1,11,4,1,2,0.3,0.2879,0.61,0.2239,37
2,2012-11-15,4,1,11,4,1,2,0.3,0.2879,0.65,0.2537,147
2,2012-11-15,4,1,11,4,1,2,0.3,0.2879,0.65,0.194,410
2,2012-11-15,4,1,11,4,1,2,0.3,0.2879,0.61,0.2239,646
2,2012-11-15,4,1,11,4,1,2,0.32,0.3182,0.61,0.194,323
2,2012-11-15,4,1,11,4,1,2,0.32,0.3333,0.66,0.1343,153
2,2012-11-15,4,1,11,4,1,2,0.34,0.3333,0.61,0.1343,166
3,2012-11-15,4,1,11,4,1,2,0.36,0.3636,0.62,0.1045,213
3,2012-11-15,4,1,11,4,1,2,0.38,0.3939,0.54,0.1045,217
3,2012-11-15,4,1,11,4,1,2,0.38,0.3939,0.54,0.1642,201
3,2012-11-15,4,1,11,4,1,2,0.38,0.3939,0.58,0.1642,217
3,2012-11-15,4,1,11,4,1,2,0.36,0.3485,0.57,0.194,342
3,2012-11-15,4,1,11,4,1,2,0.36,0.3485,0.57,0.2239,563
4,2012-11-15,4,1,11,4,1,2,0.36,0.3485,0.57,0.194,573
4,2012-11-15,4,1,11,4,1,2,0.34,0.3333,0.61,0.1343,386
4,2012-11-15,4,1,11,4,1,1,0.34,0.3485,0.61,0.1045,285
4,2012-11-15,4,1,11,4,1,2,0.32,0.3333,0.66,0.1045,224
4,2012-11-15,4,1,11,4,1,2,0.32,0.3182,0.66,0.1642,153
4,2012-11-15,4,1,11,4,1,2,0.32,0.3182,0.61,0.1642,125
1,2012-11-16,4,1,11,5,1,2,0.32,0.3333,0.66,0.1045,65
1,2012-11-16,4,1,11,5,1,2,0.3,0.3182,0.65,0.0896,21
1,2012-11-16,4,1,11,5,1,2,0.3,0.303,0.7,0.1642,9
1,2012-11-16,4,1,11,5,1,2,0.3,0.303,0.65,0.1343,6
1,2012-11-16,4,1,11,5,1,2,0.3,0.3182,0.65,0.1045,5
1,2012-11-16,4,1,11,5,1,2,0.3,0.3182,0.65,0.0896,36
2,2012-11-16,4,1,11,5,1,2,0.3,0.3182,0.61,0.0896,130
2,2012-11-16,4,1,11,5,1,2,0.3,0.303,0.61,0.1642,367
2,2012-11-16,4,1,11,5,1,2,0.32,0.3333,0.57,0.1343,711
2,2012-11-16,4,1,11,5,1,1,0.34,0.3485,0.53,0.1045,351
2,2012-11-16,4,1,11,5,1,1,0.34,0.3333,0.53,0.194,198
2,2012-11-16,4,1,11,5,1,1,0.38,0.3939,0.43,0.2239,218
3,2012-11-16,4,1,11,5,1,1,0.4,0.4091,0.43,0.2836,290
3,2012-11-16,4,1,11,5,1,1,0.42,0.4242,0.38,0.194,278
3,2012-11-16,4,1,11,5,1,1,0.42,0.4242,0.35,0.1045,251
3,2012-11-16,4,1,11,5,1,1,0.42,0.4242,0.38,0.1343,267
3,2012-11-16,4,1,11,5,1,1,0.42,0.4242,0.35,0.2836,383
3,2012-11-16,4,1,11,5,1,1,0.36,0.3485,0.46,0.194,580
4,2012-11-16,4,1,11,5,1,1,0.34,0.3333,0.53,0.1642,505
4,2012-11-16,4,1,11,5,1,1,0.36,0.3485,0.46,0.2239,332
4,2012-11-16,4,1,11,5,1,1,0.36,0.3333,0.46,0.2537,227
4,2012-11-16,4,1,11,5,1,1,0.34,0.3333,0.49,0.194,178
4,2012-11-16,4,1,11,5,1,1,0.32,0.303,0.53,0.2537,162
4,2012-11-16,4,1,11,5,1,1,0.32,0.303,0.53,0.2239,128
1,2012-11-17,4,1,11,6,0,1,0.3,0.303,0.52,0.1642,106
1,2012-11-17,4,1,11,6,0,1,0.26,0.2576,0.6,0.194,87
1,2012-11-17,4,1,11,6,0,1,0.26,0.2576,0.65,0.194,49
1,2012-11-17,4,1,11,6,0,1,0.26,0.2576,0.65,0.194,21
1,2012-11-17,4,1,11,6,0,1,0.24,0.2273,0.7,0.194,7
1,2012-11-17,4,1,11,6,0,1,0.24,0.2424,0.7,0.1642,11
2,2012-11-17,4,1,11,6,0,1,0.24,0.2273,0.7,0.2239,21
2,2012-11-17,4,1,11,6,0,1,0.24,0.2273,0.7,0.194,78
2,2012-11-17,4,1,11,6,0,1,0.26,0.2576,0.65,0.2239,168
2,2012-11-17,4,1,11,6,0,1,0.34,0.3182,0.49,0.2239,248
2,2012-11-17,4,1,11,6,0,1,0.36,0.3333,0.46,0.2537,320
2,2012-11-17,4,1,11,6,0,1,0.38,0.3939,0.43,0.194,423
3,2012-11-17,4,1,11,6,0,1,0.4,0.4091,0.4,0.1642,476
3,2012-11-17,4,1,11,6,0,1,0.42,0.4242,0.38,0.2537,525
3,2012-11-17,4,1,11,6,0,1,0.42,0.4242,0.38,0.194,555
3,2012-11-17,4,1,11,6,0,1,0.42,0.4242,0.35,0.2985,549
3,2012-11-17,4,1,11,6,0,1,0.4,0.4091,0.4,0.2239,469
3,2012-11-17,4,1,11,6,0,1,0.38,0.3939,0.4,0.1642,403
4,2012-11-17,4,1,11,6,0,1,0.36,0.3636,0.5,0.1045,271
4,2012-11-17,4,1,11,6,0,1,0.34,0.3485,0.53,0.0896,253
4,2012-11-17,4,1,11,6,0,2,0.34,0.3485,0.66,0.0896,172
4,2012-11-17,4,1,11,6,0,2,0.32,0.3333,0.57,0.1045,139
4,2012-11-17,4,1,11,6,0,2,0.32,0.3333,0.57,0.1045,145
4,2012-11-17,4,1,11,6,0,2,0.3,0.3182,0.7,0.1045,133
1,2012-11-18,4,1,11,0,0,2,0.3,0.303,0.7,0.1642,129
1,2012-11-18,4,1,11,0,0,1,0.3,0.2879,0.7,0.194,95
1,2012-11-18,4,1,11,0,0,1,0.28,0.2879,0.81,0.1045,73
1,2012-11-18,4,1,11,0,0,2,0.3,0.303,0.81,0.1642,46
1,2012-11-18,4,1,11,0,0,2,0.3,0.2879,0.81,0.194,12
1,2012-11-18,4,1,11,0,0,1,0.28,0.2879,0.81,0.1343,12
2,2012-11-18,4,1,11,0,0,1,0.28,0.2727,0.81,0.1642,15
2,2012-11-18,4,1,11,0,0,1,0.28,0.2727,0.81,0.194,42
2,2012-11-18,4,1,11,0,0,1,0.3,0.2879,0.75,0.2537,119
2,2012-11-18,4,1,11,0,0,1,0.32,0.303,0.7,0.2537,204
2,2012-11-18,4,1,11,0,0,1,0.34,0.303,0.66,0.2985,329
2,2012-11-18,4,1,11,0,0,1,0.38,0.3939,0.62,0.2836,359
3,2012-11-18,4,1,11,0,0,1,0.4,0.4091,0.62,0.2836,442
3,2012-11-18,4,1,11,0,0,1,0.4,0.4091,0.62,0.3284,447
3,2012-11-18,4,1,11,0,0,1,0.4,0.4091,0.62,0.2985,428
3,2012-11-18,4,1,11,0,0,1,0.42,0.4242,0.54,0.2836,407
3,2012-11-18,4,1,11,0,0,2,0.4,0.4091,0.62,0.3284,372
3,2012-11-18,4,1,11,0,0,2,0.38,0.3939,0.66,0.2537,280
4,2012-11-18,4,1,11,0,0,1,0.36,0.3485,0.66,0.2239,276
4,2012-11-18,4,1,11,0,0,1,0.36,0.3485,0.66,0.1642,210
4,2012-11-18,4,1,11,0,0,1,0.36,0.3485,0.66,0.1642,129
4,2012-11-18,4,1,11,0,0,1,0.36,0.3333,0.66,0.2537,110
4,2012-11-18,4,1,11,0,0,2,0.36,0.3333,0.66,0.2537,74
4,2012-11-18,4,1,11,0,0,1,0.36,0.3485,0.66,0.2239,59
1,2012-11-19,4,1,11,1,1,1,0.36,0.3485,0.66,0.2239,27
1,2012-11-19,4,1,11,1,1,2,0.36,0.3485,0.66,0.2239,19
1,2012-11-19,4,1,11,1,1,2,0.36,0.3333,0.66,0.2537,5
1,2012-11-19,4,1,11,1,1,2,0.36,0.3485,0.66,0.2239,2
1,2012-11-19,4,1,11,1,1,2,0.36,0.3485,0.66,0.2239,12
1,2012-11-19,4,1,11,1,1,2,0.36,0.3485,0.66,0.2239,39
2,2012-11-19,4,1,11,1,1,2,0.36,0.3333,0.66,0.2537,131
2,2012-11-19,4,1,11,1,1,2,0.36,0.3333,0.66,0.2985,386
2,2012-11-19,4,1,11,1,1,2,0.36,0.3333,0.66,0.2985,663
2,2012-11-19,4,1,11,1,1,2,0.36,0.3333,0.66,0.2537,278
2,2012-11-19,4,1,11,1,1,2,0.36,0.3333,0.66,0.2537,139
2,2012-11-19,4,1,11,1,1,2,0.38,0.3939,0.66,0.2537,197
3,2012-11-19,4,1,11,1,1,2,0.4,0.4091,0.62,0.2836,242
3,2012-11-19,4,1,11,1,1,1,0.44,0.4394,0.54,0.2537,251
3,2012-11-19,4,1,11,1,1,1,0.44,0.4394,0.54,0.2537,217
3,2012-11-19,4,1,11,1,1,1,0.44,0.4394,0.54,0.194,257
3,2012-11-19,4,1,11,1,1,1,0.42,0.4242,0.58,0.2537,380
3,2012-11-19,4,1,11,1,1,2,0.42,0.4242,0.58,0.194,619
4,2012-11-19,4,1,11,1,1,2,0.4,0.4091,0.58,0.2537,580
4,2012-11-19,4,1,11,1,1,2,0.4,0.4091,0.58,0.2836,406
4,2012-11-19,4,1,11,1,1,2,0.38,0.3939,0.62,0.2537,259
4,2012-11-19,4,1,11,1,1,2,0.38,0.3939,0.54,0.2239,203
4,2012-11-19,4,1,11,1,1,1,0.34,0.3485,0.66,0.1045,113
4,2012-11-19,4,1,11,1,1,1,0.34,0.3485,0.66,0.1045,74
1,2012-11-20,4,1,11,2,1,1,0.32,0.3333,0.7,0.1343,29
1,2012-11-20,4,1,11,2,1,1,0.34,0.3485,0.66,0.1045,13
1,2012-11-20,4,1,11,2,1,2,0.32,0.3333,0.76,0.0896,5
1,2012-11-20,4,1,11,2,1,2,0.34,0.3485,0.71,0.1045,2
1,2012-11-20,4,1,11,2,1,2,0.34,0.3333,0.66,0.194,6
1,2012-11-20,4,1,11,2,1,2,0.34,0.3333,0.66,0.1343,34
2,2012-11-20,4,1,11,2,1,2,0.34,0.3333,0.71,0.1642,148
2,2012-11-20,4,1,11,2,1,1,0.32,0.3333,0.76,0.0896,418
2,2012-11-20,4,1,11,2,1,1,0.34,0.3333,0.71,0.1343,665
2,2012-11-20,4,1,11,2,1,2,0.36,0.3788,0.71,0.0,326
2,2012-11-20,4,1,11,2,1,2,0.4,0.4091,0.66,0.0896,176
2,2012-11-20,4,1,11,2,1,2,0.42,0.4242,0.67,0.0896,205
3,2012-11-20,4,1,11,2,1,2,0.42,0.4242,0.67,0.0,313
3,2012-11-20,4,1,11,2,1,2,0.44,0.4394,0.58,0.0,267
3,2012-11-20,4,1,11,2,1,2,0.44,0.4394,0.58,0.1045,224
3,2012-11-20,4,1,11,2,1,2,0.46,0.4545,0.55,0.1045,287
3,2012-11-20,4,1,11,2,1,2,0.42,0.4242,0.62,0.0896,395
3,2012-11-20,4,1,11,2,1,2,0.4,0.4091,0.71,0.1642,590
4,2012-11-20,4,1,11,2,1,2,0.4,0.4091,0.66,0.0896,550
4,2012-11-20,4,1,11,2,1,2,0.4,0.4091,0.71,0.0,384
4,2012-11-20,4,1,11,2,1,2,0.38,0.3939,0.76,0.0,235
4,2012-11-20,4,1,11,2,1,1,0.36,0.3788,0.71,0.0,157
4,2012-11-20,4,1,11,2,1,1,0.36,0.3788,0.71,0.0,122
4,2012-11-20,4,1,11,2,1,1,0.32,0.3333,0.81,0.1045,83
1,2012-11-21,4,1,11,3,1,1,0.34,0.3636,0.81,0.0,26
1,2012-11-21,4,1,11,3,1,1,0.32,0.3333,0.81,0.1045,14
1,2012-11-21,4,1,11,3,1,1,0.28,0.2879,0.87,0.1045,8
1,2012-11-21,4,1,11,3,1,1,0.28,0.2879,0.87,0.1045,2
1,2012-11-21,4,1,11,3,1,1,0.28,0.2879,0.87,0.1045,10
1,2012-11-21,4,1,11,3,1,1,0.28,0.2879,0.87,0.1045,29
2,2012-11-21,4,1,11,3,1,1,0.28,0.303,0.87,0.0896,101
2,2012-11-21,4,1,11,3,1,1,0.26,0.2879,0.87,0.0896,273
2,2012-11-21,4,1,11,3,1,2,0.28,0.303,0.81,0.0896,551
2,2012-11-21,4,1,11,3,1,1,0.32,0.3333,0.76,0.0896,365
2,2012-11-21,4,1,11,3,1,1,0.36,0.3788,0.62,0.0,172
2,2012-11-21,4,1,11,3,1,1,0.4,0.4091,0.5,0.194,241
3,2012-11-21,4,1,11,3,1,1,0.44,0.4394,0.41,0.194,344
3,2012-11-21,4,1,11,3,1,1,0.44,0.4394,0.35,0.2239,365
3,2012-11-21,4,1,11,3,1,1,0.46,0.4545,0.33,0.194,413
3,2012-11-21,4,1,11,3,1,1,0.46,0.4545,0.36,0.0896,449
3,2012-11-21,4,1,11,3,1,1,0.44,0.4394,0.33,0.1343,469
3,2012-11-21,4,1,11,3,1,1,0.4,0.4091,0.4,0.1642,374
4,2012-11-21,4,1,11,3,1,1,0.42,0.4242,0.38,0.1045,311
4,2012-11-21,4,1,11,3,1,1,0.38,0.3939,0.43,0.194,243
4,2012-11-21,4,1,11,3,1,1,0.34,0.3485,0.61,0.1045,136
4,2012-11-21,4,1,11,3,1,1,0.36,0.3788,0.5,0.0,105
4,2012-11-21,4,1,11,3,1,1,0.34,0.3636,0.49,0.0,88
4,2012-11-21,4,1,11,3,1,1,0.32,0.3485,0.61,0.0,57
1,2012-11-22,4,1,11,4,0,1,0.32,0.3333,0.66,0.0896,46
1,2012-11-22,4,1,11,4,0,1,0.28,0.303,0.65,0.0896,42
1,2012-11-22,4,1,11,4,0,1,0.24,0.2576,0.75,0.0896,18
1,2012-11-22,4,1,11,4,0,1,0.24,0.2576,0.75,0.1045,6
1,2012-11-22,4,1,11,4,0,1,0.22,0.2273,0.8,0.1343,3
1,2012-11-22,4,1,11,4,0,1,0.24,0.2576,0.75,0.1045,8
2,2012-11-22,4,1,11,4,0,1,0.26,0.2727,0.7,0.1045,17
2,2012-11-22,4,1,11,4,0,1,0.22,0.2273,0.75,0.1343,56
2,2012-11-22,4,1,11,4,0,1,0.24,0.2424,0.75,0.1343,97
2,2012-11-22,4,1,11,4,0,1,0.3,0.3333,0.65,0.0,119
2,2012-11-22,4,1,11,4,0,1,0.36,0.3636,0.57,0.1045,219
2,2012-11-22,4,1,11,4,0,1,0.42,0.4242,0.41,0.0896,232
3,2012-11-22,4,1,11,4,0,1,0.44,0.4394,0.35,0.0,262
3,2012-11-22,4,1,11,4,0,1,0.46,0.4545,0.31,0.0,269
3,2012-11-22,4,1,11,4,0,1,0.48,0.4697,0.29,0.0,220
3,2012-11-22,4,1,11,4,0,1,0.48,0.4697,0.29,0.0,228
3,2012-11-22,4,1,11,4,0,1,0.46,0.4545,0.33,0.0,182
3,2012-11-22,4,1,11,4,0,1,0.44,0.4394,0.35,0.0,109
4,2012-11-22,4,1,11,4,0,1,0.4,0.4091,0.43,0.0,70
4,2012-11-22,4,1,11,4,0,1,0.36,0.3788,0.76,0.0,44
4,2012-11-22,4,1,11,4,0,1,0.34,0.3636,0.71,0.0,52
4,2012-11-22,4,1,11,4,0,1,0.34,0.3485,0.61,0.0896,46
4,2012-11-22,4,1,11,4,0,1,0.32,0.3485,0.61,0.0,44
4,2012-11-22,4,1,11,4,0,1,0.3,0.3333,0.7,0.0,36
1,2012-11-23,4,1,11,5,1,1,0.28,0.3182,0.65,0.0,32
1,2012-11-23,4,1,11,5,1,1,0.28,0.303,0.81,0.0896,13
1,2012-11-23,4,1,11,5,1,1,0.26,0.2879,0.75,0.0896,5
1,2012-11-23,4,1,11,5,1,1,0.26,0.303,0.7,0.0,1
1,2012-11-23,4,1,11,5,1,1,0.24,0.2576,0.75,0.1045,4
1,2012-11-23,4,1,11,5,1,1,0.24,0.2879,0.81,0.0,10
2,2012-11-23,4,1,11,5,1,1,0.24,0.2879,0.81,0.0,20
2,2012-11-23,4,1,11,5,1,1,0.24,0.2879,0.81,0.0,77
2,2012-11-23,4,1,11,5,1,1,0.24,0.2576,0.87,0.0896,94
2,2012-11-23,4,1,11,5,1,1,0.28,0.2879,0.75,0.1045,112
2,2012-11-23,4,1,11,5,1,1,0.34,0.3333,0.61,0.1642,201
2,2012-11-23,4,1,11,5,1,1,0.4,0.4091,0.5,0.194,251
3,2012-11-23,4,1,11,5,1,1,0.44,0.4394,0.38,0.2537,379
3,2012-11-23,4,1,11,5,1,1,0.46,0.4545,0.38,0.2836,424
3,2012-11-23,4,1,11,5,1,1,0.5,0.4848,0.36,0.2537,435
3,2012-11-23,4,1,11,5,1,1,0.48,0.4697,0.41,0.2537,447
3,2012-11-23,4,1,11,5,1,2,0.48,0.4697,0.41,0.1045,357
3,2012-11-23,4,1,11,5,1,2,0.48,0.4697,0.39,0.0896,300
4,2012-11-23,4,1,11,5,1,2,0.46,0.4545,0.44,0.0,208
4,2012-11-23,4,1,11,5,1,2,0.46,0.4545,0.47,0.1642,154
4,2012-11-23,4,1,11,5,1,1,0.46,0.4545,0.41,0.0896,142
4,2012-11-23,4,1,11,5,1,1,0.46,0.4545,0.47,0.2537,98
4,2012-11-23,4,1,11,5,1,1,0.44,0.4394,0.33,0.5224,79
4,2012-11-23,4,1,11,5,1,1,0.42,0.4242,0.38,0.4478,67
1,2012-11-24,4,1,11,6,0,1,0.4,0.4091,0.37,0.4179,42
1,2012-11-24,4,1,11,6,0,1,0.34,0.2879,0.42,0.4925,20
1,2012-11-24,4,1,11,6,0,1,0.32,0.2727,0.39,0.6119,32
1,2012-11-24,4,1,11,6,0,1,0.28,0.2576,0.41,0.3582,11
1,2012-11-24,4,1,11,6,0,1,0.26,0.2121,0.41,0.4478,3
1,2012-11-24,4,1,11,6,0,1,0.26,0.2273,0.41,0.3284,3
2,2012-11-24,4,1,11,6,0,1,0.24,0.2121,0.44,0.2836,10
2,2012-11-24,4,1,11,6,0,2,0.26,0.2273,0.41,0.3284,25
2,2012-11-24,4,1,11,6,0,2,0.26,0.2121,0.44,0.4627,62
2,2012-11-24,4,1,11,6,0,2,0.26,0.2121,0.41,0.4478,122
2,2012-11-24,4,1,11,6,0,2,0.26,0.2273,0.44,0.2985,142
2,2012-11-24,4,1,11,6,0,2,0.28,0.2576,0.41,0.2985,186
3,2012-11-24,4,1,11,6,0,2,0.3,0.2576,0.36,0.6119,199
3,2012-11-24,4,1,11,6,0,1,0.32,0.303,0.36,0.3284,225
3,2012-11-24,4,1,11,6,0,1,0.32,0.2879,0.33,0.4627,207
3,2012-11-24,4,1,11,6,0,1,0.3,0.2727,0.36,0.4627,198
3,2012-11-24,4,1,11,6,0,1,0.28,0.2424,0.38,0.4478,170
3,2012-11-24,4,1,11,6,0,1,0.26,0.2273,0.41,0.3881,126
4,2012-11-24,4,1,11,6,0,1,0.26,0.2273,0.38,0.3881,145
4,2012-11-24,4,1,11,6,0,1,0.26,0.2424,0.41,0.2537,83
4,2012-11-24,4,1,11,6,0,1,0.24,0.2121,0.44,0.2836,58
4,2012-11-24,4,1,11,6,0,1,0.24,0.2273,0.44,0.194,75
4,2012-11-24,4,1,11,6,0,1,0.24,0.2273,0.44,0.2537,76
4,2012-11-24,4,1,11,6,0,1,0.24,0.2273,0.44,0.194,57
1,2012-11-25,4,1,11,0,0,1,0.22,0.2121,0.47,0.2537,34
1,2012-11-25,4,1,11,0,0,1,0.22,0.2273,0.44,0.194,36
1,2012-11-25,4,1,11,0,0,1,0.22,0.197,0.44,0.3582,28
1,2012-11-25,4,1,11,0,0,1,0.22,0.2727,0.44,0.0,8
1,2012-11-25,4,1,11,0,0,1,0.22,0.2727,0.44,0.0,2
1,2012-11-25,4,1,11,0,0,2,0.22,0.2273,0.47,0.1642,3
2,2012-11-25,4,1,11,0,0,2,0.22,0.2424,0.47,0.1045,11
2,2012-11-25,4,1,11,0,0,2,0.22,0.2424,0.51,0.1045,21
2,2012-11-25,4,1,11,0,0,2,0.22,0.2273,0.51,0.194,34
2,2012-11-25,4,1,11,0,0,2,0.24,0.2273,0.48,0.2239,96
2,2012-11-25,4,1,11,0,0,1,0.24,0.2273,0.48,0.2537,139
2,2012-11-25,4,1,11,0,0,2,0.26,0.2576,0.41,0.2239,204
3,2012-11-25,4,1,11,0,0,2,0.26,0.2576,0.41,0.2239,202
3,2012-11-25,4,1,11,0,0,2,0.26,0.2576,0.41,0.1642,195
3,2012-11-25,4,1,11,0,0,2,0.3,0.2879,0.42,0.2537,203
3,2012-11-25,4,1,11,0,0,1,0.3,0.2879,0.42,0.2537,245
3,2012-11-25,4,1,11,0,0,1,0.3,0.2879,0.39,0.2239,228
3,2012-11-25,4,1,11,0,0,1,0.28,0.2727,0.41,0.1642,181
4,2012-11-25,4,1,11,0,0,1,0.26,0.2576,0.44,0.1642,141
4,2012-11-25,4,1,11,0,0,1,0.26,0.303,0.41,0.0,127
4,2012-11-25,4,1,11,0,0,1,0.24,0.2879,0.6,0.0,119
4,2012-11-25,4,1,11,0,0,1,0.26,0.303,0.48,0.0,64
4,2012-11-25,4,1,11,0,0,1,0.24,0.2879,0.6,0.0,62
4,2012-11-25,4,1,11,0,0,1,0.22,0.2576,0.69,0.0896,41
1,2012-11-26,4,1,11,1,1,1,0.22,0.2727,0.69,0.0,23
1,2012-11-26,4,1,11,1,1,1,0.2,0.2576,0.69,0.0,10
1,2012-11-26,4,1,11,1,1,1,0.2,0.2576,0.69,0.0,5
1,2012-11-26,4,1,11,1,1,1,0.2,0.2576,0.69,0.0,5
1,2012-11-26,4,1,11,1,1,1,0.22,0.2727,0.69,0.0,10
1,2012-11-26,4,1,11,1,1,1,0.22,0.2273,0.69,0.1642,41
2,2012-11-26,4,1,11,1,1,1,0.22,0.2727,0.69,0.0,124
2,2012-11-26,4,1,11,1,1,1,0.24,0.2879,0.65,0.0,365
2,2012-11-26,4,1,11,1,1,1,0.24,0.2879,0.65,0.0,638
2,2012-11-26,4,1,11,1,1,1,0.28,0.303,0.56,0.0896,286
2,2012-11-26,4,1,11,1,1,1,0.32,0.3485,0.49,0.0,147
2,2012-11-26,4,1,11,1,1,1,0.4,0.4091,0.37,0.2985,130
3,2012-11-26,4,1,11,1,1,1,0.42,0.4242,0.35,0.1045,210
3,2012-11-26,4,1,11,1,1,1,0.42,0.4242,0.35,0.1045,217
3,2012-11-26,4,1,11,1,1,1,0.42,0.4242,0.35,0.0,228
3,2012-11-26,4,1,11,1,1,1,0.42,0.4242,0.35,0.0896,230
3,2012-11-26,4,1,11,1,1,1,0.44,0.4394,0.3,0.0,346
3,2012-11-26,4,1,11,1,1,1,0.42,0.4242,0.32,0.0,553
4,2012-11-26,4,1,11,1,1,1,0.36,0.3485,0.5,0.1642,521
4,2012-11-26,4,1,11,1,1,1,0.34,0.3636,0.53,0.0,371
4,2012-11-26,4,1,11,1,1,1,0.34,0.3636,0.49,0.0,277
4,2012-11-26,4,1,11,1,1,1,0.34,0.3636,0.49,0.0,181
4,2012-11-26,4,1,11,1,1,1,0.32,0.3485,0.61,0.0,104
4,2012-11-26,4,1,11,1,1,2,0.32,0.3333,0.66,0.1045,65
1,2012-11-27,4,1,11,2,1,2,0.32,0.3333,0.66,0.0896,26
1,2012-11-27,4,1,11,2,1,2,0.32,0.3333,0.7,0.1343,6
1,2012-11-27,4,1,11,2,1,2,0.32,0.3182,0.7,0.1642,5
1,2012-11-27,4,1,11,2,1,3,0.32,0.3333,0.7,0.1343,4
1,2012-11-27,4,1,11,2,1,3,0.3,0.2879,0.81,0.194,5
1,2012-11-27,4,1,11,2,1,2,0.3,0.2879,0.81,0.2239,31
2,2012-11-27,4,1,11,2,1,2,0.3,0.303,0.81,0.1642,100
2,2012-11-27,4,1,11,2,1,3,0.3,0.303,0.81,0.1343,293
2,2012-11-27,4,1,11,2,1,3,0.32,0.3182,0.81,0.1642,500
2,2012-11-27,4,1,11,2,1,2,0.32,0.3333,0.81,0.1343,268
2,2012-11-27,4,1,11,2,1,3,0.32,0.3182,0.81,0.194,57
2,2012-11-27,4,1,11,2,1,3,0.3,0.2727,0.87,0.2985,65
3,2012-11-27,4,1,11,2,1,3,0.28,0.2576,0.87,0.3881,76
3,2012-11-27,4,1,11,2,1,3,0.28,0.2727,0.87,0.2537,77
3,2012-11-27,4,1,11,2,1,3,0.28,0.2576,0.87,0.3582,94
3,2012-11-27,4,1,11,2,1,2,0.3,0.2727,0.75,0.2985,155
3,2012-11-27,4,1,11,2,1,2,0.3,0.2727,0.75,0.2985,257
3,2012-11-27,4,1,11,2,1,2,0.3,0.2727,0.75,0.3881,527
4,2012-11-27,4,1,11,2,1,1,0.26,0.2273,0.81,0.3582,482
4,2012-11-27,4,1,11,2,1,1,0.26,0.2576,0.73,0.2985,350
4,2012-11-27,4,1,11,2,1,1,0.26,0.2273,0.75,0.3284,232
4,2012-11-27,4,1,11,2,1,1,0.24,0.2121,0.81,0.2836,185
4,2012-11-27,4,1,11,2,1,1,0.24,0.2424,0.81,0.1642,97
4,2012-11-27,4,1,11,2,1,2,0.26,0.2424,0.81,0.2537,67
1,2012-11-28,4,1,11,3,1,2,0.26,0.2424,0.75,0.2537,23
1,2012-11-28,4,1,11,3,1,2,0.26,0.2576,0.75,0.2239,12
1,2012-11-28,4,1,11,3,1,2,0.26,0.2576,0.75,0.2239,1
1,2012-11-28,4,1,11,3,1,2,0.26,0.2576,0.7,0.2239,3
1,2012-11-28,4,1,11,3,1,2,0.26,0.2576,0.7,0.194,4
1,2012-11-28,4,1,11,3,1,2,0.26,0.2727,0.7,0.1343,39
2,2012-11-28,4,1,11,3,1,2,0.26,0.2576,0.65,0.2239,136
2,2012-11-28,4,1,11,3,1,2,0.26,0.2576,0.56,0.194,409
2,2012-11-28,4,1,11,3,1,1,0.24,0.2121,0.6,0.2836,692
2,2012-11-28,4,1,11,3,1,1,0.28,0.2727,0.52,0.194,322
2,2012-11-28,4,1,11,3,1,1,0.3,0.3182,0.49,0.1045,161
2,2012-11-28,4,1,11,3,1,1,0.32,0.3182,0.45,0.1642,146
3,2012-11-28,4,1,11,3,1,1,0.34,0.303,0.42,0.3881,208
3,2012-11-28,4,1,11,3,1,1,0.34,0.3333,0.42,0.194,214
3,2012-11-28,4,1,11,3,1,1,0.36,0.3333,0.4,0.2985,176
3,2012-11-28,4,1,11,3,1,1,0.36,0.3333,0.32,0.3284,179
3,2012-11-28,4,1,11,3,1,1,0.36,0.3333,0.29,0.2537,325
3,2012-11-28,4,1,11,3,1,1,0.34,0.3333,0.31,0.1343,563
4,2012-11-28,4,1,11,3,1,1,0.32,0.303,0.33,0.2836,542
4,2012-11-28,4,1,11,3,1,1,0.32,0.3182,0.36,0.1642,387
4,2012-11-28,4,1,11,3,1,1,0.32,0.3333,0.36,0.1343,263
4,2012-11-28,4,1,11,3,1,1,0.3,0.303,0.39,0.1642,223
4,2012-11-28,4,1,11,3,1,1,0.28,0.2727,0.45,0.1642,154
4,2012-11-28,4,1,11,3,1,1,0.26,0.2727,0.48,0.1343,78
1,2012-11-29,4,1,11,4,1,1,0.24,0.2576,0.56,0.0896,29
1,2012-11-29,4,1,11,4,1,1,0.22,0.2576,0.64,0.0896,16
1,2012-11-29,4,1,11,4,1,1,0.22,0.2727,0.64,0.0,7
1,2012-11-29,4,1,11,4,1,1,0.2,0.2273,0.75,0.0896,7
1,2012-11-29,4,1,11,4,1,1,0.2,0.2576,0.69,0.0,42
2,2012-11-29,4,1,11,4,1,1,0.22,0.2727,0.69,0.0,121
2,2012-11-29,4,1,11,4,1,1,0.2,0.2576,0.64,0.0,362
2,2012-11-29,4,1,11,4,1,1,0.2,0.2273,0.69,0.1045,679
2,2012-11-29,4,1,11,4,1,1,0.24,0.2879,0.6,0.0,299
2,2012-11-29,4,1,11,4,1,1,0.28,0.303,0.65,0.0896,178
2,2012-11-29,4,1,11,4,1,1,0.36,0.3485,0.37,0.2239,163
3,2012-11-29,4,1,11,4,1,1,0.36,0.3485,0.4,0.1642,236
3,2012-11-29,4,1,11,4,1,1,0.38,0.3939,0.32,0.1343,224
3,2012-11-29,4,1,11,4,1,1,0.36,0.3485,0.43,0.2239,187
3,2012-11-29,4,1,11,4,1,1,0.36,0.3333,0.43,0.2836,220
3,2012-11-29,4,1,11,4,1,1,0.36,0.3485,0.4,0.2239,370
3,2012-11-29,4,1,11,4,1,1,0.34,0.3333,0.39,0.194,561
4,2012-11-29,4,1,11,4,1,1,0.32,0.3182,0.49,0.1642,537
4,2012-11-29,4,1,11,4,1,1,0.3,0.2879,0.52,0.194,344
4,2012-11-29,4,1,11,4,1,1,0.3,0.303,0.52,0.1642,252
4,2012-11-29,4,1,11,4,1,1,0.26,0.2727,0.65,0.1343,208
4,2012-11-29,4,1,11,4,1,1,0.26,0.2879,0.7,0.0896,151
4,2012-11-29,4,1,11,4,1,1,0.28,0.3182,0.61,0.0,130
1,2012-11-30,4,1,11,5,1,1,0.26,0.2576,0.7,0.1642,52
1,2012-11-30,4,1,11,5,1,1,0.24,0.2576,0.7,0.0896,19
1,2012-11-30,4,1,11,5,1,1,0.24,0.2879,0.75,0.0,12
1,2012-11-30,4,1,11,5,1,1,0.24,0.2879,0.75,0.0,4
1,2012-11-30,4,1,11,5,1,1,0.22,0.2727,0.75,0.0,3
1,2012-11-30,4,1,11,5,1,1,0.2,0.2576,0.8,0.0,40
2,2012-11-30,4,1,11,5,1,1,0.2,0.2576,0.86,0.0,106
2,2012-11-30,4,1,11,5,1,1,0.22,0.2727,0.8,0.0,352
2,2012-11-30,4,1,11,5,1,2,0.22,0.2576,0.8,0.0896,729
2,2012-11-30,4,1,11,5,1,1,0.24,0.2576,0.75,0.0896,330
2,2012-11-30,4,1,11,5,1,2,0.3,0.3333,0.65,0.0,169
2,2012-11-30,4,1,11,5,1,2,0.34,0.3485,0.53,0.0896,201
3,2012-11-30,4,1,11,5,1,2,0.38,0.3939,0.46,0.0,268
3,2012-11-30,4,1,11,5,1,2,0.4,0.4091,0.4,0.1642,262
3,2012-11-30,4,1,11,5,1,2,0.4,0.4091,0.4,0.1045,251
3,2012-11-30,4,1,11,5,1,2,0.42,0.4242,0.38,0.1045,296
3,2012-11-30,4,1,11,5,1,1,0.4,0.4091,0.43,0.1343,405
3,2012-11-30,4,1,11,5,1,1,0.36,0.3485,0.5,0.194,582
4,2012-11-30,4,1,11,5,1,2,0.34,0.3636,0.61,0.0,509
4,2012-11-30,4,1,11,5,1,1,0.32,0.3485,0.66,0.0,377
4,2012-11-30,4,1,11,5,1,1,0.32,0.3485,0.66,0.0,245
4,2012-11-30,4,1,11,5,1,1,0.3,0.3182,0.75,0.0896,183
4,2012-11-30,4,1,11,5,1,1,0.3,0.3333,0.75,0.0,163
4,2012-11-30,4,1,11,5,1,2,0.3,0.3182,0.75,0.0896,110
1,2012-12-01,4,1,12,6,0,1,0.26,0.303,0.81,0.0,108
1,2012-12-01,4,1,12,6,0,1,0.26,0.303,0.81,0.0,69
1,2012-12-01,4,1,12,6,0,2,0.26,0.303,0.81,0.0,50
1,2012-12-01,4,1,12,6,0,2,0.26,0.2727,0.81,0.1343,15
1,2012-12-01,4,1,12,6,0,1,0.26,0.2879,0.81,0.0896,5
1,2012-12-01,4,1,12,6,0,1,0.24,0.2576,0.87,0.0896,13
2,2012-12-01,4,1,12,6,0,1,0.24,0.2424,0.87,0.1343,27
2,2012-12-01,4,1,12,6,0,2,0.24,0.2424,0.87,0.1343,63
2,2012-12-01,4,1,12,6,0,2,0.24,0.2424,0.87,0.1343,144
2,2012-12-01,4,1,12,6,0,2,0.26,0.2424,0.93,0.2537,193
2,2012-12-01,4,1,12,6,0,2,0.28,0.2727,0.89,0.1642,256
2,2012-12-01,4,1,12,6,0,2,0.32,0.3333,0.76,0.1045,392
3,2012-12-01,4,1,12,6,0,2,0.32,0.3333,0.81,0.0896,446
3,2012-12-01,4,1,12,6,0,2,0.34,0.3636,0.76,0.0,509
3,2012-12-01,4,1,12,6,0,2,0.36,0.3788,0.71,0.0,479
3,2012-12-01,4,1,12,6,0,2,0.4,0.4091,0.62,0.0,484
3,2012-12-01,4,1,12,6,0,2,0.38,0.3939,0.66,0.0,443
3,2012-12-01,4,1,12,6,0,2,0.34,0.3485,0.76,0.1045,320
4,2012-12-01,4,1,12,6,0,2,0.34,0.3636,0.76,0.0,297
4,2012-12-01,4,1,12,6,0,2,0.32,0.3485,0.81,0.0,249
4,2012-12-01,4,1,12,6,0,1,0.32,0.3485,0.81,0.0,198
4,2012-12-01,4,1,12,6,0,2,0.3,0.3333,0.87,0.0,158
4,2012-12-01,4,1,12,6,0,2,0.3,0.3333,0.87,0.0,147
4,2012-12-01,4,1,12,6,0,2,0.32,0.3485,0.81,0.0,126
1,2012-12-02,4,1,12,0,0,2,0.3,0.3182,0.87,0.0896,117
1,2012-12-02,4,1,12,0,0,2,0.3,0.3182,0.87,0.0896,94
1,2012-12-02,4,1,12,0,0,2,0.3,0.3333,0.87,0.0,74
1,2012-12-02,4,1,12,0,0,2,0.26,0.303,0.93,0.0,25
1,2012-12-02,4,1,12,0,0,2,0.26,0.303,0.93,0.0,7
1,2012-12-02,4,1,12,0,0,2,0.26,0.303,0.93,0.0,8
2,2012-12-02,4,1,12,0,0,2,0.24,0.2424,0.93,0.1343,16
2,2012-12-02,4,1,12,0,0,2,0.24,0.2424,0.93,0.1343,31
2,2012-12-02,4,1,12,0,0,2,0.26,0.2879,0.93,0.0896,93
2,2012-12-02,4,1,12,0,0,2,0.28,0.2727,0.93,0.1642,172
2,2012-12-02,4,1,12,0,0,2,0.3,0.3333,0.87,0.0,293
2,2012-12-02,4,1,12,0,0,2,0.32,0.3182,0.81,0.1642,355
3,2012-12-02,4,1,12,0,0,2,0.34,0.3333,0.81,0.1642,520
3,2012-12-02,4,1,12,0,0,1,0.4,0.4091,0.71,0.2239,431
3,2012-12-02,4,1,12,0,0,1,0.44,0.4394,0.62,0.2537,473
3,2012-12-02,4,1,12,0,0,1,0.44,0.4394,0.67,0.1343,417
3,2012-12-02,4,1,12,0,0,2,0.44,0.4394,0.67,0.1045,443
3,2012-12-02,4,1,12,0,0,3,0.4,0.4091,0.76,0.194,303
4,2012-12-02,4,1,12,0,0,2,0.44,0.4394,0.72,0.1045,203
4,2012-12-02,4,1,12,0,0,2,0.4,0.4091,0.82,0.194,174
4,2012-12-02,4,1,12,0,0,2,0.42,0.4242,0.82,0.194,154
4,2012-12-02,4,1,12,0,0,2,0.44,0.4394,0.77,0.2239,99
4,2012-12-02,4,1,12,0,0,2,0.44,0.4394,0.77,0.194,96
4,2012-12-02,4,1,12,0,0,2,0.42,0.4242,0.82,0.1343,51
1,2012-12-03,4,1,12,1,1,2,0.42,0.4242,0.82,0.1642,21
1,2012-12-03,4,1,12,1,1,1,0.4,0.4091,0.82,0.1343,13
1,2012-12-03,4,1,12,1,1,1,0.42,0.4242,0.77,0.1642,10
1,2012-12-03,4,1,12,1,1,1,0.38,0.3939,0.87,0.0,8
1,2012-12-03,4,1,12,1,1,1,0.36,0.3788,0.93,0.0,5
1,2012-12-03,4,1,12,1,1,1,0.34,0.3485,0.93,0.0896,38
2,2012-12-03,4,1,12,1,1,1,0.36,0.3788,0.93,0.0,138
2,2012-12-03,4,1,12,1,1,2,0.34,0.3636,0.93,0.0,396
2,2012-12-03,4,1,12,1,1,1,0.36,0.3788,0.93,0.0,731
2,2012-12-03,4,1,12,1,1,1,0.4,0.4091,0.87,0.0896,308
2,2012-12-03,4,1,12,1,1,1,0.44,0.4394,0.77,0.1343,136
2,2012-12-03,4,1,12,1,1,1,0.48,0.4697,0.77,0.1343,233
3,2012-12-03,4,1,12,1,1,1,0.52,0.5,0.68,0.1642,268
3,2012-12-03,4,1,12,1,1,1,0.58,0.5455,0.56,0.0896,321
3,2012-12-03,4,1,12,1,1,1,0.6,0.6212,0.53,0.0,260
3,2012-12-03,4,1,12,1,1,1,0.6,0.6212,0.56,0.0,268
3,2012-12-03,4,1,12,1,1,1,0.6,0.6212,0.53,0.1343,442
3,2012-12-03,4,1,12,1,1,1,0.52,0.5,0.63,0.1045,708
4,2012-12-03,4,1,12,1,1,1,0.5,0.4848,0.68,0.0896,692
4,2012-12-03,4,1,12,1,1,1,0.5,0.4848,0.68,0.0896,471
4,2012-12-03,4,1,12,1,1,2,0.46,0.4545,0.77,0.0,300
4,2012-12-03,4,1,12,1,1,1,0.44,0.4394,0.82,0.194,221
4,2012-12-03,4,1,12,1,1,1,0.42,0.4242,0.82,0.1045,144
4,2012-12-03,4,1,12,1,1,1,0.42,0.4242,0.82,0.1045,102
1,2012-12-04,4,1,12,2,1,1,0.42,0.4242,0.88,0.1045,55
1,2012-12-04,4,1,12,2,1,1,0.42,0.4242,0.82,0.1045,25
1,2012-12-04,4,1,12,2,1,1,0.42,0.4242,0.88,0.0896,8
1,2012-12-04,4,1,12,2,1,2,0.4,0.4091,0.87,0.1343,4
1,2012-12-04,4,1,12,2,1,2,0.4,0.4091,0.87,0.1343,7
1,2012-12-04,4,1,12,2,1,2,0.44,0.4394,0.88,0.0,46
2,2012-12-04,4,1,12,2,1,2,0.36,0.3788,0.93,0.0,153
2,2012-12-04,4,1,12,2,1,1,0.42,0.4242,0.88,0.1343,502
2,2012-12-04,4,1,12,2,1,2,0.44,0.4394,0.88,0.1642,721
2,2012-12-04,4,1,12,2,1,1,0.46,0.4545,0.82,0.1045,336
2,2012-12-04,4,1,12,2,1,1,0.46,0.4545,0.82,0.194,156
2,2012-12-04,4,1,12,2,1,1,0.48,0.4697,0.77,0.194,207
3,2012-12-04,4,1,12,2,1,1,0.52,0.5,0.68,0.194,312
3,2012-12-04,4,1,12,2,1,2,0.54,0.5152,0.64,0.1642,272
3,2012-12-04,4,1,12,2,1,2,0.58,0.5455,0.56,0.2239,270
3,2012-12-04,4,1,12,2,1,2,0.6,0.6212,0.49,0.2537,300
3,2012-12-04,4,1,12,2,1,1,0.58,0.5455,0.49,0.2836,435
3,2012-12-04,4,1,12,2,1,1,0.52,0.5,0.59,0.2239,743
4,2012-12-04,4,1,12,2,1,1,0.5,0.4848,0.63,0.2239,731
4,2012-12-04,4,1,12,2,1,1,0.48,0.4697,0.67,0.2239,460
4,2012-12-04,4,1,12,2,1,2,0.5,0.4848,0.63,0.2239,306
4,2012-12-04,4,1,12,2,1,2,0.5,0.4848,0.63,0.2537,280
4,2012-12-04,4,1,12,2,1,2,0.5,0.4848,0.63,0.2985,181
4,2012-12-04,4,1,12,2,1,1,0.48,0.4697,0.67,0.2537,96
1,2012-12-05,4,1,12,3,1,1,0.5,0.4848,0.59,0.2836,37
1,2012-12-05,4,1,12,3,1,1,0.52,0.5,0.55,0.3284,11
1,2012-12-05,4,1,12,3,1,1,0.46,0.4545,0.67,0.1642,9
1,2012-12-05,4,1,12,3,1,1,0.48,0.4697,0.67,0.1343,7
1,2012-12-05,4,1,12,3,1,1,0.5,0.4848,0.63,0.4478,10
1,2012-12-05,4,1,12,3,1,1,0.5,0.4848,0.59,0.2836,49
2,2012-12-05,4,1,12,3,1,3,0.48,0.4697,0.55,0.3881,124
2,2012-12-05,4,1,12,3,1,3,0.46,0.4545,0.59,0.2985,398
2,2012-12-05,4,1,12,3,1,2,0.44,0.4394,0.58,0.2836,759
2,2012-12-05,4,1,12,3,1,2,0.44,0.4394,0.51,0.2239,388
2,2012-12-05,4,1,12,3,1,2,0.44,0.4394,0.47,0.3582,141
2,2012-12-05,4,1,12,3,1,1,0.44,0.4394,0.44,0.2836,172
3,2012-12-05,4,1,12,3,1,1,0.44,0.4394,0.41,0.2836,232
3,2012-12-05,4,1,12,3,1,1,0.46,0.4545,0.41,0.2836,214
3,2012-12-05,4,1,12,3,1,1,0.48,0.4697,0.33,0.4925,218
3,2012-12-05,4,1,12,3,1,1,0.48,0.4697,0.33,0.2836,285
3,2012-12-05,4,1,12,3,1,1,0.46,0.4545,0.33,0.2836,377
3,2012-12-05,4,1,12,3,1,1,0.44,0.4394,0.35,0.2836,605
4,2012-12-05,4,1,12,3,1,1,0.42,0.4242,0.35,0.4478,609
4,2012-12-05,4,1,12,3,1,1,0.38,0.3939,0.43,0.3582,414
4,2012-12-05,4,1,12,3,1,1,0.34,0.303,0.46,0.3881,293
4,2012-12-05,4,1,12,3,1,1,0.34,0.303,0.46,0.4179,198
4,2012-12-05,4,1,12,3,1,1,0.32,0.2879,0.45,0.3881,105
4,2012-12-05,4,1,12,3,1,1,0.3,0.2727,0.49,0.3881,74
1,2012-12-06,4,1,12,4,1,1,0.26,0.2424,0.48,0.2836,44
1,2012-12-06,4,1,12,4,1,1,0.26,0.2424,0.48,0.2836,16
1,2012-12-06,4,1,12,4,1,1,0.24,0.2121,0.52,0.2836,9
1,2012-12-06,4,1,12,4,1,1,0.22,0.2273,0.55,0.194,2
1,2012-12-06,4,1,12,4,1,1,0.22,0.2121,0.55,0.2985,9
1,2012-12-06,4,1,12,4,1,1,0.22,0.2121,0.55,0.2836,32
2,2012-12-06,4,1,12,4,1,1,0.22,0.2121,0.55,0.2985,124
2,2012-12-06,4,1,12,4,1,1,0.22,0.2121,0.51,0.2985,389
2,2012-12-06,4,1,12,4,1,1,0.22,0.2121,0.51,0.2985,659
2,2012-12-06,4,1,12,4,1,1,0.24,0.2273,0.48,0.194,276
2,2012-12-06,4,1,12,4,1,1,0.24,0.2273,0.52,0.194,145
2,2012-12-06,4,1,12,4,1,1,0.26,0.2576,0.48,0.1642,178
3,2012-12-06,4,1,12,4,1,1,0.28,0.3182,0.41,0.0,235
3,2012-12-06,4,1,12,4,1,1,0.3,0.3333,0.39,0.0,245
3,2012-12-06,4,1,12,4,1,1,0.3,0.3182,0.42,0.0896,212
3,2012-12-06,4,1,12,4,1,1,0.32,0.3485,0.39,0.0,270
3,2012-12-06,4,1,12,4,1,1,0.32,0.3485,0.42,0.0,331
3,2012-12-06,4,1,12,4,1,1,0.3,0.3182,0.45,0.1045,617
4,2012-12-06,4,1,12,4,1,1,0.28,0.2727,0.45,0.1642,565
4,2012-12-06,4,1,12,4,1,1,0.26,0.2576,0.6,0.194,373
4,2012-12-06,4,1,12,4,1,2,0.24,0.2576,0.6,0.1045,227
4,2012-12-06,4,1,12,4,1,2,0.24,0.2424,0.6,0.1343,191
4,2012-12-06,4,1,12,4,1,1,0.24,0.2424,0.65,0.1642,133
4,2012-12-06,4,1,12,4,1,1,0.24,0.2424,0.65,0.1642,93
1,2012-12-07,4,1,12,5,1,1,0.24,0.2576,0.7,0.1045,48
1,2012-12-07,4,1,12,5,1,2,0.24,0.2273,0.7,0.194,28
1,2012-12-07,4,1,12,5,1,2,0.26,0.2727,0.7,0.1343,11
1,2012-12-07,4,1,12,5,1,2,0.26,0.2576,0.81,0.194,5
1,2012-12-07,4,1,12,5,1,1,0.26,0.2727,0.75,0.1045,10
1,2012-12-07,4,1,12,5,1,2,0.26,0.2727,0.81,0.1045,26
2,2012-12-07,4,1,12,5,1,2,0.28,0.2727,0.75,0.1642,84
2,2012-12-07,4,1,12,5,1,3,0.28,0.2727,0.81,0.1642,215
2,2012-12-07,4,1,12,5,1,2,0.3,0.2879,0.75,0.194,441
2,2012-12-07,4,1,12,5,1,2,0.3,0.303,0.81,0.1343,301
2,2012-12-07,4,1,12,5,1,2,0.32,0.3182,0.76,0.1642,166
2,2012-12-07,4,1,12,5,1,2,0.32,0.3182,0.76,0.194,203
3,2012-12-07,4,1,12,5,1,2,0.34,0.3333,0.71,0.194,240
3,2012-12-07,4,1,12,5,1,2,0.36,0.3485,0.66,0.1343,220
3,2012-12-07,4,1,12,5,1,2,0.36,0.3485,0.71,0.1642,215
3,2012-12-07,4,1,12,5,1,2,0.36,0.3485,0.71,0.1642,303
3,2012-12-07,4,1,12,5,1,1,0.36,0.3485,0.76,0.1343,375
3,2012-12-07,4,1,12,5,1,2,0.38,0.3939,0.66,0.0,568
4,2012-12-07,4,1,12,5,1,2,0.38,0.3939,0.71,0.1045,498
4,2012-12-07,4,1,12,5,1,2,0.38,0.3939,0.76,0.0,352
4,2012-12-07,4,1,12,5,1,3,0.38,0.3939,0.76,0.1045,241
4,2012-12-07,4,1,12,5,1,2,0.36,0.3636,0.93,0.1045,171
4,2012-12-07,4,1,12,5,1,2,0.36,0.3636,0.93,0.0896,165
4,2012-12-07,4,1,12,5,1,2,0.36,0.3636,0.93,0.0896,122
1,2012-12-08,4,1,12,6,0,2,0.36,0.3636,0.93,0.0896,103
1,2012-12-08,4,1,12,6,0,2,0.36,0.3485,0.93,0.1343,100
1,2012-12-08,4,1,12,6,0,2,0.36,0.3485,0.93,0.1343,70
1,2012-12-08,4,1,12,6,0,2,0.36,0.3636,0.93,0.1045,29
1,2012-12-08,4,1,12,6,0,2,0.36,0.3788,0.93,0.0,12
1,2012-12-08,4,1,12,6,0,2,0.36,0.3636,0.93,0.1045,6
2,2012-12-08,4,1,12,6,0,2,0.36,0.3636,0.93,0.1045,20
2,2012-12-08,4,1,12,6,0,2,0.36,0.3636,1.0,0.0896,39
2,2012-12-08,4,1,12,6,0,2,0.38,0.3939,0.94,0.0896,111
2,2012-12-08,4,1,12,6,0,2,0.38,0.3939,0.94,0.0,170
2,2012-12-08,4,1,12,6,0,2,0.4,0.4091,0.87,0.1343,287
2,2012-12-08,4,1,12,6,0,2,0.4,0.4091,0.87,0.1045,404
3,2012-12-08,4,1,12,6,0,2,0.4,0.4091,0.87,0.2239,486
3,2012-12-08,4,1,12,6,0,2,0.4,0.4091,0.87,0.1642,547
3,2012-12-08,4,1,12,6,0,2,0.4,0.4091,0.87,0.2836,542
3,2012-12-08,4,1,12,6,0,1,0.42,0.4242,0.82,0.1642,541
3,2012-12-08,4,1,12,6,0,1,0.42,0.4242,0.82,0.1642,507
3,2012-12-08,4,1,12,6,0,1,0.38,0.3939,0.87,0.1343,345
4,2012-12-08,4,1,12,6,0,1,0.4,0.4091,0.87,0.1045,304
4,2012-12-08,4,1,12,6,0,1,0.4,0.4091,0.87,0.0,246
4,2012-12-08,4,1,12,6,0,2,0.36,0.3788,1.0,0.0,182
4,2012-12-08,4,1,12,6,0,2,0.36,0.3788,1.0,0.0,209
4,2012-12-08,4,1,12,6,0,2,0.38,0.3939,0.94,0.1045,160
4,2012-12-08,4,1,12,6,0,2,0.4,0.4091,0.94,0.0,162
1,2012-12-09,4,1,12,0,0,2,0.4,0.4091,0.87,0.1343,118
1,2012-12-09,4,1,12,0,0,2,0.4,0.4091,0.87,0.1045,102
1,2012-12-09,4,1,12,0,0,2,0.4,0.4091,0.87,0.1045,78
1,2012-12-09,4,1,12,0,0,2,0.4,0.4091,0.87,0.1045,48
1,2012-12-09,4,1,12,0,0,2,0.4,0.4091,0.94,0.1045,12
1,2012-12-09,4,1,12,0,0,2,0.4,0.4091,0.87,0.1045,8
2,2012-12-09,4,1,12,0,0,3,0.4,0.4091,0.94,0.1045,6
2,2012-12-09,4,1,12,0,0,3,0.4,0.4091,0.87,0.2239,23
2,2012-12-09,4,1,12,0,0,3,0.4,0.4091,0.87,0.1642,69
2,2012-12-09,4,1,12,0,0,2,0.4,0.4091,0.87,0.2537,103
2,2012-12-09,4,1,12,0,0,2,0.4,0.4091,0.87,0.2836,219
2,2012-12-09,4,1,12,0,0,2,0.4,0.4091,0.87,0.2985,250
3,2012-12-09,4,1,12,0,0,2,0.4,0.4091,0.82,0.2985,315
3,2012-12-09,4,1,12,0,0,2,0.38,0.3939,0.87,0.2836,285
3,2012-12-09,4,1,12,0,0,2,0.38,0.3939,0.87,0.194,232
3,2012-12-09,4,1,12,0,0,3,0.36,0.3485,0.93,0.1642,225
3,2012-12-09,4,1,12,0,0,3,0.36,0.3485,0.93,0.1642,253
3,2012-12-09,4,1,12,0,0,3,0.36,0.3485,0.93,0.1343,229
4,2012-12-09,4,1,12,0,0,3,0.36,0.3636,0.93,0.0896,198
4,2012-12-09,4,1,12,0,0,3,0.38,0.3939,0.94,0.0896,122
4,2012-12-09,4,1,12,0,0,3,0.36,0.3636,1.0,0.0896,108
4,2012-12-09,4,1,12,0,0,2,0.36,0.3636,1.0,0.1045,96
4,2012-12-09,4,1,12,0,0,3,0.36,0.3636,0.93,0.1045,78
4,2012-12-09,4,1,12,0,0,3,0.36,0.3636,1.0,0.0896,51
1,2012-12-10,4,1,12,1,1,3,0.36,0.3636,1.0,0.0896,20
1,2012-12-10,4,1,12,1,1,2,0.36,0.3788,1.0,0.0,4
1,2012-12-10,4,1,12,1,1,2,0.38,0.3939,0.94,0.1045,5
1,2012-12-10,4,1,12,1,1,2,0.38,0.3939,0.94,0.1045,4
1,2012-12-10,4,1,12,1,1,2,0.38,0.3939,0.94,0.1045,12
1,2012-12-10,4,1,12,1,1,2,0.38,0.3939,0.94,0.1045,27
2,2012-12-10,4,1,12,1,1,2,0.38,0.3939,0.94,0.1642,123
2,2012-12-10,4,1,12,1,1,2,0.38,0.3939,0.94,0.2537,294
2,2012-12-10,4,1,12,1,1,2,0.42,0.4242,1.0,0.2537,584
2,2012-12-10,4,1,12,1,1,2,0.42,0.4242,1.0,0.2239,284
2,2012-12-10,4,1,12,1,1,2,0.44,0.4394,0.94,0.2239,133
2,2012-12-10,4,1,12,1,1,3,0.46,0.4545,0.94,0.2239,134
3,2012-12-10,4,1,12,1,1,3,0.44,0.4394,1.0,0.2239,173
3,2012-12-10,4,1,12,1,1,3,0.44,0.4394,1.0,0.2239,220
3,2012-12-10,4,1,12,1,1,2,0.5,0.4848,0.94,0.2239,210
3,2012-12-10,4,1,12,1,1,2,0.5,0.4848,0.87,0.1642,236
3,2012-12-10,4,1,12,1,1,2,0.5,0.4848,0.88,0.1045,345
3,2012-12-10,4,1,12,1,1,2,0.48,0.4697,0.82,0.2836,616
4,2012-12-10,4,1,12,1,1,2,0.46,0.4545,0.88,0.2836,564
4,2012-12-10,4,1,12,1,1,1,0.52,0.5,0.77,0.2836,427
4,2012-12-10,4,1,12,1,1,1,0.46,0.4545,0.88,0.2537,300
4,2012-12-10,4,1,12,1,1,2,0.46,0.4545,0.94,0.194,245
4,2012-12-10,4,1,12,1,1,2,0.5,0.4848,0.82,0.2239,126
4,2012-12-10,4,1,12,1,1,1,0.46,0.4545,0.88,0.2537,84
1,2012-12-11,4,1,12,2,1,3,0.46,0.4545,0.77,0.4627,31
1,2012-12-11,4,1,12,2,1,1,0.42,0.4242,0.71,0.4478,8
1,2012-12-11,4,1,12,2,1,2,0.4,0.4091,0.66,0.3284,1
1,2012-12-11,4,1,12,2,1,3,0.36,0.3333,0.76,0.2836,3
1,2012-12-11,4,1,12,2,1,2,0.34,0.3182,0.76,0.2836,8
1,2012-12-11,4,1,12,2,1,3,0.34,0.303,0.71,0.3284,41
2,2012-12-11,4,1,12,2,1,2,0.34,0.303,0.71,0.2985,118
2,2012-12-11,4,1,12,2,1,1,0.34,0.303,0.66,0.4179,380
2,2012-12-11,4,1,12,2,1,2,0.34,0.303,0.61,0.2985,724
2,2012-12-11,4,1,12,2,1,1,0.34,0.303,0.61,0.3881,334
2,2012-12-11,4,1,12,2,1,1,0.36,0.3333,0.57,0.3284,154
2,2012-12-11,4,1,12,2,1,2,0.36,0.3333,0.53,0.3582,173
3,2012-12-11,4,1,12,2,1,2,0.36,0.3182,0.53,0.4478,226
3,2012-12-11,4,1,12,2,1,2,0.38,0.3939,0.5,0.2239,254
3,2012-12-11,4,1,12,2,1,2,0.38,0.3939,0.5,0.2239,204
3,2012-12-11,4,1,12,2,1,2,0.38,0.3939,0.5,0.2239,270
3,2012-12-11,4,1,12,2,1,2,0.38,0.3939,0.5,0.2239,358
3,2012-12-11,4,1,12,2,1,1,0.32,0.303,0.53,0.2239,601
4,2012-12-11,4,1,12,2,1,1,0.32,0.303,0.53,0.2239,546
4,2012-12-11,4,1,12,2,1,1,0.32,0.303,0.53,0.2239,433
4,2012-12-11,4,1,12,2,1,1,0.32,0.303,0.53,0.2239,257
4,2012-12-11,4,1,12,2,1,1,0.32,0.3182,0.53,0.194,207
4,2012-12-11,4,1,12,2,1,1,0.3,0.2879,0.56,0.2239,106
4,2012-12-11,4,1,12,2,1,1,0.3,0.2879,0.52,0.2239,64
1,2012-12-12,4,1,12,3,1,1,0.3,0.303,0.52,0.1642,34
1,2012-12-12,4,1,12,3,1,1,0.28,0.2727,0.61,0.2239,21
1,2012-12-12,4,1,12,3,1,1,0.28,0.2727,0.56,0.1642,9
1,2012-12-12,4,1,12,3,1,1,0.26,0.2727,0.6,0.1343,10
1,2012-12-12,4,1,12,3,1,1,0.26,0.303,0.6,0.0,4
1,2012-12-12,4,1,12,3,1,1,0.26,0.2576,0.6,0.194,37
2,2012-12-12,4,1,12,3,1,2,0.26,0.2424,0.6,0.2537,128
2,2012-12-12,4,1,12,3,1,2,0.26,0.2576,0.6,0.194,369
2,2012-12-12,4,1,12,3,1,2,0.26,0.2576,0.65,0.1642,688
2,2012-12-12,4,1,12,3,1,2,0.28,0.2879,0.61,0.1343,285
2,2012-12-12,4,1,12,3,1,2,0.3,0.303,0.56,0.1642,136
2,2012-12-12,4,1,12,3,1,2,0.32,0.303,0.49,0.2239,172
3,2012-12-12,4,1,12,3,1,2,0.34,0.3636,0.42,0.0,232
3,2012-12-12,4,1,12,3,1,2,0.34,0.3636,0.42,0.0,238
3,2012-12-12,4,1,12,3,1,2,0.34,0.3636,0.46,0.0,225
3,2012-12-12,4,1,12,3,1,2,0.34,0.3485,0.46,0.1045,228
3,2012-12-12,4,1,12,3,1,2,0.34,0.3333,0.46,0.1343,329
3,2012-12-12,4,1,12,3,1,2,0.32,0.303,0.53,0.2239,561
4,2012-12-12,4,1,12,3,1,2,0.32,0.303,0.49,0.2239,540
4,2012-12-12,4,1,12,3,1,2,0.3,0.2879,0.56,0.2239,402
4,2012-12-12,4,1,12,3,1,1,0.3,0.2879,0.52,0.2836,268
4,2012-12-12,4,1,12,3,1,2,0.3,0.2879,0.52,0.2537,202
4,2012-12-12,4,1,12,3,1,2,0.3,0.2879,0.52,0.2239,122
4,2012-12-12,4,1,12,3,1,2,0.28,0.2727,0.56,0.2239,79
1,2012-12-13,4,1,12,4,1,2,0.28,0.2727,0.52,0.2239,32
1,2012-12-13,4,1,12,4,1,2,0.28,0.2576,0.52,0.2836,23
1,2012-12-13,4,1,12,4,1,2,0.26,0.2424,0.56,0.2537,8
1,2012-12-13,4,1,12,4,1,2,0.26,0.2424,0.56,0.2836,2
1,2012-12-13,4,1,12,4,1,2,0.26,0.2576,0.56,0.194,8
1,2012-12-13,4,1,12,4,1,2,0.26,0.2576,0.56,0.1642,33
2,2012-12-13,4,1,12,4,1,1,0.26,0.2424,0.56,0.2537,114
2,2012-12-13,4,1,12,4,1,1,0.24,0.2273,0.6,0.2239,385
2,2012-12-13,4,1,12,4,1,1,0.24,0.2273,0.6,0.194,679
2,2012-12-13,4,1,12,4,1,1,0.28,0.2727,0.52,0.2537,325
2,2012-12-13,4,1,12,4,1,1,0.32,0.303,0.45,0.2836,167
2,2012-12-13,4,1,12,4,1,1,0.34,0.3182,0.42,0.2537,189
3,2012-12-13,4,1,12,4,1,1,0.36,0.3333,0.4,0.2537,282
3,2012-12-13,4,1,12,4,1,1,0.36,0.3485,0.34,0.194,271
3,2012-12-13,4,1,12,4,1,1,0.36,0.3485,0.34,0.1642,242
3,2012-12-13,4,1,12,4,1,1,0.36,0.3485,0.34,0.1343,280
3,2012-12-13,4,1,12,4,1,1,0.34,0.3485,0.39,0.1045,406
3,2012-12-13,4,1,12,4,1,1,0.32,0.3333,0.42,0.1045,550
4,2012-12-13,4,1,12,4,1,1,0.32,0.3333,0.42,0.1045,466
4,2012-12-13,4,1,12,4,1,1,0.3,0.303,0.45,0.1642,348
4,2012-12-13,4,1,12,4,1,1,0.3,0.3333,0.45,0.0,241
4,2012-12-13,4,1,12,4,1,1,0.28,0.3182,0.48,0.0,213
4,2012-12-13,4,1,12,4,1,1,0.26,0.2879,0.6,0.0896,148
4,2012-12-13,4,1,12,4,1,1,0.26,0.303,0.6,0.0,120
1,2012-12-14,4,1,12,5,1,1,0.22,0.2576,0.64,0.0896,47
1,2012-12-14,4,1,12,5,1,1,0.22,0.2576,0.69,0.0896,26
1,2012-12-14,4,1,12,5,1,1,0.22,0.2727,0.69,0.0,9
1,2012-12-14,4,1,12,5,1,1,0.2,0.2273,0.69,0.1045,12
1,2012-12-14,4,1,12,5,1,1,0.2,0.2273,0.75,0.0896,10
1,2012-12-14,4,1,12,5,1,1,0.2,0.2273,0.69,0.1045,34
2,2012-12-14,4,1,12,5,1,1,0.16,0.1818,0.8,0.1045,113
2,2012-12-14,4,1,12,5,1,1,0.2,0.2121,0.72,0.1045,308
2,2012-12-14,4,1,12,5,1,1,0.2,0.2273,0.69,0.0896,636
2,2012-12-14,4,1,12,5,1,1,0.24,0.2424,0.75,0.1343,343
2,2012-12-14,4,1,12,5,1,1,0.26,0.2576,0.81,0.194,190
2,2012-12-14,4,1,12,5,1,1,0.32,0.303,0.65,0.194,211
3,2012-12-14,4,1,12,5,1,1,0.36,0.3485,0.5,0.194,273
3,2012-12-14,4,1,12,5,1,1,0.36,0.3485,0.5,0.2239,313
3,2012-12-14,4,1,12,5,1,1,0.4,0.4091,0.43,0.194,299
3,2012-12-14,4,1,12,5,1,1,0.4,0.4091,0.47,0.1642,309
3,2012-12-14,4,1,12,5,1,1,0.38,0.3939,0.54,0.194,417
3,2012-12-14,4,1,12,5,1,1,0.34,0.3333,0.57,0.1642,622
4,2012-12-14,4,1,12,5,1,1,0.36,0.3485,0.46,0.1343,455
4,2012-12-14,4,1,12,5,1,1,0.34,0.3485,0.53,0.0896,319
4,2012-12-14,4,1,12,5,1,1,0.32,0.3333,0.61,0.1343,221
4,2012-12-14,4,1,12,5,1,1,0.3,0.303,0.75,0.1642,172
4,2012-12-14,4,1,12,5,1,1,0.28,0.2879,0.75,0.1045,138
4,2012-12-14,4,1,12,5,1,1,0.28,0.303,0.75,0.0896,134
1,2012-12-15,4,1,12,6,0,1,0.3,0.3333,0.7,0.0,94
1,2012-12-15,4,1,12,6,0,2,0.26,0.2879,0.81,0.0896,95
1,2012-12-15,4,1,12,6,0,1,0.26,0.303,0.81,0.0,69
1,2012-12-15,4,1,12,6,0,2,0.24,0.2879,0.81,0.0,23
1,2012-12-15,4,1,12,6,0,2,0.24,0.2576,0.87,0.1045,6
1,2012-12-15,4,1,12,6,0,2,0.26,0.303,0.75,0.0,3
2,2012-12-15,4,1,12,6,0,2,0.24,0.2879,0.75,0.0,11
2,2012-12-15,4,1,12,6,0,2,0.24,0.2576,0.75,0.0896,48
2,2012-12-15,4,1,12,6,0,2,0.26,0.2879,0.75,0.0896,119
2,2012-12-15,4,1,12,6,0,1,0.26,0.2727,0.75,0.1045,220
2,2012-12-15,4,1,12,6,0,1,0.32,0.3182,0.61,0.1642,273
2,2012-12-15,4,1,12,6,0,1,0.34,0.3485,0.61,0.0896,393
3,2012-12-15,4,1,12,6,0,1,0.38,0.3939,0.5,0.0896,453
3,2012-12-15,4,1,12,6,0,1,0.38,0.3939,0.54,0.2537,456
3,2012-12-15,4,1,12,6,0,1,0.4,0.4091,0.5,0.1642,426
3,2012-12-15,4,1,12,6,0,1,0.42,0.4242,0.47,0.0,447
3,2012-12-15,4,1,12,6,0,1,0.4,0.4091,0.5,0.1343,413
3,2012-12-15,4,1,12,6,0,1,0.4,0.4091,0.5,0.2239,309
4,2012-12-15,4,1,12,6,0,1,0.38,0.3939,0.58,0.1642,272
4,2012-12-15,4,1,12,6,0,1,0.36,0.3485,0.62,0.1343,257
4,2012-12-15,4,1,12,6,0,2,0.36,0.3485,0.57,0.194,201
4,2012-12-15,4,1,12,6,0,1,0.36,0.3485,0.62,0.1343,184
4,2012-12-15,4,1,12,6,0,1,0.36,0.3485,0.62,0.194,156
4,2012-12-15,4,1,12,6,0,2,0.36,0.3485,0.62,0.1343,119
1,2012-12-16,4,1,12,0,0,2,0.36,0.3788,0.62,0.0,110
1,2012-12-16,4,1,12,0,0,3,0.34,0.3485,0.76,0.1045,96
1,2012-12-16,4,1,12,0,0,2,0.34,0.3485,0.87,0.0896,87
1,2012-12-16,4,1,12,0,0,2,0.34,0.3333,0.87,0.194,38
1,2012-12-16,4,1,12,0,0,2,0.34,0.3636,0.87,0.0,11
1,2012-12-16,4,1,12,0,0,2,0.34,0.3636,0.87,0.0,9
2,2012-12-16,4,1,12,0,0,2,0.34,0.3636,0.87,0.0,6
2,2012-12-16,4,1,12,0,0,2,0.34,0.3485,0.87,0.0896,27
2,2012-12-16,4,1,12,0,0,2,0.36,0.3485,0.87,0.1343,88
2,2012-12-16,4,1,12,0,0,2,0.36,0.3485,0.87,0.1343,132
2,2012-12-16,4,1,12,0,0,2,0.36,0.3485,0.87,0.1343,257
2,2012-12-16,4,1,12,0,0,2,0.36,0.3485,0.87,0.1343,295
3,2012-12-16,4,1,12,0,0,2,0.38,0.3939,0.82,0.194,417
3,2012-12-16,4,1,12,0,0,2,0.38,0.3939,0.76,0.194,356
3,2012-12-16,4,1,12,0,0,2,0.38,0.3939,0.76,0.1343,310
3,2012-12-16,4,1,12,0,0,2,0.38,0.3939,0.82,0.1045,338
3,2012-12-16,4,1,12,0,0,2,0.38,0.3939,0.82,0.1045,400
3,2012-12-16,4,1,12,0,0,2,0.38,0.3939,0.82,0.1045,243
4,2012-12-16,4,1,12,0,0,3,0.38,0.3939,0.82,0.1045,107
4,2012-12-16,4,1,12,0,0,1,0.36,0.3485,0.93,0.1343,109
4,2012-12-16,4,1,12,0,0,2,0.38,0.3939,0.82,0.0,122
4,2012-12-16,4,1,12,0,0,2,0.36,0.3788,0.93,0.0,106
4,2012-12-16,4,1,12,0,0,2,0.4,0.4091,0.82,0.194,89
4,2012-12-16,4,1,12,0,0,2,0.36,0.3485,0.93,0.1343,33
1,2012-12-17,4,1,12,1,1,2,0.38,0.3939,0.87,0.0,28
1,2012-12-17,4,1,12,1,1,2,0.38,0.3939,0.87,0.1045,15
1,2012-12-17,4,1,12,1,1,2,0.38,0.3939,0.94,0.0,5
1,2012-12-17,4,1,12,1,1,2,0.36,0.3788,0.93,0.0,3
1,2012-12-17,4,1,12,1,1,3,0.36,0.3788,1.0,0.0,5
1,2012-12-17,4,1,12,1,1,2,0.38,0.3939,0.87,0.0,24
2,2012-12-17,4,1,12,1,1,2,0.36,0.3485,0.93,0.1343,108
2,2012-12-17,4,1,12,1,1,2,0.36,0.3485,0.93,0.1343,319
2,2012-12-17,4,1,12,1,1,2,0.38,0.3939,0.87,0.1045,592
2,2012-12-17,4,1,12,1,1,2,0.4,0.4091,0.87,0.0,282
2,2012-12-17,4,1,12,1,1,2,0.38,0.3939,0.87,0.0896,135
2,2012-12-17,4,1,12,1,1,2,0.4,0.4091,0.87,0.0896,170
3,2012-12-17,4,1,12,1,1,2,0.4,0.4091,0.87,0.0,232
3,2012-12-17,4,1,12,1,1,2,0.4,0.4091,0.87,0.1343,210
3,2012-12-17,4,1,12,1,1,2,0.4,0.4091,0.87,0.0896,181
3,2012-12-17,4,1,12,1,1,2,0.42,0.4242,0.88,0.0,211
3,2012-12-17,4,1,12,1,1,3,0.4,0.4091,0.94,0.2537,302
3,2012-12-17,4,1,12,1,1,2,0.4,0.4091,0.94,0.2537,495
4,2012-12-17,4,1,12,1,1,2,0.4,0.4091,0.94,0.0896,507
4,2012-12-17,4,1,12,1,1,2,0.42,0.4242,0.88,0.1343,340
4,2012-12-17,4,1,12,1,1,2,0.42,0.4242,0.94,0.2537,200
4,2012-12-17,4,1,12,1,1,2,0.42,0.4242,0.94,0.1343,120
4,2012-12-17,4,1,12,1,1,2,0.42,0.4242,0.94,0.1343,54
4,2012-12-17,4,1,12,1,1,3,0.42,0.4242,0.94,0.2239,47
1,2012-12-18,4,1,12,2,1,2,0.44,0.4394,0.94,0.1343,18
1,2012-12-18,4,1,12,2,1,2,0.44,0.4394,0.94,0.1343,15
1,2012-12-18,4,1,12,2,1,2,0.44,0.4394,0.88,0.2239,7
1,2012-12-18,4,1,12,2,1,1,0.42,0.4242,0.88,0.194,5
1,2012-12-18,4,1,12,2,1,1,0.42,0.4242,0.82,0.1642,8
1,2012-12-18,4,1,12,2,1,1,0.38,0.3939,0.87,0.0896,36
2,2012-12-18,4,1,12,2,1,1,0.36,0.3485,0.93,0.1642,118
2,2012-12-18,4,1,12,2,1,1,0.36,0.3485,0.93,0.1343,355
2,2012-12-18,4,1,12,2,1,1,0.38,0.3939,0.94,0.0,662
2,2012-12-18,4,1,12,2,1,1,0.4,0.4091,0.87,0.0896,326
2,2012-12-18,4,1,12,2,1,1,0.44,0.4394,0.77,0.0896,184
2,2012-12-18,4,1,12,2,1,1,0.48,0.4697,0.63,0.2239,269
3,2012-12-18,4,1,12,2,1,3,0.48,0.4697,0.48,0.2537,313
3,2012-12-18,4,1,12,2,1,1,0.5,0.4848,0.42,0.2836,286
3,2012-12-18,4,1,12,2,1,1,0.46,0.4545,0.47,0.4478,247
3,2012-12-18,4,1,12,2,1,1,0.46,0.4545,0.44,0.4925,246
3,2012-12-18,4,1,12,2,1,1,0.44,0.4394,0.41,0.4627,363
3,2012-12-18,4,1,12,2,1,1,0.4,0.4091,0.47,0.4478,572
4,2012-12-18,4,1,12,2,1,1,0.38,0.3939,0.46,0.3284,525
4,2012-12-18,4,1,12,2,1,1,0.38,0.3939,0.46,0.3881,353
4,2012-12-18,4,1,12,2,1,1,0.36,0.3333,0.5,0.2537,268
4,2012-12-18,4,1,12,2,1,1,0.36,0.3485,0.5,0.2239,168
4,2012-12-18,4,1,12,2,1,1,0.34,0.3333,0.49,0.0,132
4,2012-12-18,4,1,12,2,1,1,0.34,0.3485,0.49,0.0896,81
1,2012-12-19,4,1,12,3,1,1,0.3,0.3182,0.61,0.0,41
1,2012-12-19,4,1,12,3,1,1,0.3,0.3182,0.65,0.0896,15
1,2012-12-19,4,1,12,3,1,1,0.28,0.303,0.65,0.0896,3
1,2012-12-19,4,1,12,3,1,1,0.26,0.2727,0.75,0.1343,5
1,2012-12-19,4,1,12,3,1,1,0.24,0.2424,0.75,0.1343,7
1,2012-12-19,4,1,12,3,1,1,0.26,0.2879,0.75,0.0896,31
2,2012-12-19,4,1,12,3,1,1,0.24,0.2576,0.75,0.0896,112
2,2012-12-19,4,1,12,3,1,1,0.26,0.2727,0.75,0.1343,363
2,2012-12-19,4,1,12,3,1,1,0.24,0.2576,0.87,0.1045,678
2,2012-12-19,4,1,12,3,1,1,0.28,0.2879,0.75,0.1045,317
2,2012-12-19,4,1,12,3,1,1,0.32,0.3333,0.7,0.1045,164
2,2012-12-19,4,1,12,3,1,1,0.4,0.4091,0.54,0.2239,200
3,2012-12-19,4,1,12,3,1,1,0.4,0.4091,0.54,0.2836,236
3,2012-12-19,4,1,12,3,1,1,0.42,0.4242,0.5,0.194,213
3,2012-12-19,4,1,12,3,1,1,0.42,0.4242,0.5,0.194,218
3,2012-12-19,4,1,12,3,1,1,0.42,0.4242,0.5,0.2836,237
3,2012-12-19,4,1,12,3,1,1,0.42,0.4242,0.5,0.3582,334
3,2012-12-19,4,1,12,3,1,1,0.4,0.4091,0.5,0.3881,562
4,2012-12-19,4,1,12,3,1,1,0.38,0.3939,0.5,0.3582,569
4,2012-12-19,4,1,12,3,1,1,0.38,0.3939,0.5,0.3881,336
4,2012-12-19,4,1,12,3,1,1,0.36,0.3485,0.57,0.2239,241
4,2012-12-19,4,1,12,3,1,1,0.34,0.3182,0.61,0.2239,168
4,2012-12-19,4,1,12,3,1,1,0.34,0.3485,0.61,0.0896,129
4,2012-12-19,4,1,12,3,1,1,0.32,0.3333,0.66,0.1343,88
1,2012-12-20,4,1,12,4,1,1,0.32,0.3333,0.61,0.1343,42
1,2012-12-20,4,1,12,4,1,1,0.32,0.3485,0.66,0.0,20
1,2012-12-20,4,1,12,4,1,1,0.32,0.3485,0.66,0.0,8
1,2012-12-20,4,1,12,4,1,2,0.3,0.3182,0.7,0.0896,4
1,2012-12-20,4,1,12,4,1,2,0.3,0.3182,0.7,0.0896,6
1,2012-12-20,4,1,12,4,1,2,0.3,0.3182,0.7,0.1045,35
2,2012-12-20,4,1,12,4,1,2,0.3,0.3333,0.65,0.0,118
2,2012-12-20,4,1,12,4,1,2,0.3,0.3333,0.7,0.0,350
2,2012-12-20,4,1,12,4,1,2,0.3,0.3333,0.7,0.0,599
2,2012-12-20,4,1,12,4,1,2,0.3,0.3333,0.7,0.0,317
2,2012-12-20,4,1,12,4,1,2,0.32,0.3333,0.66,0.0,161
2,2012-12-20,4,1,12,4,1,2,0.34,0.3182,0.57,0.2239,190
3,2012-12-20,4,1,12,4,1,2,0.36,0.3485,0.53,0.1642,212
3,2012-12-20,4,1,12,4,1,2,0.36,0.3485,0.57,0.194,217
3,2012-12-20,4,1,12,4,1,2,0.36,0.3485,0.53,0.194,214
3,2012-12-20,4,1,12,4,1,2,0.34,0.3333,0.57,0.194,249
3,2012-12-20,4,1,12,4,1,2,0.34,0.303,0.53,0.3284,302
3,2012-12-20,4,1,12,4,1,2,0.34,0.3333,0.66,0.194,475
4,2012-12-20,4,1,12,4,1,2,0.34,0.3333,0.71,0.194,381
4,2012-12-20,4,1,12,4,1,3,0.34,0.3182,0.71,0.2537,118
4,2012-12-20,4,1,12,4,1,3,0.34,0.3333,0.76,0.1642,50
4,2012-12-20,4,1,12,4,1,3,0.34,0.3333,0.76,0.1642,26
4,2012-12-20,4,1,12,4,1,3,0.34,0.3333,0.87,0.194,21
4,2012-12-20,4,1,12,4,1,3,0.4,0.4091,0.82,0.2985,13
1,2012-12-21,1,1,12,5,1,3,0.42,0.4242,0.88,0.2985,17
1,2012-12-21,1,1,12,5,1,3,0.44,0.4394,0.88,0.3881,9
1,2012-12-21,1,1,12,5,1,3,0.46,0.4545,0.94,0.3881,3
1,2012-12-21,1,1,12,5,1,3,0.46,0.4545,0.94,0.3881,3
1,2012-12-21,1,1,12,5,1,2,0.36,0.3182,0.71,0.4925,6
1,2012-12-21,1,1,12,5,1,2,0.34,0.303,0.76,0.4179,13
2,2012-12-21,1,1,12,5,1,2,0.34,0.2879,0.57,0.5821,80
2,2012-12-21,1,1,12,5,1,2,0.32,0.3182,0.57,0.194,208
2,2012-12-21,1,1,12,5,1,2,0.32,0.303,0.57,0.2836,472
2,2012-12-21,1,1,12,5,1,2,0.32,0.2727,0.45,0.5522,267
2,2012-12-21,1,1,12,5,1,1,0.32,0.2879,0.42,0.4627,154
2,2012-12-21,1,1,12,5,1,2,0.32,0.2879,0.42,0.4179,162
3,2012-12-21,1,1,12,5,1,2,0.32,0.2879,0.39,0.3582,224
3,2012-12-21,1,1,12,5,1,2,0.32,0.2879,0.39,0.4179,240
3,2012-12-21,1,1,12,5,1,2,0.32,0.2879,0.39,0.4478,219
3,2012-12-21,1,1,12,5,1,2,0.3,0.2727,0.42,0.3881,263
3,2012-12-21,1,1,12,5,1,2,0.3,0.2727,0.39,0.3284,281
3,2012-12-21,1,1,12,5,1,2,0.26,0.2273,0.56,0.3284,321
4,2012-12-21,1,1,12,5,1,2,0.26,0.2273,0.56,0.2985,243
4,2012-12-21,1,1,12,5,1,1,0.28,0.2576,0.45,0.2985,153
4,2012-12-21,1,1,12,5,1,1,0.28,0.2727,0.41,0.2537,112
4,2012-12-21,1,1,12,5,1,1,0.26,0.2273,0.41,0.4179,70
4,2012-12-21,1,1,12,5,1,1,0.26,0.2273,0.44,0.2985,63
4,2012-12-21,1,1,12,5,1,1,0.26,0.2424,0.44,0.2836,40
1,2012-12-22,1,1,12,6,0,1,0.26,0.2121,0.44,0.5821,31
1,2012-12-22,1,1,12,6,0,1,0.26,0.2121,0.44,0.4478,35
1,2012-12-22,1,1,12,6,0,1,0.26,0.2121,0.44,0.5224,23
1,2012-12-22,1,1,12,6,0,1,0.26,0.2121,0.48,0.4478,7
1,2012-12-22,1,1,12,6,0,1,0.26,0.2576,0.48,0.194,5
1,2012-12-22,1,1,12,6,0,1,0.26,0.2273,0.48,0.4179,5
2,2012-12-22,1,1,12,6,0,1,0.26,0.2273,0.44,0.4179,13
2,2012-12-22,1,1,12,6,0,1,0.26,0.2273,0.44,0.4179,20
2,2012-12-22,1,1,12,6,0,1,0.26,0.2121,0.44,0.6119,29
2,2012-12-22,1,1,12,6,0,1,0.26,0.2273,0.48,0.3881,90
2,2012-12-22,1,1,12,6,0,1,0.26,0.2273,0.48,0.3284,118
2,2012-12-22,1,1,12,6,0,1,0.28,0.2576,0.41,0.3582,159
3,2012-12-22,1,1,12,6,0,1,0.3,0.2576,0.36,0.6567,146
3,2012-12-22,1,1,12,6,0,1,0.32,0.2879,0.36,0.4478,158
3,2012-12-22,1,1,12,6,0,1,0.32,0.2879,0.36,0.4627,161
3,2012-12-22,1,1,12,6,0,1,0.32,0.2727,0.33,0.5821,153
3,2012-12-22,1,1,12,6,0,1,0.3,0.2727,0.39,0.4478,147
3,2012-12-22,1,1,12,6,0,1,0.28,0.2576,0.41,0.2985,114
4,2012-12-22,1,1,12,6,0,1,0.26,0.2121,0.44,0.4627,82
4,2012-12-22,1,1,12,6,0,1,0.24,0.2121,0.48,0.3582,60
4,2012-12-22,1,1,12,6,0,1,0.24,0.2424,0.48,0.1642,61
4,2012-12-22,1,1,12,6,0,1,0.22,0.2121,0.51,0.2836,53
4,2012-12-22,1,1,12,6,0,1,0.22,0.2121,0.51,0.2836,39
4,2012-12-22,1,1,12,6,0,1,0.22,0.2273,0.51,0.194,40
1,2012-12-23,1,1,12,0,0,1,0.22,0.2121,0.47,0.2836,27
1,2012-12-23,1,1,12,0,0,1,0.22,0.2273,0.47,0.194,20
1,2012-12-23,1,1,12,0,0,1,0.2,0.2121,0.51,0.1642,18
1,2012-12-23,1,1,12,0,0,1,0.2,0.2121,0.51,0.1343,9
1,2012-12-23,1,1,12,0,0,1,0.2,0.2121,0.47,0.1343,4
1,2012-12-23,1,1,12,0,0,1,0.2,0.2576,0.51,0.0,6
2,2012-12-23,1,1,12,0,0,1,0.16,0.197,0.64,0.0896,9
2,2012-12-23,1,1,12,0,0,1,0.16,0.197,0.64,0.0896,19
2,2012-12-23,1,1,12,0,0,1,0.14,0.1667,0.69,0.1045,48
2,2012-12-23,1,1,12,0,0,1,0.2,0.2273,0.59,0.1045,56
2,2012-12-23,1,1,12,0,0,1,0.22,0.2273,0.64,0.194,93
2,2012-12-23,1,1,12,0,0,1,0.24,0.2273,0.52,0.194,152
3,2012-12-23,1,1,12,0,0,1,0.3,0.2879,0.42,0.194,196
3,2012-12-23,1,1,12,0,0,1,0.32,0.303,0.39,0.2239,186
3,2012-12-23,1,1,12,0,0,1,0.34,0.303,0.31,0.2985,175
3,2012-12-23,1,1,12,0,0,1,0.34,0.3333,0.34,0.1343,137
3,2012-12-23,1,1,12,0,0,1,0.34,0.3333,0.34,0.194,190
3,2012-12-23,1,1,12,0,0,1,0.32,0.3182,0.49,0.194,114
4,2012-12-23,1,1,12,0,0,1,0.3,0.303,0.45,0.1642,93
4,2012-12-23,1,1,12,0,0,1,0.3,0.3333,0.42,0.0,58
4,2012-12-23,1,1,12,0,0,1,0.26,0.303,0.65,0.0,52
4,2012-12-23,1,1,12,0,0,1,0.24,0.2879,0.7,0.0,42
4,2012-12-23,1,1,12,0,0,1,0.24,0.2576,0.6,0.1045,58
4,2012-12-23,1,1,12,0,0,1,0.24,0.2879,0.6,0.0,25
1,2012-12-24,1,1,12,1,1,1,0.22,0.2727,0.69,0.0,12
1,2012-12-24,1,1,12,1,1,1,0.22,0.2727,0.69,0.0,11
1,2012-12-24,1,1,12,1,1,1,0.2,0.2576,0.75,0.0,5
1,2012-12-24,1,1,12,1,1,1,0.2,0.2576,0.75,0.0,3
1,2012-12-24,1,1,12,1,1,1,0.18,0.197,0.8,0.1343,9
2,2012-12-24,1,1,12,1,1,1,0.2,0.2576,0.75,0.0,17
2,2012-12-24,1,1,12,1,1,1,0.2,0.2576,0.69,0.0,30
2,2012-12-24,1,1,12,1,1,1,0.22,0.2727,0.69,0.0,66
2,2012-12-24,1,1,12,1,1,2,0.24,0.2576,0.65,0.1045,85
2,2012-12-24,1,1,12,1,1,2,0.26,0.303,0.65,0.0,103
2,2012-12-24,1,1,12,1,1,2,0.26,0.2576,0.6,0.1642,124
3,2012-12-24,1,1,12,1,1,2,0.28,0.303,0.56,0.0896,135
3,2012-12-24,1,1,12,1,1,3,0.24,0.2576,0.81,0.1045,70
3,2012-12-24,1,1,12,1,1,3,0.24,0.2576,0.87,0.1045,46
3,2012-12-24,1,1,12,1,1,3,0.24,0.2273,0.87,0.2239,33
3,2012-12-24,1,1,12,1,1,3,0.24,0.2273,0.87,0.2239,33
3,2012-12-24,1,1,12,1,1,3,0.24,0.2424,0.93,0.1642,26
4,2012-12-24,1,1,12,1,1,3,0.24,0.2576,0.93,0.1045,26
4,2012-12-24,1,1,12,1,1,2,0.24,0.2424,0.93,0.1343,18
4,2012-12-24,1,1,12,1,1,3,0.24,0.2424,0.93,0.1343,23
4,2012-12-24,1,1,12,1,1,3,0.24,0.2576,0.93,0.0896,22
4,2012-12-24,1,1,12,1,1,2,0.24,0.2879,0.93,0.0,12
4,2012-12-24,1,1,12,1,1,3,0.24,0.2879,0.93,0.0,11
1,2012-12-25,1,1,12,2,0,3,0.24,0.2576,0.93,0.0896,13
1,2012-12-25,1,1,12,2,0,2,0.26,0.2576,0.87,0.1642,13
1,2012-12-25,1,1,12,2,0,2,0.26,0.2576,0.87,0.1642,7
1,2012-12-25,1,1,12,2,0,2,0.24,0.2576,0.87,0.0896,1
1,2012-12-25,1,1,12,2,0,2,0.22,0.2273,0.93,0.1343,3
2,2012-12-25,1,1,12,2,0,2,0.22,0.2273,0.93,0.1343,7
2,2012-12-25,1,1,12,2,0,2,0.22,0.2273,0.93,0.1642,6
2,2012-12-25,1,1,12,2,0,2,0.24,0.2879,0.87,0.0,11
2,2012-12-25,1,1,12,2,0,2,0.24,0.2576,0.87,0.0,28
2,2012-12-25,1,1,12,2,0,1,0.28,0.3182,0.81,0.0,32
2,2012-12-25,1,1,12,2,0,1,0.3,0.3182,0.75,0.0896,86
3,2012-12-25,1,1,12,2,0,1,0.32,0.3333,0.76,0.0896,114
3,2012-12-25,1,1,12,2,0,1,0.4,0.4091,0.5,0.3284,121
3,2012-12-25,1,1,12,2,0,1,0.38,0.3939,0.46,0.2985,126
3,2012-12-25,1,1,12,2,0,1,0.36,0.3333,0.5,0.2537,107
3,2012-12-25,1,1,12,2,0,2,0.36,0.3333,0.5,0.2537,86
3,2012-12-25,1,1,12,2,0,2,0.32,0.303,0.57,0.2537,50
4,2012-12-25,1,1,12,2,0,2,0.32,0.303,0.66,0.2537,43
4,2012-12-25,1,1,12,2,0,2,0.32,0.303,0.66,0.2239,36
4,2012-12-25,1,1,12,2,0,2,0.32,0.303,0.66,0.2836,40
4,2012-12-25,1,1,12,2,0,2,0.3,0.2879,0.65,0.194,34
4,2012-12-25,1,1,12,2,0,2,0.3,0.303,0.7,0.1642,19
4,2012-12-25,1,1,12,2,0,2,0.28,0.2727,0.65,0.2537,30
1,2012-12-26,1,1,12,3,1,2,0.28,0.2727,0.65,0.2537,9
1,2012-12-26,1,1,12,3,1,2,0.26,0.2273,0.65,0.2985,7
1,2012-12-26,1,1,12,3,1,2,0.26,0.2273,0.65,0.2985,1
1,2012-12-26,1,1,12,3,1,2,0.24,0.2121,0.7,0.3582,2
1,2012-12-26,1,1,12,3,1,1,0.22,0.197,0.69,0.3582,2
1,2012-12-26,1,1,12,3,1,2,0.22,0.2121,0.69,0.2836,11
2,2012-12-26,1,1,12,3,1,2,0.22,0.2121,0.69,0.2239,36
2,2012-12-26,1,1,12,3,1,3,0.2,0.1818,0.86,0.3284,26
2,2012-12-26,1,1,12,3,1,3,0.2,0.1818,0.86,0.3284,31
2,2012-12-26,1,1,12,3,1,3,0.2,0.1818,0.86,0.3284,23
2,2012-12-26,1,1,12,3,1,3,0.2,0.1818,0.86,0.2985,8
2,2012-12-26,1,1,12,3,1,3,0.2,0.1667,0.86,0.4627,10
3,2012-12-26,1,1,12,3,1,3,0.22,0.197,0.87,0.3284,10
3,2012-12-26,1,1,12,3,1,3,0.22,0.197,0.87,0.3284,15
3,2012-12-26,1,1,12,3,1,3,0.22,0.2121,0.93,0.2537,20
3,2012-12-26,1,1,12,3,1,3,0.26,0.2273,0.87,0.3582,13
3,2012-12-26,1,1,12,3,1,3,0.26,0.2273,0.87,0.3582,13
3,2012-12-26,1,1,12,3,1,3,0.26,0.2273,0.93,0.3582,53
4,2012-12-26,1,1,12,3,1,3,0.28,0.2576,0.93,0.2985,43
4,2012-12-26,1,1,12,3,1,3,0.3,0.2879,0.87,0.194,35
4,2012-12-26,1,1,12,3,1,3,0.32,0.303,0.93,0.2537,32
4,2012-12-26,1,1,12,3,1,2,0.3,0.2727,0.87,0.2985,20
4,2012-12-26,1,1,12,3,1,3,0.24,0.197,0.93,0.4478,11
4,2012-12-26,1,1,12,3,1,3,0.26,0.2273,0.87,0.2985,10
1,2012-12-27,1,1,12,4,1,3,0.26,0.2273,0.87,0.2985,3
1,2012-12-27,1,1,12,4,1,3,0.24,0.197,0.93,0.4478,5
1,2012-12-27,1,1,12,4,1,2,0.24,0.197,0.87,0.4478,2
1,2012-12-27,1,1,12,4,1,2,0.24,0.2273,0.87,0.2239,1
1,2012-12-27,1,1,12,4,1,2,0.24,0.2121,0.87,0.3284,3
1,2012-12-27,1,1,12,4,1,1,0.24,0.2424,0.75,0.1642,11
2,2012-12-27,1,1,12,4,1,1,0.24,0.197,0.7,0.4925,45
2,2012-12-27,1,1,12,4,1,1,0.24,0.2273,0.7,0.2239,90
2,2012-12-27,1,1,12,4,1,1,0.26,0.2273,0.65,0.3582,208
2,2012-12-27,1,1,12,4,1,1,0.26,0.2121,0.6,0.4925,133
2,2012-12-27,1,1,12,4,1,1,0.28,0.2273,0.56,0.5224,75
2,2012-12-27,1,1,12,4,1,2,0.28,0.2424,0.56,0.4478,103
3,2012-12-27,1,1,12,4,1,1,0.3,0.2727,0.49,0.4627,109
3,2012-12-27,1,1,12,4,1,1,0.3,0.2727,0.49,0.4627,118
3,2012-12-27,1,1,12,4,1,2,0.26,0.2121,0.56,0.5224,119
3,2012-12-27,1,1,12,4,1,2,0.26,0.2121,0.56,0.4478,120
3,2012-12-27,1,1,12,4,1,2,0.26,0.2424,0.52,0.2836,174
3,2012-12-27,1,1,12,4,1,2,0.26,0.2424,0.52,0.2836,257
4,2012-12-27,1,1,12,4,1,2,0.24,0.2273,0.6,0.2537,197
4,2012-12-27,1,1,12,4,1,1,0.24,0.2121,0.6,0.2836,117
4,2012-12-27,1,1,12,4,1,1,0.24,0.2424,0.6,0.1642,91
4,2012-12-27,1,1,12,4,1,2,0.24,0.2273,0.6,0.2537,63
4,2012-12-27,1,1,12,4,1,2,0.24,0.2121,0.6,0.2836,44
4,2012-12-27,1,1,12,4,1,2,0.24,0.2273,0.6,0.2537,26
1,2012-12-28,1,1,12,5,1,2,0.24,0.2424,0.6,0.1642,25
1,2012-12-28,1,1,12,5,1,1,0.24,0.2273,0.6,0.194,9
1,2012-12-28,1,1,12,5,1,1,0.24,0.2273,0.6,0.2537,5
1,2012-12-28,1,1,12,5,1,2,0.24,0.2424,0.6,0.1642,2
1,2012-12-28,1,1,12,5,1,2,0.24,0.2576,0.6,0.1045,4
1,2012-12-28,1,1,12,5,1,2,0.24,0.2576,0.6,0.0896,15
2,2012-12-28,1,1,12,5,1,1,0.22,0.2121,0.64,0.2836,51
2,2012-12-28,1,1,12,5,1,1,0.22,0.2273,0.64,0.1642,112
2,2012-12-28,1,1,12,5,1,2,0.24,0.2424,0.6,0.1343,239
2,2012-12-28,1,1,12,5,1,2,0.24,0.2121,0.6,0.2836,191
2,2012-12-28,1,1,12,5,1,2,0.26,0.2424,0.56,0.2537,162
2,2012-12-28,1,1,12,5,1,2,0.28,0.2727,0.52,0.2239,178
3,2012-12-28,1,1,12,5,1,2,0.3,0.303,0.49,0.1343,222
3,2012-12-28,1,1,12,5,1,2,0.3,0.303,0.49,0.1343,222
3,2012-12-28,1,1,12,5,1,2,0.3,0.303,0.49,0.1343,261
3,2012-12-28,1,1,12,5,1,2,0.3,0.3182,0.49,0.0,225
3,2012-12-28,1,1,12,5,1,1,0.3,0.303,0.49,0.1343,250
3,2012-12-28,1,1,12,5,1,1,0.24,0.2424,0.6,0.1343,271
4,2012-12-28,1,1,12,5,1,1,0.24,0.2424,0.6,0.1343,213
4,2012-12-28,1,1,12,5,1,2,0.24,0.2273,0.65,0.194,128
4,2012-12-28,1,1,12,5,1,2,0.24,0.2576,0.65,0.1045,97
4,2012-12-28,1,1,12,5,1,2,0.24,0.2424,0.7,0.1343,92
4,2012-12-28,1,1,12,5,1,2,0.24,0.2576,0.7,0.0896,62
4,2012-12-28,1,1,12,5,1,2,0.24,0.2576,0.65,0.0896,59
1,2012-12-29,1,1,12,6,0,2,0.24,0.2424,0.7,0.0,26
1,2012-12-29,1,1,12,6,0,2,0.24,0.2424,0.75,0.0896,37
1,2012-12-29,1,1,12,6,0,2,0.24,0.2424,0.7,0.0,19
1,2012-12-29,1,1,12,6,0,2,0.24,0.2424,0.75,0.0,6
1,2012-12-29,1,1,12,6,0,2,0.24,0.2424,0.75,0.0896,3
1,2012-12-29,1,1,12,6,0,2,0.24,0.2424,0.75,0.0896,3
2,2012-12-29,1,1,12,6,0,2,0.26,0.2424,0.7,0.1045,7
2,2012-12-29,1,1,12,6,0,2,0.26,0.2424,0.7,0.1343,18
2,2012-12-29,1,1,12,6,0,2,0.26,0.2424,0.81,0.0,44
2,2012-12-29,1,1,12,6,0,2,0.26,0.2424,0.81,0.0,49
2,2012-12-29,1,1,12,6,0,3,0.26,0.2424,0.81,0.1343,41
2,2012-12-29,1,1,12,6,0,3,0.2,0.2424,0.93,0.0896,45
3,2012-12-29,1,1,12,6,0,3,0.2,0.2424,1.0,0.0,48
3,2012-12-29,1,1,12,6,0,3,0.2,0.2424,1.0,0.0,84
3,2012-12-29,1,1,12,6,0,2,0.24,0.2424,0.87,0.0896,98
3,2012-12-29,1,1,12,6,0,2,0.24,0.2424,0.87,0.0,129
3,2012-12-29,1,1,12,6,0,1,0.3,0.2424,0.75,0.1045,147
3,2012-12-29,1,1,12,6,0,1,0.26,0.2424,0.79,0.1045,118
4,2012-12-29,1,1,12,6,0,1,0.3,0.2424,0.7,0.194,110
4,2012-12-29,1,1,12,6,0,2,0.3,0.2424,0.61,0.2537,97
4,2012-12-29,1,1,12,6,0,2,0.3,0.2424,0.56,0.5522,66
4,2012-12-29,1,1,12,6,0,2,0.28,0.2424,0.56,0.4925,60
4,2012-12-29,1,1,12,6,0,2,0.26,0.2424,0.6,0.4627,54
4,2012-12-29,1,1,12,6,0,2,0.26,0.2424,0.6,0.0,32
1,2012-12-30,1,1,12,0,0,2,0.26,0.2576,0.6,0.1642,41
1,2012-12-30,1,1,12,0,0,2,0.26,0.2273,0.56,0.4179,28
1,2012-12-30,1,1,12,0,0,2,0.26,0.2424,0.56,0.2836,19
1,2012-12-30,1,1,12,0,0,2,0.26,0.2273,0.56,0.4179,15
1,2012-12-30,1,1,12,0,0,2,0.26,0.2576,0.56,0.2239,7
1,2012-12-30,1,1,12,0,0,2,0.26,0.2273,0.48,0.2985,2
2,2012-12-30,1,1,12,0,0,2,0.24,0.197,0.52,0.4179,8
2,2012-12-30,1,1,12,0,0,1,0.24,0.2121,0.56,0.3582,13
2,2012-12-30,1,1,12,0,0,1,0.24,0.197,0.52,0.4627,33
2,2012-12-30,1,1,12,0,0,1,0.24,0.2121,0.52,0.3881,74
2,2012-12-30,1,1,12,0,0,1,0.26,0.2121,0.41,0.5821,122
2,2012-12-30,1,1,12,0,0,1,0.26,0.2273,0.41,0.4179,136
3,2012-12-30,1,1,12,0,0,1,0.28,0.2273,0.36,0.5821,144
3,2012-12-30,1,1,12,0,0,1,0.3,0.2576,0.36,0.6567,169
3,2012-12-30,1,1,12,0,0,1,0.3,0.2727,0.36,0.4627,160
3,2012-12-30,1,1,12,0,0,1,0.28,0.2576,0.38,0.3284,138
3,2012-12-30,1,1,12,0,0,1,0.28,0.2424,0.38,0.4179,133
3,2012-12-30,1,1,12,0,0,1,0.26,0.2273,0.41,0.3284,123
4,2012-12-30,1,1,12,0,0,2,0.24,0.2121,0.44,0.2985,125
4,2012-12-30,1,1,12,0,0,1,0.34,0.3636,0.61,0.0,102
4,2012-12-30,1,1,12,0,0,1,0.22,0.197,0.47,0.3284,72
4,2012-12-30,1,1,12,0,0,1,0.2,0.2121,0.51,0.1642,47
4,2012-12-30,1,1,12,0,0,1,0.2,0.197,0.55,0.194,36
4,2012-12-30,1,1,12,0,0,1,0.2,0.197,0.51,0.2239,49
1,2012-12-31,1,1,12,1,1,1,0.18,0.1818,0.55,0.194,34
1,2012-12-31,1,1,12,1,1,1,0.18,0.1818,0.55,0.194,19
1,2012-12-31,1,1,12,1,1,1,0.16,0.1667,0.59,0.1642,11
1,2012-12-31,1,1,12,1,1,1,0.16,0.1818,0.59,0.1045,1
1,2012-12-31,1,1,12,1,1,1,0.14,0.1667,0.69,0.1045,3
1,2012-12-31,1,1,12,1,1,1,0.16,0.1515,0.64,0.194,9
2,2012-12-31,1,1,12,1,1,1,0.16,0.1667,0.64,0.1642,40
2,2012-12-31,1,1,12,1,1,1,0.16,0.1818,0.64,0.1343,85
2,2012-12-31,1,1,12,1,1,1,0.14,0.1515,0.69,0.1343,196
2,2012-12-31,1,1,12,1,1,2,0.18,0.2121,0.64,0.1045,157
2,2012-12-31,1,1,12,1,1,2,0.2,0.2121,0.69,0.1343,120
2,2012-12-31,1,1,12,1,1,2,0.22,0.2273,0.6,0.194,157
3,2012-12-31,1,1,12,1,1,2,0.24,0.2273,0.56,0.194,224
3,2012-12-31,1,1,12,1,1,2,0.26,0.2576,0.44,0.1642,203
3,2012-12-31,1,1,12,1,1,2,0.28,0.2727,0.45,0.2239,247
3,2012-12-31,1,1,12,1,1,2,0.28,0.2879,0.45,0.1343,315
3,2012-12-31,1,1,12,1,1,2,0.26,0.2576,0.48,0.194,214
3,2012-12-31,1,1,12,1,1,2,0.26,0.2879,0.48,0.0896,164
4,2012-12-31,1,1,12,1,1,2,0.26,0.2727,0.48,0.1343,122
4,2012-12-31,1,1,12,1,1,2,0.26,0.2576,0.6,0.1642,119
4,2012-12-31,1,1,12,1,1,2,0.26,0.2576,0.6,0.1642,89
4,2012-12-31,1,1,12,1,1,1,0.26,0.2576,0.6,0.1642,90
4,2012-12-31,1,1,12,1,1,1,0.26,0.2727,0.56,0.1343,61
4,2012-12-31,1,1,12,1,1,1,0.26,0.2727,0.65,0.1343,49
